11050 0
23 0
8 39
8 -43
-14 130
26 -5
26 1
-14 -136
179 69
-22 -8
-45 -13
-21 102
-21 -108
-45 8
-23 3
180 -75
-756 182
-11 -13
6 31
-67 44
-4 38
-20 0
5 -4
251 352
250 -359
5 -1
-20 -6
-4 -43
-67 -50
6 -37
-11 7
-755 -190
1236 -337
-6 13
-41 -32
-11 32
65 -84
-31 6
-34 -7
138 -69
-203 407
15 -10
27 -5
3 7
40 157
-7 14
19 -9
154 -5
154 -2
19 4
-7 -20
40 -163
3 -13
27 0
15 5
-203 -414
138 62
-33 1
-32 -11
65 78
-11 -38
-42 26
-7 -19
1237 328
2510 -139
-1 -5
-3 -25
41 -65
-40 -294
21 -2
11 -1
-176 -289
-195 74
-5 -25
5 3
-59 109
75 8
-44 1
-17 -34
378 458
-294 102
14 -12
89 30
1 -27
-18 140
34 -2
17 -12
-209 -14
45 -176
-29 -15
-36 20
17 -39
-5 -94
-46 23
-27 12
-296 -221
-298 214
-27 -17
-46 -28
-5 88
17 33
-36 -25
-30 9
45 169
-209 8
18 7
34 -4
-18 -145
1 21
90 -35
14 6
-293 -110
377 -464
-17 29
-44 -7
75 -13
-59 -115
6 -8
-6 20
-195 -81
-177 283
10 -4
21 -3
-40 288
40 59
-3 19
-1 -1
2510 131
4260 -555
10 11
28 13
7 -45
-77 3
25 -1
14 1
-83 -123
-82 -90
-18 -6
-15 -16
-34 181
5 6
-69 -6
-19 -5
327 362
-546 421
7 -25
51 7
-33 -27
-22 148
9 -8
19 -17
17 103
98 -375
-21 -20
-38 -4
51 -113
-10 -156
-23 -27
-24 9
-715 -156
264 -58
-18 9
-64 -55
-22 30
-2 -118
-36 0
-30 -17
197 105
-70 195
9 6
34 -6
4 -49
-7 101
59 -29
9 -10
-95 189
352 12
4 28
-10 -25
66 -87
-56 -11
26 -7
12 20
-254 -417
-123 363
-10 -1
8 -8
57 260
24 58
-31 4
2 -2
2564 294
2563 -303
2 -4
-31 -10
25 -64
57 -266
9 3
-10 -4
-122 -369
-254 411
12 -25
26 1
-57 5
66 81
-10 20
3 -33
352 -19
-96 -196
9 4
59 24
-6 -106
3 43
34 0
9 -12
-70 -202
197 -111
-29 11
-36 -4
-2 112
-22 -36
-64 49
-19 -15
265 51
-717 148
-24 -15
-23 22
-10 149
52 106
-38 -1
-21 14
98 369
16 -110
19 11
9 3
-22 -153
-33 22
51 -13
7 20
-545 -427
327 -370
-18 -1
-70 1
6 -12
-35 -187
-15 10
-18 1
-82 84
-84 117
14 -7
26 -4
-77 -11
7 39
28 -19
10 -16
4260 546
7 0
0 0
-3 4
-3 -5
8 9
4 2
4 -3
8 -10
11 1
-1 0
-1 -3
7 -3
7 1
-1 1
-1 -2
12 -2
-4 -16
-1 -2
2 -7
1 -10
-6 -4
0 0
-5 3
7 -3
7 1
-5 -4
0 -1
-6 3
1 9
2 5
-1 0
-4 14
48 23
6 -1
-3 -1
0 3
-8 7
-3 0
1 0
0 0
0 -24
0 -2
-4 -3
2 6
0 0
0 -5
0 -4
-2 -18
-2 17
0 3
0 3
0 0
2 -7
-4 1
0 0
0 22
0 -2
1 -2
-4 -2
-8 -8
0 -4
-4 0
6 0
49 -25
-58 6
-6 -1
0 2
2 6
-4 12
2 -5
-3 0
13 -4
1 -1
-2 0
0 5
9 1
-6 -2
-4 3
1 0
1 19
-15 11
0 -1
-1 10
3 -5
0 -9
1 6
4 -3
-1 12
11 -4
-1 2
2 0
-7 3
-5 -1
0 6
-2 -2
-37 0
-37 0
-2 1
0 -7
-5 0
-7 -4
1 -1
-2 -3
11 2
-1 -13
5 1
1 -8
0 8
3 3
0 -11
0 0
-15 -12
1 -20
1 -1
-4 -5
-6 1
9 -2
0 -6
-3 0
1 0
13 3
-4 -1
2 4
-4 -13
2 -7
0 -4
-5 0
-58 -8
2 -13
1 0
-3 0
-4 0
-1 -10
-5 3
2 3
-3 8
-20 18
-4 -5
0 0
-5 -2
-3 5
-2 -3
0 -4
0 10
35 -13
-1 1
0 0
1 4
0 10
-3 -3
0 0
0 -9
0 8
1 0
1 -2
15 -5
-2 -5
-8 -3
3 -5
-14 1
-2 31
-3 -1
0 0
-2 -3
4 -3
-1 -1
-5 0
-13 -2
-8 4
-2 -4
-1 2
-8 -3
2 -5
3 4
-2 7
7 -2
-9 -8
2 1
-3 -2
-2 2
-8 5
5 -2
1 -4
1 -18
-11 -8
-1 2
0 3
-6 10
0 -1
6 -4
-3 2
35 43
35 -45
-3 -3
5 2
0 0
-6 -11
0 -4
-1 -4
-11 7
2 17
0 2
5 0
-8 -7
-2 -4
-3 1
1 -2
-10 6
7 0
-2 -9
3 -5
3 4
-8 1
-1 -4
-2 2
-8 -5
-13 1
-4 -1
-1 0
4 2
-1 2
0 -1
-3 0
-2 -33
-14 -3
3 3
-8 2
-2 2
16 2
1 1
1 -2
0 -9
0 7
0 -1
-3 2
0 -11
1 -6
0 -2
-1 -2
35 12
0 -11
0 2
-3 1
-3 -6
-5 0
0 -1
-3 4
-20 -19
-3 -10
2 -5
-5 -5
-1 8
-4 -2
-3 -2
2 -1
2 12
3 123
2 1
-12 -4
-4 0
-10 -2
-8 -6
-4 -3
-7 10
11 9
-3 6
-3 10
8 -13
-4 -16
1 -2
1 6
-16 16
-1 -36
-4 -7
-8 -4
-7 9
-11 18
13 -1
11 3
15 -18
-14 -1
-10 1
1 1
-5 8
6 12
8 -2
-6 -3
-9 -48
-4 -64
0 5
3 12
2 -3
14 -8
-5 -18
-4 -5
5 -23
-9 1
-2 10
-6 2
9 4
7 4
-10 3
-3 1
10 -5
20 4
2 3
8 2
-8 0
-24 -9
-10 7
7 -3
9 39
11 12
4 -4
-7 -5
-9 0
-3 0
-8 -10
2 3
-16 -5
42 -3
-5 -5
0 -7
-1 3
6 -22
1 9
4 0
-12 4
-13 -1
13 -10
3 -7
0 -6
-9 18
10 -1
3 -1
1 -49
-30 8
4 3
-2 5
5 1
4 -9
-9 -2
-9 -6
1 -1
-6 -4
-1 -1
-2 0
-7 -16
3 -7
1 -2
0 -3
19 11
43 17
1 -1
-2 2
0 -8
-1 0
-1 6
-7 5
16 -3
-15 33
0 -3
4 2
-3 -4
-13 -4
-9 0
5 0
-9 21
23 -16
-7 -10
-6 -2
-11 12
6 19
2 0
-7 -2
-7 30
-26 10
2 4
7 11
21 -8
-1 8
5 6
0 -3
-21 27
-10 -33
-3 0
1 -5
5 6
14 9
-1 2
2 5
-18 -4
-14 2
-2 -1
-6 -9
3 -7
6 5
7 -3
-5 2
-5 1
-3 -9
-9 3
-10 6
-7 -4
25 -6
-1 4
6 2
-17 9
3 9
7 -10
3 -16
-6 -5
19 -4
1 -6
7 3
16 -37
15 33
-4 -2
9 -4
-10 5
-24 -3
0 7
7 5
0 7
13 -11
-3 -3
-3 2
-3 8
2 -1
0 2
-6 -8
8 30
23 -17
-5 3
-3 4
-4 -5
-11 8
-22 5
-13 1
7 -24
3 4
6 0
1 0
4 9
-12 -2
-9 4
1 0
21 -12
-65 20
2 -3
-10 9
-5 -11
14 10
-4 -1
-6 -16
10 9
7 -29
1 1
8 2
3 -7
-8 7
-6 -1
4 7
7 2
-28 3
6 -5
10 -7
-3 3
-9 -9
-3 -3
-2 -6
-4 -44
18 -11
-1 5
-1 4
10 1
4 5
4 -11
-4 -3
-2 33
25 33
7 3
-3 -12
15 -2
-1 -5
4 -10
-8 1
-17 19
-10 -11
-8 6
-6 4
-3 -6
-3 -11
-3 5
-6 -1
-4 23
-28 13
2 1
-2 -4
3 13
4 -12
16 -4
8 -3
-1 -7
7 -4
-2 -4
-7 0
-9 6
7 -13
-1 2
-3 -1
-34 -105
2 -123
1 -1
-5 -1
-11 2
-7 -11
-4 1
-7 4
-10 0
-15 -17
0 -7
0 0
-3 14
7 10
-3 -11
-3 -8
10 -10
-9 46
-6 0
8 0
5 -13
-4 -9
0 -2
-9 -1
-14 0
14 16
10 -3
13 0
-11 -19
-6 -9
-8 1
-4 4
0 34
-16 3
1 -4
-8 8
-2 -1
-9 -1
-6 3
2 2
10 -14
8 -40
6 0
-10 -9
-23 7
-7 -1
7 -3
1 -4
20 -6
9 2
-2 -2
-9 -5
6 -5
9 -5
-5 -4
-2 -12
-8 -2
4 21
-3 3
-6 16
14 6
1 1
3 -13
0 -6
-3 61
-21 -28
0 1
4 -8
0 -9
20 6
7 -13
2 -5
-26 -11
-7 -31
-6 0
2 -2
5 -19
-11 -13
-6 0
-7 9
22 14
-9 -23
4 -2
-9 -1
-13 2
-3 2
4 -4
-1 1
-15 -35
15 0
-7 -7
0 -7
-1 -1
0 6
-1 -4
0 0
42 -18
18 -12
0 0
0 0
3 4
-6 14
-2 -1
0 -1
-6 1
0 -1
-9 4
-9 0
3 7
4 -1
-1 -6
3 -5
-29 -10
0 46
2 0
10 0
-9 -19
0 4
1 5
12 8
-13 0
-11 -5
3 -1
0 -11
5 20
-1 -5
0 5
-5 3
42 1
-34 104
-3 0
-1 -4
6 10
-8 -8
-7 -2
-1 1
6 2
-1 5
7 1
15 1
3 10
2 -14
-2 1
1 -3
-27 -14
-4 -25
-6 0
-2 -7
-3 9
-3 5
-5 -5
-8 -7
-10 9
-17 -20
-7 -2
3 8
-1 3
14 0
-3 9
6 -4
24 -34
-2 -33
-4 0
4 9
3 -5
10 -2
-1 -5
-1 -6
17 9
-4 42
-1 3
-2 0
-8 7
-3 -4
10 5
5 3
-28 -4
6 -3
3 -9
-5 -1
-8 -9
2 5
7 -3
0 -2
6 28
10 -10
-6 14
-4 0
12 -12
-5 8
-9 -11
1 1
-64 -22
20 9
1 -1
-9 -6
-12 0
4 -11
0 -1
5 -1
2 -5
7 22
-12 -1
-22 -6
-11 -9
-4 2
-3 -6
-4 -4
22 15
7 -31
-6 6
0 -3
2 0
-3 -9
-3 -4
-3 1
13 9
0 -8
6 -6
0 -8
-24 1
-9 -6
8 2
-3 0
14 -33
15 35
6 -4
0 4
17 2
-6 3
3 14
6 8
2 -10
-17 -11
5 -3
-1 -5
24 5
-7 2
-10 -8
-9 -4
-3 7
-5 -2
-5 -4
6 0
6 -6
2 5
-5 6
-2 0
-14 -3
-18 2
1 -7
-1 -3
13 -11
4 -8
0 2
-3 -1
-9 31
-169 272
9 2
-8 -6
-17 19
54 -10
5 -14
2 4
3 23
-16 23
8 4
-9 6
-4 5
-14 -21
3 11
-3 -13
8 -34
118 95
0 1
10 5
4 -12
-13 15
6 7
6 -3
17 10
1 20
-1 -12
6 6
25 -4
21 -3
-9 12
-1 -6
-24 -86
-66 -98
-9 0
1 4
-18 -3
37 -1
0 -3
3 2
49 -30
-43 -36
-1 -7
-4 -2
37 17
-27 -16
-4 10
-11 -2
34 26
5 59
7 1
20 -10
-19 -32
-32 38
8 -5
0 13
-49 41
-52 -43
-4 6
-3 0
-48 -15
-20 -21
0 8
-3 13
-10 102
54 -38
2 -4
1 7
25 -2
-91 19
-9 -4
-3 1
-18 32
14 -49
1 4
8 -1
-15 -6
11 17
6 -8
1 3
44 96
-33 28
-9 -5
-17 3
25 35
26 -41
-8 -4
0 -7
-25 69
-21 -10
-8 3
-6 -4
4 9
9 18
7 0
-4 -11
-103 -34
-12 98
0 -2
-17 -2
0 3
-6 1
-3 2
-10 1
12 -52
17 39
-1 -1
-6 -3
-44 -25
2 6
-2 -17
7 8
-62 29
-30 -22
-11 -4
-13 9
3 24
15 -9
-13 -6
2 4
28 -112
58 -12
2 8
-5 3
42 -14
-1 9
0 -26
-2 -6
-113 -61
361 114
4 -6
19 15
-28 2
2 -59
3 0
0 5
37 14
-103 -22
2 5
2 0
37 8
4 -33
-1 5
-8 -13
38 11
-63 -118
11 -7
7 6
11 -29
-40 14
0 5
-3 -6
-7 6
-1 -61
-1 -5
7 -10
-62 9
23 1
-18 -3
5 4
110 30
-17 84
-3 3
13 4
-23 -43
-13 34
2 9
-7 0
-31 -14
69 6
-8 -5
-3 6
24 7
-3 -14
-8 7
-1 13
-60 -33
90 64
-3 0
-14 -3
10 20
1 -23
-7 1
-4 3
-11 -34
30 89
11 10
-8 -2
0 -10
0 -5
1 -9
0 6
-80 207
-201 -119
-1 -4
-13 -7
32 28
-1 15
-10 -9
6 -7
-52 19
30 51
-1 -3
3 -16
-17 -18
-11 34
4 -12
-2 -4
-62 -112
-69 -76
-13 5
11 -10
-7 17
1 27
2 -8
3 3
13 -31
19 -25
-15 10
-4 -3
32 7
4 -1
10 -4
-10 -7
99 -55
42 -84
-6 -2
-16 -5
-10 21
50 -53
-3 -4
-3 -4
29 -8
-19 21
5 -8
-3 -2
2 0
-17 3
12 -1
-1 -8
52 51
43 -6
5 3
4 1
-37 -47
19 22
1 -6
7 -3
-23 93
-61 8
-2 -9
-1 -3
-13 -5
-18 -26
4 -4
-3 3
112 -403
1 -10
0 -3
-17 -4
-7 -3
0 4
0 -5
-2 -4
4 6
-11 -1
0 4
0 -1
-2 3
0 6
-1 0
0 0
-8 -7
4 9
0 0
-4 5
1 -4
4 -2
-3 0
4 0
-11 3
1 -9
-8 -5
0 1
0 3
2 -5
-6 -12
-1 3
-12 -11
-7 3
1 -3
9 -1
-1 0
-1 -4
3 0
-1 3
-1 -6
3 6
-3 0
-5 -6
-10 -4
-4 3
8 -1
0 -1
-5 -10
-5 -7
0 2
3 0
-3 1
0 -6
5 -2
-2 -4
8 -4
2 -4
0 6
-3 3
2 -10
2 5
9 3
-5 -4
-18 -18
-1 6
-5 6
-7 -7
5 -9
6 0
-9 3
-1 2
0 2
-5 -3
-3 -4
-5 -1
3 0
5 -18
1 -2
-7 4
0 -1
-2 5
-2 4
1 2
-1 -4
6 -1
-1 -10
-1 -1
-2 -1
-1 -8
-1 -4
-2 0
2 -6
-2 -15
3 -4
1 0
19 -1
-12 -16
0 0
-1 5
2 3
-3 -2
4 -1
-2 0
-14 0
-4 5
8 4
3 -1
0 0
0 12
-5 6
2 -5
10 -1
-2 -4
3 -9
0 -4
-1 -8
-8 18
-4 7
2 1
1 -10
-5 -12
5 4
4 -4
1 2
8 9
-10 10
4 1
-7 0
-9 14
-1 0
-7 4
8 6
-7 -1
1 -5
4 -1
-3 -5
1 2
0 -4
3 10
-3 -12
0 0
0 -5
0 0
3 2
0 -3
0 1
-6 3
8 -9
-9 -1
-2 -4
-5 -7
-2 0
-1 0
-2 -1
0 6
-2 5
-5 -5
2 7
-1 3
-1 0
-9 -5
-4 -1
-6 -3
-17 3
5 0
0 9
-3 0
2 1
1 0
-4 0
-2 -2
4 6
9 4
0 0
0 1
3 -9
0 4
2 2
10 -13
-4 5
-2 0
-4 1
1 -4
-7 6
9 1
3 0
-4 -4
3 2
-6 0
-11 0
-4 -2
7 -10
4 -1
0 0
4 5
-1 -1
-3 1
3 -4
-7 -3
3 -9
7 -3
0 4
-5 0
-15 4
-1 6
-3 0
3 -5
-2 12
-3 -8
1 -4
0 5
-10 0
-10 0
-1 -2
1 1
4 -5
8 16
-5 6
0 3
-11 11
5 -3
-6 -2
3 -2
2 46
15 3
1 -1
5 -2
8 6
0 3
-1 -2
6 5
12 0
-8 -1
0 -8
0 -9
8 -7
-4 -8
-1 -4
-2 0
-15 4
9 7
-5 -3
-4 -6
15 2
7 -7
0 2
-3 2
-1 16
-8 -5
-4 1
1 4
-3 -7
2 -9
10 -7
-1 -2
23 -12
1 9
-1 3
-8 2
-18 3
5 -8
-3 4
-1 3
-1 -6
-9 6
0 -1
-2 0
0 -8
-3 -5
-1 1
0 -6
-12 1
-12 10
-2 -5
-7 11
2 4
0 -4
-1 -3
-8 4
1 8
-11 -4
4 -2
-5 -1
5 1
1 4
-5 -7
0 -1
3 -11
-19 18
-6 3
8 -4
2 -7
2 9
-3 -5
-1 -7
2 2
8 3
-2 3
6 1
1 6
-3 -3
3 -1
1 -3
-6 6
-6 9
1 -1
8 1
-5 -5
-11 3
-5 5
-4 -1
3 -7
-2 4
-2 -5
4 -1
-3 3
-2 -2
9 1
2 2
-7 -4
-8 -1
4 -3
-11 -12
7 -10
1 -4
4 4
5 -6
-5 11
1 9
2 -2
-4 -9
-9 -19
-1 7
1 4
4 8
-3 3
10 1
2 4
-6 -8
0 -13
0 -2
4 -1
8 -6
-5 -6
-15 -2
-3 -2
3 1
-4 2
2 -4
-2 -7
-1 -2
-13 15
20 0
2 -2
3 3
-3 15
3 5
-3 -2
-1 3
-2 7
-3 0
-2 0
-1 8
6 0
-2 4
1 -3
-2 -6
-2 -7
0 0
-8 -6
0 1
5 18
3 -2
-5 0
-4 4
-6 1
0 -4
-1 -3
-10 -5
7 -1
6 8
-8 7
-5 -8
-2 -8
23 11
-1 1
10 5
2 9
-3 6
1 -5
-5 -3
-8 4
-2 -17
-5 -4
-1 -3
7 7
15 -4
-5 5
-6 2
8 -9
-16 -6
-3 -1
-2 3
-5 6
7 6
0 8
-1 7
-8 0
12 -3
6 -6
-1 1
0 -6
8 -8
6 1
1 -1
15 -5
2 -48
3 1
-7 1
5 2
-12 -13
0 -5
-5 -7
8 -18
4 4
1 -2
-2 1
-11 0
-11 -1
0 -7
2 2
-3 7
-2 -14
3 4
-4 -2
-2 -7
-15 -7
-6 -2
1 -6
8 2
4 9
-8 2
4 2
-4 -3
-2 1
5 -7
-1 -2
5 0
7 9
-4 2
-11 -1
-7 -2
2 -5
-4 2
3 -1
8 -3
-8 -8
2 3
-4 -2
-3 -2
-5 -6
10 12
2 -3
0 -5
4 7
0 -4
-1 0
9 -5
4 -7
-3 1
-4 0
1 -2
2 -3
-4 -1
-1 -11
6 -1
-18 -5
-7 3
-4 1
-9 5
-2 -2
-2 -5
2 -9
-6 4
-3 -7
-1 -8
-2 0
-2 -1
-3 -1
-6 6
-3 3
-9 1
8 7
-7 -4
0 -4
-1 3
4 -3
-1 -3
0 4
0 -1
-4 11
2 -11
-1 3
2 -4
-4 5
3 0
0 4
-8 -1
9 -7
-8 -5
-2 -2
-11 -15
-169 -274
8 -3
-16 -21
-7 3
2 -25
1 -5
4 10
54 8
7 31
-2 10
3 -12
-13 18
-4 -7
-8 -7
7 -6
-15 -24
-22 82
0 3
-9 -14
21 0
24 2
5 -8
0 9
0 -21
17 -11
5 0
5 -9
-12 -16
4 9
10 -7
0 -2
117 -98
-9 -103
-2 -15
0 -9
-19 17
-47 12
-2 -1
-3 -7
-52 39
-48 -43
0 -15
8 2
-31 -39
-18 29
20 7
6 -2
4 -61
33 -28
-10 0
-4 -12
-27 13
36 -19
-3 0
0 5
-43 33
50 26
2 -4
0 1
36 -1
-18 0
1 -6
-8 -2
-65 95
-113 58
-1 3
0 23
-1 -10
41 12
-5 -5
1 -9
57 9
27 110
2 -6
-12 3
15 6
3 -26
-12 -11
-9 1
-29 19
-61 -30
6 -10
-2 14
1 -7
-42 21
-5 0
0 -1
16 -41
12 49
-9 -3
-3 -3
-6 -3
0 -4
-17 0
0 0
-11 -100
-102 31
-3 7
6 -2
8 -19
4 -10
-5 1
-7 -5
-20 7
-24 -71
0 4
-7 0
25 38
25 -36
-17 -4
-8 2
-32 -29
43 -98
0 -5
5 5
10 -18
-14 3
8 -1
1 -6
13 46
-17 -34
-2 -2
-8 1
-90 -20
24 0
1 -8
2 1
53 35
111 400
-2 -5
4 1
-17 23
-12 2
-1 0
-2 6
-59 -10
-23 -95
6 1
1 3
19 -23
-36 44
3 -3
4 -5
42 3
51 -53
0 5
11 -1
-17 -6
1 -1
-2 0
4 5
-18 -22
29 5
-3 2
-1 0
49 49
-10 -23
-15 2
-5 0
41 81
98 52
-9 4
10 0
3 -1
31 -9
-3 0
-14 -11
19 22
12 29
3 -4
2 4
0 -28
-6 -18
11 7
-12 -7
-68 73
-61 109
-2 1
4 9
-11 -35
-16 15
3 13
-1 0
30 -53
-51 -20
5 4
-9 5
-1 -17
31 -30
-12 4
0 1
-200 117
-79 -209
1 -8
1 6
0 2
0 6
-7 0
11 -12
29 -90
-10 32
-3 -5
-5 -3
0 20
9 -21
-13 0
-3 -1
89 -65
-59 30
0 -15
-8 -8
-3 11
23 -8
-2 -8
-7 2
68 -8
-30 11
-6 -2
1 -11
-12 -35
-22 41
13 -6
-2 -5
-16 -85
109 -31
4 -6
-17 0
23 -2
-62 -11
7 6
0 2
-1 58
-7 -7
-2 3
0 -7
-39 -15
10 25
6 -7
11 3
-62 115
38 -13
-7 9
-1 -7
3 30
36 -11
1 -2
1 -6
-101 19
37 -16
0 -7
2 -2
2 56
-27 -3
18 -16
3 3
360 -115
94 -455
-5 -1
19 -6
3 -3
29 23
-12 6
-6 -3
-105 73
-45 7
-4 -10
4 -16
18 4
71 14
-7 -14
-9 4
8 21
0 188
12 2
0 -16
-7 14
1 16
-6 2
-5 -13
28 -54
32 -54
-15 11
4 -3
-54 -6
-13 10
-20 9
-1 -1
-177 -159
95 -168
2 2
3 6
-15 3
-59 77
-9 7
2 11
-70 34
154 -55
-3 -1
8 -4
-9 7
-22 -27
-20 -7
13 8
96 153
-47 -45
2 -13
3 8
3 -2
-1 25
-1 7
-6 -8
-25 -160
26 98
3 -12
-5 -1
32 31
21 -18
-24 0
2 -2
70 74
189 -60
-7 -4
-8 11
-23 -24
29 -19
16 6
-3 -2
95 -96
-57 13
-1 5
-7 2
29 -30
-5 -16
11 7
0 -4
48 -65
-31 106
-1 9
-17 1
-43 -17
22 -47
-3 -3
1 2
55 150
-17 15
20 -3
3 9
28 -45
-13 0
23 -26
3 -6
-32 -162
39 30
-10 0
9 -14
34 -20
19 -56
7 -14
4 -5
6 -8
-93 49
-1 7
-5 -3
-7 44
1 26
7 3
-10 -7
-130 48
65 -83
-8 1
-2 6
-21 -9
-67 16
3 2
-2 -4
-52 107
-48 -79
-11 -5
5 -21
-3 -51
-10 14
27 20
-4 3
371 103
-281 163
-9 2
9 28
-3 -38
-55 -45
-9 5
-5 2
-46 11
135 31
-2 -8
0 -9
-23 -34
-11 -21
-17 2
8 1
130 -11
-171 -260
-5 -3
13 -4
11 2
23 -32
-4 -15
-6 -4
76 -116
-55 95
12 6
-10 7
-42 -48
3 34
13 3
-1 -3
251 11
-8 209
4 0
-2 10
26 2
-20 40
10 -5
10 -1
-21 -134
-19 -39
-5 7
-8 13
-36 14
-33 0
-6 -8
5 -4
-148 -46
131 20
-11 -6
8 20
-44 4
-13 -7
2 -8
-8 1
-44 122
-62 97
-4 -21
4 -2
34 30
3 0
-8 16
-2 -2
-189 111
-52 295
-4 -4
-9 -14
-18 -5
48 18
10 1
-3 13
-4 42
-63 105
1 2
0 -3
32 -4
37 -22
5 1
-4 11
-2 -14
77 211
7 4
-20 6
8 2
-11 -10
-10 14
5 -1
-11 56
9 -30
15 -5
6 -1
16 -46
-19 -8
-10 -14
8 -7
0 -14
7 -293
4 4
-7 -32
-14 8
-3 4
-8 3
-6 0
-54 138
30 -136
-18 0
3 -3
45 47
9 -17
-8 11
-7 3
74 125
-154 -104
-1 -10
-13 -3
29 40
-1 33
13 -5
-6 0
-66 -188
97 -84
-15 3
-6 -7
38 27
8 -17
18 29
-6 0
-340 16
2 -34
1 0
10 -2
5 -1
-3 -1
3 -3
-2 -5
0 2
-12 9
0 0
-3 -1
-13 -3
-7 9
-2 -5
-1 -1
-5 -3
-2 0
-3 -1
-7 2
0 -7
-6 0
-7 -7
-1 0
-2 7
-3 0
-5 -2
-2 -5
2 0
1 -1
-5 -4
-3 0
5 -2
-21 10
0 0
-1 5
-8 3
6 -2
2 4
0 0
-7 0
-4 4
5 -2
2 0
14 -5
-9 -11
-2 7
0 0
1 -7
-12 -6
-1 0
-2 -3
6 8
2 -8
3 2
-1 -2
3 0
-10 -16
2 1
-2 3
2 -4
-1 1
-5 -1
0 0
31 3
20 -5
-2 0
-1 -8
0 -4
0 8
-1 -6
2 1
3 2
-9 0
-4 1
-2 -4
-4 0
-1 -12
1 -3
-2 -1
-8 -7
-1 15
0 0
-4 -3
0 3
4 -8
2 -6
2 2
-9 3
-5 -5
2 -5
3 -4
-3 9
4 6
-5 3
1 0
13 -5
5 -24
2 -2
0 0
3 -3
-3 4
-3 4
-3 -2
-4 2
3 8
-1 4
-4 4
2 -7
2 1
4 -4
0 -1
1 27
11 4
0 -4
3 3
-6 -4
0 6
-1 6
0 0
11 -5
0 -4
-8 0
-1 1
0 2
-5 4
-3 -5
-2 -3
-20 40
25 -4
2 2
-3 8
-9 1
-9 -2
-3 0
0 0
-3 -3
6 -10
3 -1
1 8
5 2
0 -6
-8 0
0 0
0 9
13 3
2 4
0 0
-7 1
-7 1
1 6
0 3
1 -1
-6 1
3 4
-1 6
0 2
-10 0
0 -7
-3 -4
-8 -7
-3 14
0 -4
3 -3
8 0
4 -7
-3 -2
3 1
6 -4
11 -12
-4 -3
-1 -10
-9 0
1 6
0 3
-4 2
0 3
5 -13
1 0
0 -4
1 -7
1 0
2 6
-3 3
0 3
4 6
1 -4
-4 -6
-2 -8
8 -3
11 3
0 -2
8 14
-10 14
0 -1
-2 -2
-1 -1
-2 -5
1 -1
0 -2
-1 -1
-3 -13
-1 0
0 4
-6 5
1 3
-1 -6
2 -5
-3 -12
-5 0
-2 -7
-2 3
-5 -8
0 3
-2 -7
-1 -5
-7 -9
3 7
-4 -5
1 -6
0 -3
-1 -2
-3 4
-1 2
-21 -19
-7 -10
-4 2
3 -11
-4 6
1 6
1 -1
-4 -4
4 -3
0 -1
2 0
3 5
-5 -4
-7 1
5 0
2 1
-5 -6
6 9
-7 4
-2 -5
12 2
1 -7
2 -5
1 -1
1 4
5 7
0 3
-2 5
-5 0
-2 -4
-4 -6
0 3
-38 -17
17 -43
-7 5
-4 5
-2 -6
-3 -7
-4 -2
6 -6
4 -2
-9 23
-5 -8
-2 9
3 -3
3 3
-9 -5
-1 0
-10 -6
6 36
3 -1
7 0
7 5
1 -12
4 7
-5 -1
0 9
-9 -16
-1 6
-1 -10
3 3
-3 -6
10 -2
-1 0
9 -24
-6 2
-1 -5
-7 -3
-2 -3
0 3
1 -3
1 1
-6 -6
-3 -1
-2 -1
1 -3
-4 3
-7 0
3 -4
1 2
-8 2
4 22
4 0
-6 -7
-2 0
14 2
4 -1
1 0
2 -9
1 2
1 -2
-12 5
2 0
5 -4
-9 6
-2 -1
5 -21
0 -5
3 1
4 -8
-1 -1
-14 12
-4 1
-5 1
9 -2
5 6
2 5
-6 -9
-4 8
9 -13
8 4
-4 -8
0 1
-8 -3
-8 3
-6 -5
-13 -4
-8 14
-1 2
1 -4
13 12
6 -1
-3 -7
9 -4
0 5
-1 5
3 -5
1 2
-19 -13
-48 15
0 -2
5 1
0 -4
5 -5
2 -1
0 2
-6 -4
-6 -6
-2 -5
-3 7
1 -5
-1 0
-26 7
-5 -1
-2 -8
-6 3
1 5
5 4
5 -3
-6 -10
-5 -7
0 0
-7 7
10 -5
8 5
-4 1
-12 -2
-6 -1
6 4
2 -3
1 -26
-92 11
3 -2
-5 3
-2 -7
9 -9
-1 0
1 -2
1 4
0 -1
-6 4
7 3
-6 1
1 8
16 -4
5 -1
18 -6
4 -10
5 -1
0 -3
4 -9
-4 -1
1 8
3 -4
-11 0
7 -3
-10 -1
-3 3
-3 -10
0 9
-10 1
-5 1
-3 21
5 12
5 -9
3 -7
3 3
-9 6
2 2
-4 7
11 0
2 -1
5 7
-10 -5
-2 11
-6 -8
-4 6
-1 0
-11 20
-5 -7
0 -2
-2 6
-6 7
8 0
-9 -14
2 2
-3 -5
-11 -3
-2 -3
6 -1
8 -5
-12 -1
2 4
-6 -2
-42 6
41 -36
-4 6
-1 9
3 -10
-4 -1
-8 -4
2 1
-10 -2
13 -4
-3 -6
-1 8
2 -2
-8 1
-11 -2
-2 0
1 -4
12 -25
-7 -1
-8 -1
-2 -1
-10 3
8 1
3 5
-5 2
-6 3
2 10
-2 0
1 7
-2 3
19 2
7 -2
26 21
-1 -19
-6 2
1 7
-7 6
8 10
-3 -5
1 -5
-3 -11
7 14
5 -10
9 -4
-1 -7
0 -5
-3 -3
-2 0
-2 0
2 -18
6 -6
2 -7
2 -7
6 -3
-3 4
-7 -6
3 3
-12 1
2 2
-8 3
-4 1
12 -1
-10 8
1 1
88 68
-49 254
1 4
-1 6
1 0
8 -2
-4 1
-10 -15
-39 19
7 -2
-9 8
-13 0
7 -20
-16 0
0 7
0 2
66 29
75 -18
-4 4
0 2
-6 3
-32 16
-1 2
-1 2
-15 55
45 37
-7 -2
-1 0
25 27
-8 -7
-7 -7
8 1
-51 -15
55 120
-1 0
-12 4
5 -4
31 -13
0 -2
5 0
27 -69
-24 -33
-1 4
-3 1
20 -18
-3 -5
0 4
5 0
-59 73
-47 -1
-1 8
5 -11
-19 7
20 -4
-5 -3
-3 0
2 -32
-44 -14
6 3
2 -6
10 0
0 -15
3 10
3 6
-185 140
106 -19
-4 -4
14 -8
-6 -10
-23 10
2 2
1 -1
24 0
27 -16
2 -5
8 3
0 -4
4 -4
5 1
-4 -1
-4 -17
49 -20
-1 -5
-4 9
8 -19
-16 -12
0 0
1 -8
-17 -61
-17 8
-5 0
2 3
-13 -27
11 5
8 0
0 -6
8 54
-24 -40
3 -7
0 -6
0 20
21 8
0 0
0 0
-9 43
-10 -12
2 -6
-2 -7
-20 8
0 8
-3 0
-14 -7
-106 28
-30 34
5 -11
2 -1
5 24
-12 8
-2 0
0 -1
24 57
18 -10
-1 0
-3 7
3 14
-11 3
3 1
-8 -9
124 -305
-226 -154
-10 -7
6 16
1 -16
-10 7
-3 -3
-1 -4
-9 -25
2 18
-8 0
0 15
-17 0
-1 4
-10 0
3 6
-53 -49
11 19
-9 7
1 -5
-6 0
45 -36
-4 7
-9 0
-4 -9
-24 -29
-10 -11
-1 -4
2 -4
13 8
-1 -1
-9 0
67 -62
-129 -37
-3 1
-10 -14
-10 -10
-32 15
4 -7
1 16
16 23
17 23
0 -8
3 1
-3 10
7 -17
-5 -6
-3 7
45 -6
-1 -42
-7 -3
-4 -6
20 -4
-13 7
-4 -2
2 -4
0 12
16 2
3 -3
-7 0
-34 4
-8 -2
0 4
-9 1
14 -117
114 -21
11 2
8 -9
-7 0
39 -1
0 -3
-4 -8
-37 16
-14 71
3 5
-7 -9
-10 -11
2 8
5 -2
-4 -1
55 -7
2 69
10 0
4 0
-17 -13
-6 -11
0 -15
0 -4
32 28
40 34
1 3
7 7
-2 -30
-7 -7
-6 0
11 -4
8 83
-73 -10
0 -8
-4 12
5 6
-15 -2
-2 -2
3 -6
5 -36
-18 -69
3 2
-2 -7
-6 0
-5 4
2 -7
6 -10
94 -72
14 -70
5 -9
-2 -8
10 11
0 0
3 0
-3 -3
-63 -52
-34 -7
0 3
0 0
36 9
-6 -11
-1 -5
5 2
105 110
-49 -257
1 -7
1 -2
-2 -9
-40 -22
-10 14
-5 -3
8 1
66 -32
0 -4
1 -10
-17 -2
7 19
-14 -1
-10 -12
7 -1
-52 14
8 -4
-8 6
-8 6
26 -30
-3 -2
-8 0
46 -40
-16 -58
-2 -5
-2 -5
-32 -19
-6 -5
0 -5
-6 -7
76 17
-186 -143
4 -9
3 -13
0 13
10 -3
2 5
7 -6
-45 13
3 31
-3 -2
-7 2
21 3
-19 -10
4 9
-2 -10
-49 -1
-60 -76
5 -2
0 -7
-4 2
22 16
-4 -4
-2 -8
-26 31
28 68
5 -3
0 1
31 12
5 3
-13 -7
-2 -3
55 -123
124 303
-9 7
4 -4
-12 -6
4 -16
-4 -10
-1 -3
19 8
24 -60
-1 0
-3 -1
-12 -10
6 -28
2 -1
6 10
-31 -37
-107 -31
-15 6
-3 -2
-1 -11
-21 -10
-3 5
1 5
-11 11
-9 -46
-1 -3
0 -2
21 -10
0 -23
0 5
4 5
-26 39
9 -57
-1 5
8 -1
11 -7
-14 26
2 -6
-6 -1
-18 -11
-19 60
1 7
-1 -2
-17 10
9 18
-5 -12
-3 3
50 19
-5 16
-5 -1
5 -4
4 3
0 2
9 -6
2 4
28 15
25 -1
1 -1
2 -4
-24 -13
-7 8
14 7
-5 3
107 17
106 -113
6 -4
-2 4
-8 9
37 -11
0 -1
0 -6
-35 6
-64 50
-4 2
3 -3
0 -1
10 -14
-2 7
6 7
14 68
94 71
6 9
2 6
-6 -7
-7 -2
-3 5
4 -3
-19 68
5 35
4 5
-3 1
-16 0
5 -9
-4 -15
-1 7
-74 9
8 -86
12 2
-7 -3
-8 5
-3 29
8 -10
0 -6
40 -38
33 -31
0 2
0 14
-7 10
-18 12
3 -3
10 -3
3 -71
55 5
-6 0
5 0
2 -11
-11 10
-7 8
4 -8
-15 -74
-38 -18
-5 7
-1 2
39 0
-8 -3
9 8
11 -4
114 20
15 116
-10 -4
1 -7
-9 1
-35 -5
-7 -1
3 1
17 -5
-1 -16
2 3
-5 0
-13 -10
20 2
-5 5
-8 1
-2 40
46 4
-4 -10
-7 4
8 16
-4 -13
2 -4
0 6
17 -25
16 -27
1 -18
4 5
-33 -17
-10 9
-11 13
-4 -2
-131 35
68 60
-10 -3
-2 -1
13 -12
2 2
-1 2
-11 10
-25 27
-5 7
-10 -2
-5 -9
46 35
-8 -1
0 4
-10 -10
11 -22
-55 47
4 -8
-10 -2
-1 -7
-18 -1
0 -17
-9 -3
4 -20
-9 24
-2 2
-4 3
-12 -9
2 15
5 -19
-11 6
-227 153
16 40
-6 -6
-1 4
-4 -6
4 0
6 4
-4 0
-3 6
-9 4
0 -1
-8 3
2 -4
3 2
-1 -10
-5 5
-8 -25
9 23
0 -2
10 1
-3 4
3 -3
-1 9
-1 -7
-9 14
0 -11
-5 0
4 -8
1 10
7 -6
7 -2
2 0
6 -36
4 19
-1 0
-8 -8
5 3
1 -1
-12 -6
0 0
0 -2
3 7
0 -1
3 0
14 -2
-2 -1
-7 5
4 -1
3 -23
-8 -2
0 -3
3 2
-7 -1
-3 -4
1 1
-2 -1
-2 0
-4 4
1 -3
1 2
0 -3
-2 2
-7 1
-1 3
-5 -3
1 24
1 1
6 -5
-6 0
-11 0
-3 -2
7 -6
10 3
-6 -7
0 -1
-4 6
-5 9
5 1
5 -5
1 -5
-6 -5
-2 5
-4 0
-25 -8
0 -2
0 3
-2 -8
-2 3
-5 5
-6 2
0 -3
1 0
5 3
0 3
4 -2
0 0
-48 -15
-19 11
0 -3
2 4
0 -5
0 -6
8 2
-3 6
5 -1
12 -12
1 3
-1 -2
-7 -15
-12 2
-5 3
-8 -3
-7 2
0 -2
-3 6
7 -5
9 11
-3 -9
-4 7
2 -6
5 -6
9 0
-5 -3
-4 -1
-14 -13
0 0
4 6
2 -1
0 4
88 -69
1 -2
-10 -9
12 0
-3 -1
-8 -4
3 -3
-12 -2
3 -4
-7 5
-2 -5
5 2
1 5
2 6
6 4
2 17
-2 0
-1 0
-3 1
0 2
-1 6
9 3
5 9
7 -14
-3 10
1 3
-2 4
8 -11
-6 -7
1 -8
-6 -3
-1 18
26 -22
7 0
19 -3
-2 -4
0 -7
-2 -1
1 -11
-6 -4
-4 -2
2 -6
7 -2
-10 -3
-2 0
-8 0
-6 0
12 24
0 2
-2 0
-11 0
-8 -2
1 1
-1 -8
-2 3
11 1
-9 1
2 -1
-9 2
-4 0
2 8
0 -9
-4 -6
41 35
-41 -7
-5 1
1 -5
-11 0
8 4
6 0
-2 1
-10 2
-3 3
2 -2
-9 12
7 -1
-5 -8
-2 -6
0 0
-4 5
-10 -21
0 -1
-4 -6
-5 7
-1 -12
-10 3
5 -8
1 0
10 -1
-3 -7
1 -3
-8 -6
2 -3
2 5
5 8
4 -13
-3 -22
-4 -2
-10 -2
0 -10
-3 9
-2 -5
-9 0
6 2
-11 -1
2 3
1 -8
-3 0
3 7
0 2
5 0
4 8
17 4
6 0
16 3
1 -9
-5 -1
7 -4
-6 -6
0 0
1 -4
0 0
0 0
8 8
0 6
-5 -4
2 1
-91 -11
2 32
2 -2
5 0
9 1
1 -4
-2 4
4 2
-4 0
-6 3
-1 0
-3 4
-8 -11
-14 2
-4 0
0 -2
-12 -10
6 1
-4 0
-6 3
1 0
2 -2
-3 4
-6 1
-5 -1
-3 -9
-1 -1
-7 6
-6 0
1 7
-7 -4
-4 1
-3 -2
31 -5
0 -1
-6 0
-3 -4
2 4
-2 -5
2 -3
-11 15
3 -2
-1 1
2 -4
2 8
6 -10
-3 2
-1 -2
-12 5
0 6
-2 0
-3 -9
-10 9
14 3
2 -1
4 1
-5 -6
-8 0
0 -2
3 -6
7 2
-8 -4
-2 -7
0 0
-22 -13
-21 -43
-3 2
-4 4
-6 -6
1 -4
-2 -3
-9 -2
0 3
11 4
0 -2
-2 -7
1 -7
-8 2
2 -4
0 3
10 -7
2 -29
0 0
4 4
3 -2
3 7
-5 -6
-1 -6
3 -9
-5 -4
-5 1
-5 -6
-4 -6
2 1
-1 -2
2 1
5 23
14 4
1 -3
-7 -5
5 -8
-4 -11
3 3
1 3
-6 4
-10 -4
1 -4
2 4
5 7
1 -5
-4 3
-1 0
-1 -17
-9 5
-3 -1
1 3
-1 11
-6 -2
-2 3
-4 -3
-9 -1
3 -5
2 -3
-3 5
-1 -10
1 3
-2 7
-2 -2
19 4
-38 16
1 -4
-4 5
-3 3
-6 -1
-3 -6
0 -4
5 -9
1 -6
1 0
2 4
0 6
12 -4
-2 4
-7 -6
7 -12
-6 5
3 -2
5 -2
-8 -4
-6 4
3 -7
4 -2
-1 -1
4 3
-4 3
1 0
2 -8
-4 -8
3 9
-4 -4
-7 8
-21 18
-2 -4
-4 -7
-2 1
0 2
1 4
-5 4
3 -9
-8 9
-3 4
-2 6
1 -5
-6 6
-2 -5
-3 7
-6 0
-4 11
2 5
-3 5
1 -6
-8 -7
-1 -6
-1 -2
-3 12
-1 1
1 2
1 0
-3 5
-2 -1
-2 0
0 0
-11 -15
9 -16
-1 1
11 -5
8 2
-3 8
-5 4
1 2
4 -8
0 -5
-4 -5
2 -8
2 -2
1 7
-1 4
1 -2
5 12
1 -5
-6 -4
1 -5
2 -8
-10 -1
-2 10
-5 2
11 11
6 3
2 -2
-5 0
4 7
8 -2
4 2
-1 2
-3 -16
-9 6
-3 2
-2 6
-11 -1
-1 -4
-1 -8
3 -5
-6 -3
2 0
-1 -5
2 -8
-8 -4
-8 -2
0 -2
3 -5
13 -5
-1 -11
0 -1
-9 -1
0 5
5 -4
1 -9
3 0
6 9
-3 1
0 -2
-3 -1
-10 0
-9 -3
-4 -9
3 -4
26 4
93 451
-4 -2
3 0
18 2
-104 -76
-5 0
-12 -8
29 -25
8 -23
-8 -7
-6 10
71 -16
18 -7
3 13
-3 6
-43 -9
-175 155
0 -1
-18 -11
-13 -12
-53 3
3 0
-14 -12
31 51
28 51
-3 9
-4 -4
1 -18
-5 -16
1 11
12 -4
0 -190
70 -76
3 0
-23 -3
20 14
32 -33
-4 -1
3 9
26 -101
-25 156
-4 4
-1 -9
0 -27
3 0
3 -10
2 10
-46 41
95 -156
12 -10
-19 3
-21 23
-8 -10
7 0
-3 -1
153 52
-69 -36
1 -13
-8 -10
-57 -78
-14 -4
3 -8
2 -4
94 164
371 -106
-3 -6
27 -23
-9 -16
-2 48
5 17
-10 2
-46 76
-50 -109
-1 0
3 -4
-66 -18
-20 4
-2 -8
-6 -4
64 79
-128 -50
-9 3
6 -5
1 -28
-6 -46
-4 0
0 -10
-92 -51
6 5
3 1
6 11
18 52
33 16
8 10
-9 -3
39 -32
-30 159
3 2
22 23
-12 -2
28 42
3 -11
20 0
-16 -18
54 -152
1 -5
-3 0
22 43
-41 13
-15 -3
0 -11
-29 -108
48 62
1 0
11 -9
-3 12
28 27
-5 -4
0 -8
-56 -14
95 92
-3 0
15 -9
29 16
-21 20
-7 -13
-5 1
188 56
-339 -18
-5 -1
18 -32
7 13
38 -28
-6 4
-14 -5
97 81
-65 184
-5 -2
13 1
-1 -35
29 -42
-11 0
0 6
-152 100
74 -126
-6 -5
-7 -13
8 13
45 -49
3 0
-16 -2
29 131
-54 -139
-5 -2
-8 -5
-2 -6
-12 -11
-6 28
4 -6
8 289
0 10
8 2
-9 9
-18 5
16 43
6 -2
15 1
9 26
-9 -57
4 -1
-9 -16
-9 7
8 -5
-18 -9
7 -6
76 -212
-1 11
-3 -13
4 -4
37 18
31 1
0 0
1 -4
-62 -106
-3 -44
-1 -15
9 -4
47 -20
-17 1
-7 10
-2 0
-51 -297
-187 -113
0 -1
-7 -18
3 -3
33 -32
4 -1
-3 17
-61 -99
-43 -124
-7 -3
2 4
-11 4
-43 -6
7 -22
-10 2
131 -22
-147 43
4 1
-4 4
-31 -2
-35 -16
-7 -14
-4 -9
-18 35
-20 131
9 -1
9 1
-18 -42
26 -4
-1 -12
4 -3
-7 -212
250 -12
0 0
12 -6
3 -36
-41 45
-8 -9
12 -8
-53 -97
76 113
-5 1
-2 12
23 28
10 -4
13 0
-4 0
-171 256
129 7
8 -2
-16 -4
-10 17
-22 30
-1 7
-1 4
134 -33
-44 -14
-4 -5
-8 -7
-55 41
-2 34
9 -30
-7 -5
-279 -165
216 -1301
-1 16
31 15
-4 -25
13 0
1 12
2 3
46 14
-87 19
-14 -16
-15 -10
-24 70
-40 -26
-7 -2
9 4
-80 134
46 104
-8 13
-22 19
-20 11
-16 -106
3 4
-5 2
36 -51
68 33
6 -6
-9 -6
96 72
-43 46
0 7
8 2
-34 -129
87 -134
15 -11
0 5
-15 19
23 -11
-21 -9
0 5
169 -32
-108 -86
20 13
5 -6
42 -56
-1 30
2 5
4 -5
98 107
-38 -240
11 -17
3 2
-22 -10
40 6
-7 7
-18 -8
39 -51
57 -130
-23 6
-10 5
19 -117
-10 -30
-46 -5
-5 -18
56 34
123 -34
3 0
-33 -10
-19 -9
-31 31
15 -11
0 2
-68 27
24 5
-17 12
-1 7
-10 -29
17 -46
-12 5
-2 -13
-24 -251
-164 9
7 8
30 11
30 -31
-23 66
22 -1
-2 -5
-33 61
-57 64
-11 -30
-6 12
-82 35
-16 -56
4 -13
5 -2
43 146
78 -76
-16 -19
-13 -35
-11 -7
-13 23
-8 -5
-1 -10
-147 53
-5 19
10 3
10 -4
-75 -9
35 28
11 -6
-15 -2
-18 -39
191 194
-12 6
-14 -1
33 6
-3 23
-5 -13
3 20
33 3
-23 36
9 14
1 -16
-40 -11
31 17
59 20
-16 5
115 -168
-131 77
8 21
-4 4
9 -5
53 43
12 -9
-4 1
45 76
74 94
-14 3
-9 -12
30 38
-60 -20
-22 -7
15 9
1 249
-113 -171
-4 6
5 12
-1 7
-29 -5
6 -6
0 -12
-137 168
111 3
-6 -26
-19 5
-29 13
-23 -42
-25 -19
9 -3
-136 -38
50 246
5 -7
-31 -26
-22 -2
35 -59
-23 -3
-1 -8
-8 -11
150 -17
13 14
3 -4
68 -47
17 35
5 -13
-14 -16
-50 -229
-50 -55
1 -10
1 -14
6 19
10 43
6 -16
-11 7
32 74
17 -28
-17 4
11 -7
-7 28
24 15
-18 -8
-3 -1
89 -23
-10 -419
4 -13
-6 9
-49 -15
-56 -28
2 -18
5 5
-11 -39
-115 -70
4 8
15 3
-55 -52
15 -30
10 10
-5 -16
-13 -30
141 57
10 10
34 15
10 -34
16 17
4 3
-14 -6
174 -198
-52 -25
-11 -12
-8 -1
35 -21
-32 -27
-19 16
-5 -21
-96 -44
-64 131
-13 -9
-16 -18
33 17
13 23
-4 9
-4 2
5 -32
-146 99
9 -3
9 -9
-9 39
15 43
31 22
1 22
139 171
-29 -17
-15 -15
-30 10
-41 13
-1 -30
-17 2
9 6
-72 -88
-34 15
5 25
-1 -3
-63 -63
27 2
49 -10
-16 3
-239 -368
176 21
2 0
-3 0
-5 4
0 -11
0 -1
5 -1
-2 -4
-9 0
4 -1
3 -4
2 8
-7 -1
-7 2
-2 1
3 7
-9 14
-2 -3
9 0
0 10
0 0
0 0
0 0
-9 -8
-8 -2
1 0
-1 -1
0 -7
0 2
-5 -4
-3 1
-7 -11
-8 27
1 0
-2 -6
5 -5
-8 -10
9 0
-3 0
0 -3
-3 3
-4 -2
-3 5
-5 -7
11 1
-3 -2
-1 0
-9 9
-1 -7
-3 0
-7 0
-2 -8
1 5
3 0
1 -2
0 -10
-12 5
-5 -2
-4 -7
5 1
-2 -1
5 -3
-1 -2
-11 -1
49 -26
-1 -4
3 -2
5 -6
5 -14
-4 0
-1 -3
-5 1
-3 13
-2 -1
0 -6
-6 4
0 0
2 -13
0 -4
4 -5
16 -20
4 0
0 -7
5 0
3 10
3 -7
-2 -1
5 2
-4 4
0 0
0 1
-3 -6
6 2
0 0
0 -1
-19 -19
18 -16
-4 2
-6 4
-11 0
7 -5
-11 0
-1 -2
-10 -5
3 5
2 0
5 2
-5 -6
-6 -4
9 9
0 0
22 -6
-3 5
-5 1
-1 6
-1 0
-5 -9
-1 1
-1 -1
-15 -4
-9 1
0 1
-6 3
0 17
-9 -4
-7 0
0 0
11 19
-21 -26
-1 3
4 -6
10 -5
2 2
7 4
-3 1
-4 -1
5 -18
-1 -2
-8 0
-2 -5
5 0
2 4
-1 1
7 -13
-23 -3
-2 2
-6 -1
-2 -10
-1 -9
-1 3
4 0
-1 6
5 2
-5 -2
-4 -7
0 3
3 -3
10 4
0 1
-11 8
0 -5
0 -1
3 5
-1 6
-4 8
-6 -2
0 -2
2 12
-4 -7
-1 1
1 -3
12 4
-6 1
-11 -7
0 0
-3 8
9 0
4 1
2 2
-3 1
0 2
-4 -1
1 0
2 -4
7 -3
-2 -2
6 3
0 -5
0 0
-11 3
0 0
15 -18
-19 26
-1 0
-8 -1
-10 1
0 18
-1 2
0 -2
7 -3
0 -5
1 0
1 -6
3 -6
-6 1
8 3
1 -1
-17 2
3 14
-4 -1
3 -2
1 5
-1 -8
0 2
-2 3
9 5
4 -5
1 2
-4 -1
-4 -4
-1 -2
0 -8
1 0
26 17
-7 -5
1 -2
-5 0
3 -7
-5 -5
4 -3
-2 0
5 0
1 -5
1 -3
2 7
-3 12
0 1
-10 0
-4 0
-2 -6
2 0
-2 0
-2 3
0 -2
-1 -2
-1 -5
-4 -2
-1 5
5 5
-1 -4
0 -2
-4 -10
5 3
0 1
-2 -6
1 11
211 -234
4 -2
-7 5
-6 4
2 -8
-9 -7
-7 1
4 -5
13 5
-5 -5
1 2
-9 11
2 -7
-6 4
1 1
17 -12
12 8
-1 6
-3 -7
-1 -1
-1 -10
5 5
3 3
-9 0
16 10
8 5
-2 -1
-6 2
0 -4
-4 2
-2 3
7 22
13 0
-7 1
-1 1
-4 -1
2 8
6 -12
7 -6
2 12
8 -3
-1 7
1 2
11 2
3 -3
-7 10
-1 4
-29 -4
12 -16
1 -8
5 -2
5 -2
5 -8
1 3
-2 3
-12 6
-22 11
-9 3
-6 -6
-1 -8
8 1
3 -7
-3 5
10 -24
-34 63
0 -1
2 -14
-2 -4
4 -1
-2 12
-3 9
-9 8
6 -12
-2 0
-3 1
5 -3
-9 2
7 0
-3 3
31 -4
10 -31
-9 0
-11 5
-7 -2
2 -1
-8 -14
1 1
-17 -6
-15 -7
-2 2
2 9
-7 -1
-1 -4
5 8
0 -5
-21 54
33 16
3 -2
6 6
3 3
5 6
-6 4
-4 -6
-6 -2
16 16
-2 -14
-4 -5
-6 0
-7 10
5 -11
-2 -7
-14 10
-9 -21
6 6
0 -7
-7 -7
-3 6
-1 -6
-5 -9
3 -8
-8 -8
9 1
7 -6
7 1
-1 0
3 -3
1 -1
65 92
94 9
-7 -3
4 -7
-5 1
-19 13
8 -1
4 6
2 -5
11 6
5 12
2 6
-1 10
5 -16
-5 12
-4 -6
-2 5
-6 13
-4 -17
-3 0
-3 -7
-6 11
11 19
-5 6
24 11
-4 -20
-7 0
-2 1
6 5
4 9
-6 3
3 -1
27 -27
16 0
-2 4
2 0
-3 2
12 -14
10 0
4 -2
-6 -8
-27 -2
0 0
-5 -6
5 -7
3 2
9 8
5 5
13 -24
-6 24
2 -3
-2 -3
4 -4
-4 -10
-6 -4
0 -3
-12 1
18 9
-4 -6
2 -1
-16 3
-8 5
6 6
-1 3
61 -1
-53 -21
4 -4
-11 -1
4 -1
2 -2
-9 3
-4 0
-10 -11
-14 -21
-10 -10
-5 -3
0 3
-8 15
-7 -3
-7 3
-12 31
-11 10
-1 13
-5 -1
-5 7
7 -13
-4 -12
3 -4
20 -1
5 0
5 4
-6 -1
13 -4
1 -5
7 -4
-3 2
-53 -46
-42 12
1 4
7 -1
4 -1
-12 5
-11 -12
-1 -6
7 -2
-8 -15
0 -2
5 5
-9 -1
-7 -7
-3 -11
-2 -3
6 2
-4 7
-1 -3
2 1
-1 -10
-3 3
2 -5
1 0
-19 -1
1 10
-2 -1
-2 -2
-4 4
2 3
-8 -9
3 -1
-148 -88
115 287
-7 -8
0 -1
-11 -2
-30 -19
0 0
0 1
11 -7
-13 -14
16 0
-5 3
0 -28
-7 6
-2 -4
-2 1
-34 0
-30 5
6 -11
9 0
-3 -10
-8 -2
-5 0
1 -4
12 27
-6 -16
-5 3
0 -14
13 -20
5 -2
2 -3
-14 -15
42 -22
-74 -78
0 1
-9 -7
9 2
31 -8
2 -5
2 3
-9 3
4 36
1 0
5 0
-1 10
4 -9
1 1
-5 -1
41 -49
40 -50
1 -1
-5 -9
-1 22
6 0
-3 -5
4 9
-5 -9
12 3
2 0
-2 -13
0 35
0 -2
2 -1
1 -7
72 37
-83 103
-3 1
5 2
-4 -9
-26 11
0 -3
-6 -2
3 12
36 18
-6 0
-1 -6
12 30
10 -2
-1 1
2 -9
-27 13
-30 7
-1 4
-3 0
7 3
-3 -8
0 4
-8 -8
39 44
-26 5
7 -3
-1 12
8 -18
-8 3
-6 4
1 7
-29 -114
-14 32
-4 2
-3 0
-6 7
4 -5
-1 1
0 2
3 -31
16 0
-11 -6
-5 1
-33 -7
-1 4
-5 -4
14 11
19 -10
-15 -46
-13 -2
6 4
-6 -21
0 1
5 0
-6 -5
-49 -24
29 -4
-8 -2
3 3
-10 -6
-2 -1
4 -2
2 6
-121 -26
357 44
6 0
2 1
9 1
22 15
0 -7
-10 -4
-3 19
-8 7
-1 0
6 8
0 -2
6 4
3 7
-9 -12
47 19
11 5
11 -2
-3 -4
-11 9
-4 6
-1 -2
-3 0
-11 -28
30 1
-2 3
-9 0
-7 12
-4 -3
1 -4
0 0
-8 72
107 0
2 -2
-3 0
-3 -10
-18 -9
-4 -8
2 -1
-11 -10
-38 -43
-14 5
5 -15
8 16
7 -3
-3 2
3 -5
-37 11
-9 48
2 12
-4 4
13 -18
-1 -8
4 3
-3 0
-1 -19
-18 0
-6 -3
-3 11
6 -9
-1 -6
-2 -1
0 3
92 169
-97 -45
-6 0
-6 -9
-7 9
-27 1
6 1
3 6
21 -4
-11 -61
9 -8
-5 2
13 -22
-11 0
-5 -9
3 10
-10 -6
4 11
-7 -10
1 -1
3 9
-27 16
-10 -1
4 -6
-20 -33
-41 -17
10 -4
5 -6
1 20
3 8
4 3
-6 -7
-17 12
16 -9
-10 4
3 0
7 -3
18 -8
0 6
-2 -6
-7 14
13 36
0 -3
-1 7
-11 -18
-9 -11
0 -3
-5 1
-45 44
-9 51
-4 -7
-3 -11
-17 9
5 -2
0 -7
4 7
51 17
43 5
-5 6
0 -12
-23 -8
-1 4
-9 -7
-4 -8
-100 -260
487 -293
-7 9
4 -3
-3 12
4 50
2 9
-5 -4
25 6
-60 12
-2 -2
-9 13
-12 -16
0 -18
-1 1
3 6
-50 -13
6 -101
-3 -1
-4 -1
-12 32
-29 19
-6 2
-1 4
-29 10
38 95
10 3
0 1
22 8
-24 -21
3 -14
-10 16
17 -4
-11 -11
-8 -1
8 0
13 0
16 -31
-11 -7
-8 -8
-17 9
45 -94
3 6
2 -5
26 8
10 13
-8 -11
-3 0
96 -12
-29 42
-5 11
-5 -2
-26 -27
7 -1
-12 7
-6 9
31 -37
-35 -46
-12 3
-4 -4
-51 -10
6 7
-4 -7
-6 -1
20 54
114 -64
1 3
-17 -15
-11 0
-39 8
3 -5
2 12
-35 -21
39 28
-3 -1
-2 -2
-14 15
19 2
1 1
2 -9
-13 -17
31 -29
2 -1
5 0
14 1
-2 -10
8 -7
8 -7
-4 -3
-5 18
-11 -10
5 9
12 8
6 17
-6 13
3 -13
87 37
74 -32
7 -8
-2 4
-8 -36
21 2
4 1
-1 -2
29 14
10 1
1 -2
-1 1
-22 -14
-7 3
2 12
1 -5
-3 -15
-27 -15
-3 -9
3 -8
30 11
-18 1
4 -4
-5 -5
-39 -8
8 -14
4 -2
-2 -7
2 -4
1 -2
3 -8
9 -4
-16 73
-104 228
-7 -1
3 -9
1 9
49 12
-5 -8
-10 1
22 -36
37 22
-4 -3
6 -8
36 62
-9 -5
0 -3
-2 -9
-3 -4
-21 -13
-1 -2
-17 1
-11 -6
10 21
5 -2
4 2
-9 -91
3 15
-10 -9
5 0
-8 -26
-10 2
4 7
-5 -2
-42 -22
-62 98
-6 -9
-3 12
-11 3
-38 -5
-10 -9
-3 2
-5 52
-38 -20
3 -1
-3 -12
-21 -15
-6 -9
-7 -10
-7 -10
-9 33
6 -33
-1 -4
1 -3
-13 -37
6 -25
7 5
-3 -3
59 85
-15 -30
-7 2
3 -5
-5 28
15 11
-3 4
-6 -11
-149 -11
-41 -127
1 8
-13 2
10 -11
-1 6
4 10
5 -7
24 -14
-37 91
-1 -3
-2 10
-28 -34
-10 4
3 7
6 3
-3 -5
32 96
-2 6
5 -5
-1 16
-8 19
-10 -5
-2 -2
-29 -21
52 6
-7 -5
-2 -5
17 -11
-8 0
2 -7
0 4
70 -27
-48 62
8 -5
13 -9
17 11
24 -29
0 2
-4 0
9 28
-63 -75
11 6
-3 7
32 6
12 -6
-4 -3
3 8
-104 -6
11 -78
-4 4
-10 3
-16 1
4 10
-6 0
0 6
14 27
-21 -15
15 5
-2 1
-39 19
1 -9
-4 -10
8 5
-169 -287
228 92
0 -5
9 4
1 0
-5 -5
4 -2
-4 3
-4 -8
-2 4
0 -2
-2 2
11 7
-2 1
-5 -4
6 -2
-1 13
10 7
2 -6
-12 7
-8 12
-3 5
-8 0
6 0
10 -3
4 3
0 1
-4 3
6 -7
0 4
-4 -6
-1 3
-20 17
11 0
-4 -4
-8 1
3 2
11 -2
3 -3
-3 -4
2 -1
-4 -2
0 1
2 -2
-9 -3
-4 2
2 4
0 2
10 0
6 -9
0 5
-1 4
-2 -11
1 -9
12 -1
-10 -4
-6 1
2 0
-12 0
-2 -9
-4 11
-9 -3
1 -3
-3 -2
29 44
-35 -2
0 4
-7 -10
-6 1
1 0
-6 2
0 -5
-2 3
-3 -5
4 -1
7 -1
-4 -9
-1 6
0 -3
-8 -5
-1 1
-21 -5
1 0
-1 -4
5 4
-6 0
-1 -1
3 3
4 -8
0 0
7 -2
-4 -3
-5 -4
4 0
-5 0
1 -3
8 -14
3 -16
-6 2
14 -8
3 -10
-7 3
5 0
-5 -2
1 -3
-8 2
-3 -6
-2 0
1 3
2 -5
1 1
0 0
-2 4
8 -3
-2 0
4 0
0 2
3 -1
-4 1
4 2
3 0
3 1
-4 0
6 10
2 0
3 -5
2 -2
1 2
-32 -9
33 52
1 -5
3 -1
-9 8
-9 1
3 -1
1 2
2 7
-1 0
-1 -1
1 11
-6 4
5 0
-5 12
4 -4
-12 -15
-11 27
2 3
12 4
1 -6
2 0
3 2
-2 -8
-7 0
-2 -9
0 -11
0 0
-9 3
0 -6
-2 6
-4 -4
-5 -7
-6 20
-2 -1
-16 2
0 -7
-5 -10
-6 1
0 -1
-2 0
4 2
-7 2
-5 -8
0 -5
-6 9
5 -4
-4 10
10 -13
-2 -2
-1 7
-2 8
11 -1
-10 -4
4 -10
1 3
1 -6
-1 7
4 0
-2 -2
2 -2
6 4
3 -1
-6 -2
-12 48
-15 -31
-2 -1
5 -4
8 -3
0 -7
0 0
-7 0
4 3
-1 -3
6 -8
4 -9
10 -1
0 -3
-10 -4
-4 -3
-5 2
1 -2
-5 -3
-10 -3
0 7
7 -1
-6 0
-1 2
-1 -5
-4 0
-1 0
0 -1
2 -4
7 8
-11 -1
3 0
0 -40
6 -17
-2 0
-6 -2
-6 6
3 4
3 -3
6 4
-2 2
0 7
2 7
0 2
-5 -1
0 -9
14 -3
6 -7
-6 6
0 -3
2 -3
1 -9
-10 -4
-9 0
2 -3
-3 -4
-2 -1
4 -4
-10 4
2 -4
-2 0
-10 -7
-2 -3
4 5
9 -55
229 -50
-6 0
-6 -5
-11 -8
1 5
-5 2
1 0
-5 -4
11 -8
0 -1
5 -1
5 12
-1 0
-4 -9
1 -2
15 4
-5 -15
-5 -2
1 -17
-9 2
2 -4
-2 -3
-7 0
-4 -9
9 12
1 -1
-1 -6
0 3
-3 -7
3 2
5 0
10 20
23 -12
-6 -2
1 8
1 -9
-4 0
-3 -6
3 -4
3 1
-12 -4
-2 0
-4 9
-14 -12
-3 -4
5 4
-7 2
-17 -11
8 13
5 0
6 -1
3 -6
-3 -4
-1 2
5 4
2 6
3 -4
1 -1
3 1
-10 -6
5 11
3 -2
-3 2
14 6
-21 11
4 2
10 -2
-1 7
-14 5
4 1
-6 3
-4 -10
-6 -16
-5 0
-3 -8
8 5
4 5
-7 -5
1 -1
8 -2
-2 5
0 -1
-1 7
0 14
-4 0
1 -7
-4 -6
6 13
17 0
-1 5
-7 2
12 -1
5 -4
-4 -3
-2 0
-27 -21
-13 6
0 1
-6 0
-3 -2
4 1
0 5
5 0
13 -10
-6 1
-2 -2
2 -6
-12 -3
-5 -9
5 5
2 -3
0 0
0 -20
0 -2
-12 6
-3 -13
-7 3
-1 4
-9 -1
-1 -6
4 2
-2 -8
1 -1
-6 -4
-9 -4
7 2
0 -7
-25 -6
-25 13
-4 1
-2 -1
-5 -4
5 -10
1 -6
4 -1
4 -4
8 23
-1 0
-8 6
-1 -8
-12 -2
-3 2
-3 0
4 9
15 -15
0 1
-2 0
-1 -1
-3 -2
-6 0
2 6
-3 -7
-11 -5
0 8
2 4
0 -1
-9 2
-4 -1
6 3
-19 15
31 43
0 0
3 -5
-5 1
2 -3
1 2
-6 2
-5 16
-8 -6
2 -5
0 -5
5 -2
7 3
3 6
3 -1
-8 -7
-5 12
1 0
3 4
-2 6
9 -1
-2 -4
-4 -13
-5 -18
-15 -4
-7 -2
-2 -2
4 7
5 -4
-3 7
-4 1
3 -7
-33 -50
3 -4
-5 4
0 3
2 -5
0 7
0 7
-12 9
9 8
-2 2
5 1
0 8
6 -1
-5 -7
-2 2
-11 -4
-10 7
2 -4
-7 0
-1 7
2 3
1 -3
-4 3
1 7
-13 -2
4 -5
-2 4
-16 -1
-4 -2
0 -9
1 -5
6 -6
-8 -14
-6 1
-2 1
2 -8
-2 1
-3 -7
3 -14
-5 4
-4 -6
-6 -3
-6 1
9 -2
-4 8
-2 1
-8 -1
33 -3
-14 -7
-5 -1
5 -13
3 -4
-2 -9
0 9
4 5
-18 -5
6 5
0 0
-3 -5
11 3
2 1
6 -6
0 -5
28 3
-39 1264
5 1
-1 12
-7 -20
-6 21
0 3
-6 11
-40 -15
31 -131
-1 -9
-8 0
-61 -42
-4 1
-5 -2
3 -1
-83 -13
71 -131
3 6
1 -4
-7 5
31 70
2 6
-13 0
20 -16
3 67
-6 7
-4 0
-17 -7
17 11
-5 14
6 1
-4 167
-24 259
10 -5
-2 14
-7 -12
2 -65
-16 -1
8 3
-30 -43
18 59
-4 0
-4 7
18 5
-29 -15
-12 1
-2 1
107 -80
-79 152
3 -22
3 -7
-5 -17
29 -18
-2 -4
-9 -8
80 81
-49 -77
-6 -8
0 -4
75 36
29 -7
-10 4
1 -3
-214 -127
53 -246
-2 -3
1 -21
-2 18
26 16
13 -1
1 -3
28 -21
20 71
0 9
7 -10
36 33
20 5
6 -6
1 0
46 -58
61 -1
-1 8
-5 8
21 5
-40 -27
5 -4
-4 1
-36 -62
22 28
1 -8
1 0
-27 -20
-25 -28
0 -19
-7 -6
-4 -10
103 -144
-13 -6
-2 -7
2 5
-10 -41
-7 -9
4 -12
-5 77
-58 -116
12 -5
0 -7
0 -17
-1 12
15 3
-3 -7
-25 83
-74 36
-13 7
0 3
9 21
-13 18
0 7
8 8
-32 -16
-5 20
0 4
-2 -7
-11 14
-5 -4
14 0
-10 5
192 -130
-60 -412
5 6
-29 0
7 -17
-39 46
9 0
-9 -3
-10 -23
29 99
-9 7
-6 5
-5 -11
-9 -5
-16 0
5 10
-7 -6
-31 41
2 -3
-11 0
14 -30
8 1
0 -12
-16 -7
-4 -13
-43 -84
3 -5
-6 -4
-21 -2
21 -1
15 -14
11 -2
5 -123
-166 54
7 -1
4 -13
-23 1
20 18
-9 -8
4 -15
35 46
-40 23
-1 -1
7 -3
70 47
12 43
-9 2
-4 0
-67 0
24 -211
-7 -6
-17 -5
1 -17
-62 -32
1 -10
-8 5
-12 19
87 -10
-8 -15
-5 -5
-13 -54
-13 32
1 -19
0 8
106 -153
251 25
-2 -9
4 -5
4 7
-12 -71
-5 -5
14 10
-42 11
37 -115
6 -2
-8 -2
-30 -3
14 -15
7 -18
-4 -12
-124 63
85 24
3 -2
17 4
24 28
-4 3
-1 4
-1 0
-56 0
2 17
-2 0
7 0
2 33
7 -24
-15 8
-5 -4
-56 96
-136 9
-11 1
-1 8
-21 0
-6 6
-1 7
3 0
7 -38
25 79
-2 2
0 0
-37 -39
-44 -14
8 14
-5 -5
127 -115
-62 30
1 -3
15 -7
-10 2
37 9
2 9
10 -6
131 13
-4 33
2 10
-1 -1
33 1
19 -12
-7 14
-8 -4
34 256
-40 -1268
6 -4
-8 18
-2 -15
-42 14
-7 -14
-1 -6
-7 -25
-85 11
3 -1
-6 0
-5 -5
-63 39
-10 -2
-1 7
31 129
-4 -170
6 -5
-6 -18
17 -15
-19 5
-5 -4
-8 -11
3 -70
19 14
-15 -2
2 -9
31 -74
-9 -9
1 3
4 -9
71 129
-215 125
1 0
-11 -7
29 5
75 -40
-1 3
-8 6
-50 75
79 -84
-11 6
-4 2
29 16
-6 16
3 5
3 20
-81 -156
107 78
-3 -5
-14 -5
-31 13
18 -7
-5 -11
-5 -2
19 -63
-31 41
8 -6
-18 -1
2 63
-8 9
-4 -17
11 3
-26 -262
192 128
-11 -9
14 -2
-7 2
-13 -18
-3 6
1 -7
-6 -23
-33 14
8 -11
-1 -11
-14 -22
9 -25
0 -6
-14 -11
-75 -40
-27 -87
-5 5
16 -7
-3 -15
-1 15
0 4
12 3
-59 114
-6 -81
4 10
-8 7
-10 40
2 -9
-3 5
-14 4
104 141
-5 8
-9 4
0 16
-26 26
-29 18
0 -3
2 6
22 -31
-37 61
-5 -3
5 2
-42 26
21 -9
-6 -11
-2 -11
62 -2
46 56
1 -2
6 4
20 -9
37 -36
8 8
0 -13
21 -74
28 20
2 0
13 -1
27 -20
-3 -21
1 19
-2 1
53 244
34 -260
-9 2
-8 -17
19 10
33 -5
-3 -2
2 -13
-5 -37
132 -17
10 3
2 -13
37 -12
-11 -6
15 6
1 1
-63 -33
127 114
-7 2
8 -17
-45 12
-39 37
0 -4
-3 -5
25 -82
8 36
3 -2
-2 -11
-7 -10
-23 -3
-3 -12
-12 -4
-138 -12
-57 -100
-7 2
-16 -10
8 21
2 -37
7 -1
-4 -2
2 -20
-57 -2
-2 -2
-2 -8
-5 -7
24 -31
18 -7
3 0
85 -27
-125 -67
-5 11
6 16
14 14
-32 1
-9 -1
6 -1
37 113
-44 -15
14 -14
-6 3
-13 68
5 -11
4 3
-3 7
252 -28
106 151
-1 -11
1 17
-14 -35
-14 52
-6 4
-10 13
87 8
-13 -23
-10 -7
1 8
-62 30
1 16
-19 3
-9 5
24 209
-68 -2
-5 -3
-10 -5
12 -46
70 -50
7 1
-1 -1
-41 -27
35 -50
3 14
-10 6
21 -22
-25 -4
4 11
7 -1
-168 -58
5 121
12 0
15 12
21 -3
-22 0
-7 2
4 3
-45 82
-6 11
-17 4
0 9
8 -4
15 28
-13 -2
2 1
-32 -45
-10 4
5 -14
-17 -2
-10 3
-7 9
-7 -9
-10 -11
29 -102
-11 21
-10 0
9 -2
-40 -49
7 15
-31 -4
5 -9
-62 409
228 47
-5 -1
-11 6
-5 3
-5 2
1 -1
-5 -3
1 -7
14 -5
0 0
-4 7
0 -2
4 -13
4 0
0 0
11 6
10 -21
4 -2
3 -3
-2 4
0 -3
0 4
0 0
10 -13
-3 7
-7 -2
-1 1
1 2
-9 -4
0 15
-3 0
-5 14
14 -7
-2 -4
3 0
5 -12
-9 3
3 -1
0 0
3 3
1 -7
4 -5
-1 -3
-2 2
2 5
6 -1
4 0
7 -14
-16 10
-6 -3
4 -5
-3 3
-13 11
-3 -10
-2 0
-10 2
2 -1
3 2
-3 5
-4 -1
0 7
0 -8
-5 1
23 10
-24 4
0 4
7 -3
-9 3
-7 2
1 0
-1 6
3 -3
0 5
-8 0
-1 -5
-7 -4
-3 11
-11 -7
0 0
-1 17
0 -1
1 2
5 -6
-5 7
-12 1
1 4
-1 0
-5 -2
13 8
5 -1
0 -5
4 -1
-3 0
-5 -1
0 -2
-12 -7
-26 19
-2 -1
-3 1
5 3
11 0
-6 -3
0 -6
16 -1
6 -13
-3 5
1 5
-4 0
0 -16
-1 -8
0 0
0 -7
8 0
0 0
-6 3
4 -7
8 -6
-2 6
-5 -1
-4 14
-4 9
-5 -4
4 -1
-12 -7
-2 -8
10 1
5 -1
-20 -12
27 -5
0 3
6 4
2 -1
11 -4
-3 3
0 -1
6 -6
-17 3
5 -7
0 -11
-1 7
3 2
5 12
-5 0
-14 6
33 2
-8 0
0 -3
-3 -8
8 1
-5 -2
-5 2
-4 4
-4 -4
3 13
-3 4
-1 -2
2 7
-2 -3
-5 -2
-8 12
5 4
0 3
0 9
-2 1
-14 -1
-1 -5
4 3
-12 0
1 -8
-3 -4
0 1
1 -5
0 -8
-5 -1
2 2
-10 -8
-10 1
-1 -3
-5 6
5 0
0 -8
4 -2
-1 -3
9 -9
-12 -11
1 -8
0 -8
2 3
0 -5
-4 -5
2 2
-32 49
3 5
-4 -2
-3 -8
4 2
3 -8
-1 1
-7 0
-13 2
-4 15
-4 11
-1 3
9 0
-2 -6
2 -5
0 0
-3 -13
-7 5
3 0
3 -7
7 -4
4 0
0 4
3 3
-7 4
-3 -17
-6 -2
0 -3
3 0
-5 -2
3 3
0 -1
30 -45
-19 -15
6 -4
-3 0
-8 -4
0 0
2 -4
0 -9
-10 3
-3 6
1 -7
-5 -1
-2 0
0 0
-2 -1
0 -2
15 12
3 -10
-2 -1
-3 -3
-11 0
0 7
-8 -8
0 -2
8 -24
4 2
3 0
1 4
5 8
-4 3
-2 0
-4 -2
-25 -14
228 -94
0 4
1 -1
10 -5
-5 7
-4 -5
5 2
-6 5
-1 -15
6 1
-6 3
-2 -3
11 -9
-3 -3
1 2
-2 -5
-20 -18
-2 -5
-5 5
2 -6
5 7
-4 -4
-1 -3
4 -4
11 3
6 -2
-9 -1
-4 -7
-8 -14
-12 -8
3 5
10 -10
30 -45
-3 1
2 2
-9 1
-4 -13
-2 7
-12 0
2 -2
-7 -3
-11 3
12 0
1 8
-3 10
-1 -6
0 -6
7 8
10 -1
0 -4
2 -6
-5 -3
-9 3
2 1
0 -3
-5 1
3 0
-3 2
3 2
12 1
3 -3
-9 -2
-5 3
11 0
-32 8
1 -3
2 2
3 4
2 -3
5 -11
-4 -2
3 -3
4 -2
5 -4
-5 -3
2 0
-1 -3
4 -1
-3 -1
8 1
-3 -7
1 -2
2 -3
3 4
2 -4
-3 0
-4 5
-9 -3
1 2
-6 1
5 0
-8 -5
4 9
14 7
-7 -3
4 14
9 13
2 2
-6 -1
4 0
-6 4
-4 3
8 2
0 0
4 7
4 -5
-2 0
-6 -1
5 -5
-2 3
1 -1
-22 4
-1 -3
-8 4
0 2
-2 -7
-5 8
7 0
4 0
-3 5
-3 -5
-1 5
-6 -3
2 0
-7 -3
-7 9
-1 -5
-36 1
10 54
5 -7
-2 2
-10 6
-3 -1
1 3
-11 -5
5 3
-3 0
-3 3
3 2
-9 -1
-11 3
2 8
2 2
0 2
-6 -7
5 7
13 2
-1 8
-6 1
0 -4
1 -8
0 -9
-2 -4
6 -5
3 2
3 -6
-6 -8
-6 1
-3 -2
6 17
-1 39
3 -1
-11 0
8 -9
3 3
0 0
-1 -1
-4 -1
-1 4
-2 -3
-6 -2
7 0
1 -9
-10 2
-5 2
2 1
-5 -4
-5 3
-11 3
-1 3
10 0
4 8
6 7
-1 2
4 -5
-7 -2
0 -1
1 6
8 2
6 3
-3 1
-15 30
-13 -49
-6 1
3 0
6 -5
3 2
-3 1
5 0
-1 -8
1 5
2 -5
4 9
-10 3
11 1
-2 -9
-1 -8
-2 1
10 12
-5 -13
5 3
-6 -11
0 4
-5 7
-7 -3
4 -4
-3 0
-1 0
-7 -3
-6 9
0 7
-16 -4
-2 0
-6 -21
-6 6
-4 2
-3 -8
0 5
-9 -5
2 -1
-1 10
-3 9
-7 -1
-4 7
3 -5
3 -1
1 5
13 -6
3 -5
-12 -29
-13 14
4 3
-5 -14
6 -1
-7 -5
1 -12
-2 -1
-2 -1
2 -9
2 -4
4 0
-10 -3
-10 -10
3 1
1 4
33 -54
486 291
-6 -10
-2 -14
4 1
23 -8
-4 1
2 -10
3 -51
-49 10
3 -8
-1 -3
0 15
-12 13
-8 -13
-1 0
-59 -13
17 2
-9 -17
3 11
-22 17
21 -9
0 -1
10 -5
37 -96
-28 -11
-1 -6
-6 -2
-28 -21
-12 -34
-3 0
-2 -2
6 99
20 -55
-5 -1
-3 4
7 -9
-50 7
-2 1
-10 -4
-34 43
29 34
-6 -11
-11 -9
6 -1
-25 25
-4 0
-4 -12
-27 -44
95 10
-2 -1
-7 8
10 -13
26 -9
2 2
3 -7
45 90
-16 -10
-6 5
-10 4
16 28
12 -1
8 -1
-8 -1
-11 8
-15 -75
8 1
3 6
0 0
1 1
-2 5
4 0
7 11
-37 5
-4 2
4 1
-18 -3
30 -12
2 4
-3 7
-27 12
-2 12
1 2
2 -13
-6 -5
-21 12
-1 -2
1 0
9 -2
29 -16
0 0
4 -2
20 -3
-7 33
-1 -6
6 6
74 29
87 -38
3 10
-5 -15
6 -19
11 -9
5 -10
-10 8
-3 -19
-3 0
8 4
7 4
-1 8
14 -2
5 -2
1 -1
31 26
-12 15
1 6
1 -2
18 -3
-14 -16
-2 0
-2 0
39 -30
-34 19
2 -13
3 2
-38 -9
-10 -1
-15 12
1 -4
113 61
-168 284
8 -7
-3 7
1 6
-38 -21
-2 -3
14 -6
-19 12
13 -28
1 -8
-5 -2
4 -11
-15 -3
-9 -5
-3 -5
11 76
-102 4
1 -9
-5 0
12 3
32 -7
-3 -9
10 -8
-62 72
9 -30
-3 -1
1 -3
24 26
17 -13
13 6
7 3
-48 -63
70 24
0 -5
2 4
-6 -2
17 8
-1 2
-7 2
52 -8
-27 18
-1 0
-8 2
-8 -20
0 -18
5 2
-1 -8
32 -97
-2 3
5 -4
3 -8
-10 -5
-27 31
-1 -11
-1 0
-35 -92
23 11
6 4
3 -10
0 -8
9 8
-12 -4
0 -8
-40 125
-149 9
-5 8
-3 -5
14 -12
-5 -28
2 3
-6 -4
-13 28
57 -87
-2 1
7 -8
6 21
-12 34
1 1
0 2
5 30
-9 -35
-6 7
-6 7
-4 6
-20 12
-2 9
3 -1
-37 17
-4 -54
-3 -4
-9 6
-37 2
-11 -5
-2 -13
-5 6
-61 -99
-41 18
-4 0
3 -9
-9 -4
-7 23
5 -2
-9 7
2 -17
-8 89
3 -4
5 0
9 -22
-10 4
-16 -3
0 0
-20 11
-3 1
-2 6
1 1
-7 2
36 -64
6 6
-4 0
37 -23
21 33
-8 -3
-5 4
48 -13
1 -11
3 6
-7 -1
-103 -229
115 -290
-8 7
-12 -1
0 0
11 6
1 -3
0 -2
-30 17
-35 -2
-3 -4
-2 3
-8 -9
-1 28
-5 -6
16 -2
-13 13
43 21
-14 13
2 2
5 1
13 19
0 12
-5 -6
-7 15
12 -30
2 2
-6 -1
-9 0
-4 8
10 -2
7 11
-31 -7
72 -40
2 5
3 -1
1 0
-1 -37
-3 12
2 -2
12 -6
-6 7
5 -11
-5 4
6 -2
-2 -25
-6 7
1 -1
41 49
41 48
-6 -1
1 -3
5 8
-2 -12
6 -3
2 -3
4 -38
-11 -6
2 -5
2 3
31 6
10 -5
-9 5
-1 -3
-75 76
-123 24
3 -9
4 1
-4 0
-11 5
4 -5
-8 0
29 3
-50 22
-6 4
6 -1
-2 -4
-7 19
6 -6
-14 0
-16 45
19 9
14 -13
-6 3
-2 -7
-34 6
-7 -4
-12 4
16 -2
2 30
0 -4
-2 -4
5 2
-7 -10
-4 -4
-5 -5
-14 -35
-31 112
2 -10
-7 -7
-9 -6
8 17
-1 -14
7 1
-27 -8
40 -47
-9 6
-1 -6
-4 6
7 -7
-4 -3
-2 -7
-30 -9
-27 -16
2 7
-1 -4
10 0
12 -32
-2 4
-7 0
35 -21
3 -14
-7 1
1 1
-27 -13
-5 8
6 -5
-4 -4
-84 -106
-101 258
-4 7
-10 5
-2 -7
-24 7
0 11
-6 -9
43 -8
51 -19
5 -10
1 5
6 0
-17 -12
-3 10
-5 6
-9 -53
-47 -47
-7 -4
-2 2
-9 10
-12 17
-2 -10
1 1
14 -39
-9 -18
-2 5
0 -8
18 6
7 2
3 -3
-10 -6
17 7
-18 -14
-7 5
4 -6
4 -11
1 -23
5 5
11 2
-43 16
-21 31
4 4
-11 -1
-28 -18
2 -11
1 -1
-8 8
4 -13
-11 4
4 -12
-6 8
-12 -3
14 21
-6 -5
9 6
-12 59
20 3
2 -8
6 -4
-28 -3
-9 -12
-7 8
-6 -2
-98 44
92 -172
0 -6
-3 -1
-2 4
6 8
-4 -14
-7 1
-19 -2
-2 17
-4 -1
3 -6
-2 6
13 16
-5 -6
2 -15
-11 -50
-38 -14
4 3
-5 -5
8 2
8 -19
5 14
-15 -8
-39 41
-12 9
2 -1
-5 6
-19 8
-5 8
-4 -3
2 1
108 -1
-9 -75
0 -1
0 3
-4 0
-7 -14
-9 -2
-3 -6
31 -3
-12 27
-4 -3
-2 1
-5 -9
-12 -12
-4 2
12 1
13 -8
48 -21
-10 10
4 -9
6 -6
-1 1
7 -11
-1 -1
-9 -9
-3 -21
-10 2
-1 6
22 -18
10 -4
3 -4
5 -2
357 -47
210 232
3 2
-6 -6
-7 -6
3 3
-6 -2
-9 6
2 6
16 11
0 -1
-5 -4
1 5
-9 -11
1 -3
-4 3
12 -5
7 -23
-1 -4
-4 -3
0 3
-5 -2
-1 -1
8 -6
15 -10
-9 -1
3 -4
4 -6
0 8
0 0
-2 6
-1 -6
11 -8
10 22
-2 -5
3 5
7 -2
0 6
-6 5
-8 -4
-22 -12
-12 -7
-1 -4
0 -3
4 6
5 0
5 0
1 6
12 14
-28 3
-1 -5
-8 -11
2 2
11 -3
1 -3
-1 -8
7 1
0 -13
7 4
5 10
1 -8
-3 -1
0 -2
-7 -2
12 -1
64 -94
1 0
2 2
-2 -1
7 -1
7 4
10 -2
-7 6
2 6
-3 7
0 4
-4 -7
-7 5
0 5
5 -7
-9 20
-14 -11
-1 5
6 9
-5 -11
-6 -1
-4 3
-2 12
16 -17
-6 0
-4 4
-5 -5
5 -8
2 -4
6 -8
3 0
33 -18
-21 -54
0 3
5 -9
0 3
-7 0
3 -10
-1 -3
-15 6
-16 4
1 -2
-8 12
2 0
-7 0
-11 -5
-9 0
9 29
31 2
-3 -4
6 -1
-9 -3
5 1
-3 -2
-2 0
5 9
-8 -8
-3 -10
-1 -14
3 0
-1 3
2 12
0 -1
-34 -64
-148 86
3 0
-7 8
1 -5
-4 -5
-2 1
-2 0
1 -12
-18 0
1 -1
2 3
-2 -4
0 8
2 -1
-1 2
-3 -8
4 -4
-2 0
-3 10
-6 6
-9 0
5 -6
0 0
-7 13
6 0
-1 4
-11 11
-11 -6
3 0
6 0
0 -5
-41 -13
-53 44
-3 -2
7 2
1 3
13 2
-5 0
5 -6
4 0
19 0
2 1
-4 10
6 11
-6 -8
-5 0
-1 -14
-11 -11
-12 -32
-7 -4
-7 1
-8 -16
0 -3
-5 1
-9 8
-14 18
-10 10
-4 0
-9 -5
1 1
4 0
-10 0
4 2
-53 19
61 -1
0 -4
5 -7
-8 -6
-16 -3
1 0
-3 4
17 -10
-11 -2
0 1
-7 2
-4 9
3 2
-2 1
1 1
-6 -25
13 22
5 -6
8 -9
3 -2
4 5
-5 4
0 -1
-26 0
-6 6
3 0
9 0
11 13
-4 -3
1 -2
-2 -5
16 0
26 25
2 0
-5 -3
5 -11
6 -5
-1 -2
-7 -1
-3 19
24 -12
-5 -7
11 -20
-6 -12
-3 5
-3 -1
-4 15
-5 -14
-1 -6
-4 4
-4 -12
4 14
-1 -11
2 -7
5 -12
10 -6
2 3
4 -6
7 0
-19 -15
-4 -2
4 5
-7 2
94 -10
176 -24
2 -1
-6 -7
-3 -2
-4 4
5 1
-1 0
0 9
3 -9
-4 -3
-8 -4
-8 -1
3 -9
4 3
4 -1
-9 -1
-7 10
-4 -2
-6 3
0 -5
-2 6
-1 -1
1 -1
-9 2
-11 6
-1 -2
0 0
2 -2
-1 -12
9 -1
-2 3
-10 -15
-12 0
-2 1
6 2
-3 -1
5 -3
-4 6
-6 2
-13 -7
-1 8
2 0
3 -2
1 -8
-2 7
-7 -1
-4 -1
-1 6
-11 -11
-2 -2
-3 1
10 -3
-6 5
-4 -7
-5 1
-3 -5
-1 2
-4 -2
9 -2
-10 9
5 4
-2 5
1 -1
-9 -29
11 -22
0 -2
-8 0
-10 3
0 -19
-6 -6
-2 -2
-10 -3
-15 2
-1 0
-2 -4
-5 9
-3 -1
-1 -7
-5 -3
-4 -7
22 5
1 -1
9 -11
-7 4
-5 5
4 -4
2 -1
3 -6
-10 5
-1 0
-11 -1
6 4
-12 -3
-7 -6
-5 -4
17 14
-20 19
0 0
-1 -2
6 -4
-3 5
0 -3
0 -1
-4 -5
5 -3
-2 0
3 6
4 -11
5 -1
-2 7
3 -1
17 19
4 2
0 2
2 12
-1 -3
-7 -6
0 5
-2 1
-4 -14
-5 -3
-1 2
-5 -1
6 13
6 5
4 1
-3 2
49 25
2 -14
-2 5
0 -3
5 -5
-5 8
1 0
-3 3
6 -6
-2 -8
-5 1
-1 4
-3 1
1 1
-2 -4
-3 -2
3 -2
-3 6
-5 -1
-11 0
-1 -3
-3 -14
1 -8
1 1
2 4
4 -1
-2 -1
4 3
-6 4
3 6
-6 -2
3 0
-7 4
27 -20
2 -1
-1 7
-1 0
-5 3
-4 0
1 -4
5 4
8 -7
-2 -4
-1 -4
-2 7
0 -7
3 1
-6 1
3 -16
-17 -4
1 0
8 -4
-7 -3
4 4
1 5
1 -1
-1 4
7 3
-1 3
-2 -4
-1 -20
-11 -3
-8 1
-2 -2
-20 -28
15 17
0 -2
-11 -5
0 -1
-1 4
5 -5
-3 1
6 1
2 4
3 0
-6 -1
0 -4
-4 -3
2 -5
3 -3
10 -1
-3 -11
0 -1
-12 6
-7 -3
11 -6
1 1
-2 -3
-5 6
4 -14
-1 0
-7 1
-5 -10
-2 -7
4 -7
-1 0
0 4
-11 -11
-1 -2
11 -6
5 2
1 -4
-5 6
-6 1
4 -4
-1 -8
4 -2
-2 -4
-2 8
-2 9
-7 0
-3 -4
-23 1
7 13
-3 -3
3 -5
5 -2
-3 6
-8 -1
-1 2
4 18
-5 1
-4 -3
6 -7
1 -4
9 3
4 5
-3 -4
-22 26
216 1296
0 -18
-3 22
31 -18
46 -16
1 -5
2 -15
14 -4
-78 -137
8 -7
-6 -1
-38 22
-22 -73
-13 6
-13 11
-85 -22
-32 126
8 -4
0 -9
-41 -49
95 -75
-7 1
6 2
68 -34
36 46
-4 -4
3 -6
-14 102
-18 -14
-21 -22
-6 -15
47 -106
56 -37
-3 14
-45 1
-9 26
18 113
-8 -7
-21 -9
57 125
39 47
-17 4
-6 -10
40 -9
-20 5
4 -5
12 12
-36 236
98 -110
4 1
3 -8
0 -32
42 51
6 2
20 -15
-106 82
170 29
0 -8
-20 4
22 7
-13 -21
1 -8
15 7
88 130
115 163
-13 -8
59 -23
31 -20
-39 7
1 12
9 -16
-22 -39
34 -6
4 -23
-4 9
-1 -25
32 -9
-13 -1
-10 -9
191 -196
-16 35
-14 0
11 2
35 -31
-74 5
10 0
11 -6
-3 -21
-145 -55
0 6
-6 1
-12 -26
-9 3
-11 30
-14 15
78 72
44 -149
5 -1
4 9
-15 52
-80 -38
-4 -15
-9 26
-55 -66
-32 -63
0 1
22 -2
-21 -68
31 27
29 -13
6 -11
-162 -12
-22 246
-1 9
-10 -8
17 42
-9 25
0 -10
-16 -14
23 -7
-67 -30
1 -4
15 7
-29 -33
-17 5
-31 6
2 -3
123 30
-237 363
-14 -5
49 6
27 -4
-61 58
0 0
5 -27
-32 -17
-70 84
10 -8
-15 -5
0 27
-38 -16
-27 -12
-14 10
-27 13
139 -173
1 -25
30 -24
15 -46
-7 -41
9 6
9 0
-144 -101
5 28
-2 -5
-3 -12
13 -26
33 -20
-15 13
-11 5
-61 -133
-94 40
-3 17
-18 -19
-30 23
35 16
-6 -2
-10 8
-50 21
174 194
-12 3
4 -5
16 -20
9 29
34 -18
9 -13
141 -60
-11 26
-4 13
9 -12
16 27
-53 48
15 -5
5 -11
-114 66
-10 35
5 -7
1 13
-55 25
-48 11
-3 -11
4 8
-8 415
89 19
-1 -2
-16 4
24 -17
-5 -30
11 3
-16 -7
16 24
33 -76
-9 -9
5 12
11 -45
6 -21
1 9
0 6
-48 51
-48 224
-12 12
5 8
17 -38
67 43
2 1
13 -17
150 12
-6 7
0 4
-21 0
36 55
-21 0
-29 22
4 3
50 -248
-135 34
8 0
-23 15
-21 38
-27 -14
-18 -7
-5 22
111 -6
-135 -171
1 8
6 2
-27 1
0 -10
5 -15
-3 -8
-111 166
1 -251
15 -11
-20 4
-59 16
30 -40
-7 8
-12 -5
73 -96
45 -79
-3 -3
11 5
52 -46
9 0
-3 -6
7 -23
-129 -80
-2143 -2529
12 -26
31 -23
14 -7
121 19
-4 0
20 -2
-16 -22
48 174
9 11
-26 0
-15 106
-105 -46
0 10
-5 12
36 -212
-158 -371
1 -1
-20 14
-53 31
-66 -91
-13 -27
-15 4
58 3
155 4
7 16
-1 10
-3 107
-64 53
31 -17
-7 -1
137 70
233 175
8 21
-27 38
15 4
4 28
-4 8
-9 -1
205 -31
17 14
5 -20
9 -17
46 -71
56 21
-25 3
11 -24
-100 -57
63 64
-9 -13
17 1
-30 -85
113 13
6 14
4 -9
8 -71
54 -128
-20 -8
-22 1
67 -93
-27 -27
-67 -11
7 3
168 191
386 191
-18 -8
16 -16
2 -2
32 5
1 14
5 -9
-102 34
-114 -234
1 -15
-5 5
-35 9
-18 -45
-32 -33
-11 -4
3 198
44 48
-8 -38
37 -28
68 -36
67 -6
-1 12
6 -13
-216 60
-159 0
11 -18
-9 16
-18 37
-40 1
-5 -5
-16 23
-259 -233
-130 121
0 9
-30 -9
-32 17
-114 23
5 -12
-10 6
-66 38
24 126
-13 3
8 -17
-28 -73
91 -25
37 27
6 -10
32 -44
-44 36
-10 42
-12 11
41 13
-30 76
8 -7
0 18
144 94
-99 30
-6 -3
0 -15
-47 18
13 -8
28 6
-5 -1
52 477
-139 -645
-6 -12
25 -17
20 4
62 120
5 0
10 -12
-2 58
-116 -108
6 9
-27 3
18 86
-115 -6
-23 -25
-6 17
10 174
-107 88
-6 -33
11 -32
-11 10
20 -16
-19 -11
4 -2
-156 36
23 -53
13 -4
-13 13
-8 48
-31 -27
-3 -32
-6 10
-41 -112
165 -105
3 37
-56 13
-49 -33
-102 -18
3 6
-16 -11
153 -10
147 88
-23 -5
13 -15
40 -50
92 20
-7 -11
-7 -23
100 265
88 326
-8 19
16 -12
20 -15
43 75
20 15
11 3
85 -56
-46 37
-17 -14
-3 -5
64 -33
-6 -3
-18 -1
12 2
18 -92
-20 402
-4 -4
14 23
8 -8
67 -70
11 12
2 5
-39 -70
-17 -85
14 -30
11 -10
-32 -64
20 -47
-17 -3
6 -28
-187 -274
66 -241
-18 -18
43 11
13 -92
98 -11
9 4
-6 -20
29 -71
-83 -95
2 -8
-18 -2
36 61
-48 32
-62 -2
-18 10
-45 164
-174 -144
5 -3
-29 4
17 80
-85 4
-9 -20
-13 12
-17 34
11 136
0 14
4 0
-23 -39
18 18
67 50
3 3
-39 -258
-75 -81
3 17
-29 19
-50 44
-59 -13
-4 -1
-4 14
84 52
-5 -59
-15 4
12 -2
-138 -51
29 -30
20 -11
-1 -22
-160 80
100 -112
0 3
-7 -10
16 -5
-12 3
-2 -7
-3 -3
0 1
6 -3
-3 0
-7 1
-8 -6
4 -1
2 1
-5 0
2 -1
5 -20
-2 3
-9 1
12 -14
0 -4
3 -3
0 -3
-3 -5
4 0
0 -2
0 -7
7 2
-4 -13
0 1
5 0
-2 14
-28 -30
-7 0
9 -1
-13 10
8 1
-4 -4
-2 -3
-3 -4
1 3
0 1
1 -1
-2 -7
-5 8
-7 7
0 -2
0 -13
-6 -17
2 -4
5 -6
0 20
0 1
0 -3
0 2
-8 -6
11 -9
0 2
-1 9
-14 -5
5 7
-9 0
0 -1
-7 -14
8 -20
4 -1
-6 0
-4 -6
0 17
4 11
3 2
-1 -5
-12 -20
-1 -2
1 -4
-16 -10
-7 3
2 -5
3 -3
11 -13
-5 9
-2 0
2 -6
-9 -1
-13 0
-7 2
-1 0
0 -14
25 -2
-4 0
-1 -5
0 -1
-7 -8
5 -6
-1 0
7 -30
-24 -6
2 -3
-5 5
5 3
1 -5
-2 5
-1 0
-9 -11
1 0
0 -1
0 3
13 4
6 -2
0 -5
-4 3
14 -21
-1 -10
-2 0
-2 3
5 2
7 1
2 0
-2 -1
15 -3
2 -13
2 -2
1 -4
-7 5
7 3
-1 5
-5 -3
28 9
19 22
-5 -8
-1 -1
-2 0
15 -10
0 -2
-1 -1
8 2
-4 15
-4 0
3 -5
3 16
-5 1
-8 -4
-1 -5
-21 11
10 14
1 -6
2 -3
0 7
12 3
1 -1
0 -2
3 2
-32 -8
-1 0
-2 4
-9 4
-2 6
-4 -1
1 0
-12 23
0 24
2 1
-4 0
0 -5
-14 0
3 2
0 2
4 16
7 5
1 -1
-2 2
-9 -16
6 -5
6 0
5 -4
-10 -12
-1 8
-1 -1
-4 1
-2 -20
-5 -5
2 3
-1 1
-9 4
-8 3
-6 -2
-5 0
11 -7
-2 -7
0 -5
-1 1
-12 -11
7 21
-1 0
-4 -3
2 -1
-7 -16
0 -1
-3 0
-2 0
3 -2
-6 -4
-7 3
11 8
4 -14
0 -3
-2 3
-7 19
-4 0
0 2
-8 8
-1 -10
-1 -5
0 -3
2 0
-2 4
-7 17
-3 2
-1 -2
6 1
2 -9
-3 3
0 -4
-7 1
19 -3
-4 0
8 -3
-7 4
0 3
-6 -4
0 -2
8 7
-8 -1
5 0
8 -8
-9 -2
0 18
2 2
-5 2
5 21
5 6
5 0
7 -2
5 1
-6 2
-2 -1
0 -1
6 1
-2 4
3 -3
5 0
-2 -4
-1 8
-7 0
2 2
-12 12
45 -340
-2 -4
6 -5
-11 3
5 17
1 -3
-1 8
-14 -12
6 -18
1 -7
-3 -5
-2 6
3 -6
21 0
1 -1
-6 -36
-2 -30
-7 -4
-2 0
11 -6
-7 3
0 5
-5 -3
7 17
-11 -5
2 -8
-3 1
-2 -5
-1 -1
-6 4
0 -6
12 -28
39 -63
-4 1
0 4
-1 -4
-5 -1
8 4
-7 -7
3 -6
15 0
7 -2
6 -5
-1 -2
-10 16
7 0
8 5
30 15
-42 -11
3 3
0 0
0 6
-10 -19
-19 -6
-1 -3
-22 -12
18 -4
-1 8
5 5
1 4
-3 4
4 3
3 0
52 20
39 53
0 -3
-6 0
2 1
-6 11
-11 -4
0 0
0 -4
-8 1
-8 8
-4 -1
2 4
5 1
-15 8
-6 2
9 -2
2 -24
-3 0
-4 1
-22 3
18 15
8 -1
6 3
3 -16
-17 -12
-5 1
-4 -5
5 -2
13 4
9 -8
-2 4
36 29
-10 8
4 4
2 -5
2 6
-1 -10
-5 -9
7 3
4 15
-9 -4
-2 4
3 10
-2 -3
0 -4
-5 -5
-3 -4
-2 -7
-3 29
1 -5
6 4
4 -9
-9 5
-2 2
-6 1
-33 8
19 -6
2 0
-1 -7
-6 13
-2 -2
-6 -4
3 2
-55 -94
-106 112
-7 -2
-7 -9
-4 -11
-10 -12
-1 0
-4 -2
-8 11
-11 -8
4 -1
-1 4
4 -7
-7 -8
18 -4
0 0
4 -8
44 26
-7 3
-7 -3
-10 2
1 -11
-7 -16
5 4
9 -12
-16 4
3 2
4 8
-1 0
0 3
8 1
-1 -6
13 15
-3 -19
-1 2
-2 5
11 -2
14 0
-13 -8
-2 -9
-7 -11
13 3
-6 6
-1 -2
8 6
0 -7
-11 -3
-3 -4
-27 26
5 0
5 -6
-1 -12
-6 -4
-10 13
1 -12
2 -7
11 26
-8 10
3 10
-1 -2
4 -3
4 3
4 -10
-5 6
-79 14
15 24
1 -4
2 -3
-7 7
20 -3
3 -4
9 2
16 1
-22 -5
-4 -1
-2 -3
2 5
-1 7
-1 7
0 4
6 13
24 5
-4 4
5 8
3 -2
3 -11
-13 4
-8 -4
21 -8
2 25
1 -6
-4 -12
1 -4
3 -11
-2 1
5 -1
-8 23
-40 55
6 -2
0 -7
2 0
-10 3
22 25
-6 5
-28 6
5 -7
-4 -11
-3 -1
-9 -7
1 5
-1 -5
-1 8
-35 -37
14 -8
-4 4
-2 4
0 6
-2 -7
-12 10
-2 0
8 13
-17 -5
0 -8
1 6
-2 -2
-4 6
-2 11
0 -4
37 24
328 46
-1 0
16 -1
10 -1
12 5
0 -9
-7 -11
10 7
-10 -26
2 -1
10 -1
-9 21
14 1
-3 0
4 0
14 -12
0 30
0 0
-6 -5
11 -5
10 6
4 3
-3 -4
-9 29
22 -8
0 2
0 14
7 1
-8 -7
-6 -9
-4 1
-38 -61
30 -18
-6 5
-5 0
-12 -3
-14 -2
-1 -13
5 -1
11 -17
-1 4
-16 5
-6 -4
-22 -37
0 5
2 -3
6 8
36 -1
-25 65
-3 4
1 2
-1 -11
-3 5
4 3
2 1
-17 -16
-19 2
-5 -5
-17 2
-13 -18
-8 -5
8 -6
-4 6
50 67
-25 -9
-2 -1
-8 -7
-4 -2
7 -5
4 3
-3 6
-7 0
7 -12
7 -4
-6 2
14 -4
-8 -6
-4 -2
-14 -10
32 -43
-34 0
0 -7
0 -7
0 16
-16 0
-6 -5
-9 -4
-7 -10
-30 -17
6 -4
9 -14
-18 19
9 6
-1 2
0 -5
-13 47
-29 19
3 -2
3 9
7 -6
10 -6
-3 3
-1 3
1 -31
7 32
4 -2
0 -16
1 26
2 -7
4 0
3 -4
23 23
9 -25
0 -3
-7 0
5 -25
6 3
6 -8
0 0
-3 16
16 -6
-4 9
13 6
-4 -22
-4 3
-12 -5
1 -6
-84 -66
-214 11
-6 -3
-3 -5
-4 0
1 0
-3 0
1 1
6 5
9 27
0 -8
-2 6
10 0
-1 -2
0 0
-3 -1
-23 -12
-23 -33
1 -6
-1 -3
8 -7
-1 -19
1 2
-5 -2
-10 -14
29 19
9 -8
-4 -3
16 -21
-3 -3
-9 12
-6 2
-5 -27
-5 8
-3 -2
-13 0
-10 13
-22 6
-3 3
2 2
2 12
-26 -26
-8 -3
-11 1
-24 -16
-5 0
6 -5
0 0
26 56
11 -19
-5 -4
4 -6
-8 -9
1 4
0 1
3 5
-3 1
-13 8
-4 -4
0 -12
-2 25
7 0
5 -7
-2 -1
-84 15
32 -24
5 3
0 1
6 -1
14 1
5 -10
-1 0
-18 0
0 14
-3 -1
3 -14
10 16
1 -15
-8 4
0 -5
-69 -13
33 -22
-1 4
-11 -1
0 16
0 2
-3 -6
0 -11
16 -9
22 12
-2 3
1 13
10 3
-7 4
-2 -5
1 -5
67 -23
64 -16
-1 2
13 2
0 -4
-8 4
-7 3
1 -5
13 -4
-27 -28
-2 7
4 -2
-9 0
4 -3
0 -5
3 -2
-17 -4
-4 13
4 2
4 4
-15 -6
-2 5
0 0
0 2
-10 41
-18 -28
-2 2
-4 -3
15 6
-1 -5
-5 11
3 -1
140 -34
141 -565
-6 3
-18 -18
-11 -10
4 16
12 4
0 -1
-21 19
1 -5
4 -4
-5 -2
12 27
7 -11
-7 7
-3 -10
-1 83
0 22
-1 -3
-16 1
26 10
21 -23
8 8
2 -2
23 -23
-5 -28
4 -8
2 1
-38 -13
-2 29
-9 -4
-6 6
-76 -47
85 -129
-8 6
-10 5
4 -24
-57 46
1 2
-2 -4
-20 -9
-34 3
-4 -7
-2 -10
-27 -4
24 5
-4 -1
-16 -4
-71 -42
-23 4
2 -1
11 -1
14 20
-24 -30
0 2
8 4
35 -15
45 -12
-8 2
-1 -6
43 -10
8 26
2 -8
-4 3
83 -60
19 15
9 -3
7 9
5 20
21 -59
-4 -14
4 5
12 -6
-14 6
-2 7
0 7
36 19
-14 1
5 -4
7 0
-35 20
3 26
-2 1
-2 -2
-7 5
-7 29
-4 -7
-6 -5
-40 -36
38 -50
-13 -2
5 -1
4 -16
2 -15
0 8
-1 -12
-3 -40
-68 -89
-1 -6
13 -4
-24 -9
13 3
-10 -3
-6 2
29 10
-5 28
11 4
-4 7
15 10
-19 -25
2 1
11 2
27 -39
2 -5
-6 2
-3 6
-37 -50
-3 13
1 -9
-4 11
36 34
-53 53
-3 2
-11 4
-43 9
0 -9
3 6
8 -1
65 -13
-270 -156
-1 -1
-18 -15
5 11
-13 13
4 4
5 3
-27 21
-10 36
-10 3
-2 -3
-19 -10
25 18
-3 -2
-15 -6
-15 -72
20 60
2 -9
4 -1
25 31
-10 -38
-10 -3
3 -4
-18 50
27 69
2 -1
8 1
36 13
2 15
-2 -5
7 -9
-16 9
27 24
-2 -11
6 7
4 -10
30 -29
-16 -3
3 1
40 -29
23 -65
-1 6
5 -1
-10 -12
-37 12
-5 -12
-6 4
60 21
-34 -19
-4 1
6 -17
-17 2
12 22
-3 -2
-6 -4
-22 -9
-23 -27
-4 14
-3 -4
-20 -14
-17 -23
2 -14
-6 -4
-10 -64
37 198
-1 6
12 10
-10 4
-11 -38
0 -3
-4 -5
-10 -32
-27 -40
3 -7
-2 -7
38 -6
2 -11
4 5
8 -11
16 -3
-24 -90
-3 4
-7 2
-25 -26
10 -6
10 1
1 3
-37 -22
-88 -58
-17 -5
-6 -8
-29 -6
29 12
-5 9
-10 3
-91 72
-11 17
-1 4
-15 -6
-15 -15
-17 66
9 6
-9 0
-9 44
23 69
9 -10
-4 0
-19 -9
0 -28
2 7
-2 8
54 82
80 40
5 0
0 12
13 15
-21 -17
-5 -1
13 5
30 -32
63 21
9 -9
-6 -1
46 23
9 3
3 -2
6 1
-123 406
201 -69
3 -1
-7 -14
0 5
-7 0
-8 1
6 2
2 -11
-3 2
-1 -3
-3 5
-10 -5
10 -4
-1 5
-7 1
0 -8
0 18
-1 2
11 2
5 1
8 1
5 -4
4 0
-1 0
-4 -5
6 -5
-1 4
0 -4
-3 -21
0 12
0 -6
-2 -12
-1 -14
-6 7
9 0
4 -12
-16 -13
1 -1
-4 -5
6 7
1 4
-2 3
-7 -13
5 -5
0 8
5 -10
-2 1
-6 0
-12 -2
-1 1
0 5
-4 -1
-16 -2
0 -6
7 5
-3 -7
6 11
0 7
-1 0
0 3
6 11
-2 -9
-1 -4
20 23
-21 3
-1 -5
2 9
7 -2
0 -7
5 -5
-3 -1
-1 5
-8 4
3 -3
0 4
0 0
-3 0
-3 4
0 0
-10 -23
-1 -19
0 0
-7 0
3 -7
3 -5
-3 -1
-8 -5
-13 -2
-10 0
-6 -5
-3 4
-5 11
9 4
-3 0
0 4
-5 -21
-3 -3
1 -3
-23 0
-9 6
3 10
-1 2
-1 6
-2 -14
4 0
-3 1
0 -6
-3 -4
-2 1
6 -10
1 2
-2 13
9 -7
1 1
6 -8
8 0
-7 1
2 -1
0 -2
-1 4
-1 -2
0 4
-7 -8
-6 -12
-3 -6
-2 -3
-5 0
-8 -28
0 -27
-6 2
-5 -18
-1 -8
0 7
-3 0
1 5
2 6
-4 -8
3 2
4 -3
11 5
3 0
-2 -5
-1 -8
3 3
0 7
5 -5
-10 -1
0 1
0 -3
-5 -2
9 4
7 11
6 3
-4 -3
0 2
10 -10
0 -2
-7 -9
1 3
-12 1
-2 -3
-3 -1
18 0
-6 3
-1 -1
7 -1
-5 0
1 0
-1 -2
-4 0
-1 -2
-12 10
-4 4
5 5
9 -9
6 18
8 6
0 0
8 -7
-9 -9
4 -1
1 0
-1 -1
2 -10
7 -7
-5 1
-1 -3
-2 11
-2 0
2 1
-2 1
-43 45
-17 17
1 1
-14 2
6 2
12 2
-4 -1
-1 -3
-10 0
-7 -9
-4 -10
-1 -8
-4 -12
-1 0
0 0
-4 8
-7 0
-6 0
0 7
2 2
7 0
-3 -3
4 -9
-3 -6
4 -5
1 0
-2 -2
-5 -7
4 -5
2 -5
14 2
-1 -5
36 -3
9 6
-1 0
-6 1
-2 2
-5 3
-5 7
-3 -3
5 0
0 0
4 1
5 7
-5 4
4 3
-7 0
-3 1
0 1
7 6
0 -2
-2 6
-2 5
-9 4
-9 7
4 3
0 9
-1 -2
9 0
5 4
0 0
-1 5
-11 10
7 -5
1 -7
37 -126
0 -3
9 4
5 -1
2 0
7 -5
-3 -1
-7 3
4 0
-6 -2
0 1
-6 -6
5 -4
0 3
2 3
2 -7
-8 -11
-5 0
-3 7
-6 -7
-1 11
-3 3
3 -6
1 -7
14 -2
0 6
-3 9
-8 -7
3 3
1 4
-2 -1
7 11
17 -15
-3 1
-9 -4
-10 11
5 -5
4 5
1 -3
-1 7
-2 4
3 2
1 -4
9 5
-5 -3
5 5
5 -1
3 -3
0 -7
0 0
-10 -10
5 7
-9 -8
-2 -12
-6 -11
-2 4
-6 8
-1 -2
0 -6
13 5
-7 -9
-12 -1
-2 -1
-7 1
1 -11
1 -2
6 5
-1 -1
-4 -12
-6 -1
3 5
-4 8
3 -6
-2 1
-5 4
2 7
8 4
-4 7
-10 -1
8 2
9 8
3 -2
9 1
6 1
6 -1
-3 3
-4 12
-2 1
-7 2
6 -5
-3 -6
-1 0
-1 5
7 -3
3 1
14 1
-12 3
-1 1
1 -8
-3 -2
-2 1
0 -7
-3 -5
5 -2
6 7
-8 -4
-2 -5
-13 -8
-3 2
-4 -8
1 -1
-14 -4
5 -8
2 0
6 1
-2 -7
-8 -5
2 1
2 4
2 8
-1 5
-8 2
2 0
5 -6
-6 -11
-2 -4
-3 -1
17 4
-32 16
0 1
-6 -1
-7 3
-9 7
-1 12
-2 2
-4 -16
5 1
4 0
2 -1
10 -8
1 6
-4 -7
-1 0
-9 3
3 -9
-3 -4
-4 -4
0 2
-7 -9
-5 0
-6 0
8 4
-5 1
2 1
-8 1
8 -2
8 3
-4 -7
-1 0
-1 -6
-17 18
-6 4
-7 -1
-7 -2
-3 0
-2 -6
8 -6
4 -6
-12 -3
-3 -3
-3 3
-6 6
-8 -5
2 -3
-2 -3
-16 -2
-12 -13
-3 -9
5 -6
-3 2
5 2
-6 -3
-2 3
-3 -1
4 -3
2 -3
1 -7
-12 6
-4 9
13 4
1 -2
5 -10
37 -2
0 -2
8 -5
10 -14
4 11
6 -5
-1 -3
1 5
-14 -4
-2 0
0 -6
-9 -11
1 -1
-4 -1
3 8
3 8
7 8
1 6
0 10
2 -5
8 8
3 4
7 -3
-1 -14
1 -8
3 -2
5 10
-9 1
4 -5
-4 -2
-2 1
-10 -18
-3 3
4 -3
-2 0
-1 15
-3 -11
-6 -1
-9 3
-9 4
-7 1
-3 -1
2 -4
5 -1
-9 -2
9 0
2 0
4 1
-5 7
-4 2
-8 1
2 0
-14 -3
-2 3
-5 -7
-5 -9
4 -10
-7 -5
-3 1
0 1
-3 3
-14 -5
-7 -3
4 -7
371 356
7 -1
7 -11
12 -30
64 38
0 1
-4 7
-13 75
-20 76
-2 3
9 1
-12 15
-5 20
-1 -14
11 -4
57 3
-43 -96
14 9
-2 -3
44 -13
-14 2
3 1
-3 12
-88 -9
-28 -3
2 0
-2 0
-16 -17
3 -12
2 -9
2 0
-72 -111
-160 58
4 -10
11 1
-8 -12
1 -36
-12 -8
0 -3
25 -3
27 -5
0 -2
0 4
33 24
19 -34
-2 0
0 -1
-63 101
51 -30
-1 -13
13 8
-6 8
-33 7
-10 -8
-2 2
64 -71
-13 -45
-8 -4
-1 7
3 -28
-9 -11
7 -16
2 -1
-40 -204
-24 -189
0 0
-16 14
-17 19
-19 -8
3 -6
6 -7
-35 -28
-4 -81
0 0
-13 -4
6 -8
-14 -19
0 -2
-6 0
27 19
103 -84
-7 0
-2 0
-17 6
55 8
4 -2
-8 -5
-2 93
-47 7
-2 -7
-1 -8
19 25
0 -4
-10 4
-5 -3
-18 -132
-105 131
-13 -4
-5 -12
-4 11
-17 4
-2 5
-5 -12
24 -16
32 48
3 0
3 -7
-30 -29
0 41
5 5
-6 -1
-58 10
-41 80
-3 0
-15 -13
-11 -33
7 -1
4 11
0 0
-40 -20
34 -15
6 2
-3 -8
26 -9
8 4
-8 14
-9 2
-209 -128
32 -43
-1 7
-6 12
6 11
28 60
2 -3
-4 1
22 -21
-42 43
3 9
-12 -7
23 26
15 -16
4 -5
4 -1
-92 50
-84 2
0 2
-4 17
6 10
-37 13
6 -7
0 2
13 -52
13 93
0 0
-2 -2
-10 -3
5 16
10 -9
6 2
-47 154
152 -27
6 2
9 7
-1 36
-67 -44
-5 -6
4 -17
-9 -13
4 -140
0 -3
-4 8
-29 -25
-3 -24
9 2
-15 1
118 -76
43 12
-9 3
0 -4
-5 12
30 0
4 0
-9 2
50 22
1 -50
-1 -4
-4 0
-30 4
20 10
12 -8
-2 2
108 88
232 7
-4 -17
0 -9
-6 -18
2 13
-8 -3
9 -2
21 21
12 96
-3 -3
2 -1
15 1
12 19
-14 0
-1 -8
47 -74
-53 105
2 -13
5 -9
0 -19
-18 -16
-12 -1
-7 0
-11 14
4 27
-5 -4
0 0
48 8
-28 -15
-9 4
-3 -5
74 208
5 -49
-6 0
-12 -15
-5 -26
53 -13
1 15
-8 4
4 39
4 -21
0 0
6 -4
3 20
-7 8
-7 -1
2 -7
36 -22
-20 -154
-2 -4
6 6
-13 -28
-33 11
-3 1
14 -2
-34 -42
-46 -28
5 1
0 -1
-58 -47
-11 -20
-16 0
-1 0
53 123
-497 182
0 -1
2 -11
0 -11
26 -39
-7 -9
-7 -18
-82 -79
81 -84
-6 -6
3 4
-13 -57
-5 13
4 -13
-4 5
-22 -117
9 -141
1 -4
-9 -31
-1 -9
7 3
-10 -1
-3 -12
68 19
18 -18
-11 7
-1 -14
-26 19
-12 -17
-18 6
3 3
98 1
-109 -42
2 2
-13 -6
-12 -9
5 -72
3 0
-6 8
64 -122
-106 104
-11 11
8 -7
-26 18
14 -24
-13 -14
7 11
-37 63
-22 26
13 -8
-8 -2
-19 -12
-8 25
-8 -6
-3 -9
-29 136
-32 -9
4 -3
-3 4
32 37
8 -20
10 -6
11 -8
142 -5
-6 -91
-5 -1
10 12
-7 4
-12 34
1 8
-6 5
-21 45
76 -11
2 -12
-6 -3
25 9
-9 8
2 8
-6 -11
78 160
81 51
-6 12
4 7
-37 6
16 -38
5 -9
-1 0
13 -124
12 -10
7 7
-5 10
8 -59
4 5
9 -9
-6 -3
162 181
115 -201
-8 -6
14 16
28 14
-10 45
-1 -2
12 2
-72 80
13 -44
0 -5
-4 5
2 5
-9 24
7 0
-8 -7
-44 -130
-69 -39
-5 0
-6 -4
28 22
-3 -12
3 23
-4 1
-14 -100
-15 75
3 -10
7 -4
27 63
-10 21
-11 13
-10 4
6 -227
120 -260
-13 10
9 -13
3 -27
38 -43
-5 -1
-9 -1
90 -54
-143 -13
-3 1
0 -7
-10 -23
7 -18
-2 -9
3 1
-15 -12
9 -35
-5 2
11 -7
-7 -15
22 21
-3 -8
0 -9
-26 109
-56 -95
3 -2
-6 -1
43 -74
12 16
16 -2
-1 0
-64 6
-57 156
4 1
-4 4
20 0
-21 67
1 -7
9 10
-28 109
50 57
-2 8
-3 -1
3 59
12 -40
5 -7
4 1
13 43
105 73
-2 5
13 13
5 5
4 5
-5 -6
-4 2
-66 -111
30 10
3 -14
11 5
12 -20
-6 -3
1 -17
-8 -3
-33 -124
-100 73
3 -6
-16 5
-3 -18
25 -11
7 9
-15 8
-41 -32
7 -89
-7 -12
6 5
-26 -15
15 19
-8 4
-4 0
-83 -63
-114 -18
6 6
-14 -1
0 -4
14 -55
-4 3
-5 -1
-8 -15
25 74
10 13
-10 7
-16 34
-24 -14
-4 13
10 -6
-195 59
43 267
-2 -6
3 -11
-4 27
-37 -24
-9 0
3 -7
44 -106
-41 19
-12 5
3 -4
-30 -5
-16 14
-16 -4
-9 6
51 -20
54 23
2 -16
-26 0
17 14
-55 24
9 12
-6 -3
59 128
-50 0
-10 -8
2 -13
-34 65
4 19
-18 35
2 -2
47 -336
102 -63
-2 5
-9 7
-5 5
6 6
0 4
5 2
0 -10
11 8
-3 -1
2 -4
0 4
12 -7
-9 -4
1 -2
-5 0
16 -4
-3 0
-4 2
-3 -5
3 -7
1 5
-7 -6
-8 0
-2 -8
6 5
0 8
-3 11
-1 -3
1 -3
-1 4
-3 6
22 9
-2 1
9 -6
-8 2
-14 7
-3 -6
2 0
2 0
-1 -7
-5 2
-1 1
6 -1
0 0
0 -16
1 0
-1 1
6 -2
0 0
-3 -4
1 -1
-6 3
0 -1
0 -5
9 0
17 9
1 -10
3 -5
-9 2
9 1
2 2
2 0
2 -27
20 16
5 -1
4 0
10 -13
-4 -10
-1 0
0 -1
-3 7
-6 0
2 4
-3 3
0 -5
-3 0
1 5
0 0
3 -7
-10 31
0 -1
1 -5
-6 -11
11 -7
-3 -2
2 3
-5 5
-2 0
-8 3
-1 3
-3 4
-7 -2
0 -6
-3 -2
-20 -1
-29 10
2 -5
-3 3
-3 13
-11 0
0 -3
2 1
4 4
-1 6
-1 -9
-3 -9
1 -2
-5 1
-5 12
0 -3
1 4
-8 -14
0 0
-4 7
0 4
4 5
7 8
-1 4
-2 15
0 4
3 -4
-7 -4
1 -9
0 0
-2 2
0 -5
-12 43
-11 -11
2 1
6 -7
-3 0
-2 -2
0 -2
-2 0
1 -1
0 10
-4 0
-3 -3
-4 1
-3 2
1 -16
-1 0
1 -6
-4 -4
-1 1
-8 -6
1 2
-7 3
0 -6
2 -2
-6 1
-1 -2
1 -4
2 -6
1 -12
-5 5
-2 7
0 -3
2 -3
5 21
3 2
1 4
4 -2
5 3
0 5
-5 -2
5 -13
7 3
2 2
0 4
-3 1
0 -10
7 0
-2 -2
8 0
5 -12
-6 -1
3 -7
1 0
1 0
-9 -5
-3 -1
6 0
-10 1
-6 2
-4 4
-2 0
-8 -5
-4 0
0 0
38 -25
-7 -35
-5 1
-1 -3
-2 -1
12 0
0 0
0 4
-6 -1
-1 -4
-3 -5
-3 -9
-5 -1
1 -1
-4 2
2 -1
3 1
-7 1
-2 0
3 -9
2 6
-7 6
6 0
-2 0
-1 -11
-7 -13
3 -2
-2 0
3 -4
5 5
-1 -12
-2 2
2 12
6 -37
-2 -6
0 1
1 -4
4 0
-5 0
0 -2
-2 -6
0 0
-2 8
1 4
2 -5
-6 -3
0 2
-3 2
-2 -14
-7 -1
5 0
-3 12
-2 -6
-4 -10
3 16
-1 0
-14 2
-12 -10
0 -3
2 -4
4 8
-4 6
8 -1
0 -1
-14 -8
116 -106
7 -4
-5 -4
-1 3
12 -7
6 -2
-3 -1
-2 -1
0 5
5 6
4 -7
-7 -4
-1 -1
8 5
-9 -5
-1 -10
-10 -9
2 3
9 1
-4 3
3 -1
0 1
-2 -3
4 -2
-1 -9
1 -5
10 1
-4 0
1 3
-3 1
-6 -4
12 -10
51 35
2 4
1 -1
9 0
-10 1
-5 -4
3 4
-5 -5
8 16
2 -3
-5 -3
8 -5
-5 -3
-9 10
-8 -4
11 -1
4 3
-10 2
-14 4
-6 5
1 8
1 -1
1 12
-12 9
-12 -9
-2 0
2 -5
8 -1
-11 -1
2 5
3 -3
-28 -5
-103 -86
-5 3
2 4
-2 -13
-1 -11
-3 -3
-3 0
1 1
-8 5
-9 -4
4 9
-8 3
6 12
-5 -9
6 -1
5 -1
6 -7
-1 -4
6 -5
2 -15
-10 -5
-1 2
1 -7
-4 -12
-1 -13
-4 0
-10 1
-8 4
0 4
0 1
-3 6
-8 9
7 -19
-1 -8
-8 2
-1 5
-1 9
0 3
-7 3
0 2
5 11
-1 6
-1 -6
1 3
-2 -14
1 -8
6 4
-12 -13
0 -9
7 1
-7 -2
5 1
5 -11
1 -9
4 -2
-3 5
-5 5
-4 1
2 3
-2 -8
3 -4
-4 4
-11 2
18 3
0 30
-1 -1
11 2
11 -5
-5 9
-1 -5
-1 5
-4 5
-1 -7
2 -4
-5 3
2 0
12 -4
5 2
-2 -2
-2 -12
-20 24
-4 -1
6 3
3 0
8 0
-4 3
-5 2
-8 3
6 3
2 -4
6 -4
-4 -4
-10 -2
10 -10
0 -2
24 14
19 17
-2 2
-4 0
-6 -3
-2 0
5 -2
0 3
-7 -5
-5 -1
-12 -1
3 1
-1 1
-8 5
-15 -3
4 -1
-5 17
-11 8
-4 0
-2 -8
0 0
-7 9
4 -8
2 -4
8 4
2 -2
0 7
-9 2
3 -2
-2 -12
-2 10
5 -1
-4 7
-26 -32
-1 -4
-8 0
-6 4
0 -7
1 -3
-5 -5
14 -2
3 -10
1 1
1 -8
-4 8
2 -2
10 -4
-2 -2
-8 9
8 -5
-4 -4
-4 -7
-10 -2
1 3
4 3
3 -1
-2 2
10 9
-3 -6
5 -2
8 6
7 10
-10 9
-3 -1
-17 -13
-18 -10
7 4
3 1
9 0
-5 -2
-5 6
8 -1
1 1
-2 -10
10 0
-9 5
-3 -7
4 -9
-7 0
-8 0
-13 -8
3 4
1 0
5 11
2 -2
-7 -3
-9 -3
1 6
2 -3
-8 0
-4 7
-2 -6
-7 3
-5 3
2 -5
-1 6
16 -20
51 113
-1 -2
3 3
-6 9
-33 8
-1 3
0 -2
26 -10
5 -6
0 -10
0 12
27 7
3 -38
-2 -4
-2 0
11 30
-56 -5
-2 -3
4 -6
5 -2
34 -14
3 -6
-2 4
-32 47
-1 -23
-2 0
-1 -1
2 25
6 22
9 1
3 2
-17 17
-24 -20
-1 0
-2 -12
-8 2
1 -5
0 -1
0 10
14 -15
-11 -24
-11 1
4 0
0 3
11 2
1 8
-7 -12
100 -28
-49 27
9 3
6 0
-2 -22
-40 34
0 -3
1 0
-9 -81
22 1
6 1
-4 2
-53 -18
-10 0
-6 0
-1 7
53 51
-69 -38
4 0
3 5
13 -16
13 -11
-2 6
0 -10
-54 44
-23 -46
-1 3
-5 -7
-6 0
-12 25
-1 3
3 9
101 -41
-78 6
-11 -2
-4 3
-16 18
25 -31
-6 4
2 -12
-4 84
-23 -40
-12 0
4 4
17 14
0 -9
-1 -8
5 -4
50 -76
0 -106
0 -1
-10 6
-6 0
-30 17
-1 -3
0 -1
16 -70
3 44
12 -7
-2 -1
-10 -21
-21 -17
-10 -6
-3 -3
48 30
59 -11
-3 3
-3 -13
-5 -3
2 10
-3 2
-2 -2
-65 -94
13 10
-3 -6
-2 -7
42 -15
-3 -14
3 12
-7 -11
-53 -2
129 -1
-1 0
6 -11
10 -11
27 0
0 4
3 -10
-5 15
-32 72
-9 1
0 1
-22 11
8 0
-5 2
-5 0
-58 10
19 59
1 8
-4 0
17 -1
-10 -1
-4 0
-4 -8
7 -23
34 68
1 -6
-4 -5
-3 -16
-5 -3
-1 1
4 5
-10 -93
-34 59
7 0
-4 -12
7 -12
-4 2
3 -1
-11 9
5 -6
7 -60
3 4
-11 -6
-8 -28
0 33
6 -7
-8 5
-96 45
26 -86
-3 -5
6 0
-1 7
10 -12
-6 0
-3 -7
43 63
-58 -27
8 -6
-5 -3
4 -1
-6 -8
-17 8
-3 -5
-141 -48
27 14
0 2
2 12
-6 -8
-26 20
-1 -4
0 -1
11 -11
17 22
2 -2
0 1
20 -2
2 -16
2 2
0 -4
-85 -60
46 -38
0 3
-3 -3
5 -11
17 -4
2 -3
3 0
1 -41
-13 -5
-9 6
2 5
7 -3
17 6
6 -13
-2 1
17 48
102 48
-10 -11
3 4
-23 8
8 1
2 -6
6 1
6 19
10 2
-3 -6
8 0
0 22
6 -21
-5 -1
3 -10
-47 60
-19 35
7 -3
-6 -4
-5 -2
-30 -3
3 -10
1 5
26 89
21 -6
-4 0
-1 0
-30 -1
-6 8
4 3
-1 -1
265 -2
73 -102
-3 0
1 4
-2 0
0 12
-5 -6
-4 -2
2 -22
-6 27
-9 7
5 1
-2 -18
-38 5
2 -5
-11 -4
16 -49
33 6
5 8
-7 -4
6 0
-14 18
-10 -2
-12 8
-14 9
-23 71
-4 2
-3 -8
8 -3
-1 -10
5 -9
-3 -3
-17 4
-74 161
9 5
10 -1
-5 -11
-2 -23
7 -12
10 6
-6 -9
19 -47
4 2
-4 -2
-12 4
9 4
-1 -5
-7 1
27 24
-66 -36
-3 -5
-3 -2
4 3
19 4
-3 7
2 -2
-6 5
-14 -72
1 -6
8 -1
-15 5
-7 -9
-2 11
1 -4
79 -64
42 -100
-2 -10
-8 -2
-7 6
11 -16
-11 14
-1 -6
-15 6
5 -30
-4 -8
-4 -7
4 21
27 -18
-7 7
2 -1
-31 -16
-14 36
-5 -3
1 4
-3 12
11 -14
2 -3
-7 -1
-43 37
21 -12
7 -2
-5 -3
-17 -1
3 3
-5 -6
-2 2
2 -42
-17 -4
-10 -5
-2 -1
4 -4
2 14
3 3
-1 -13
34 -9
18 20
-8 -3
-2 6
-5 -2
-19 1
-1 8
6 -1
83 37
-68 -19
7 1
-1 -4
-6 -14
-6 2
-1 -11
10 0
9 -46
-6 11
0 4
-7 4
14 0
-2 0
3 -7
-9 2
-120 134
98 -175
3 4
-3 -1
-10 -12
-6 25
-3 -11
-7 2
13 3
-37 39
-1 5
3 0
-14 -2
0 25
-8 -18
-12 5
-14 39
-9 17
-13 3
-1 5
-5 0
-16 -15
-9 9
-11 -7
50 -16
-35 -13
-8 -3
0 0
-1 -15
-12 -6
1 -7
-6 -4
-57 -4
32 -59
2 1
-8 -6
-3 0
-4 7
0 4
2 -3
-42 3
16 8
-2 -3
-4 3
5 18
-2 -25
-1 1
1 -3
-28 -10
36 -5
-11 -3
0 4
12 4
18 -9
3 -6
-4 -6
-2 29
19 -8
-1 -12
-2 4
13 0
1 14
-2 6
2 1
87 23
-34 52
-8 -8
9 -1
-5 7
-1 -36
2 -1
5 -1
33 -15
-33 32
3 1
-2 -5
16 -11
3 -11
-2 16
1 -3
-33 -55
40 -8
15 -6
-9 -4
-1 1
-13 -11
0 1
8 7
-4 -54
17 50
9 1
2 1
56 19
-3 -14
-12 0
-2 1
5 -16
-32 -82
1 4
9 3
-2 -1
-4 23
5 -10
-3 3
-21 16
10 -65
-3 3
-5 1
-40 -7
2 28
0 -4
3 0
-44 1
87 2
0 -6
1 -1
-7 -11
2 10
1 5
6 2
32 75
-33 2
-13 15
2 -6
-53 -1
-10 3
12 2
-1 0
-165 -52
168 -29
4 0
-7 1
4 1
1 -3
-2 3
9 -3
-12 -14
-1 -11
0 0
0 -4
9 10
1 2
1 -4
0 -13
0 -2
0 -23
-3 0
-6 9
-4 -14
-6 15
7 -3
-6 9
8 10
-15 0
1 -3
-10 -2
3 -5
0 3
-5 0
3 3
-23 -15
16 -45
0 -1
18 0
-8 4
2 0
1 3
6 3
0 -3
24 1
-5 3
0 15
0 8
-4 -9
0 -2
0 -8
0 3
0 -23
-7 -2
-10 -2
-8 -6
2 -6
-11 5
-2 3
-10 16
4 6
-1 -3
-1 -6
0 20
0 -3
1 -1
4 5
-5 7
-44 21
-2 -5
-1 -6
-6 -4
-8 -5
-4 -2
-9 4
-3 1
16 12
0 1
-12 0
-7 -1
-1 4
1 7
1 11
-12 11
2 -17
1 -1
7 -10
-5 19
-5 -5
-2 2
5 -4
0 14
0 11
0 5
8 7
3 -10
-2 -2
1 4
-5 -10
-14 -9
0 39
3 0
-5 -6
12 2
16 -5
-9 0
4 -12
8 -7
5 -13
0 -4
9 -13
-4 0
0 0
-3 2
-2 0
2 -18
-18 -7
0 0
6 1
-3 0
0 -4
0 -9
-2 1
-1 31
-5 -2
2 -5
-6 -4
4 0
1 3
-2 3
0 -1
-62 -45
45 89
1 -1
0 -3
-2 -15
10 0
9 7
2 6
8 5
-4 -3
-2 2
4 4
-10 -4
-11 4
1 -1
-1 3
12 -12
7 16
-1 4
-7 -3
-1 -3
4 -5
-5 6
0 1
-6 -5
10 -9
-5 3
0 -5
2 2
1 -10
12 -2
4 0
14 11
-13 11
-1 -3
1 -3
2 1
-4 6
-1 -7
-14 4
-13 0
-13 2
4 -5
2 -2
7 -7
-8 -1
-9 -13
-4 5
19 -6
10 18
-5 -3
4 -10
-2 5
7 1
-1 0
5 -8
18 -21
-7 -3
0 -5
4 -7
-16 -8
4 2
7 10
-1 -4
-33 -41
35 -55
-1 5
0 0
4 2
-5 -1
-5 -6
8 -6
-5 3
-15 2
-1 1
-1 0
16 1
10 5
2 2
7 -9
-11 -1
0 18
5 -3
-3 0
-1 -11
-4 0
5 -8
-2 9
0 -23
-1 -5
1 -2
-2 9
7 -10
-2 6
-3 -13
-4 8
31 18
-27 -9
-2 -6
5 -1
-5 -8
-4 -5
5 1
-1 -14
-9 9
-4 -4
1 3
0 1
-10 0
-1 3
-5 7
-5 -4
-6 8
-5 -1
-1 4
-15 0
1 0
2 -9
1 -2
-10 0
4 -14
1 13
-6 -5
-12 -2
-1 -9
-10 0
-1 -3
0 0
60 22
122 -136
3 0
-8 0
12 -2
0 0
-4 -7
0 2
8 -3
-23 6
-5 0
-4 3
-9 3
7 -8
-4 -5
-1 0
2 2
-9 -9
-1 -3
-2 -4
-5 -9
-1 2
1 -7
5 -2
3 1
0 -3
-3 -3
0 1
0 -9
-14 -5
2 6
-1 -1
16 2
22 6
-3 -3
2 -1
-5 5
3 -3
3 4
-2 -1
-11 3
-7 -2
-2 -3
-6 2
2 -1
2 11
3 -2
-2 1
2 -11
-1 7
0 1
3 2
-4 -1
-5 -4
0 5
-1 -1
3 8
-5 -9
-1 4
-4 -1
0 1
9 -4
-9 -5
-2 -3
21 16
-9 34
2 -1
-1 7
-1 2
1 -1
0 -4
-4 -1
-1 -7
3 11
4 -1
1 1
-5 6
-3 9
-3 6
-2 -4
-4 12
-4 -12
-2 0
-5 6
-5 -5
-14 -3
1 -1
-2 -3
-4 15
-8 -7
-3 -4
-1 3
9 -7
1 8
5 8
1 2
9 -16
6 -13
-1 0
0 -4
3 -1
7 7
-2 1
-3 0
-26 -5
3 -5
2 0
5 -5
-8 -2
3 -5
-5 -13
-2 0
0 15
-21 -10
-2 -3
3 -11
6 -1
7 -8
-2 -4
3 5
5 -21
0 -3
-3 3
-1 -4
3 13
-7 -6
-7 -2
-3 0
-50 -19
-2 -9
-2 -6
-8 -3
-4 6
-1 5
-2 0
-4 1
1 -1
18 -8
-4 -1
-7 -5
3 -2
-12 -6
-2 -4
-1 -2
8 7
-11 -15
-2 2
-1 5
-2 6
7 -4
-3 -1
0 -3
1 -5
0 4
-3 -1
-9 -4
2 8
-3 1
-9 -6
-5 -4
-10 -19
-13 26
1 -1
8 -8
1 -9
-5 -3
3 1
2 -3
2 8
-2 -7
-2 0
2 1
4 3
3 -7
-1 4
3 -5
6 -12
4 12
-1 1
-2 -1
-5 -4
-3 11
5 -2
0 1
-7 -5
8 -7
0 1
7 -3
-9 2
6 3
5 -4
1 -1
15 18
-14 -37
-3 4
-4 7
-7 -5
-13 -6
-5 1
-1 -2
6 4
4 -3
2 -2
4 -5
3 -4
0 -8
-5 -3
-5 3
-18 -8
21 18
-1 -1
4 -6
-6 0
8 0
0 -7
-1 0
-9 5
-6 10
0 1
-5 -2
1 -1
-8 -7
-2 4
0 3
-33 25
-1 7
-4 -6
-8 -3
11 2
-3 -3
-4 2
-4 4
15 -13
2 5
0 -2
5 4
-5 2
2 3
2 0
-2 3
-8 2
5 -8
0 0
2 7
-1 -1
-6 4
-4 7
1 -5
2 0
-2 8
2 -3
2 0
-11 -18
7 -3
2 3
-1 2
2 -14
903 986
9 -4
2 -11
23 -6
78 -56
-7 0
-3 -4
-76 -1
-40 -48
2 6
14 5
26 22
21 -37
5 3
-17 1
-7 -65
143 -196
-4 -2
-10 -2
-27 -47
24 -11
-3 -3
-1 -8
-80 -96
-73 -88
-3 2
-9 -4
9 33
-40 -19
-3 -10
9 -14
-32 114
-148 59
-5 9
-49 -7
1 26
46 20
7 -7
-9 1
17 -45
26 -126
-11 -7
-3 -16
7 1
-7 -41
8 -15
12 14
136 -128
-104 243
10 -10
-8 4
-30 -9
46 27
1 -1
13 -6
-151 72
-25 -15
7 -6
-5 3
-83 -19
1 14
0 -21
-6 9
50 -100
-296 30
-9 -17
49 1
0 -34
-99 77
0 6
0 0
23 95
-116 -41
-6 -10
-12 8
-15 -50
-14 27
-11 18
-14 -1
-143 87
34 -59
-5 -9
1 -27
24 16
-24 -46
-15 0
-3 -7
132 56
19 14
10 22
9 5
27 24
15 -3
16 26
-13 3
-25 -134
-117 97
3 9
27 24
0 18
-48 -16
4 -3
11 11
35 -16
73 155
-2 -11
15 -2
-30 -9
31 40
-26 -8
4 -9
4 32
108 -31
0 5
-7 0
6 12
-39 14
10 -12
1 -9
60 -58
7 10
-9 -14
0 -8
93 -71
-25 -5
-21 20
0 -9
-198 -18
95 -369
0 -12
9 -18
18 -6
38 14
-5 3
-4 -11
24 -37
-46 -111
2 0
-7 -16
60 -6
-32 -47
-5 0
-11 9
81 -138
-154 62
-1 -14
25 -24
-1 5
42 -8
-13 0
-6 -6
-27 32
3 70
2 16
1 -1
-16 -68
10 3
9 20
-5 4
75 15
149 67
-11 15
-17 12
-1 0
25 69
3 2
8 13
-18 -91
37 -3
-9 -8
-9 -10
-45 -34
-15 28
1 -25
11 -7
-1 96
195 -1
3 -3
9 -6
21 19
16 -12
20 4
7 -6
104 -7
127 47
-1 -10
9 -2
-25 -37
-15 -22
-12 17
-5 14
-26 5
0 74
2 0
3 -5
-10 -6
10 -45
20 -3
-9 -1
-10 121
35 90
-13 -10
8 13
-11 -17
8 -13
0 9
-11 10
-160 226
37 -110
-3 -6
-20 0
5 -11
18 10
-14 -9
1 -9
-74 21
-136 -58
15 7
-5 -3
41 51
-19 18
0 -7
0 -7
56 325
62 27
6 4
-10 0
0 -11
-58 -34
-3 -2
7 -2
50 -27
-3 -34
-2 -6
1 -6
30 66
26 -37
-13 -6
7 -8
69 -224
-56 80
11 6
-2 17
-64 8
-25 48
0 -6
-4 -8
-40 -23
-82 -51
-20 -14
-9 4
1 31
14 27
0 -16
3 -13
145 -368
904 -989
9 1
23 4
1 8
-78 -1
-4 1
-9 -3
78 54
-8 62
-18 -4
6 -6
20 35
26 -26
14 -8
2 -10
-41 46
-34 -119
9 13
-4 8
-42 17
10 -37
-11 2
-4 -6
-74 85
-82 94
-2 6
-5 1
24 8
-29 45
-12 -1
-5 -1
143 194
50 98
-7 -13
-1 18
1 -19
-85 17
-6 -7
8 4
-27 13
-153 -77
13 3
2 -2
45 -31
-32 6
-10 -8
10 8
-106 -246
136 126
12 -18
8 13
-9 39
7 -5
-4 14
-13 4
26 124
16 42
-10 -5
6 6
46 -24
1 -31
-51 5
-7 -14
-149 -63
-199 15
-1 6
-23 -24
-26 3
93 69
-2 6
-11 12
7 -14
61 56
1 7
10 10
-41 -18
7 -16
-8 -3
0 -10
108 29
4 -36
4 6
-27 5
31 -45
-32 6
15 -1
-4 9
73 -159
35 13
11 -14
3 0
-50 14
0 -22
27 -28
3 -13
-119 -100
-27 131
-14 -7
16 -31
15 0
27 -28
8 -10
9 -26
19 -19
132 -60
-4 5
-17 -5
-25 43
25 -20
1 25
-7 8
34 57
-145 -91
-16 -2
-12 -22
-16 -31
-16 47
-14 -12
-8 7
-118 38
23 -99
-1 -3
0 -10
-100 -81
-1 32
50 -4
-10 15
-297 -34
145 366
3 11
0 14
14 -31
0 -35
-11 -8
-21 12
-83 49
-42 20
-5 6
0 2
-27 -52
-66 -12
-4 -22
11 -10
-57 -83
69 222
6 7
-15 3
26 35
30 -71
1 3
-3 3
-5 31
49 25
6 -1
-5 0
-59 32
0 9
-11 -2
7 -8
62 -31
56 -329
-1 4
-2 5
-21 -22
42 -56
-6 0
15 -12
-138 56
-75 -25
0 7
-16 6
18 -14
4 9
-22 -3
-5 5
38 107
-162 -230
-13 -14
-1 -13
9 11
-12 15
8 -16
-15 8
35 -95
-12 -126
-11 -1
19 0
10 42
-12 4
3 1
2 -5
-1 -77
-28 -8
-6 -17
-14 -21
-16 20
-27 35
9 -1
-2 8
126 -51
104 5
7 4
20 -7
17 10
21 -23
8 4
3 1
194 -2
-2 -100
12 4
1 22
-16 -31
-47 31
-11 7
-11 6
37 1
-19 88
8 -18
3 -6
25 -73
-2 -3
-19 -16
-12 -19
149 -71
76 -19
-7 -8
9 -25
9 -7
-18 66
1 -1
1 -20
3 -74
-29 -36
-8 3
-14 -3
42 6
-3 -9
25 21
-2 12
-155 -67
81 136
-13 -13
-6 -2
-34 44
60 3
-8 14
3 -3
-48 108
25 35
-6 9
-7 -7
38 -18
18 4
9 15
-2 10
95 366
123 134
3 -1
13 1
-8 -1
7 1
0 -3
-3 5
1 0
1 -3
0 -1
-2 3
6 7
-8 -4
-3 -4
-5 -2
-22 -6
15 -3
-1 0
1 -6
-14 4
0 6
0 -1
-2 0
0 1
3 -2
4 0
0 6
0 -3
-4 8
-1 2
0 1
-8 7
21 -16
-2 1
-8 3
9 1
0 -2
-3 0
0 -5
-5 7
4 -9
0 0
0 -6
-4 2
-4 0
2 -3
0 -2
-1 -8
2 10
-1 -2
3 0
2 -11
2 0
-5 -3
-2 1
-7 1
-10 -4
-1 0
3 -4
2 1
-4 -7
1 0
-3 0
21 -7
-49 18
-3 0
-7 0
-7 4
2 -14
-1 3
-2 -4
1 0
5 19
3 -5
0 3
6 5
6 -1
3 10
-1 0
-20 9
0 -17
-1 -1
-4 11
4 2
-8 1
5 3
1 -1
3 1
-25 3
-2 -1
-2 -2
6 -8
3 0
0 2
0 -2
5 11
8 14
1 -3
5 -10
1 -10
8 5
0 -4
-2 2
-6 5
-3 -16
-2 1
1 -1
-14 1
-3 3
-4 -6
-2 0
-3 10
-3 -13
-2 2
-2 -8
-2 -11
-5 -7
0 -3
3 0
2 -12
0 4
-3 0
0 2
0 0
0 -2
0 -8
2 0
-8 -36
1 12
0 -3
3 -3
7 0
-11 16
1 -1
1 1
-1 -8
1 -1
1 3
-3 -9
-6 -5
0 -1
1 -9
1 -1
5 6
-7 -2
-1 -3
1 0
2 -4
-4 -4
4 -5
0 0
2 -5
15 12
-3 -5
-4 -3
-2 1
11 -3
-7 2
-3 4
0 -8
-32 -28
0 -3
-2 -5
-8 5
1 -1
-4 0
0 -3
-6 -10
-8 -6
0 -1
0 5
9 -1
-6 0
4 4
-1 0
22 -19
-18 5
-4 -5
-4 1
1 6
3 2
4 3
1 0
4 0
7 -6
0 1
-4 -2
-12 5
-8 3
-3 -9
-1 -6
-14 35
14 -19
1 0
5 1
6 -3
-9 -3
7 2
0 -1
8 5
-6 3
0 -2
5 1
-1 -11
-4 2
-1 0
0 -2
4 -14
6 10
4 4
0 -5
3 5
3 -4
2 -2
-2 -1
-2 6
2 -9
2 0
4 -2
-4 0
1 8
7 6
1 0
-12 -28
-8 16
-5 2
-8 3
-2 -2
1 -9
-9 3
-3 0
0 -5
0 3
0 1
-2 0
7 3
-3 -7
0 -6
-1 -3
-10 12
9 -8
-1 0
-1 3
-11 4
3 0
-7 4
-3 0
17 7
1 0
-4 -1
-2 -2
0 -7
-3 -6
-7 1
-2 4
0 7
169 27
3 -2
4 -2
-8 -3
-13 13
9 2
-3 -5
1 3
0 1
1 12
1 3
1 -3
10 -12
1 3
1 -2
-2 10
-25 14
4 -4
-6 -3
0 -4
2 4
-10 1
2 3
-15 -1
9 -11
-6 -10
8 2
-6 -17
-5 13
-7 -10
-3 0
0 22
-6 -9
3 -7
1 0
-1 1
1 -22
-2 5
-1 1
4 -8
-10 -18
-3 -5
-12 -7
1 5
-8 5
-12 0
-7 2
1 21
-1 -5
0 7
0 1
-4 8
0 -10
0 -16
-6 -4
24 -3
1 2
6 -5
2 -4
3 -1
-8 -6
18 -2
0 0
16 43
-62 45
-1 0
-3 -5
2 -4
5 0
-6 3
2 5
-5 2
-1 -34
-3 -3
0 8
0 3
-3 -1
7 -3
-1 -1
-18 7
2 17
-3 -1
-4 -3
2 -1
-5 -2
10 12
1 3
6 12
8 6
4 12
-10 -2
16 4
11 -4
-5 5
4 -1
-1 -41
-14 8
-5 9
2 -6
-3 1
4 8
8 -9
0 -7
-1 -13
1 -15
6 3
-2 -4
-6 4
-5 -20
7 9
1 1
3 16
-12 -13
0 -14
2 -10
-2 -6
-8 1
-12 -2
0 -2
15 -14
-3 -2
-10 -6
-4 1
-9 4
-6 4
-1 5
-3 4
-43 -24
61 -24
-1 0
-1 3
-10 -1
-2 8
-12 1
-6 4
2 -14
4 14
-10 0
1 1
2 9
2 -2
-15 -2
-2 -6
-5 1
-7 -9
-5 3
-6 -9
-2 -4
-10 -1
0 -2
2 -5
-5 3
-9 -10
-2 13
5 -3
-4 5
-6 6
5 0
-3 5
-27 8
32 -20
-5 -9
-4 13
-3 -7
8 9
-3 -11
1 1
-3 4
0 22
-2 -11
5 7
-5 -2
-1 10
-3 -1
5 2
0 -19
-12 -1
7 8
2 -4
11 -8
16 -3
-1 -2
-2 -2
-16 -4
-6 -6
9 5
-5 5
-6 0
4 -4
1 -3
-2 -7
35 54
-34 40
-2 3
7 -11
4 -4
-16 7
4 6
1 4
-8 1
18 21
6 7
-1 -2
7 -3
-2 -7
4 9
-6 3
11 -20
20 5
-4 -7
-10 12
-8 0
6 7
3 2
5 4
-14 -3
-13 0
-14 -6
-2 6
-5 -8
2 -2
1 3
-1 1
-14 -12
15 -12
4 -2
12 0
2 9
3 -5
0 4
-5 -5
10 8
-6 3
0 -4
-5 -8
4 4
-1 2
-7 2
-2 -5
7 -17
13 13
-1 -5
2 0
-12 -5
-10 3
4 -6
-2 -4
-5 3
9 -6
2 -7
9 -9
11 0
-2 14
0 2
1 0
45 -91
73 99
-3 -1
-1 -1
1 -6
1 19
-3 0
-5 3
0 -13
16 47
-9 1
2 1
-38 -6
-1 15
4 -3
-8 -8
-5 -29
-16 -6
-3 2
5 6
-1 8
7 1
-2 5
-3 -3
-21 -73
-13 -10
-11 -8
-9 0
-13 -20
6 -2
-7 1
5 -9
33 -8
79 61
0 1
-1 -12
-6 5
-14 -7
8 -1
1 3
-13 69
-5 -7
1 0
-2 -8
18 -6
5 -5
-3 0
-3 3
-65 32
27 -26
-5 -3
0 2
8 -6
-10 -7
-3 0
4 -3
18 44
-4 6
10 -8
6 10
-2 21
-4 8
10 -1
8 -6
-73 -163
-118 -135
-8 -4
2 5
-1 -1
13 -2
-6 -5
0 -5
-5 -13
9 43
10 -1
0 8
-5 -4
-5 11
0 1
7 -2
-67 17
83 -38
6 0
-1 -9
-17 -3
-4 0
-1 -8
-7 0
18 -21
34 6
-1 10
4 -5
1 -16
3 2
-1 -1
-9 2
-16 2
2 40
-1 -4
-3 3
3 -4
-16 -1
-4 0
7 0
21 9
-42 -38
-6 0
2 0
10 11
-3 -13
1 -5
-4 1
-14 -38
-30 13
1 -1
-6 -9
26 15
4 -22
-3 4
-3 6
4 28
-15 -8
-1 4
-10 -16
10 14
-6 -7
-6 0
-1 7
42 97
-164 49
-1 -1
12 -3
-9 -4
-52 -1
2 3
-12 -16
-32 -2
31 -76
5 -3
1 -7
2 -11
-7 8
1 -1
0 3
87 -3
-43 -1
3 -2
0 2
2 -29
-39 4
-4 -2
-2 -4
10 62
-20 -17
-2 -5
5 8
-3 -24
0 -1
7 -5
1 -5
-31 79
5 13
-1 -2
-11 -1
-2 11
56 -20
2 -3
9 -3
16 -52
-4 51
8 -9
0 -2
-12 8
0 -2
-8 1
14 4
40 6
-32 51
0 0
-1 -18
4 8
16 9
-1 2
2 -2
-32 -34
32 11
4 -1
3 -1
0 34
-5 -9
9 -1
-7 5
-33 -54
86 -25
1 -3
-3 -7
1 -16
13 -2
-1 -6
0 10
18 5
-2 -30
-3 3
3 3
18 6
12 -5
0 -6
-11 1
36 2
-26 7
2 1
-1 -3
-1 22
4 -19
-3 -4
-1 0
15 -9
-41 -4
2 0
0 -6
-4 -9
-2 -1
-8 3
2 -3
32 56
-55 2
-5 0
1 3
-11 3
-1 12
0 -2
-7 0
-34 11
50 12
-10 4
-7 -11
-16 12
-4 -1
0 -6
-12 -4
-8 -19
-13 -40
-11 -6
-7 15
0 -26
-13 0
3 -1
0 -6
-36 -40
13 -4
-7 -3
-2 8
-5 -27
-9 8
-2 -1
2 -6
98 172
52 -115
-2 1
-7 -11
4 -5
26 9
0 1
-1 -7
-34 -11
12 -33
-3 -1
-3 2
3 36
27 -9
0 -15
0 8
6 4
-18 -20
2 -5
10 -3
6 -25
2 -28
-2 0
-3 -1
-2 22
-33 -49
-3 -6
3 4
34 13
5 1
4 3
-3 1
-56 3
54 -53
-2 -10
-7 -3
-10 -3
-53 18
-5 -5
6 -4
22 -3
-10 80
2 -2
0 1
-41 -37
-4 21
7 -3
9 -5
-49 -29
100 26
-8 11
1 -11
11 -4
-1 -6
3 -1
-13 -3
-11 23
14 14
-1 -13
0 0
1 4
-9 -5
-3 10
-2 -2
-24 18
-54 0
-8 9
4 -14
-4 14
43 13
-4 5
-4 6
13 -13
-66 93
-3 1
-5 -3
3 -13
-6 1
-5 11
-4 -5
60 9
49 -33
-4 0
-11 5
-22 16
-11 19
-3 0
12 6
4 -46
17 69
0 -1
-2 2
-31 -20
-7 -1
-11 -8
0 -1
-1 104
51 75
6 3
-1 7
0 7
18 -17
4 -7
-12 -2
-24 38
-5 -87
2 10
-7 -7
26 29
-17 -21
-5 -6
-11 1
-79 -8
101 39
3 -12
-2 -5
-13 -26
-7 -2
-6 5
-2 -6
-24 44
-55 -46
0 9
-3 -9
14 10
14 14
3 -8
4 -2
-70 36
265 1
-2 -1
5 -4
-7 -10
-31 -1
-2 -3
-5 -3
22 5
27 -92
1 -7
3 8
-31 2
-6 1
-6 2
8 2
-20 -38
-48 -63
3 9
-6 -1
8 19
1 -25
8 -3
-3 5
11 -4
6 -21
7 -4
2 4
7 -4
-24 -12
4 -6
-12 10
102 -51
17 -51
-3 -4
6 12
16 -9
7 1
3 -7
-10 -9
-14 3
1 41
4 -1
2 2
17 3
5 10
-4 2
0 -6
46 37
-86 58
0 2
3 -5
2 15
21 1
1 -3
3 1
17 -25
12 9
0 0
-2 3
-28 -23
-7 6
2 -14
-1 -5
28 -16
-141 47
-3 4
-17 -10
-6 7
3 0
-6 1
9 4
-59 26
44 -66
-4 6
-7 -2
11 11
-3 -9
6 -2
-4 4
26 83
-97 -47
-9 -7
6 5
-1 -36
-9 27
-12 4
4 -6
7 59
5 4
-12 -12
3 1
-5 -5
7 10
-5 10
7 -1
-35 -62
-10 92
4 -8
-2 -4
-5 2
-4 15
-4 3
2 5
35 -71
8 21
-5 6
-6 -2
-10 -1
18 -1
-4 -3
3 -11
19 -62
-59 -13
-6 -1
-5 -5
8 -2
-23 -13
0 -4
-10 -3
-33 -74
-5 -18
4 8
0 -6
27 -3
11 9
6 10
-1 -1
129 -1
117 104
6 2
-1 -4
-4 3
-1 0
-3 0
5 0
11 5
0 8
-8 4
7 -6
0 0
-6 3
4 5
6 -6
0 -6
11 8
-6 2
-2 -1
0 -4
-4 -1
9 -2
0 4
0 7
4 0
-2 2
0 -1
3 0
-4 -4
9 -2
2 -4
-9 7
-27 4
3 1
1 -6
-10 0
8 0
2 3
-2 -1
-11 7
-11 -10
1 -12
1 -1
1 -9
-6 -5
-13 -5
-10 -3
4 -3
11 0
-8 3
-9 -10
-4 2
8 4
-5 2
2 2
8 -16
-4 4
3 -5
-4 2
-9 -2
9 -1
0 0
1 -4
51 -36
18 -4
-10 -3
-3 -4
2 3
-1 6
1 -4
-4 -1
-5 -6
-2 -5
4 1
0 8
5 9
5 -2
-7 0
6 -1
0 7
-10 11
5 -5
1 7
-2 13
1 -4
-1 4
-1 -5
5 -12
1 -2
-7 -4
0 -3
-1 -9
-1 -6
-8 -2
-1 6
7 16
-7 -10
-2 -6
0 -1
0 -5
-7 -5
-9 -2
-3 -2
0 10
-4 9
1 6
0 -3
-8 3
1 13
5 3
0 3
6 6
5 0
6 0
-5 7
5 -13
-8 -4
4 -10
-9 2
-8 -5
0 -2
-2 0
-2 1
0 10
-1 10
2 -5
-5 -4
-103 83
16 19
-1 -7
2 4
-5 -4
-7 -4
-1 4
-4 -8
-7 0
2 2
1 -7
-9 2
-7 2
1 1
4 -12
1 0
2 -5
-13 6
-8 0
-6 -1
4 7
-2 6
-7 -6
10 0
-1 9
0 -2
8 -1
-5 -7
-5 0
8 -1
3 -2
6 -4
-18 8
-16 12
-2 0
-10 -9
6 -11
8 -7
5 0
-2 4
10 -10
-1 -2
3 0
3 -4
1 -3
-10 1
-4 5
-4 1
7 4
-8 -10
-1 1
10 2
2 0
-3 -9
1 6
1 -1
3 8
14 0
-4 4
0 2
0 5
-6 -5
-8 -1
0 2
-25 31
-3 -7
4 0
-2 -11
-1 10
2 0
-8 -2
0 -8
1 0
9 -5
2 3
4 6
-6 -9
0 -1
-1 7
-4 0
-10 -9
-5 -17
3 0
-15 1
-7 -6
-1 -2
3 -1
-11 0
-4 0
-6 4
0 -4
5 1
-2 -1
-5 1
-3 0
-1 -3
18 -18
24 -15
0 0
10 8
-10 0
-4 3
7 2
2 2
6 -4
-7 -4
-5 -2
-4 -4
8 -1
3 -1
6 -4
-3 0
-20 -25
-2 10
-2 1
4 -3
12 2
1 0
-5 -3
2 3
-1 6
-3 -6
0 -5
-1 3
-4 -10
11 4
10 -2
0 0
0 -31
103 63
-2 -6
-5 -7
-9 -9
-1 8
5 -4
-2 -6
5 -8
-5 0
1 2
-9 3
11 6
1 -5
2 4
-4 -1
11 -10
-4 -8
-2 -5
2 3
-2 3
-3 -13
0 -10
6 -6
-3 7
-9 1
-7 5
1 -5
3 5
-3 4
-4 -4
-3 -1
16 3
3 26
2 -2
2 -4
9 -4
-9 -4
3 5
1 8
18 -11
9 -1
1 4
0 0
-6 -4
2 0
-4 3
0 -1
7 2
-2 -2
1 -1
0 15
-1 -1
6 0
-1 -3
-6 -3
-1 6
2 -2
2 -1
-4 5
-14 -9
-9 -4
10 5
-4 -2
22 -11
-13 -44
-1 5
-2 -3
-1 0
1 7
-8 2
2 2
1 -5
-2 -17
-2 -5
7 -9
3 -8
0 -5
-4 -8
0 0
-8 13
2 -7
0 1
-7 -13
-6 -3
1 1
-3 7
-2 8
-1 -7
5 -6
2 -2
-1 2
-11 -1
-4 -14
-4 -4
2 4
-30 -12
-20 0
-4 0
1 4
-7 1
-4 -7
-1 -5
-9 -5
-2 -3
-5 -9
2 -5
-4 0
11 6
-6 10
0 4
1 1
-11 -33
3 7
-1 -1
1 -6
-3 -1
-1 4
-4 -4
2 -6
-7 -3
-3 -8
0 0
-1 0
-5 10
10 11
4 -1
5 0
20 -18
-16 7
-1 0
8 0
-5 -7
5 -10
2 3
0 2
-13 9
-15 -4
-1 -2
3 -17
-4 10
-3 6
-3 -14
5 -2
-8 0
-4 14
-3 -3
1 -4
-6 2
2 4
1 -6
-3 -10
0 -2
-3 4
-1 1
-5 -1
5 -2
1 4
0 -3
-3 4
5 36
2 -14
-3 -4
-1 12
6 -7
3 3
-2 0
2 2
-7 12
-1 10
-2 -1
6 -1
-8 -7
2 -8
3 7
-3 -1
-8 -3
4 -4
2 1
-5 -4
1 1
-4 0
-3 7
-4 3
-2 2
-6 -1
-1 -6
-1 0
12 -3
-3 0
-2 2
-6 -3
-7 34
38 24
0 -1
-4 -2
-8 4
-3 -1
-5 -5
-6 -5
-11 -3
7 -1
-3 0
-9 4
1 -2
1 0
3 7
-6 1
5 11
8 0
-3 2
7 -1
-1 9
-4 -2
-1 -5
3 -3
7 -4
5 13
-6 1
-1 -7
5 -5
3 1
2 -6
2 -4
7 -22
3 2
-1 1
-4 -9
-5 -6
1 11
3 5
1 2
-1 2
-6 -3
2 0
0 4
-8 -4
1 -4
-9 4
-1 -2
-5 3
2 5
-2 -1
1 14
-4 -4
-5 -3
-4 2
-5 0
0 -12
0 0
-2 -1
1 1
-3 0
-4 -1
5 6
3 -2
-12 10
-496 -184
0 0
0 7
3 8
-81 75
-6 15
-6 6
25 36
-21 114
-3 -7
4 10
-5 -15
-12 54
3 -6
-5 1
81 81
98 -3
3 -5
-16 -7
-10 15
-24 -21
-1 10
-10 -9
18 14
67 -20
-1 8
-9 0
6 -6
0 5
-7 26
2 0
9 137
143 2
10 4
10 2
7 16
32 -39
-2 -6
4 0
-31 5
-28 -139
-1 6
-7 2
-6 -27
-17 9
-6 -1
13 5
-20 -27
-36 -66
7 -13
-12 11
14 21
-25 -19
9 3
-10 -13
-105 -105
64 119
-5 -10
2 -3
6 68
-11 6
-11 3
2 -3
-108 38
6 224
-9 -5
-9 -14
-10 -22
27 -65
7 0
2 6
-14 -76
-13 97
-3 -3
2 -24
-3 8
27 -24
-4 0
-4 -2
-67 35
-42 126
-6 4
7 -2
-8 -26
3 -7
-3 -8
0 1
13 41
-71 -82
12 -3
0 -1
-8 -47
27 -16
14 -17
-7 3
114 197
163 -183
-5 0
9 5
4 -8
8 56
-3 -12
7 -9
13 6
13 120
0 -2
5 5
16 35
-35 -7
3 -9
-4 -14
80 -53
78 -162
-5 7
2 -9
-8 -10
24 -11
-5 0
2 8
76 7
-20 -47
-5 -7
1 -10
-11 -36
-7 -7
10 -13
-5 -1
-5 88
46 333
2 0
-17 -37
4 -20
-32 -67
1 9
-9 5
-48 -3
59 -130
-5 0
9 -13
-53 -25
17 -16
-24 -1
2 13
54 -26
51 17
-8 -8
-14 1
-15 -16
-29 2
3 1
-11 -7
-40 -21
43 103
3 3
-8 -2
-36 20
-3 -29
3 8
-1 2
42 -269
-194 -62
9 3
-2 -15
-23 11
-15 -36
-9 -9
10 -15
25 -76
-7 12
-4 -1
-3 -4
13 52
0 2
-13 -1
5 -8
-113 15
-82 60
-3 -2
-7 -6
14 -21
-24 11
6 -8
-6 8
7 85
-40 27
-13 -10
7 -10
25 7
-2 15
-15 -7
3 3
-99 -74
-33 122
-6 0
1 14
-4 0
11 16
11 -6
3 11
30 -12
-65 107
-2 -4
-3 3
4 -7
5 -7
12 -14
-1 -7
105 -76
13 -44
4 -2
5 4
11 36
3 -60
-2 0
-1 -10
50 -58
-26 -111
9 -12
0 4
-20 -70
19 -3
-2 -7
3 -3
-56 -158
-63 -8
-1 -2
15 0
12 -17
43 71
-5 -1
2 -1
-54 92
-24 -110
1 5
-1 3
22 -22
-6 12
10 3
-3 -3
9 32
-13 8
3 -2
-1 6
7 15
-9 20
0 3
-2 -3
-142 11
89 51
-7 -1
-4 -1
38 39
3 24
8 10
-12 -11
120 256
371 -359
8 -1
11 28
7 9
-14 -78
-5 -10
0 -4
64 -42
56 -6
11 2
-3 12
-6 -24
-13 -19
10 -4
-4 -6
-22 -80
-74 109
2 -2
2 7
4 11
-16 16
-3 -2
2 -2
-29 1
-89 7
-4 -15
4 -4
-15 -6
44 12
-3 0
15 -13
-44 94
-42 203
2 -1
6 14
-10 9
3 27
-2 -9
-10 2
-15 43
65 69
-3 -5
-11 6
-34 -10
-6 -12
14 -12
-2 11
51 28
-65 -105
0 0
-3 -3
19 32
34 -28
0 -8
1 1
28 3
25 1
0 1
-13 6
2 34
-10 10
12 -4
5 8
-161 -61
-210 125
-10 -6
-9 -17
9 -7
26 8
-4 5
6 -6
34 14
-42 18
0 -2
5 -14
7 -1
-12 31
-16 12
-4 -2
-42 -83
-59 -14
-7 -2
5 -8
0 -44
-32 27
3 5
2 -3
33 -52
25 15
-6 11
-2 -8
-19 -8
-5 -15
-6 10
-15 2
-106 -135
-19 130
-7 1
-11 -7
-2 2
19 -28
-2 6
-2 5
-48 -10
-3 -96
-9 3
4 0
56 -12
-19 -10
-2 -2
-8 -4
102 82
27 -23
-7 -3
-1 0
-16 17
7 5
-14 1
0 -3
-4 79
-36 27
7 4
3 4
-20 5
-17 -23
-18 -18
0 -4
-25 188
53 -126
-2 -2
-18 -2
-13 18
-59 45
-1 -2
5 -4
-47 26
-36 41
15 0
-4 -5
-35 -14
-14 26
5 -9
-4 2
-21 152
35 20
2 6
-8 -1
-8 -11
3 -23
6 2
-1 -2
5 19
4 -43
-10 -8
1 -18
53 11
-7 24
-13 14
-8 -1
5 48
74 -212
-4 3
-10 -7
-30 14
48 -11
-1 -2
-7 2
5 -30
-14 -17
-9 -3
-13 -1
-20 14
0 17
5 7
3 12
-54 -109
48 73
-1 6
-16 -3
12 -23
15 -4
2 0
-3 1
12 -100
21 -24
8 0
-10 2
3 -16
-7 17
0 8
-5 16
232 -11
108 -91
-3 -5
12 7
20 -13
-32 -8
-5 -3
-3 1
1 48
49 -26
-11 -5
3 -3
31 -2
-6 -16
0 2
-10 -5
43 -16
118 74
-17 -3
9 -5
-5 22
-30 23
-6 -11
0 1
4 138
-10 11
4 15
-6 4
-68 42
-2 -40
10 -10
6 -5
152 25
-48 -157
6 -6
10 7
5 -20
-11 1
-3 0
-1 -2
13 -96
14 49
0 -6
7 6
-38 -16
7 -13
-6 -20
-1 -5
-85 -5
-94 -53
4 -1
4 3
16 14
24 -30
-13 5
3 -13
-43 -47
22 19
-5 -4
2 1
28 -63
6 -15
-8 -16
-1 -11
32 41
36 124
0 1
5 0
9 -5
-7 -4
-3 0
7 3
1 -1
2 5
2 -3
0 -4
5 1
-6 3
1 -3
-6 1
3 -1
6 -12
-1 0
1 -5
4 -3
-7 5
-3 -10
0 -7
13 0
1 4
3 3
-1 -4
-1 -13
-5 6
-2 -8
-4 -1
-8 9
-7 -1
-1 0
-12 0
-6 7
13 -5
1 5
-1 0
-6 -9
-1 -4
-5 9
-1 10
-8 6
6 -8
-9 8
0 -1
0 5
3 1
5 0
4 -7
-4 1
10 -7
1 2
3 -2
-1 -5
0 -7
1 2
3 -5
5 4
-9 -12
-8 3
-2 -2
17 14
16 -5
-3 -1
-2 2
-4 9
5 5
2 -1
-8 -4
0 -5
0 -8
2 -5
3 -2
-8 3
-2 5
6 -1
2 -1
4 5
-14 2
0 0
-3 6
-3 -3
-13 6
-1 3
-8 2
6 -9
5 1
-2 4
0 4
-1 -3
-2 0
0 6
-1 -2
-11 -5
13 -2
2 -1
7 2
-1 -6
0 -1
-2 4
6 4
-7 -3
-1 -1
-3 -13
-2 -4
7 0
5 -3
9 -2
2 0
9 -9
8 -4
-9 -1
-3 -8
7 -4
3 -8
-4 -5
-2 -2
3 5
-3 -8
3 -6
-5 0
-3 10
0 -1
5 -6
0 0
1 10
4 5
-6 1
-14 4
-3 -3
0 -2
-2 -2
-7 4
5 9
-6 8
-4 5
0 -5
-14 1
1 -1
-8 -2
-5 -3
-5 -8
4 -2
2 -1
9 -1
-9 1
5 -1
3 3
-3 0
-6 -1
-9 -6
-9 -4
-5 0
-2 9
-1 -16
-1 0
2 1
-1 -3
-9 15
-2 -2
-3 0
3 4
-8 -2
5 -10
2 0
1 6
-1 12
6 1
3 -5
8 -9
2 3
0 -12
2 -7
6 -10
3 -8
3 -9
-4 -1
1 -1
-8 9
0 5
-1 -1
-14 1
1 -6
-1 1
5 4
4 -11
11 12
8 4
0 1
37 0
5 8
1 0
13 -4
-3 -10
-12 -7
1 6
1 1
4 2
-3 0
-2 -4
-5 1
5 -3
-3 -3
4 5
-2 8
-11 10
-15 1
-2 2
2 2
-7 3
-6 -7
-3 -4
-2 1
-12 1
3 3
8 4
-2 4
-2 -1
-6 0
-6 -1
-5 -5
-16 -18
0 4
0 -1
-3 6
8 -4
7 0
-7 -2
2 -2
-4 -2
9 -5
-6 -2
-4 0
-7 7
0 -2
-4 2
-3 2
3 7
-9 -4
0 -1
-4 5
2 -7
10 6
2 0
3 -1
4 -2
-3 14
-2 -3
0 -13
-9 -8
-7 -4
-6 0
0 -3
-31 -17
201 68
4 0
-1 -6
-8 12
3 11
5 -4
-8 -3
-8 -1
-1 7
-8 -2
-2 -7
11 3
-10 5
-3 -7
-3 3
-4 -4
-2 11
-1 5
-1 -13
-3 21
2 3
-2 -6
6 4
-4 4
-2 -1
5 -1
5 3
8 -3
5 -2
12 -3
-2 -4
0 -19
20 -25
-2 4
-2 8
6 -12
-1 -4
-1 -1
0 -8
6 -11
-4 6
7 -6
-1 5
-17 1
-5 0
-1 -6
-1 -3
-12 1
-7 -2
-3 -2
6 9
-1 -10
6 4
-7 12
-2 -5
2 -6
7 -8
-5 4
1 1
-16 12
3 12
9 0
-6 -9
-2 13
-9 27
-6 -2
-3 3
-3 5
-6 12
-7 7
1 -6
-2 2
-3 -6
0 2
3 0
-7 -3
7 -2
6 8
2 -2
9 6
-3 -15
1 -5
6 9
-2 -3
-4 3
0 5
-4 -3
4 -1
-3 13
-1 -7
-1 -3
3 -11
-10 -8
-24 -2
1 3
-3 2
-5 20
0 -6
-4 -1
9 -6
-6 -13
-4 -5
-6 4
-11 -1
-13 1
-8 5
-4 0
4 4
3 6
-8 -2
0 -1
-2 19
-11 22
0 0
-4 -6
-3 -2
-1 0
0 -6
3 3
-8 -5
-2 -6
-4 0
5 5
-1 7
6 2
2 -10
-1 3
-22 -5
2 7
8 4
-12 -12
-2 -6
-1 -2
5 -5
9 -2
-2 1
0 -10
5 -4
-9 -8
-9 -5
-3 -6
-2 -8
0 1
8 -8
-1 -3
-3 -2
-7 -1
4 -4
-6 -6
5 -8
3 -2
-1 -2
5 -1
-4 3
-6 -8
-5 -4
-4 -4
-7 -3
-1 -1
10 -7
36 2
-2 5
14 -3
3 4
4 4
-5 7
-3 1
2 0
4 5
-4 5
4 8
-4 2
8 0
3 -3
0 -8
-7 -1
-7 -1
-4 -10
0 -1
-2 -2
-5 11
-2 7
-4 9
-7 8
-9 -1
-1 2
-5 0
12 -3
7 -4
-15 -4
1 -3
-18 -19
-43 -47
-2 -2
2 -2
-3 -1
-3 -12
-2 2
-6 -3
7 5
2 9
-1 1
2 -1
4 -1
-10 8
8 5
0 -1
9 -8
6 -20
9 8
5 -6
-4 -5
-12 -12
-2 1
-5 -1
-3 1
1 -1
-6 -2
8 0
-3 1
-7 -6
19 -2
-3 0
-3 3
-13 -2
1 -5
-8 8
0 1
10 10
0 -3
-5 3
6 -5
7 -12
9 -5
-6 1
1 2
-1 -3
-10 0
5 4
0 -8
3 -5
-2 8
-2 4
3 0
11 -8
4 3
4 -4
-5 8
2 -8
1 -6
-4 -1
0 -8
-3 7
-6 17
-6 -3
0 26
140 562
-5 -5
-10 7
-18 15
-20 -20
0 0
12 -6
4 -18
0 -85
-2 8
-7 -9
7 8
12 -28
-5 0
3 2
1 2
-75 45
-5 -8
-9 2
-1 -30
-37 10
1 -2
3 5
-4 25
22 20
2 0
7 -9
20 20
26 -11
-14 -2
0 0
0 -23
83 57
-3 -4
2 6
8 -26
42 8
0 4
-7 -3
44 10
35 12
7 -5
0 -4
-23 27
14 -22
11 0
2 -1
-22 -5
-70 39
-15 1
-3 -1
24 -7
-26 1
-1 7
-2 5
-33 -5
-18 7
-1 1
0 -3
-56 -47
3 22
-10 -6
-7 -7
85 126
64 10
6 0
1 -7
0 7
-42 -10
-9 -5
-2 -3
-53 -54
35 -36
-3 -13
1 6
-1 -14
-37 47
-3 -7
-5 -3
1 2
26 36
11 -4
1 -3
-18 22
14 -12
-3 -8
11 -6
-5 -30
28 -12
-5 -3
-9 1
13 -4
-23 6
12 1
-1 4
-66 86
-2 37
0 9
0 -10
1 12
4 13
4 -1
-12 0
37 47
-39 33
-5 3
-3 4
-5 -30
-7 -7
-2 0
-1 -2
2 -27
-35 -22
6 -1
5 2
-13 -2
36 -21
0 -9
-2 -8
-13 -7
11 5
3 -7
-3 11
20 57
4 -21
7 -10
9 0
19 -17
-122 -408
5 -2
3 0
8 -4
45 -25
-5 -1
9 7
63 -23
30 30
12 -6
-3 0
-20 15
12 -15
0 -14
4 -2
80 -41
53 -84
-1 -9
2 -8
0 26
-19 6
-4 -1
8 8
23 -71
-8 -46
-9 -1
9 -7
-16 -67
-15 13
-15 4
0 -5
-11 -18
-91 -74
-9 -5
-5 -10
28 -13
-28 2
-5 5
-16 2
-87 55
-37 20
1 -5
9 -3
9 3
-24 24
-6 -3
-2 -5
-23 87
16 0
8 8
4 -7
1 7
37 3
-2 4
3 5
-26 37
-9 30
-3 3
0 0
-11 36
-9 -6
11 -11
-1 -8
37 -200
-8 60
-5 2
1 12
-17 20
-19 11
-2 1
-3 -16
-22 23
-21 6
-6 1
-2 0
12 -24
-16 -4
5 14
-2 -2
-33 15
60 -23
-6 -6
-5 9
-36 -13
-9 10
3 -1
-1 -7
22 64
40 26
3 -2
-15 0
29 26
4 7
5 -8
-1 8
27 -26
-16 -10
6 6
-1 2
2 -16
36 -13
8 -3
1 0
26 -70
-17 -52
2 2
-9 1
-9 36
24 -33
4 -1
1 6
20 -61
-14 69
-15 4
-2 0
24 -19
-18 6
-2 1
-9 -5
-10 -37
-26 -22
4 -3
3 -5
-12 -14
3 -13
-17 12
0 0
-269 153
330 -49
-2 -1
11 -1
16 -1
10 -10
-8 9
0 8
13 -8
14 10
4 -1
-5 -1
15 -3
-10 -23
11 -1
2 0
-11 25
-40 60
-5 -3
-7 7
-9 5
7 -3
-1 -16
-1 -4
22 6
-10 -32
-4 3
4 -6
11 -9
11 4
-7 4
1 -2
1 -33
50 -70
-5 -9
9 5
-9 4
-14 17
-18 -4
-5 4
-20 -5
-18 14
3 -4
4 -5
-5 -7
-1 9
1 -6
-4 -7
-26 -67
36 -2
6 -11
3 2
-2 -8
-24 36
-8 2
-18 -8
-3 -7
11 16
5 0
-2 11
-15 1
-14 2
-6 -3
-7 -8
30 16
-84 65
2 4
-14 3
-5 -5
-5 21
13 -9
-4 -12
17 6
-4 -19
0 -2
6 6
6 -6
5 23
-8 -1
-1 2
10 22
23 -26
4 3
4 -2
2 6
1 -30
0 15
5 1
7 -35
1 30
-1 -5
-3 -6
11 5
8 5
3 -12
3 1
-30 -22
-13 -50
0 3
-2 -5
9 -8
-19 -22
9 12
6 2
-31 15
-7 9
-10 2
-6 4
-17 -2
-2 -18
-1 5
-1 5
-36 -1
32 42
-15 8
-5 0
-9 5
15 3
-6 -4
6 2
7 10
-8 -1
-4 -9
4 -6
6 3
-5 0
-9 6
-3 -1
-25 7
140 33
2 0
-7 -13
-2 3
16 -9
-5 2
-3 -5
-19 27
-12 -44
-1 -4
-2 -1
-3 -8
-16 5
5 -7
5 -5
-5 -16
-17 2
4 1
0 4
4 1
-10 -1
5 1
-4 -9
-29 27
13 2
1 3
-8 -5
-9 -7
0 3
14 -5
-2 -4
65 15
68 21
2 3
-3 3
-8 -6
9 -4
1 -16
-3 -6
22 -15
17 7
0 9
-4 5
0 -5
-1 -19
-13 -1
-2 -7
33 21
-70 12
-1 2
-9 -7
1 13
11 -18
3 13
-5 -1
-2 -17
-19 -2
-2 -2
5 9
15 -4
6 -1
-1 -2
6 -5
32 22
-86 -19
-3 -1
6 5
7 -3
-4 -28
-1 10
-6 2
-14 -10
-4 -4
4 -7
0 -3
1 -7
-9 7
3 4
-6 3
11 18
25 -58
0 0
5 3
-7 0
-25 13
-12 -4
-9 1
-27 24
1 -16
2 -4
-4 -6
-22 -8
-11 -16
-14 -2
-4 1
-6 -11
-6 25
-7 -4
-10 -16
-5 2
16 20
-5 2
9 6
29 -21
-11 14
-5 0
1 -5
-2 17
8 6
-2 2
1 4
-23 31
-24 11
-4 0
0 -2
-2 0
10 -2
-3 -8
-1 7
10 -30
6 -8
0 -3
-5 -3
1 -1
-5 -1
-4 4
-7 1
-215 -15
45 338
-2 2
-10 -4
5 2
-14 10
-1 -8
1 1
4 -18
-6 34
0 0
20 0
3 4
-2 -7
-1 3
0 5
6 17
10 27
0 4
-6 -6
-1 0
-2 4
-3 -2
1 6
-10 2
6 -18
-5 1
0 -7
-6 -4
10 5
-1 -1
-5 3
0 27
52 -21
2 -1
4 -4
-2 -4
0 -5
4 -6
-1 -8
17 3
-21 10
0 0
-19 5
-10 18
1 -7
0 -1
2 -4
-41 10
30 -16
7 -7
7 0
-10 -18
-2 0
4 3
6 0
14 -1
2 4
-5 6
7 -5
-5 0
-1 2
0 -6
-3 -2
38 61
-54 93
3 -3
-6 2
-2 0
-6 -13
-1 4
2 -1
20 5
-33 -9
-6 -2
-2 -4
-9 -7
3 7
5 -5
1 3
-2 -30
-1 5
-3 2
-5 3
0 2
-2 0
2 -11
-1 -5
-9 2
3 -16
7 -4
-4 7
0 8
2 -6
2 3
4 -4
-10 -9
36 -31
-1 -5
8 5
12 -4
4 0
-4 3
-4 -2
-16 9
3 14
5 -4
8 0
18 -16
-22 -5
-4 -2
-3 -1
1 23
9 0
-5 -2
-15 -10
4 -1
3 -4
-4 0
-8 -9
-7 -1
0 3
0 -2
-11 2
-6 -12
2 -3
-6 0
0 0
39 -54
36 -24
0 2
-2 -11
-4 -7
-2 0
1 -7
0 6
-16 3
6 -14
-2 -1
-12 -11
-1 5
0 -6
0 -4
-4 -5
13 6
-34 35
0 -9
0 4
1 -7
-9 6
-2 0
-4 10
4 7
-28 -7
-6 -6
21 -25
-11 -4
1 -1
0 5
5 0
-39 -56
-7 -24
5 0
-2 -2
2 10
0 3
-3 10
1 4
2 -27
20 5
-7 2
-13 -5
2 8
3 0
4 -10
-4 -5
24 -6
6 -14
0 -6
0 -8
0 -8
2 -6
-1 1
-4 0
-22 3
16 -2
8 -2
3 2
20 0
-7 -8
1 2
2 2
14 -25
-79 -16
-5 -7
4 8
4 -5
3 2
-1 0
2 -11
-8 -11
10 -27
1 5
0 11
-10 -14
-6 2
-1 10
5 5
4 0
-27 -26
-3 3
-11 1
0 6
7 -7
-1 0
-5 -7
12 -3
-7 9
-1 8
-13 7
13 -1
11 0
-1 -7
-2 -3
-3 17
13 -16
-2 5
8 -3
0 -3
0 -1
3 -9
3 -3
-16 -5
9 11
5 -5
-7 14
0 9
-9 -2
-7 1
-7 -3
44 -26
3 7
0 -1
18 3
-6 6
3 6
0 -5
3 0
-10 7
-7 -11
-4 1
-2 -1
-10 11
-3 10
-7 8
-6 0
-106 -113
101 109
-2 -6
16 4
-8 8
-1 -4
-5 2
-3 6
-15 -5
2 0
-6 -2
2 -2
5 0
-8 5
-7 -3
-4 -1
6 3
-3 -17
5 -1
-1 -4
-5 12
7 -4
-1 5
-1 0
3 -3
-4 5
1 3
3 2
1 3
12 14
-10 -2
-3 -4
5 18
-8 14
-2 -1
-9 -2
5 -9
-14 2
-1 -10
0 -4
10 7
-9 4
-1 -4
0 2
-1 -2
0 -22
4 4
3 2
-8 17
-1 12
-1 0
-7 -9
-6 -10
-3 6
0 -1
-1 -3
0 -4
-5 2
-3 2
-5 3
9 -3
-14 -11
10 0
-7 -1
-29 29
28 -11
-6 2
-2 -7
7 -6
-8 -7
0 1
3 1
3 13
15 2
-2 1
1 -3
8 -3
4 -4
-2 -4
-2 -2
-2 9
14 20
-6 -5
-1 4
6 0
13 -7
-2 -5
-1 1
1 -1
-10 10
-2 -1
-3 -7
3 5
5 -4
-6 -7
2 2
-24 6
8 28
-1 -1
5 4
-8 7
-1 0
-2 4
-5 -1
25 1
0 13
-2 -1
-7 -3
-15 -1
-10 0
1 5
-3 -3
-7 -10
10 13
3 1
3 4
-8 -6
-16 9
2 3
-3 0
-12 18
-1 4
3 -4
4 -13
0 -19
-5 5
-7 -2
4 0
8 20
-12 -15
1 -4
-8 -2
-2 -11
-3 3
6 -1
3 2
-2 -6
5 -3
0 0
-3 1
-7 -4
5 -3
7 2
5 -1
5 -8
6 -24
-5 -3
1 -4
0 -20
-9 1
8 7
4 -1
-9 1
9 -8
0 1
-6 3
-1 -5
-8 -6
8 2
-5 -1
20 2
-8 -2
1 3
-3 -5
2 8
5 -2
-1 1
-4 -4
-7 -20
-4 -7
2 -2
0 2
-2 4
-3 8
-9 -9
-1 -4
-5 -3
-7 -21
-4 -6
0 2
4 12
12 -11
-8 -5
-7 2
4 1
-2 -1
-5 -1
-2 1
-8 15
2 0
-6 3
-2 -2
8 -22
-13 9
-1 -3
1 4
-2 6
11 6
-5 -1
-7 1
-8 -4
-11 -7
-2 -3
1 -5
-6 4
-3 18
-5 -3
-1 1
-2 -10
-12 11
6 3
5 -2
6 5
-10 15
-4 -4
2 1
7 -7
3 -17
-2 -4
2 -4
-14 -1
1 3
-4 -1
2 -3
0 -27
-13 -26
1 0
-5 -1
-3 -7
-10 -6
-2 -6
-2 -2
-33 6
3 -4
-2 1
2 -1
11 -6
0 -9
1 2
2 4
10 -15
-21 -12
-2 5
-9 2
-5 -3
3 -18
4 5
-5 -1
-5 -17
7 -3
-2 -1
-1 1
14 9
-4 -2
-2 0
-5 6
19 -24
-2140 2524
11 21
14 3
31 18
-14 17
20 -2
-2 -3
121 -21
37 208
-3 -15
1 -13
-103 42
-13 -109
-24 -3
9 -14
49 -176
137 -73
-5 -2
31 11
-62 -56
-2 -110
0 -12
7 -19
155 -8
59 -6
-13 -7
-11 22
-63 87
-51 -33
-18 -17
2 -2
-157 366
168 -194
7 -6
-64 6
-25 22
68 88
-20 -4
-18 4
54 123
8 65
4 4
7 -17
113 -16
-28 81
17 -4
-6 9
63 -66
-98 52
11 18
-22 -6
57 -25
46 66
8 12
5 15
17 -17
204 26
-7 -2
-2 -11
5 -31
15 -7
-25 -42
9 -24
233 -177
53 -480
-3 -2
29 -9
14 4
-44 -21
0 9
-3 -1
-96 -33
145 -97
1 -20
8 2
-28 -79
41 -16
-10 -13
-8 -46
-42 -39
33 39
6 6
37 -30
91 20
-26 68
8 12
-12 -6
25 -129
-64 -41
-9 -9
5 8
-111 -26
-30 -19
-28 5
0 -13
-127 -123
-257 229
-14 -26
-4 1
-38 -4
-16 -41
-7 -19
12 14
-157 -4
-214 -63
7 7
1 -15
67 1
69 32
37 24
-6 33
44 -51
3 -201
-9 0
-30 29
-16 39
-32 -12
-2 -8
1 10
-111 229
-100 -37
5 4
2 -17
32 -9
2 -1
17 12
-16 4
387 -194
-158 -83
-1 17
20 6
30 25
-136 47
12 0
-12 -8
-3 54
84 -55
-3 -17
-2 -3
-56 8
-48 -48
-27 -21
4 -20
-73 77
-37 253
4 -5
67 -53
18 -21
-20 35
5 -3
0 -17
12 -138
-14 -37
-11 -14
-7 16
-82 -7
17 -83
-27 -7
4 0
-171 140
-44 -167
-15 -13
-59 -1
-46 -34
36 -64
-15 -1
3 3
-80 90
29 66
-4 14
9 -6
98 6
13 87
43 -14
-16 13
66 236
-186 270
6 22
-14 -1
20 41
-30 59
11 6
15 25
-15 80
-36 66
3 -7
11 -15
67 66
8 3
14 -26
-2 0
-18 -404
18 86
13 -4
-15 -2
-4 -1
65 29
-1 1
-15 10
-44 -40
85 52
11 -5
20 -18
44 -77
21 10
17 8
-6 -22
89 -329
101 -269
-5 18
-5 6
91 -23
41 46
13 11
-21 1
147 -91
153 6
-14 6
3 -9
-100 14
-46 28
-54 -17
4 -40
165 100
-39 108
-5 -12
-1 26
-28 23
-7 -52
-12 -16
13 0
23 48
-154 -39
4 -2
-17 6
20 11
-9 -13
11 28
-3 28
-105 -90
11 -177
-4 -19
-21 20
-112 2
19 -89
-25 -6
6 -13
-114 104
-1 -60
11 7
5 -3
62 -123
20 -7
26 12
-4 7
-137 641
-2294 -696
-9 0
-119 50
-129 68
-40 -105
-3 6
1 10
231 17
193 260
8 12
42 -33
-104 -129
111 3
37 -15
6 1
40 -161
0 -51
-7 -11
30 44
-74 -41
66 88
-3 12
11 -11
270 -97
152 27
30 -20
-32 1
92 -190
-16 -50
25 13
28 15
-139 140
22 -238
19 1
3 -71
74 -63
166 -37
4 -9
-12 -3
-183 30
84 2
-30 -9
-19 19
-18 200
-94 20
-39 11
-6 -41
21 -97
-181 -101
6 8
-66 19
68 105
-142 -56
-38 9
-17 17
17 -101
48 37
-9 16
3 -13
-46 34
94 37
16 -51
-6 -1
99 25
-439 -386
21 25
-59 -21
73 70
-188 -6
-2 -11
3 9
-4 -122
-61 129
-10 -8
27 -7
-15 6
101 114
24 -5
-1 -21
114 144
36 39
-34 -10
-42 29
-14 185
-120 19
-24 -11
9 -21
88 130
37 60
-7 -10
15 -19
-243 -93
40 -40
90 -55
9 17
19 94
101 183
-9 -13
101 -5
-43 -121
43 27
27 -6
-24 -5
-201 71
-289 -255
7 5
-10 23
103 96
-102 -7
-84 24
-30 9
35 -128
22 -225
22 2
-5 -37
66 -170
64 -105
20 -5
9 31
-238 77
-3 43
-14 4
4 -8
33 111
43 2
-43 11
-30 -39
-227 -411
444 288
9 5
-122 -29
3 73
-79 -8
-12 -10
6 9
138 -11
133 219
-9 2
19 -35
-55 -110
135 40
42 -25
26 -8
-66 156
-159 251
-22 -7
7 38
-70 118
-97 208
-27 -9
8 -20
276 -33
-39 20
11 -11
-11 -11
-2 -165
40 -61
43 -23
18 39
131 255
-206 15
23 4
60 -68
54 -139
105 -5
11 0
-19 -7
-154 -29
-86 -103
-17 -12
-20 29
144 178
-87 28
-58 17
-25 -19
31 30
68 0
0 15
-30 -23
17 10
-100 -140
-10 -6
-7 25
-120 53
-3 71
-14 13
11 -21
-29 212
54 34
-49 -50
-31 -21
-274 -149
-362 -181
12 23
-26 -9
47 8
-39 -107
14 -9
-5 8
-182 -59
6 66
-24 2
17 12
-81 171
-70 75
-8 4
-17 -37
194 -166
-109 -165
-15 -2
-72 28
78 139
-94 -72
-34 4
1 1
102 -66
148 67
-7 -2
13 -21
-186 -16
81 5
94 -50
13 -11
-51 -38
324 -25
-21 -25
55 18
-47 -78
148 -8
12 7
-8 -10
-60 111
21 -99
19 -5
-24 11
40 -129
-77 -84
-32 42
-1 12
-266 -177
-95 -133
39 -4
32 -22
0 -206
128 -6
25 2
1 19
-138 -6
-93 -41
-14 7
-4 12
163 -45
-24 51
-93 64
-20 -13
63 85
34 -65
-3 -5
4 3
-10 10
4 -14
4 1
-2 6
-14 3
-14 -4
-5 0
-1 -3
4 6
-4 0
-7 -1
0 -2
-2 0
2 19
0 1
6 4
-6 16
3 4
-6 2
1 0
-7 4
-8 2
0 0
-1 -3
3 -3
8 11
-11 0
-4 0
4 -7
-8 13
0 -3
-3 -4
9 -10
-4 -12
3 0
-5 -2
-1 8
-10 4
0 -5
0 -2
-3 -4
7 -8
4 -3
1 3
-9 32
11 -3
0 0
-4 0
-5 -18
-1 5
3 1
-1 0
5 -14
-7 7
-7 -5
0 -2
10 3
-5 -5
6 -5
2 -4
-37 32
55 10
0 2
0 -6
5 0
6 -22
0 -1
1 -4
-13 12
10 13
1 0
-3 2
4 3
7 -3
5 -8
-2 -3
-13 -6
25 -18
-2 -1
-3 1
3 -1
15 4
5 -5
3 -1
0 -2
-23 8
1 1
-2 0
7 -1
9 8
-2 2
1 -1
8 9
41 2
-1 -1
-1 1
-7 0
0 0
-6 -1
-2 -3
4 5
2 11
-5 -2
1 -3
-12 -4
-5 0
-1 3
0 -2
-4 13
7 11
-1 -1
2 0
-3 4
-16 -2
-7 6
-3 0
-21 4
-1 3
-2 -1
1 -2
3 0
-14 0
-4 -10
-2 3
15 14
-15 -22
-1 0
-2 -1
4 -12
-15 14
1 -1
-1 0
-1 -7
9 -15
1 -1
-6 0
-2 -15
10 -5
3 8
0 0
15 -16
-33 -13
-1 -5
-4 -8
1 -12
-5 -8
2 6
2 -1
-3 2
16 -3
-2 0
-1 -1
-8 -6
-3 -12
13 -6
0 -2
23 -11
-16 -41
0 3
0 0
-5 11
0 2
-3 -1
-1 -3
10 -8
-2 -6
-1 0
5 1
8 4
-6 6
-5 -3
0 2
4 13
1 -7
-1 -2
5 1
1 11
3 0
-4 -4
1 -1
1 4
9 0
1 1
-1 0
-8 3
3 -2
-2 11
1 0
-9 -26
-45 30
-1 -5
-6 8
-11 3
5 23
0 0
-4 2
12 -9
-2 -13
-3 -3
1 -10
-7 -6
-5 12
-7 1
0 0
3 -18
-10 12
3 3
1 -1
0 3
-4 -4
-1 0
-4 -1
8 -5
7 -15
-1 -1
-4 -6
-11 -3
-2 0
-5 -1
-4 0
4 3
-17 3
-1 2
1 -5
7 -6
-12 -6
1 -5
0 1
-9 -7
3 -6
2 2
-1 10
5 8
-3 -10
1 -1
-1 -1
-19 -33
-12 4
-3 1
-1 3
0 0
-3 -1
3 -8
-1 -3
8 12
3 -2
-5 0
3 0
7 -7
7 -4
4 0
0 0
10 -31
-123 -95
0 3
6 -2
1 12
21 -25
3 -4
-6 -6
14 -15
-20 21
-4 14
6 -6
4 10
-8 2
-6 2
0 2
29 21
-11 38
4 -4
-2 1
-15 -4
-14 -3
2 4
2 -3
-1 -18
3 -9
-7 -3
-6 6
1 4
1 1
-12 -3
6 5
19 30
-18 82
0 -3
-4 8
2 2
1 15
-1 4
-10 -2
0 15
-23 -2
5 -3
0 9
6 -5
3 -12
7 13
5 -1
-16 -12
15 -18
0 2
-5 -9
2 -6
-1 -1
-7 -1
10 -3
-9 -14
-20 4
-2 -2
-2 3
-17 -3
-5 6
2 -7
-3 -2
-8 -18
-9 -35
-2 1
-5 -4
2 0
8 2
-8 -1
6 2
-9 14
-7 -12
0 -3
-7 3
2 -9
-2 7
3 -13
-8 -2
23 33
5 -9
-2 7
-2 9
6 14
-4 -4
-4 -3
-11 -4
-1 -11
-9 9
-3 5
1 -2
5 -3
3 -7
12 1
-8 -3
-18 -24
0 -14
-9 -1
3 -8
6 -4
0 -8
3 -13
5 4
-10 -12
-2 -6
3 2
4 -10
-5 -1
1 15
-4 -2
-3 -1
2 1
-40 -3
2 -19
-2 6
-13 1
3 -4
5 6
-6 4
15 -14
-3 -10
3 -1
2 3
-6 11
-8 1
-11 -8
6 -5
51 42
126 -35
2 6
-6 5
3 5
-14 3
-3 5
2 2
-6 -7
40 -16
-1 -4
-2 1
7 6
-9 -8
12 6
0 5
0 -6
-10 -13
-8 8
-3 -4
8 0
-12 9
3 -8
6 2
9 21
8 -9
-5 1
1 -4
4 -5
17 2
1 4
5 2
-1 17
24 29
-7 -5
8 -6
-6 -2
21 -3
2 8
5 5
3 5
-20 3
1 -15
-1 -3
-6 -14
0 -11
2 -4
-4 -6
-7 -41
-14 4
-2 -1
-2 -2
-5 -1
-3 -12
-5 7
-3 -3
-24 -10
11 10
11 0
-2 -9
-3 11
6 -4
6 -1
-5 0
71 2
27 -39
3 -4
-3 -7
5 -6
-23 0
-2 -8
-4 -5
-21 -1
7 -10
-5 9
-2 8
5 4
-5 14
-5 -4
-2 -2
-15 4
34 -1
10 -5
2 1
-7 -3
-12 -6
-10 -5
-7 -1
-7 32
-3 5
-3 -2
0 10
0 -15
-12 -8
4 -10
-2 -7
-10 -44
1 -26
2 1
-3 7
-6 1
18 -11
-1 6
-6 -6
21 -13
7 11
-1 5
3 -8
-6 10
-1 3
-6 0
0 9
14 25
11 6
-5 5
2 -6
-5 -6
9 11
-3 -2
2 0
-19 -16
11 19
-3 -4
-3 0
12 1
2 1
-17 2
-1 -3
-182 11
1 40
-2 0
-4 -6
0 -1
-16 0
0 -9
-8 2
-13 -11
10 42
-7 -1
8 8
-4 -13
1 -3
2 0
0 -7
-9 23
3 -42
-3 3
-3 -2
14 2
-11 0
-2 1
-7 -11
8 -28
-28 -29
1 -6
-4 -8
-4 1
6 6
-2 -8
2 3
50 0
6 -34
-2 -2
7 1
-3 1
12 -8
0 2
-2 -4
-3 0
-9 9
-1 0
0 -9
-2 -5
-3 -8
-9 -2
0 10
-23 -18
4 -48
0 1
-6 -2
-6 2
-5 4
-4 2
-2 -3
0 5
18 -10
0 -6
8 11
14 14
0 4
5 7
-9 4
26 -29
-53 65
0 1
-8 -1
7 -2
0 -7
-3 1
7 3
21 0
-3 13
4 -4
-1 -4
3 11
1 8
0 0
-2 -1
-7 -1
5 22
5 -7
1 6
1 -5
-8 -1
3 2
-1 9
-1 16
-3 3
-7 4
7 -6
15 24
-8 -8
1 -3
2 -6
-32 -79
4 8
-1 0
-2 0
-7 2
2 7
0 -8
2 0
-5 -18
3 -27
-2 5
-8 6
-6 -21
-12 -9
3 2
-1 -11
20 -3
-1 -15
0 -2
-3 -13
-2 -1
13 -2
0 -6
1 -2
-9 -7
16 6
0 7
-10 -8
-22 -12
4 0
-15 -4
3 -2
5 -20
205 -91
-3 -1
4 -10
-9 9
5 15
-8 2
-7 -8
10 8
-5 -16
-1 -6
5 -11
-1 -6
8 -12
11 -9
2 5
18 16
14 38
-2 -3
-7 2
-9 -13
-2 0
-6 -1
0 0
11 4
0 8
3 -2
5 7
-22 -3
-5 5
3 3
0 -4
-9 35
50 -13
-8 -2
5 1
0 -1
-13 0
0 1
4 -8
-8 -9
12 -4
7 -5
-15 -7
14 21
7 -6
-3 6
-1 1
-26 -14
-1 14
3 -5
5 1
13 0
-7 -5
1 -7
-3 1
-16 -18
3 -16
-5 1
0 -2
12 -17
-6 -4
-3 -8
-4 1
168 40
-82 11
5 0
-16 1
3 -14
-13 -13
1 -4
5 8
15 0
-15 -33
-7 1
10 8
-13 -5
-14 3
-2 1
0 -2
16 -8
-16 17
-2 2
-1 -6
0 -3
1 8
3 2
-3 3
-11 -2
-19 -3
3 0
0 -10
14 -6
13 1
-4 0
0 -2
-72 71
-23 -7
3 2
4 -2
5 17
14 0
0 -3
-3 -1
-21 17
23 49
-12 1
-9 0
-15 -13
-5 -9
-6 -15
-1 -2
10 22
0 -3
-4 2
-7 6
-14 -5
5 5
-11 4
-2 -10
7 -13
-8 -1
2 -6
-3 5
-12 20
0 7
1 2
0 -1
-155 -75
-54 -11
-8 -1
-9 -14
-8 -4
-70 38
0 -5
0 3
25 -25
2 -42
2 -4
4 -13
41 50
1 17
2 14
8 -3
-9 -57
-98 -51
1 6
-7 -4
-14 -26
24 -35
13 9
15 8
-31 -30
3 14
0 -7
1 0
-21 -16
-26 10
-9 4
-8 8
54 75
-71 179
-1 5
-10 4
-11 -8
29 -21
4 -3
-10 -8
21 38
2 37
8 -7
3 -4
-6 5
3 18
-5 4
-16 -10
62 -20
-9 -52
6 -4
3 1
-1 -18
-3 16
8 2
3 -9
17 51
54 -28
2 6
7 4
-36 16
-8 -19
-3 9
2 5
-88 1
-45 -92
0 -3
-11 2
6 -10
21 9
-2 -2
2 -6
-7 6
-8 -1
0 5
-5 13
-40 -19
-19 -31
1 -12
8 9
-35 -83
25 -4
-13 -1
5 1
4 18
4 17
-6 -7
-9 -8
32 -20
-33 -31
-14 -7
-5 -11
37 -8
7 3
3 0
6 -10
63 35
77 -6
4 -12
13 -2
16 28
-54 39
-15 -4
-5 8
31 -33
-16 6
-4 3
0 -1
6 -11
30 -5
6 -6
1 -6
43 9
-6 13
-7 3
-14 4
-10 -7
-5 -21
-12 -9
-7 7
-50 97
53 -17
2 5
-11 3
-33 3
18 16
-3 -7
4 1
53 38
-5 79
-6 -2
4 -13
-3 -12
45 -4
-6 6
4 7
-8 -31
55 37
-4 -2
-5 5
-2 -6
-35 -13
-10 3
-3 3
-15 40
-20 22
-2 -10
10 3
-6 -6
-16 56
3 0
6 -1
3 -27
22 15
-12 -6
7 1
-19 -4
-6 -21
-9 -1
11 1
-86 -4
35 -53
11 -4
16 6
11 -2
33 -60
-1 5
-9 7
-43 25
-22 -9
-3 6
0 0
-25 -19
-7 -10
-3 -1
-11 3
-36 11
-16 -17
-5 -7
-1 -11
27 45
1 35
-5 -4
-9 -10
47 -31
-87 -23
7 11
-1 -1
26 23
1 -18
1 -11
3 -4
25 -60
45 -181
-5 -2
-21 -4
-7 8
-29 53
-2 -10
-4 -14
53 13
26 23
8 -5
2 1
11 -7
23 17
3 -7
9 -12
32 54
84 113
-3 14
-11 3
-26 -33
14 -53
4 1
-5 0
-6 -13
29 96
-6 -1
-8 -4
-34 0
18 8
-3 3
-5 1
21 -5
-41 -16
-3 1
-10 -1
-5 6
-20 -18
-6 -5
2 4
-50 17
-6 -77
4 -10
-1 -7
54 10
-16 19
10 1
-10 -1
-99 -88
-75 -25
1 6
0 -1
-5 -16
20 -14
4 0
9 4
-4 -26
-24 -48
5 -8
-3 -1
-9 4
-1 14
7 9
-5 5
-51 -64
27 -69
0 -6
11 4
2 -4
-6 -10
-5 1
3 -4
-4 -3
3 3
-1 0
-2 1
8 2
2 4
3 -1
5 0
0 10
7 -3
0 -1
0 3
0 4
-8 -1
-3 -5
-2 -3
10 -1
4 7
-2 -5
-3 0
0 -4
3 8
-2 -5
-1 -6
-6 8
6 5
1 -1
-13 0
1 0
12 0
5 -3
-1 8
-1 -3
-2 -3
-1 1
-1 -1
-10 0
2 -4
-4 1
-5 6
-1 11
9 6
-3 5
5 1
-2 -7
0 -8
-1 1
2 0
2 3
1 1
-1 7
-3 0
0 4
-4 -11
-8 4
-5 -3
-9 10
-12 -3
-5 0
-11 -5
-1 8
-5 3
-2 2
-8 -5
0 -4
4 -1
-1 -4
0 -9
-3 -3
-1 7
-2 6
-3 -2
-3 7
-11 3
0 0
-6 4
1 -1
-10 2
3 -2
0 3
3 -4
7 3
-2 -1
0 -2
1 -4
3 0
0 9
2 0
-10 13
2 7
-1 6
13 0
-1 -8
3 4
-1 0
7 0
4 -2
-9 -6
0 0
0 0
3 8
0 -14
5 -10
4 -2
4 -7
0 -1
3 -7
0 0
1 4
0 -4
-3 -4
-5 -7
2 -6
9 -2
2 -3
6 3
-6 4
0 -3
0 -5
4 5
32 16
-1 -7
0 3
-7 4
-8 2
-5 -5
3 -1
-2 3
5 7
-3 6
3 -5
2 -3
-5 2
3 -1
0 0
0 -1
-8 -9
6 3
-2 0
5 -4
-6 -6
6 0
-4 6
0 -4
-7 -6
-8 -8
-5 1
0 -9
-1 10
0 -4
-3 0
1 -1
11 -3
4 9
-4 0
-6 2
2 -1
-4 -1
-2 -3
-15 -4
-5 2
-7 0
0 -3
0 4
0 -10
-1 8
8 -1
2 0
-1 -9
0 -2
3 3
6 7
10 -3
-12 1
2 -10
2 0
-5 -6
0 3
3 -3
1 5
0 -7
7 5
9 -1
2 1
44 -13
0 -8
-4 -1
11 -1
-7 -6
-9 -6
-1 5
3 -2
9 3
-1 5
-4 0
-2 -2
4 -1
-6 0
-8 -3
2 0
-3 5
-2 -8
2 -1
-5 0
-4 2
2 -1
-4 -1
-6 -1
-2 6
-5 -3
-2 1
-4 -2
1 -4
-5 -5
-14 -6
-3 -2
-32 -23
-15 -4
4 0
-10 2
9 4
5 -3
6 -4
8 4
-10 -6
13 4
0 -2
-2 2
-4 0
2 -1
4 -1
-3 1
9 1
-10 -21
-5 1
0 -8
-9 -5
0 3
1 4
0 -3
0 -9
0 3
-1 -1
-1 0
1 0
-14 -10
8 0
0 -4
-1 -5
14 -73
-6 0
-2 -9
-14 2
1 5
-3 0
-2 -7
-6 -7
9 -7
-3 2
-1 -8
9 16
-12 6
-7 0
0 3
8 8
19 -10
1 -2
0 -14
-2 7
1 -3
3 1
-3 -2
-3 -4
1 6
4 0
-1 -4
1 4
1 1
-3 -3
5 1
-6 6
3 -21
-3 -4
1 5
-1 -13
-11 -4
1 -1
8 5
11 0
-11 -1
-3 -4
-3 14
-14 -7
0 2
5 -1
1 -5
-11 -5
0 -2
3 -1
7 3
0 -15
6 -4
0 1
-2 0
-7 -2
5 -8
-9 0
-5 -5
-12 0
0 10
1 0
-4 2
8 -2
15 18
4 0
8 1
-8 10
-2 12
4 0
-1 -2
-3 -9
-16 -5
0 -3
6 -4
5 4
4 -4
3 1
1 -2
-5 -1
-23 1
-2 0
1 6
4 4
-1 2
0 -10
2 -1
7 1
12 -5
2 -6
3 6
2 -3
2 -7
-10 -4
-2 -7
-1 -14
-12 -3
-4 5
-12 4
1 -4
2 -11
-10 0
-8 -4
-3 -7
-10 -3
-5 2
-5 -5
-2 0
-10 5
2 1
-4 2
14 17
-11 -8
-6 -3
-13 -1
-3 -13
2 5
-3 5
-6 1
-4 -7
-7 0
2 -7
2 3
-7 6
-12 -6
11 -8
2 -4
-13 -10
-4 8
2 2
-5 -2
2 -8
6 -10
5 -3
-1 5
-1 4
2 10
-1 -1
-1 -5
-7 -12
-9 -9
-3 -8
0 -2
2 -3
8 5
1 2
-6 -1
1 7
-4 -4
-3 -2
-4 2
-3 -4
-8 2
-1 7
-2 -10
-3 3
-7 -6
3 -7
0 4
-16 -4
16 25
0 2
9 -4
-4 7
0 4
-5 3
-1 -8
3 7
7 -2
3 -7
4 -5
1 -5
11 6
11 3
5 -2
-3 -6
18 12
-1 -3
2 5
-1 0
-8 2
-2 8
-1 1
-8 -2
-9 0
-9 -3
2 3
11 -4
12 0
-10 0
-3 -3
-12 -15
-32 -30
-5 -1
-4 -2
-3 5
-5 -10
0 -3
-2 -2
-9 13
4 10
-6 5
-5 2
0 0
0 0
1 4
-3 2
-7 -6
-10 -5
-2 -3
1 2
-2 5
-11 -7
3 2
-2 -4
-2 7
-6 5
5 -4
2 5
0 2
1 0
5 1
-1 -5
13 7
0 -4
-2 -3
-3 -3
1 -3
10 13
-2 -4
1 1
4 -3
3 -3
-1 4
-6 4
-2 -1
-4 -7
-4 -1
0 1
10 -5
-4 -14
1 2
0 -6
1 -3
12 -4
-3 -2
0 0
1 0
9 4
-3 7
-1 -6
2 -5
-1 4
-1 1
-3 2
-10 18
359 386
4 -8
5 -8
3 7
-35 -28
2 -12
4 3
74 0
10 -100
3 1
9 -2
-10 19
-13 5
3 -2
-4 2
-28 -23
10 -22
6 1
2 -8
-3 10
42 -6
-2 -6
-11 10
46 -31
-20 -73
9 -4
-1 2
-35 -44
-2 -40
15 -12
-9 -2
-65 87
71 113
2 0
-12 -1
7 12
33 3
1 -4
5 -5
-47 -16
8 73
-2 4
5 0
12 17
-16 36
-5 -2
9 -5
36 -60
-86 32
-6 0
0 1
14 20
-47 3
0 -7
5 4
13 59
41 41
-7 0
-4 4
-33 2
0 -17
20 -26
3 2
50 77
111 -136
0 5
-1 -1
-4 -11
0 -39
-3 1
1 0
-53 49
19 -18
4 -14
-10 0
-30 -29
13 -42
3 -6
-3 -5
60 -38
-11 53
-3 -4
-4 1
-3 -15
-1 9
0 4
3 -5
-70 8
-17 -36
0 -10
0 -12
0 -1
12 10
-17 15
0 1
-41 101
107 -129
-6 -6
5 4
4 -17
-54 24
0 3
-12 -12
26 -9
-45 -1
-5 5
-3 -1
45 16
4 8
-2 8
-4 1
54 47
-13 32
-4 2
-7 -5
-1 -19
26 0
0 3
0 -3
7 -51
50 35
3 9
-5 -2
21 -23
-8 23
-24 3
-5 -7
45 -31
61 -457
-9 -1
4 -7
-17 34
11 -8
0 -8
0 5
-13 -81
44 59
2 5
-2 -6
-24 -16
16 7
7 1
0 -7
5 0
13 17
0 -5
10 3
-42 1
-55 5
3 -3
-2 4
74 18
-2 -28
8 -9
1 7
-10 -6
11 -19
1 -3
-3 6
-16 -152
-182 -5
-1 11
8 7
8 15
38 4
-1 -4
-9 -2
-27 49
-7 27
-4 0
-8 0
-11 -19
4 -53
12 -1
-9 -5
-65 31
-7 -108
-7 14
3 14
10 6
-29 15
3 4
0 -1
-65 18
-17 13
-7 0
-2 4
47 35
-6 6
-1 1
4 2
124 -184
-41 110
4 -5
-6 -3
21 -24
-31 -36
-8 5
15 -6
15 4
-4 -118
0 -7
5 -1
19 17
-14 43
-17 -3
7 -4
-95 55
84 -63
-3 -8
-9 -16
18 -27
31 -27
-9 -3
3 5
0 -47
25 -9
-6 -1
-6 -15
-38 -6
0 5
11 -7
0 -4
-55 -29
-73 49
-1 -9
-8 -3
-2 -1
5 0
-5 3
-8 -10
-8 -7
16 82
-6 3
5 -1
29 18
-22 30
-14 0
0 -3
53 -83
-36 124
1 -7
-3 -4
3 6
35 -21
-5 -7
-6 3
65 15
-35 20
3 -1
-1 -5
-38 12
-9 -9
-14 -20
-1 -4
-343 204
-496 -564
5 -7
2 -13
1 1
58 41
-11 -4
1 -3
-58 8
-104 -15
-9 -1
13 2
-19 -4
42 -33
5 -8
-11 6
16 168
35 -6
6 4
1 -5
-6 -8
-8 49
4 -2
-5 -4
21 -138
8 -29
-13 22
-7 -4
-43 31
4 -27
-20 8
3 -2
24 106
-78 301
-3 -2
-8 -30
-5 -4
5 -29
-6 5
0 3
-17 -65
-18 -3
-17 1
5 -8
-14 -30
15 -14
-9 -3
9 10
-12 -98
84 -35
10 -16
-7 4
-9 -3
-12 42
-7 3
4 -4
57 -20
46 -95
6 -13
0 0
-2 45
1 6
-11 4
1 2
-216 -47
-190 196
-3 0
17 17
3 21
-66 47
-5 -4
-9 -3
44 13
127 -94
2 7
-7 6
15 42
-56 27
9 -8
-10 7
-61 17
-68 -158
-7 4
-8 -15
0 16
-7 -33
-8 1
-5 6
-47 75
-23 73
9 1
4 2
31 25
-17 -14
16 -19
-11 6
-109 -57
-145 282
-13 5
0 21
3 -15
30 -79
9 -5
12 -5
-4 123
-40 77
6 -17
-5 2
39 -23
3 22
0 7
4 -15
156 123
-73 47
1 -4
-7 -8
14 -33
-1 -15
-4 3
-3 -14
-28 -135
-50 3
1 1
-5 3
-4 -95
-11 18
15 -9
-3 -5
-367 -70
209 113
-3 2
27 6
27 -14
-76 92
-11 -8
-3 1
48 -69
27 31
-14 8
-1 -8
-45 -11
-7 -11
4 -10
-2 6
-99 -114
145 177
-9 4
19 2
11 -4
-13 21
-5 -3
-8 1
-46 71
-17 27
6 12
-4 11
30 57
0 10
7 1
-5 0
10 59
148 -350
-4 3
-3 15
-5 -8
-27 51
13 -6
4 3
81 -54
63 -118
3 -1
4 -9
-1 -39
11 24
-12 4
11 -7
-3 -68
-157 -90
-3 -10
1 -1
-32 -25
54 -34
1 -9
4 -10
35 145
104 22
-4 -17
-2 7
-32 -63
-7 -14
14 -25
-5 -4
367 -31
140 -153
0 -4
-11 -35
-2 6
79 -63
-8 6
-5 3
-91 128
-98 -42
-4 -4
-3 10
-1 32
-2 3
2 -4
-5 12
87 60
114 33
8 -2
-18 -12
28 18
-38 21
-16 11
-1 8
12 -166
-72 -48
18 1
4 -11
-33 11
-26 15
-20 6
-1 5
208 -18
-52 -129
3 2
-6 -4
-27 -7
16 -46
7 3
4 -16
-56 -11
-10 94
-18 -2
-9 -6
9 -30
25 -43
-3 0
1 -3
-70 -73
76 107
10 -7
-1 9
11 22
-34 13
4 5
-13 -10
0 41
8 -68
-2 5
-2 -6
62 40
-7 25
-28 24
4 -10
66 159
68 -41
-2 2
4 3
-5 -3
-3 -7
1 -4
-5 -3
-4 3
-1 -16
0 -4
2 6
6 7
0 -10
0 0
-6 -1
1 1
-6 -3
-4 0
-1 -7
-9 8
1 0
-2 -7
-1 1
-4 -6
1 8
-2 -2
-4 6
-1 -4
-5 6
-4 1
0 -1
-8 0
5 -28
0 -3
-2 4
13 -4
-3 -4
4 0
4 -1
4 1
7 -3
3 5
-1 -4
-6 0
3 5
8 -3
0 -1
0 -5
0 8
0 -8
-1 0
-4 -6
3 6
1 5
3 1
-11 2
-7 -1
-3 1
0 -3
1 0
-2 0
0 -4
-3 1
-17 11
-46 -2
0 2
3 -2
-3 4
-2 -5
2 9
1 3
1 -6
6 7
-1 2
-2 -6
5 3
3 7
-8 4
3 0
-1 5
2 -27
0 2
-7 6
1 2
-13 5
7 4
-2 0
2 -3
0 -1
6 3
-2 -6
3 -8
1 0
-3 1
-1 -1
10 -3
5 12
2 -3
0 -1
-1 -7
13 -5
-10 -2
-3 -6
-2 -6
-5 -14
-6 -4
0 4
-4 2
-5 -5
-2 -6
-1 2
0 -21
-2 0
-2 4
-4 -8
0 -7
8 -17
0 -5
0 0
-2 1
-3 4
-3 -8
3 0
-9 4
-1 -2
5 0
3 -3
6 -68
-5 21
2 1
8 -5
8 -1
1 11
0 -5
-1 5
3 -9
-8 -2
1 1
-2 -11
-12 -3
-3 0
4 1
0 0
-5 0
0 -7
3 -5
9 -8
0 -4
1 -2
-2 2
-2 3
1 -1
6 2
2 2
-1 -3
-4 0
8 4
-2 -3
-1 2
2 9
0 -34
-5 0
-2 0
-12 7
-8 9
0 -2
5 -6
-6 3
-9 -3
-2 -4
0 4
7 -5
-6 -10
-4 3
2 -2
-9 1
-6 17
-3 -4
-6 10
7 5
-5 2
7 0
-3 0
0 0
-1 -7
-2 -2
0 -6
0 -1
0 0
-2 -6
2 0
-49 20
16 3
0 -4
-2 0
-2 1
-5 2
-1 0
-4 -3
4 5
8 16
0 0
1 6
2 -7
-3 -7
0 -3
0 -6
5 -7
5 4
-3 5
0 -9
6 0
4 0
-4 1
0 -4
4 7
-4 -8
1 -5
4 6
2 9
-5 2
4 6
-3 -5
25 -8
-4 36
0 0
-2 -1
0 -4
0 -4
0 0
-1 -1
-4 6
-2 -3
-1 2
-1 -3
0 4
-3 -3
2 -2
0 0
6 11
-1 -5
-3 -1
1 0
-11 0
0 6
-13 -7
0 0
8 -5
6 3
-3 3
-3 0
2 -7
-6 0
-9 -3
0 2
25 17
-59 -107
1 -3
3 -3
1 -7
-17 4
11 1
6 4
1 14
0 -17
-6 0
-14 -10
-3 1
5 -2
-7 0
-1 -5
7 8
-15 -13
-1 1
-5 -2
0 -6
8 7
1 -1
0 -2
-13 -6
4 12
2 -5
7 -6
1 -12
-14 -1
-16 -4
6 -2
-25 20
-45 -28
8 7
4 5
1 2
-4 -16
1 7
-3 6
10 -2
-6 -1
-3 3
4 4
0 3
3 2
-11 0
-8 0
-3 13
-7 -14
-4 2
2 -1
-4 6
1 -2
2 0
-4 2
3 -1
8 -4
-10 -2
-6 -2
6 -3
3 -5
5 1
2 -2
10 14
34 38
-4 -3
-2 2
0 -1
10 -5
-8 -3
-9 -5
-6 -9
-1 0
-1 -6
9 1
5 3
1 -5
1 -3
-1 -3
-12 -5
-3 17
1 -4
6 -4
1 4
-1 -3
5 4
-2 -3
-8 9
4 5
-1 7
-3 1
-2 6
11 4
2 7
-8 4
13 -11
22 3
-5 -8
4 -6
2 -4
-7 8
-4 -2
5 -1
3 -4
14 -8
0 -1
-10 -4
-10 0
-2 -7
14 2
0 0
8 12
2 -3
8 5
-2 8
-2 -9
0 2
4 -4
8 2
9 -4
-12 -5
0 -4
3 -4
-1 1
-6 -3
-7 5
-4 2
-12 32
73 -31
0 -1
-7 4
-12 1
-2 -2
8 -2
-5 -1
3 -6
-11 10
1 -1
6 12
4 7
-7 5
3 4
7 2
-8 -1
5 -8
-3 -6
0 -7
-2 3
-8 -3
4 2
0 -2
-6 -3
-16 -10
-6 -6
-9 2
2 4
-6 -5
-2 4
4 -1
-27 -9
-12 -14
1 0
-1 0
7 -3
-1 8
-10 -2
-6 -2
-6 -1
15 -4
2 -4
7 -4
-5 -9
-7 5
-10 -1
-2 0
15 -20
7 -16
-2 -1
3 -6
4 -1
12 -1
3 -4
0 -4
-4 0
2 -2
-2 8
-1 1
-6 -7
7 -1
9 2
-4 0
31 37
-32 24
0 2
7 -1
-5 -2
-12 4
-2 0
-2 4
-5 -2
1 18
-8 1
-10 -5
-4 -2
9 -14
4 -5
-11 -6
-9 -3
-4 25
2 2
-5 4
-10 -7
-6 6
-3 1
-5 3
0 0
-1 -8
-2 2
5 -3
2 -5
0 5
-8 3
-2 1
1 -30
2 7
-5 2
-5 6
0 -1
8 0
2 0
11 0
7 3
-6 -6
10 1
2 2
2 10
-2 3
-1 -3
-3 0
5 -4
2 15
0 -4
-2 -4
-2 -3
-4 2
-5 -9
3 -1
2 -4
7 0
-5 -7
-1 -1
-2 3
-9 1
12 -2
3 -2
-14 -43
386 -262
8 0
-14 12
-7 -2
12 -19
-4 -2
-5 3
12 -22
-17 -13
-3 4
-4 -3
8 -16
-14 23
-3 0
1 6
-96 -68
-32 23
-2 6
0 3
10 1
27 -10
-6 -1
-1 -2
-7 -92
-17 -27
-4 1
-1 1
-17 -29
3 -1
6 -5
0 3
66 -31
-42 -80
-1 9
9 -4
2 -3
-20 25
5 4
-6 2
-33 62
27 33
-4 -5
4 7
9 11
-12 -12
0 6
-1 -3
-37 -48
79 -37
3 -1
-1 0
-10 16
-15 -7
1 -7
3 3
18 105
2 19
10 5
-2 2
-1 5
5 5
-21 11
0 5
59 -212
-136 -59
-8 -13
2 -6
0 0
-2 -8
0 5
-2 -8
31 -30
-11 26
3 -5
-5 2
13 0
7 1
-3 -6
-4 -3
-85 27
6 41
-1 -14
-2 2
1 -4
-34 36
-5 1
0 -4
-13 20
43 21
-3 -2
-1 1
12 24
-10 -10
2 -6
-4 -11
-49 -56
-43 70
0 -4
-6 -2
-26 -5
36 -29
0 -11
8 1
7 4
-8 -44
0 -4
-2 -8
-13 7
1 15
-5 -4
1 0
82 -62
-2 -52
-3 4
4 -8
-12 -9
28 -26
-1 2
-7 -8
30 -12
-37 14
-10 -8
6 -9
-42 1
5 -14
18 -3
-4 -1
-52 110
52 230
-7 -4
-2 -7
4 0
-43 0
0 2
2 -8
-37 11
9 -31
-6 7
4 1
-6 -19
4 4
-6 3
-12 -2
97 52
-30 -51
-9 3
4 -4
-6 8
-8 8
-4 -3
0 -1
6 29
-27 -30
5 3
-12 3
4 0
1 5
-9 -11
-10 -2
-67 139
176 -3
-8 9
6 -9
3 -10
32 -13
5 0
-2 -3
11 -18
-10 36
0 1
2 3
14 -9
4 -6
-1 -4
-5 9
13 -3
-41 92
-7 -6
5 0
-7 10
-14 -23
-4 4
4 -3
-14 -59
23 19
-2 -7
-5 -1
26 15
-9 0
10 6
0 1
101 117
-84 28
4 -8
0 6
-3 0
-15 6
6 -2
-14 7
16 20
11 -37
6 -9
-10 0
-12 25
-9 12
0 0
7 -2
8 40
-17 -32
9 -2
-4 2
26 -12
21 -27
8 -3
-5 -2
-16 -5
-32 -58
-1 6
7 -4
-4 -16
10 3
-6 5
-1 -4
-51 -19
12 -21
5 -4
-10 3
-14 0
-19 17
-9 -2
5 0
4 -13
15 52
-8 -9
4 -7
-13 -11
1 -17
10 6
10 -5
-49 56
-5 6
2 2
-6 -10
2 2
-5 3
1 -3
1 0
42 -18
32 3
-4 0
6 0
-3 -28
-3 -3
-1 -13
7 1
-163 10
-162 -49
2 -2
0 -1
5 4
-7 -7
6 9
-1 4
-14 8
-27 -12
-3 -10
0 -5
12 7
11 12
-5 3
-7 -11
-10 30
-13 -52
12 -3
0 0
4 8
2 -9
1 -5
1 -1
-29 3
3 -17
6 9
-7 2
-14 -4
-5 -14
-1 -3
-4 -10
-28 -18
149 -30
9 2
-2 -19
1 -1
-11 -12
4 9
-2 4
16 -2
-23 13
-4 2
-5 -2
-9 -2
3 -8
3 -1
-9 2
17 4
95 41
-6 -2
-1 10
-15 -19
8 -8
-6 2
-4 -6
20 -23
19 8
-1 0
4 1
27 -9
1 14
-1 5
-1 -9
-106 108
-111 -189
-8 -1
12 11
-3 -8
4 8
-9 0
-1 -9
17 -10
-28 74
-3 -2
0 2
-20 -8
-32 -11
-4 -2
11 -2
21 39
50 -1
-5 3
-3 -9
7 -3
-7 24
2 5
-11 7
29 -38
3 74
-4 -9
-3 -4
-34 4
-6 3
-3 -5
3 5
40 11
10 12
-12 -5
-5 10
-10 2
8 -2
-9 -11
3 -7
-27 21
5 -77
-3 -4
0 -2
22 2
14 7
0 3
1 6
-61 -22
28 -13
3 7
3 -9
2 4
9 -5
3 -12
6 7
1 -9
-25 -46
-3 -9
0 -3
5 -24
-6 -15
-8 -6
-7 7
58 -156
-86 241
8 4
-8 2
1 -13
-31 4
11 -1
-5 -10
25 -2
62 -45
1 0
-3 1
-6 -5
28 12
2 -5
1 -2
-15 -83
-75 -42
2 -1
5 -1
12 -1
8 1
-7 6
0 -8
-14 -16
9 -43
-1 -3
-7 8
42 32
-5 11
4 -7
3 -2
56 -14
-14 116
4 -1
-8 -10
-11 0
-7 -11
-1 -7
5 -11
-13 11
-17 27
-1 9
-4 0
-29 -7
-22 -6
0 -10
7 -2
-15 37
-65 -6
-12 3
7 -2
-9 13
2 -14
1 -2
-9 -3
19 46
18 39
-8 -6
-3 -2
-47 -24
2 -7
9 11
7 4
-144 -15
-47 -103
-10 -4
12 -5
-2 8
-2 19
-9 -1
-9 12
-52 3
34 1
0 -4
-4 0
2 12
-14 10
-6 11
-3 1
9 18
-46 20
7 -1
-8 -1
10 -7
-33 -1
6 2
0 13
-21 82
-51 -24
3 -2
2 3
-2 12
-9 4
-17 -2
-5 -8
13 -17
-19 21
-6 -2
-9 8
-8 0
8 5
6 -4
-1 3
51 -30
14 20
-1 0
0 -11
7 -7
15 -21
5 3
-12 1
21 -21
-24 -11
1 -9
-1 0
7 -17
4 -11
-9 -1
3 -2
-35 -53
34 -17
-6 5
9 0
20 3
-5 6
-3 -3
-10 0
347 6
126 -50
2 4
-2 5
-6 -4
1 -3
0 -2
-6 -3
5 3
9 12
0 -8
7 -1
0 -3
-8 -3
3 -9
6 5
13 7
-6 -8
-8 0
-4 1
5 -4
-5 -4
-7 0
0 0
-5 -21
3 4
-2 -2
4 1
0 12
-5 -1
6 -6
0 -1
18 16
-23 19
-11 1
0 -3
-2 -6
9 8
4 2
3 -8
-12 4
-15 -13
3 -1
-3 -2
9 -8
4 -4
-4 1
0 -3
-10 11
-1 8
-3 -10
-16 -9
1 3
-5 -1
-7 7
-5 5
20 -3
-12 -7
-3 4
-6 -3
-10 -16
5 0
1 4
4 4
22 -20
85 -66
4 -11
5 -3
3 3
2 0
-8 0
0 3
-9 -12
-1 5
4 5
-10 8
8 4
2 5
-2 0
-5 -5
18 6
8 8
5 3
7 0
-5 -5
3 -3
8 -6
0 -1
5 -4
3 -4
8 -4
2 -5
3 -14
2 0
-6 -5
-2 -5
22 21
7 -29
9 -1
0 -2
-6 0
-9 1
0 0
-3 5
1 7
-13 6
-10 0
0 -1
-15 0
-7 3
-1 3
-2 3
7 25
16 0
-11 11
-2 3
-10 1
2 0
-2 -1
-2 -9
2 -21
0 4
1 -6
5 3
3 12
-8 1
4 -3
-4 0
-33 41
-54 0
-3 0
0 8
-5 -3
-4 -10
3 -1
13 -3
-11 -11
0 8
2 9
2 3
-4 0
-1 0
-6 -8
0 -3
-9 4
-14 -10
7 -3
-1 2
-8 8
0 6
-1 2
0 12
-7 15
-4 0
0 5
2 -3
0 0
0 6
-3 2
-2 0
-26 -28
-49 2
-3 -5
4 -8
15 3
9 -4
-8 -3
0 -7
11 13
12 -9
-5 0
-6 7
5 -8
-2 -9
2 1
-7 1
-29 -5
-18 -27
0 -4
-4 2
-2 2
-1 -10
6 -2
0 2
-8 5
3 14
0 -3
-4 -6
0 6
2 -5
-2 -4
0 -2
-43 -33
22 36
4 -1
-5 -8
-13 -5
-13 4
6 3
-10 -2
2 0
7 -7
7 -4
8 0
-7 6
2 8
-4 1
6 0
4 -30
7 0
-4 0
-8 -8
-6 -10
1 0
-7 0
4 -9
-6 18
-5 2
2 0
1 0
2 1
-1 1
2 1
0 0
-21 -5
19 18
-6 3
5 0
-4 -2
0 -3
1 -3
-2 -6
1 -5
3 -8
0 -4
1 -1
6 -2
0 -1
-2 -2
1 -1
2 -33
-19 -5
-8 0
-1 -5
13 3
-1 -4
3 4
-3 -1
-5 -6
7 -1
-12 -5
-8 10
-9 -5
-5 2
4 5
2 2
10 30
-20 -110
-2 -1
-8 0
-8 -1
-2 8
4 -3
-3 -1
5 -3
10 -5
-2 0
-5 -12
-4 3
0 -3
2 10
2 2
10 -2
7 9
0 0
-7 0
-2 -2
-1 -3
2 5
6 -3
0 6
-2 6
-3 -4
3 -6
4 6
4 -2
-2 -2
1 3
-16 -5
-16 7
0 -2
4 -1
7 -4
2 4
0 5
-7 4
6 -8
7 -3
-3 -1
4 6
-3 -5
1 2
-2 -5
-6 -4
14 8
-4 -13
-2 1
-1 5
1 -4
-6 -2
1 -8
-1 0
3 6
12 9
-3 3
-1 2
-4 -4
2 2
1 5
-3 -4
8 -8
22 -13
2 3
-3 -1
4 0
-1 4
3 0
3 -2
-6 -6
-6 -16
-1 1
1 2
0 3
3 -8
-1 -11
1 1
-8 -6
7 10
1 -2
0 -11
-10 5
4 -1
2 2
0 -1
1 -4
5 -2
1 1
-2 0
1 1
-7 -5
-10 -3
-1 0
-2 4
-24 4
-6 -1
-3 0
-1 -1
-1 3
-4 -8
-6 -1
15 0
9 0
2 -1
-8 1
6 -9
-3 3
2 11
-2 -1
-4 1
20 4
-4 3
7 2
-4 -5
-10 6
-7 -1
-4 -2
-2 12
-4 -3
-4 -1
-3 -1
-2 -4
6 2
5 -1
0 2
33 25
8 -30
-2 0
6 -2
-6 -10
0 -10
-4 2
2 -1
-9 5
-25 10
-3 -1
-1 2
-2 4
-7 1
2 -7
0 -2
-10 -6
4 6
-1 -4
-3 -4
-1 -11
-2 -2
-3 -11
-3 0
-7 -5
-14 -8
-3 -2
-3 -1
-5 8
-3 1
-1 -1
0 1
5 8
11 -30
-4 -1
-1 9
2 3
-2 -4
-3 2
2 -1
-8 2
7 -1
0 -1
12 -8
-5 -1
-3 -1
0 4
-1 5
7 -2
-14 -7
1 0
6 1
-1 5
6 -2
0 5
2 -3
-2 -3
-2 4
7 -4
-2 -2
3 -6
-11 -4
-1 6
-2 -1
-16 11
23 44
0 -1
-7 -5
-9 2
-1 -2
-3 -3
-10 2
-10 -6
1 -4
-1 -4
-10 -2
4 3
-1 -2
-5 -1
-3 -4
6 3
-14 -10
-2 -1
-4 8
-5 5
0 -1
1 -5
-1 1
-1 -5
-7 -5
-9 2
-8 -1
-6 -10
5 -6
7 -9
-5 1
13 -17
-6 -3
-3 -1
6 -6
1 -5
-4 -1
1 3
5 -2
-11 5
-12 -1
-2 2
-1 5
-1 -1
0 2
-7 -1
-1 -5
-17 -9
-3 17
0 0
-7 -3
2 -7
3 2
-4 -1
-3 -1
-4 -8
-5 -7
0 -2
7 -3
10 12
1 3
4 8
3 -1
-37 10
121 -806
-4 0
-8 -10
11 9
15 -5
-9 -5
-4 -3
-63 -86
-28 88
-12 -5
3 13
-18 3
23 -12
16 -9
0 -2
119 14
102 31
0 3
-25 0
7 0
39 -32
6 3
-5 -22
-97 -100
-50 -95
-11 -2
-3 -6
-6 -21
-47 -6
-5 0
10 -2
12 65
121 48
2 -3
-9 -3
-8 -26
-27 -26
-3 -5
-8 10
3 -9
-20 63
2 7
-4 -18
34 -3
23 -45
5 -3
8 17
-41 -10
-26 -11
9 -4
-12 10
-2 17
8 0
-1 9
0 -3
82 -14
-57 -104
10 -4
-8 3
-33 -27
-14 -7
9 -14
-13 -2
-7 69
-51 154
-1 0
2 9
10 1
-40 58
-8 8
-3 1
33 22
36 -139
-1 2
0 -9
-12 5
-9 48
-7 -9
-12 -7
-84 -10
-97 230
2 9
5 -17
-3 -4
-46 31
-1 -2
7 0
26 -12
114 109
2 4
4 3
2 61
34 10
-10 -12
-4 -2
-52 163
137 -180
-10 -7
29 -3
-13 9
23 -8
1 -12
15 5
50 98
-12 39
-3 -7
5 10
-8 -3
-16 14
-14 16
-2 -7
120 -128
6 -122
-3 -16
0 -8
12 -32
-18 -39
-19 -4
-13 -1
-185 113
28 50
0 -5
5 -15
62 40
6 -3
-2 7
7 -2
89 -105
68 464
4 3
-21 -19
10 15
100 12
-9 3
-4 -9
49 -89
102 12
-5 1
10 -20
-16 -5
11 -3
10 -21
-1 0
36 -28
125 -45
-5 1
2 0
16 34
54 32
4 1
0 -8
79 7
-5 -27
-4 5
1 0
-4 -56
-3 24
-11 12
-5 -8
28 -333
-131 -72
-5 -4
6 -8
-9 -21
21 13
7 0
-2 12
44 24
-43 -157
2 -1
-12 -8
30 -60
-21 -40
1 20
2 0
-132 288
-159 81
-4 -15
10 -10
28 5
31 -25
-6 4
2 -2
72 11
14 8
4 -4
2 0
14 32
16 -14
-2 4
-9 -1
185 216
52 131
0 -1
-1 24
-13 -21
-44 -36
1 -2
-2 15
-29 15
11 126
0 6
4 6
10 48
10 24
0 -16
-5 0
91 -207
219 -102
13 7
-11 3
-4 -11
-48 12
0 0
-4 -1
-110 -108
17 -21
16 0
1 -4
21 11
-14 -1
-6 -22
9 -3
-60 -114
-226 34
1 0
-3 -22
-6 -11
-10 -15
0 -7
13 -17
-89 -1
-39 82
-11 -6
-1 3
-41 39
21 -4
2 -5
3 4
42 139
-43 -69
1 -10
-17 23
-45 -21
-46 -2
-6 0
-9 -2
-37 68
-99 -4
-3 -11
-7 -5
-33 33
13 24
16 3
-4 -6
-95 135
738 -1544
-7 -4
-6 -7
-55 -3
-24 -98
-2 10
-4 -2
116 24
-123 -185
7 4
6 -2
38 58
-13 -3
-9 5
-8 18
122 45
-47 32
-2 4
-6 -11
-38 -40
-4 -30
-7 4
-25 -3
19 -25
-50 21
9 2
5 13
64 -58
-3 9
-8 -30
14 -15
-138 -149
14 -45
10 -5
-5 25
15 28
25 -13
-4 -4
22 9
96 20
-107 38
-11 4
-9 -16
13 41
-49 -16
-4 8
3 -23
21 15
78 127
4 -22
-8 23
-35 20
23 -30
1 8
0 -12
-169 169
-27 -8
-16 -7
-12 0
16 -39
10 31
-5 4
3 16
173 25
271 39
11 -4
12 -22
-2 -29
26 63
3 -8
7 -2
-154 -22
43 -5
-10 14
-17 -4
-13 -42
59 40
3 -1
-5 13
-129 -120
-72 -147
-18 -2
-17 -32
7 22
28 23
-3 9
-7 -5
20 -34
30 -48
18 -17
8 0
-12 44
-16 15
21 8
6 12
-32 -114
54 -30
1 12
0 10
11 10
-69 11
4 -11
-10 -5
1 18
120 19
0 -3
2 -9
-97 25
11 -24
-14 9
-16 -7
122 144
67 150
-1 -3
18 4
14 -69
-39 6
3 -24
11 1
40 -91
46 86
-13 9
-21 -18
-79 -15
2 -42
33 -1
-28 -9
32 95
48 -218
-3 -9
-1 -14
-1 -33
77 -69
-1 0
2 1
-61 47
-61 -115
-13 8
-20 0
53 -19
-25 16
-9 -10
11 5
38 -76
102 -99
-8 1
-2 -24
2 30
12 19
-17 7
-25 2
-60 123
78 -110
20 -8
2 20
-9 -52
4 21
-20 -5
14 9
135 40
-48 189
16 6
-14 7
2 -29
25 -12
1 -10
14 0
-96 11
72 96
-18 -8
-7 -11
-37 -5
3 15
-4 -19
-5 -21
-127 -58
-126 -103
-7 -8
8 17
4 29
-45 -50
11 -11
-1 -1
-9 65
37 -27
-20 5
-12 -8
44 117
-16 -1
-4 23
-10 7
-59 -10
-47 351
11 -3
7 18
-16 37
-43 -23
2 -11
16 15
34 -45
31 42
0 17
-1 -12
-7 50
0 -14
7 25
-15 4
13 312
44 258
-12 -14
-9 -7
-22 -15
39 -2
-1 1
12 -15
-27 -90
-78 50
2 -21
6 -6
22 -29
2 51
24 0
2 -1
-94 36
-52 -306
-9 3
-10 2
23 -1
-48 19
3 8
-16 -9
141 -96
-113 54
2 6
7 3
24 -8
-3 -64
4 8
-2 -12
32 -159
47 -29
17 -9
18 20
-28 -42
14 31
-9 -6
3 15
70 -108
-59 74
-6 10
-9 -6
-23 -75
12 -40
-6 -21
-21 -8
-321 137
170 81
1 0
-7 -7
3 -1
-15 2
3 -2
-4 -5
-2 4
4 1
-1 -1
-1 -2
-7 -13
8 1
0 -5
0 -4
2 -4
0 -4
0 1
-3 2
8 -14
-8 -5
0 -9
0 -2
-3 0
0 8
4 0
2 -1
0 8
4 0
1 2
0 -1
-3 7
-24 -8
-6 0
11 0
-14 9
3 6
-7 1
-7 -3
-2 -4
-7 -6
-2 -5
3 -1
12 -3
-14 -3
0 4
-4 2
0 0
-7 -4
-4 0
0 -2
3 11
-1 -5
0 3
-2 0
3 0
7 -3
-3 1
-5 6
-10 0
0 0
-8 0
4 0
-9 8
-8 0
1 -3
-2 -12
-4 -2
-9 20
2 0
9 3
3 -5
-4 -22
0 0
0 -4
-3 -7
-8 -6
-4 -6
2 -2
3 -10
-8 24
-2 -5
2 -6
-8 -6
1 -9
3 -2
3 -3
-6 -10
11 -5
-2 -2
3 -3
-5 15
-2 -3
3 2
-6 -1
8 -8
-17 -1
0 0
0 0
3 5
-11 -6
-1 4
-3 2
3 0
-2 8
0 0
-2 5
13 -1
3 9
3 -3
0 0
-7 -8
15 5
2 2
-1 5
-1 4
7 2
-5 5
-4 2
6 6
8 -2
-7 0
-1 -3
-3 -3
-5 4
0 0
-3 0
2 25
26 13
0 -1
0 1
-5 2
8 -12
-7 -4
0 0
0 0
-11 8
0 1
-1 5
0 13
-6 0
2 9
-3 0
-15 7
22 -3
2 0
-1 0
-3 13
5 12
-5 1
1 3
0 2
-18 -19
1 1
-2 4
0 -6
-8 0
-4 -3
0 1
5 8
17 6
5 -1
-4 -5
9 -15
4 -7
2 2
0 -3
0 3
9 3
0 -4
-2 -6
-14 -8
7 0
-1 3
0 -1
-7 8
2 -8
2 -5
0 -2
1 -10
-6 -5
4 -1
-1 2
3 1
-8 7
0 0
-4 -7
0 -10
11 -4
7 -3
0 -4
-9 -7
-8 9
0 0
-6 1
12 -1
6 -13
0 0
-1 -2
-6 -4
6 -4
0 3
-1 4
-6 13
5 -3
-7 -13
-1 -1
2 1
-13 -14
-2 4
-5 5
0 -9
1 1
-2 -8
-1 -2
-2 -7
-9 7
-8 -4
0 0
10 -5
0 -6
-7 -1
-1 1
-10 -11
8 -11
-5 -2
-2 0
-12 7
5 4
0 0
-2 0
-2 10
1 0
-1 0
2 -7
-6 -10
-2 5
2 1
-3 0
8 -11
-5 7
-1 -2
-1 -8
3 1
-11 -1
4 1
1 0
-3 -3
4 -2
9 0
4 4
1 5
6 8
-5 -1
0 0
2 -19
219 -105
4 2
4 -1
-6 -6
2 6
-2 -4
-12 1
7 -10
-1 6
-2 4
3 -2
-3 0
2 -5
7 -6
-1 0
-15 -5
11 3
2 3
-1 -3
8 0
-7 -9
9 13
3 2
15 8
-17 -11
-5 0
4 1
2 0
-9 -9
1 -4
0 4
-19 -26
-4 30
3 -4
-4 2
1 -2
-3 9
9 -2
3 2
-3 0
3 8
-2 7
-9 2
-2 1
-6 9
11 6
-2 -2
24 -2
0 11
-8 -6
0 2
1 -5
5 -8
-15 -10
8 -6
-12 -2
0 -7
-2 -9
-3 -3
-4 -6
-1 -4
-2 13
8 3
-15 -2
64 -19
-5 -1
-2 -8
-5 0
-6 8
-6 3
6 -3
-3 -15
9 21
-1 -6
4 0
2 6
-5 -6
-8 6
-1 6
-1 10
0 13
-2 3
-2 -1
-11 3
1 18
-1 -6
-7 5
17 5
-9 -16
9 1
-1 -2
3 8
8 14
16 -7
-5 -4
6 8
-16 2
-3 2
0 1
-6 2
14 -6
-9 -6
-2 -2
2 6
-17 -14
0 -5
-4 0
5 -5
-1 -1
-21 -3
-1 -2
-9 -27
7 23
6 -2
-4 3
-1 -5
-8 -9
1 1
-6 -3
-20 10
5 0
3 11
2 4
-12 6
-11 5
0 -3
-2 0
14 -72
-134 7
-12 -2
-3 0
-1 -6
7 -13
4 3
4 -2
-5 1
-3 -18
2 1
4 -3
6 -1
-5 2
23 -5
-8 -1
8 -6
13 -11
-2 -5
1 -7
-5 1
-1 -6
-5 -9
-4 -4
-9 -1
6 14
-8 -8
-6 -5
-9 -9
4 10
-2 -3
0 4
8 28
-35 21
-2 -8
1 -2
12 -1
-10 9
0 6
6 -1
0 1
9 -15
-1 -4
2 3
1 8
4 -2
-2 10
6 4
-12 22
-2 -20
-3 7
2 1
-5 -3
4 -3
-2 -20
5 -5
11 -9
-15 0
6 -1
-8 4
6 -3
-1 4
11 7
2 -2
-50 -21
47 -5
6 4
1 -3
-5 -4
6 -1
-6 -12
-5 -1
-2 1
1 -13
1 0
-4 -8
-5 8
-9 3
-18 6
-1 -2
-4 13
-4 -3
3 0
-6 -1
5 0
0 4
7 18
3 -1
1 1
6 8
4 1
8 -4
10 2
-2 -6
0 -2
-4 -1
42 28
-15 -6
0 0
2 6
-10 4
9 -1
6 -1
-6 1
-17 -8
13 11
-5 8
-1 4
-5 -11
-1 -1
7 -5
-4 -5
-7 1
-6 -17
-1 -6
0 5
-4 1
8 -9
-20 5
-3 0
14 -13
-20 8
-8 3
4 2
-3 10
9 -3
-9 -3
3 -1
87 57
153 421
-5 -6
7 7
-13 0
12 -6
7 2
-2 -7
-7 17
-14 -14
7 0
5 15
16 2
-2 11
-5 1
2 0
13 21
43 0
-1 -1
4 -15
22 -1
7 7
-4 4
0 4
26 36
32 14
1 -3
-5 -2
30 -20
-2 3
9 -1
-4 -4
-63 -1
30 49
1 -1
-5 3
-4 1
-30 2
2 -2
-1 0
0 -24
-9 -32
5 -11
-2 -1
-18 -27
-1 -6
-6 -3
-13 -8
-1 20
-79 65
0 -6
-6 -4
-20 -12
-9 -11
0 -7
-9 -6
-22 -43
-15 4
0 -4
-19 -5
0 -14
-8 -5
16 5
1 -8
-22 144
89 -11
-5 3
-6 -14
14 2
-4 1
-2 -9
0 0
9 -15
-25 -43
-10 7
-2 -6
-16 15
-4 -4
10 2
2 0
65 -23
-38 33
-7 1
1 5
5 10
-1 -9
0 0
-1 -5
-28 -47
-5 -2
2 2
19 1
-26 2
0 2
-17 -4
2 9
-1 95
-21 -21
1 -2
-1 11
-11 -2
5 -2
1 2
0 -1
1 43
-1 23
-10 4
-1 -6
9 7
14 -7
3 -1
5 0
-18 35
21 20
3 2
0 -6
18 -15
0 11
4 0
0 2
3 -10
5 11
-3 2
2 3
5 3
1 3
7 -16
-1 3
29 -139
-178 -127
2 0
4 -4
-27 7
19 5
0 -3
1 0
11 -2
9 43
4 0
7 1
2 -15
18 -8
2 5
4 4
-75 -5
20 -27
0 5
-3 1
3 -6
21 -22
-3 0
-1 -6
-13 -11
-16 3
1 8
6 3
0 7
-5 -2
-9 -9
6 2
36 -99
-70 -22
10 -1
-1 -4
5 -21
-24 -3
-2 -7
0 3
0 13
20 0
-1 4
-9 -10
0 -17
-3 0
-2 8
-1 -4
9 -3
13 -61
13 1
2 2
-8 36
-23 5
-1 0
-1 -14
24 13
-11 1
-10 0
-2 10
-11 2
-1 6
1 -8
-1 -2
-25 -100
2 40
-2 -5
-6 0
-5 -4
62 -1
-2 2
-1 -3
-16 -16
8 61
-10 -11
0 5
-7 9
-4 0
0 -11
-6 0
-4 -4
26 -20
-8 -12
-3 -9
-10 -23
1 7
1 0
0 -2
28 43
41 -5
-2 -9
-2 0
-11 -11
-8 -7
0 12
-4 0
-18 -11
31 -3
-10 0
2 3
-5 31
-31 0
-7 -2
-2 3
4 -51
-46 -46
3 -8
1 -6
-2 22
5 0
-3 -6
-4 -2
53 -31
13 -35
-4 0
-9 -2
6 -18
-2 14
-9 -5
4 9
-32 4
-38 -21
3 -1
-8 -9
5 27
1 -5
6 -4
-5 -6
30 56
319 -350
-3 -4
4 12
5 9
-51 -11
3 2
-9 -3
17 -3
100 -10
0 4
-3 1
7 -12
23 13
-4 4
0 9
25 -4
-44 51
-5 0
-1 -11
-14 -11
-2 -26
-13 2
-9 4
5 -15
-10 -36
1 -7
-4 5
-35 -11
-18 -12
-1 -9
-4 5
24 -1
-30 -14
-3 -2
-9 -8
-8 12
35 -1
1 -5
2 -2
-38 21
-26 48
-1 2
0 6
19 32
-1 8
6 -10
6 2
-77 -10
-35 -59
-9 2
-6 8
2 -5
-10 1
-2 1
1 2
-11 13
6 33
-6 2
2 -9
13 8
-1 -18
9 6
-4 4
18 -63
36 35
1 -6
-4 -16
-7 -1
22 -37
3 0
-2 1
22 11
58 -99
2 -2
-3 -7
-31 -22
2 -16
-2 5
-6 -6
-77 -43
-79 54
6 -6
3 2
4 17
8 -18
7 2
6 2
4 39
-38 -66
10 -4
3 -6
18 7
10 30
-14 1
4 -12
-32 -66
-74 -91
3 7
-2 10
8 -19
-35 41
0 -5
-5 -7
-17 -5
11 100
-4 3
-5 -2
29 6
-9 -11
-3 5
-6 -4
42 10
-10 12
-1 -6
-5 -11
-8 4
-15 -9
-2 -8
-6 -8
14 -28
10 24
-11 0
-3 5
-46 -10
-4 -4
-3 -13
0 10
134 -146
-158 -110
-7 -12
14 7
-11 3
13 -18
-3 -8
-6 3
-53 6
-74 63
-2 -1
1 1
-6 15
-15 -19
10 2
-1 -4
50 71
58 75
4 -2
-4 -5
15 -23
-10 33
7 3
-4 6
8 59
35 21
1 -3
-1 -1
5 1
-14 5
-12 11
-4 -8
-71 58
44 9
-5 0
-13 -2
-3 -8
24 0
-1 -8
-4 -5
50 -51
-12 -76
-9 -9
3 -5
-28 -5
13 -9
3 -2
-10 -4
-1 -58
-12 -46
0 2
6 5
11 22
-1 15
6 -9
6 -3
-51 -63
-3 2
-8 4
-4 0
20 -20
8 1
9 3
-10 2
64 -27
119 102
8 -2
-6 -10
12 5
-51 -1
7 5
10 -4
0 -6
-32 -49
5 5
2 4
42 24
-16 -1
-2 -3
7 6
33 1
73 -44
-3 -13
-2 0
-13 2
4 -41
-7 1
3 -3
12 -73
-1 -28
-1 -10
10 -6
-14 -18
5 -1
3 -12
6 6
-94 96
37 -62
-4 6
13 8
-1 14
9 5
-11 1
-1 2
-3 23
10 29
2 3
-6 11
-1 -17
7 9
-4 -4
4 -3
76 19
-24 80
-5 4
-5 -7
-31 -36
9 24
-15 3
-8 -2
8 60
18 29
1 6
-2 0
12 17
-9 2
-6 -9
2 5
-90 292
126 214
1 0
-1 -5
-2 -4
-1 -2
-5 3
0 3
-2 4
0 -1
4 0
-1 7
-4 -20
4 -1
9 -3
3 1
0 -5
-21 0
-3 -2
17 5
6 5
4 -1
-1 -1
-3 1
-2 5
-5 1
4 4
0 -1
1 -1
3 -8
5 4
-2 2
12 -29
18 12
-6 -4
5 -7
7 -5
-1 -11
5 -3
-1 -6
3 5
4 5
-2 -7
3 -8
5 -5
-2 9
-7 5
0 -2
-18 -12
-19 3
-7 2
0 7
-1 4
-9 0
2 5
0 4
0 2
-5 4
-10 -3
-7 0
11 -3
0 6
-4 2
0 -5
-41 0
13 -29
-4 2
5 -2
4 3
-3 1
-1 -2
-1 0
8 -7
-1 -5
-1 2
1 6
1 5
-3 0
-1 4
-3 -2
6 -11
22 -18
2 0
-20 -10
6 -8
0 5
4 -2
4 -4
-2 10
4 -4
-4 -5
0 3
-5 6
4 5
7 -5
0 3
-14 7
0 7
0 -1
-17 0
-16 2
2 4
-3 7
-4 -3
6 -7
0 -5
1 -1
0 -5
-1 -7
-6 0
0 -7
0 -1
-8 1
-1 4
2 0
8 -11
5 9
-2 -10
-7 -5
-5 -4
3 -9
1 -2
8 2
2 -5
-5 -8
-10 0
0 -2
-1 -5
67 -16
-20 -109
0 -3
-3 -22
2 -4
4 0
2 -4
0 -6
-3 -5
0 -7
3 -2
2 4
10 8
1 4
-9 -1
-2 1
13 18
3 -6
0 5
-6 3
-1 5
1 0
-1 2
2 3
12 -16
5 9
0 -4
-2 6
1 -6
-3 -2
-7 -7
-1 1
1 1
14 -21
0 -4
21 1
-1 -5
-6 -3
1 -3
-2 -1
-12 13
-8 -5
-3 4
3 -9
-13 -2
-5 -1
-1 10
-1 1
-5 17
4 8
5 1
0 -1
-9 -6
8 0
7 -1
5 2
-6 -10
-5 5
-9 0
2 -2
-6 4
2 8
-3 -9
0 -3
12 -22
-9 31
1 0
-12 0
-2 -1
9 3
-10 3
-1 10
-5 0
-8 1
-1 -4
-2 0
-2 -1
-2 0
9 -12
-1 -4
1 -11
-6 2
-8 -2
7 0
5 3
-4 -3
-3 -7
-5 -4
1 5
6 -2
0 -2
-3 5
-5 3
5 -8
2 0
2 -3
-3 24
-16 17
0 0
-19 0
-9 -1
-5 -2
4 0
2 0
0 -4
-3 0
7 -4
-1 -9
-2 0
7 3
0 1
1 0
6 11
11 1
0 0
-4 2
0 -7
-5 -3
-10 3
-2 0
-9 0
-4 -4
3 2
-1 -6
2 6
7 12
-9 11
-1 3
-18 77
171 21
-3 -4
8 4
7 1
-4 -7
-6 -1
-3 1
2 5
-6 11
-1 -4
-2 0
-14 -8
-9 -3
-3 -1
1 -9
-14 -4
8 13
-1 -5
-3 5
-1 -4
-1 11
-5 7
-8 -5
3 5
-4 -7
-7 -1
-5 4
-5 -8
0 2
3 4
-2 2
-27 -18
0 -26
-1 2
0 -3
-12 2
8 -2
5 2
8 4
-13 14
-1 2
-2 1
3 -8
8 5
8 -6
-1 -1
4 0
8 1
-2 -5
0 5
-9 -4
0 14
-4 -3
2 -5
5 0
0 -14
-4 2
3 5
2 -6
12 7
-8 -7
-10 -8
1 2
-28 -5
10 8
-2 -3
-2 5
-7 -2
2 -6
-6 4
-4 -7
-3 3
2 10
1 0
-6 2
-1 -3
1 -1
-3 -3
-7 6
2 -12
-13 -9
1 -2
4 0
3 3
2 1
-5 0
-4 3
2 -4
-18 0
4 -1
1 0
-3 -9
0 12
10 4
-4 -3
51 19
8 -3
-4 2
3 -3
2 -10
-6 0
0 -11
3 1
-6 1
6 2
-2 1
0 -4
-9 -6
3 -5
-1 1
1 -2
1 13
-2 7
1 -3
6 9
6 5
-7 -5
1 0
-4 -1
2 5
-5 0
-1 -6
-1 8
5 -4
-4 -6
-1 1
3 0
25 22
-10 -1
0 -2
-7 3
3 7
-9 10
-3 -3
-4 3
1 -13
12 -10
0 -1
11 10
8 -2
7 -1
3 2
-4 0
-6 -14
1 1
0 0
-1 -6
-9 -1
1 -6
2 -6
-6 3
0 8
1 2
-4 2
-4 -4
3 -2
0 -1
2 0
0 -1
5 -24
-23 -15
-3 -1
-10 -2
-4 1
-5 -4
-3 5
2 -9
9 -14
-6 -3
4 1
-5 2
-3 6
-12 5
3 -3
-6 3
1 -2
0 -2
3 -1
9 -5
1 -2
-2 -2
-8 -2
1 -4
-7 10
11 -1
5 -2
0 -4
-15 1
0 6
5 0
-1 -5
7 -19
13 15
1 2
8 -6
7 -11
7 7
5 0
-4 2
1 -4
-15 -17
-5 -2
1 -15
3 -7
-1 4
-9 8
2 -3
4 0
-2 -9
-3 3
-4 -1
-3 -7
7 4
0 3
-1 -8
4 -7
10 -4
0 -1
-3 0
-1 2
5 -6
-5 1
-1 3
-9 8
6 14
-1 -2
-2 6
-6 7
-5 -7
2 -5
1 1
-4 2
1 3
-3 -4
-1 7
1 6
-8 -6
-2 -3
1 -3
-24 8
8 -3
-6 -1
-17 -1
0 4
0 2
2 -5
-3 3
9 13
-7 -2
-6 1
2 0
-10 -2
-5 0
-5 -11
-2 -2
-7 -1
148 1113
1 5
1 4
-15 0
20 0
-4 4
-5 0
9 -15
-33 95
-13 -4
-9 10
-1 -11
-28 5
8 0
-11 0
100 -74
-58 17
13 0
-6 -9
7 25
8 -49
-6 12
-8 -5
-2 -24
-55 -101
1 5
4 2
4 41
21 42
-15 -8
4 0
-12 -122
11 -164
3 -4
14 26
-23 -9
19 91
-3 0
9 6
-51 -9
30 81
0 1
-7 7
-51 -28
-15 4
-11 4
8 2
-60 57
102 -118
9 -13
-12 1
-14 -6
16 -1
0 -6
-6 -9
8 -4
14 6
-9 -5
-14 -4
-3 28
-19 2
7 26
5 -2
301 85
244 -30
3 4
-1 -20
-5 -7
31 -26
7 -13
1 1
43 0
-34 -160
7 7
6 -22
47 26
3 11
3 3
10 -4
77 57
15 -116
-8 8
1 0
-15 -24
-8 42
0 -1
1 7
63 54
5 120
11 -9
12 -11
34 -22
3 -7
1 -5
-17 0
-37 -38
-88 188
-12 -6
-5 -4
27 8
-36 -65
7 -11
-3 -19
-33 1
64 19
-5 -5
-7 -1
0 -25
-8 -30
12 -1
-6 -8
-37 64
-12 134
-4 -1
19 -2
-3 1
30 3
-4 -7
0 3
-108 -64
-94 -35
3 9
0 0
-54 -11
12 -19
21 -34
-5 -7
-169 -72
-15 125
3 6
3 -21
-12 -26
-2 29
-1 0
-6 -2
-11 8
-88 33
-12 10
11 0
-35 9
-13 10
-1 -5
10 6
-177 47
-85 -7
1 -1
-30 -1
14 -25
-50 -57
-5 4
-8 0
-15 50
17 4
6 -4
3 -8
58 19
-13 4
-5 -5
-1 0
-86 124
148 -23
11 -5
-9 -9
-27 -12
-6 2
6 -9
13 -8
11 -47
35 -147
-4 -5
-12 -8
-22 1
28 -8
-6 9
10 -1
127 -89
49 38
-13 -5
-2 5
-13 -12
-34 -2
-14 -11
-18 3
100 -3
16 63
-21 -2
-8 -1
-3 -65
-21 10
12 -4
-2 -3
59 -50
-177 -113
-5 1
-6 13
-2 16
-15 20
-2 -5
8 14
28 50
-11 55
4 -4
-11 5
14 -14
-22 -4
-2 3
-1 -7
60 -60
-79 41
7 -5
11 -6
-17 16
41 31
7 -1
13 2
-16 1
-49 -40
4 -5
2 -1
-45 -9
14 2
0 13
1 0
13 -76
75 25
-13 -4
16 0
14 19
23 4
-10 3
-10 -15
-41 -34
-13 65
-4 3
8 8
-8 4
1 -9
7 -13
-10 -5
-56 19
59 -135
8 -6
0 -5
53 4
7 -33
0 2
-2 -3
3 16
53 -85
7 2
-2 -1
23 7
6 -18
2 5
-2 -6
-447 -253
551 187
4 0
-10 23
19 9
-32 1
-2 -10
0 0
40 25
-33 11
-6 6
-11 6
30 -1
-6 -13
7 13
1 -1
-14 -80
71 68
-9 -7
-4 -4
0 3
45 -21
3 -13
1 1
31 -39
7 -88
-6 -6
-5 -6
-59 13
-5 15
9 -10
16 2
-51 -167
87 -156
6 -2
10 5
7 -7
-9 33
-1 -2
-5 -3
-18 -40
-65 19
0 3
-3 9
42 -26
6 41
9 -5
2 6
-22 53
2 85
11 3
-16 2
-19 28
6 -17
-12 -13
-3 3
-3 104
36 24
3 0
-9 -1
-27 16
-14 10
8 -25
6 0
80 259
-48 -294
-5 3
5 0
-14 -7
32 -56
-3 -1
-4 -10
-20 -13
105 -27
-5 -11
5 -8
-37 -4
6 -20
-13 -11
-13 -6
67 114
64 130
-5 5
8 7
18 -15
-18 25
-1 6
-1 -9
0 -44
-106 37
-11 15
4 -2
44 -28
45 -18
-8 12
-16 -2
-16 32
34 -86
-10 -1
-5 -7
-5 9
-30 11
1 12
7 10
-40 58
65 33
1 -7
1 4
10 4
-27 -31
-16 9
-8 -4
-136 -81
-89 -36
4 -7
17 -9
-23 -20
-16 18
4 4
5 -3
-12 -57
-9 3
5 0
8 12
28 9
-20 -20
-16 7
-5 -8
37 -384
122 191
-3 2
-16 -9
-4 23
-3 44
0 -7
0 -8
-20 9
-55 -21
-3 0
9 -3
13 -6
3 14
22 -3
-1 -2
41 -100
-93 -152
-9 10
-20 -8
-12 37
46 -49
1 -2
-8 -4
-38 104
36 -10
-14 -2
-11 -13
-36 45
-14 -13
-1 1
-10 4
124 53
-30 275
1 3
1 -20
-18 -1
-19 -25
1 -3
-9 5
46 -59
18 -22
7 -12
-7 -16
-46 -5
-21 15
3 1
1 12
-34 118
63 6
11 12
-15 -7
15 -35
-52 54
-1 5
6 2
-44 -45
-19 14
14 -7
-3 1
36 -35
-1 -14
2 16
-8 -1
-271 103
-337 -77
2 -3
10 16
1 -27
-38 16
-11 4
-7 -2
2 -44
-43 8
-11 -4
-10 8
16 14
24 -24
-15 -1
-10 -9
-69 -105
-66 -89
-1 -6
14 6
-10 1
-5 -11
-10 -16
-9 0
19 -113
-34 -33
-2 17
2 1
8 -38
16 -8
0 -15
11 -8
-5 39
3 22
-3 -12
12 8
23 -24
2 32
6 5
13 -5
18 49
-4 15
-2 1
5 9
9 -6
-2 16
-5 -2
2 1
134 43
104 32
0 -7
-4 -9
-13 17
22 -46
-13 2
-3 -7
20 142
66 -28
-5 -1
-3 2
-48 57
-14 12
-12 -8
-1 -3
96 -548
135 143
1 0
-6 2
-8 -4
2 8
4 -2
0 1
0 -1
-9 4
-3 0
3 6
-1 -1
2 8
-5 -9
0 -2
-8 1
-2 16
0 -1
0 5
-6 -1
2 0
-3 4
0 -4
-16 -2
2 -14
0 -1
0 9
-4 7
-1 -12
4 -4
-2 1
4 -10
2 6
-5 3
6 -6
-1 1
-8 -2
0 -6
3 5
0 2
-1 8
-2 1
-4 -5
-3 -2
0 1
5 -13
0 -1
-5 0
6 -5
1 -1
2 -11
0 -1
-8 -2
-3 1
-1 -1
5 -1
0 4
-3 2
-3 -3
-1 -1
6 2
2 0
-6 -2
-37 -19
1 15
1 0
-4 3
11 -14
1 -5
0 -1
-5 -1
0 1
-6 0
2 -5
-5 0
-1 -4
0 -10
0 5
3 1
2 -11
-5 3
0 0
1 -6
-1 -7
17 -7
-2 -14
2 0
-11 6
-13 -11
5 1
1 -2
-6 -2
-6 -10
0 -4
2 0
31 3
-8 -5
3 -3
-3 3
-2 13
-6 0
0 8
-3 -3
-9 3
-10 15
-2 0
4 -4
4 -4
-8 0
-10 12
0 -2
-2 4
-15 0
0 1
-4 -4
-7 1
-3 17
2 5
-6 1
-5 -10
-7 -6
0 -4
0 2
10 0
-1 3
-6 5
0 0
9 -15
-32 7
-4 5
4 1
-4 10
-7 0
-1 -7
0 1
-6 -7
18 -3
-4 2
-2 0
0 -7
-1 -7
1 -7
-5 0
4 0
-16 -7
1 -3
-4 1
1 -5
-12 0
-5 0
-9 -2
3 -5
7 3
-10 0
-3 -3
1 -6
-4 4
-4 6
0 -1
8 -4
5 -16
1 1
1 0
-2 -3
6 -3
1 5
-1 0
8 4
-3 1
3 0
-2 -1
1 6
8 -2
6 -1
0 -3
-5 2
11 0
1 -1
6 -9
-2 5
1 1
-1 -3
2 0
-3 3
3 5
7 0
5 -7
-1 -1
-6 -2
1 1
5 -2
3 -45
3 -10
0 -1
-1 2
-2 -2
8 0
1 -5
1 2
0 -2
5 -8
-3 0
-2 -6
-12 6
9 11
-5 -1
-1 0
13 1
5 -6
-1 -1
-2 3
-2 -2
-4 3
4 -1
0 -2
11 -12
7 1
3 0
0 7
-4 4
2 6
-1 -6
-7 0
-9 57
16 1
-4 -2
5 -1
3 -3
-5 4
-2 -7
5 1
10 -6
2 -6
-1 0
-2 -2
10 -7
-4 -8
-5 0
0 2
-12 -7
-4 -1
0 -6
-5 5
13 3
3 -16
1 18
0 0
-10 16
-5 -11
-6 7
-4 -7
-4 0
-7 -4
8 -3
-4 -4
33 2
189 5
-1 3
5 -4
-9 11
4 -14
-5 4
1 1
2 1
3 5
-2 3
-1 -8
-5 -9
1 -6
3 0
-4 -2
1 3
3 -3
1 0
0 1
-2 0
-1 0
-1 5
-1 5
1 -4
-5 0
6 -2
3 0
2 5
4 0
-13 3
0 -9
-16 8
-32 54
2 2
-3 1
3 6
-1 4
0 -6
0 -3
-4 0
-1 0
-1 -1
2 4
9 -1
1 -3
3 0
4 1
3 -1
-2 -4
-1 0
5 -4
-11 0
-12 12
1 -1
-5 -2
-4 3
2 1
-3 2
-8 -2
-2 -4
-9 -1
3 0
0 0
-10 -7
14 -59
-4 -4
-3 -4
11 -18
3 -4
1 0
-5 0
-1 -2
-6 5
5 1
0 -2
-12 -1
-5 10
4 -4
3 -3
-6 -5
6 17
-3 -4
-3 -7
6 -12
-7 -6
-6 4
9 0
0 -3
-5 -5
-4 1
9 3
-7 6
2 0
2 -9
-4 2
-5 -10
18 -18
-2 -1
-5 5
-6 11
1 3
-3 -4
-7 -6
3 6
8 4
-3 -1
-5 -5
0 0
2 -7
1 -5
-6 3
12 -16
2 -13
-2 -4
-4 8
9 5
14 -8
2 -2
1 2
0 3
1 3
2 -3
-1 -3
1 -5
1 5
-6 5
-2 -4
19 16
29 -32
6 -2
11 8
12 3
-2 10
1 -1
2 -3
-4 -1
5 -6
-1 -1
-1 10
2 1
6 0
6 1
7 3
1 1
-8 2
5 3
7 9
-2 2
10 7
3 2
-3 -1
-8 -1
2 -3
-7 -5
-4 -4
-1 -6
2 -4
11 -15
-1 -2
-11 -5
-22 -24
2 1
1 2
4 1
-13 -11
1 3
-9 4
-1 -11
-5 -2
1 -10
0 -5
-4 -1
-13 6
-11 -4
-3 -6
3 6
-5 -3
-8 0
-6 -9
1 -3
-13 2
2 5
-6 2
6 -10
6 -5
-4 -6
3 1
-3 3
-3 -11
-4 5
0 3
7 3
14 28
-3 1
-19 -9
-9 -2
2 -5
-3 -2
4 -4
6 0
-9 -10
-2 7
-4 -1
-8 10
5 -4
3 0
-1 0
-10 -1
-11 7
0 -1
-5 2
1 0
1 -2
-7 0
5 3
-6 -3
4 4
5 1
-2 -7
4 -5
-7 3
-8 6
-2 -1
8 1
12 -14
-5 -3
4 -1
7 -3
-5 -8
-1 -6
1 1
4 6
-2 9
0 6
6 13
-4 -6
5 -3
-5 0
0 0
8 13
-1 6
5 -1
2 -2
-1 -7
-1 4
-1 -2
-5 -2
-3 -1
-9 2
-1 2
-7 1
1 10
0 1
-10 -1
-4 -1
-21 15
-342 343
-11 -2
-7 3
10 -13
-31 1
-1 3
0 -10
21 46
43 13
-2 -5
-10 -5
-6 16
-46 15
-4 3
-3 -3
-4 8
45 -18
-12 -8
-4 7
-9 2
7 -16
-3 -1
1 -3
21 38
19 -10
-2 -9
-6 -4
-7 -22
4 1
-9 0
0 -2
10 -30
-45 15
-8 -7
1 10
20 -7
4 18
-1 0
-3 -4
-27 -41
-51 28
0 1
-6 -1
7 16
23 -39
-8 -2
-8 -6
-8 24
-9 -54
-8 0
-5 -4
9 12
5 -5
0 0
-2 -4
-5 -36
23 -28
-8 3
11 -3
-8 -40
6 14
-26 -6
0 -2
-7 -4
-141 -42
10 -3
5 -17
-12 12
37 -2
-12 -8
-3 -4
-21 8
4 22
-7 0
4 1
4 -27
8 3
-4 -1
0 5
8 -13
-42 -49
0 3
5 -9
7 -23
5 -2
-3 -7
-4 3
17 64
-25 11
-1 -1
-6 8
31 52
-12 -16
13 3
4 -3
-11 -115
-61 -18
11 8
-9 -12
-24 -6
-50 1
5 4
2 9
65 -28
25 17
3 -1
6 -6
-25 3
-14 23
7 -5
0 5
-12 68
84 -35
9 -4
6 5
-11 2
27 -28
0 -5
10 -3
-42 2
-23 -25
3 -6
-7 7
-17 -28
-6 -9
-1 12
1 2
-67 -21
250 85
-3 -7
0 6
18 -3
8 25
-2 -3
2 2
-22 -6
-30 -6
-1 -5
-3 0
26 -13
13 -30
1 -6
0 -8
-15 -27
11 59
-2 1
1 -10
-9 11
-9 32
-8 -3
-5 -1
-10 -44
1 70
0 -8
5 -3
-42 14
0 10
11 -9
4 -8
18 6
24 39
3 -10
-1 -7
0 18
18 -9
-4 3
-1 5
-12 2
16 -88
-1 0
9 -8
20 -38
11 2
-4 -6
-4 1
-24 19
-55 31
10 -1
0 0
-31 -1
-27 6
0 -8
4 -1
38 28
-26 -39
7 7
8 -2
35 3
-13 1
4 1
0 -3
14 36
22 -94
-4 1
4 6
-6 -6
-34 -8
0 1
-2 -16
55 -12
-33 11
-3 5
-4 5
-27 5
-28 7
6 3
-5 0
50 -110
-46 45
-12 0
0 2
16 0
37 -2
10 0
-1 -3
-2 -102
16 12
-9 1
-8 6
-5 -50
5 -12
-12 -6
0 0
-16 53
66 10
1 3
-8 8
16 -32
-7 -3
11 0
0 6
-67 53
0 -25
6 -3
-11 -4
15 27
-6 -1
0 9
-1 4
-15 32
16 -1
0 0
2 -4
0 7
0 23
-2 3
-2 0
-13 76
26 -5
-1 -6
-6 -4
-20 28
11 -6
-7 1
-3 8
324 75
217 72
-6 0
0 -10
5 -1
-14 -1
-4 4
-2 1
-9 -9
22 7
12 -8
0 -1
12 -10
-12 18
1 0
1 -6
16 -23
-3 -79
-5 3
-3 1
1 -4
-28 9
9 -3
-11 -6
-18 -20
-5 26
-1 -3
-2 5
3 10
-3 -17
6 -5
4 -5
1 9
-96 96
-11 -2
0 6
-4 2
17 5
4 -3
1 -3
-1 -1
23 -24
-7 0
5 -2
-6 -4
9 -4
5 4
6 -5
4 10
-36 -47
-3 -8
-1 -6
-5 -2
-3 -18
-7 -2
-1 -7
-10 24
7 -7
5 -8
-3 8
2 11
6 16
-8 0
9 3
32 -65
174 -157
1 -4
0 9
-7 -9
14 -10
-7 -7
3 -2
-43 20
18 -6
-2 3
-4 -1
-13 -2
9 -7
-10 -6
-2 5
-4 -58
-53 13
-1 -1
-2 1
3 3
11 -21
-11 9
6 5
-12 17
-11 -21
0 1
3 -11
-20 -12
4 -10
2 -4
-9 -1
43 28
76 -43
13 -2
2 -6
0 -1
-15 22
-3 4
1 3
33 -7
11 26
-7 -1
-3 -6
3 0
-9 11
-9 -1
-8 3
45 34
-11 -18
-9 7
3 6
0 8
5 18
7 -5
-4 3
-29 -3
8 19
-3 1
-1 -2
37 -5
-10 -5
0 7
-6 -6
42 112
23 -186
-7 -2
-14 -6
6 2
-10 15
-9 7
0 -12
-4 -8
-44 31
2 -1
-3 9
1 -11
9 13
7 -7
3 -3
7 30
2 11
10 -3
-4 -7
0 2
29 10
-15 0
0 -3
7 10
-3 11
-1 -3
-8 2
-11 -16
3 -8
-5 8
-6 -4
-68 -40
2 13
-1 5
10 7
-6 0
-17 -34
3 -6
-1 -2
6 -15
-24 3
-2 0
-11 -4
-8 17
-15 -10
4 -2
-1 6
-35 -13
58 -31
2 -8
-3 5
-11 -1
-3 17
3 4
3 3
6 -4
-5 -20
3 2
-4 -5
3 16
-5 -4
-5 1
1 3
80 -48
-63 76
-1 2
2 -5
-4 -5
25 -25
-4 -3
-3 6
43 -12
-40 -6
-4 0
1 -7
9 -6
8 12
-12 10
1 -1
-6 3
4 53
-16 10
-5 -3
-5 15
-11 1
-2 2
-4 -2
24 -44
21 -1
1 -1
1 -5
8 -3
-13 3
1 -13
1 4
-62 -23
20 5
-3 -5
-9 4
2 -9
-23 6
11 -1
-4 -2
-44 19
10 -17
-1 3
5 4
-12 -7
5 -5
-4 -3
-3 -8
12 -21
-8 22
3 -2
1 -7
3 -4
-14 -32
0 -9
-13 1
1 43
-24 -4
-5 -6
-4 12
-20 9
1 3
-4 2
3 -5
-171 31
55 132
-7 0
-8 -1
0 3
1 -7
7 1
-1 -12
-14 -4
-19 -19
-7 -9
0 -8
5 -1
11 0
-2 4
-5 8
-6 5
-11 -19
2 -8
0 2
0 -19
-10 0
-8 10
-3 -2
6 1
-3 6
-5 -3
0 16
-8 -6
-4 -3
-1 3
-2 -2
-8 -2
-32 -26
-3 1
11 1
-2 2
-2 3
-1 -4
7 -4
0 -4
24 -6
-6 -4
5 8
-7 19
-7 2
-6 -9
5 -2
16 -29
-5 -7
5 2
-8 -1
0 -1
0 -6
-3 -8
0 8
-16 19
-10 0
3 -4
-12 3
0 -1
4 4
-5 3
-3 7
10 -16
-17 52
12 1
-3 -3
5 -3
-1 -12
-8 -5
-4 0
-11 -24
4 14
0 4
-16 2
-1 0
-16 -8
4 0
-2 0
9 26
-1 3
-6 2
0 -6
-5 14
0 0
-1 -9
6 -5
-12 17
-1 7
1 0
3 -12
7 -1
-3 0
0 0
-1 -2
-42 5
1 53
0 0
0 -1
-11 0
12 5
7 -3
-5 5
20 2
18 -15
9 4
-4 -12
4 2
12 3
-8 -1
-2 0
-12 -35
-28 -3
-1 -2
15 0
-21 -8
8 -3
1 1
1 -10
8 1
-11 3
-8 2
5 8
-5 21
0 0
-5 -3
4 -13
-27 39
91 33
0 -2
-1 1
-8 5
10 2
-5 3
13 -6
25 -5
6 3
-6 -6
11 2
0 -2
-10 -7
7 -5
-2 -7
-18 2
8 -15
1 -1
-11 0
-9 3
0 0
0 2
-11 3
-10 -15
11 -1
13 -2
-1 -5
8 16
3 1
7 3
-4 0
55 13
24 -48
6 2
18 -5
14 -3
-2 7
-5 5
-2 13
-23 14
-20 -1
0 2
1 20
11 -14
-2 -5
0 -2
-9 -8
-15 3
25 27
-5 0
13 -12
-6 7
5 4
-9 -9
-3 5
29 -11
-2 -9
8 5
4 -5
-10 -19
4 1
7 4
0 1
56 -67
4 14
-6 5
-2 2
3 -8
-10 -6
2 -10
-4 -3
-13 -1
-8 10
4 7
-25 -10
-9 18
1 8
0 2
4 5
12 0
5 4
0 2
0 -3
8 -15
-3 -1
7 0
0 -7
-2 -1
8 -10
-13 -4
-2 11
3 -8
-3 -3
-1 -5
0 2
-8 -19
-13 -7
-3 -9
-3 7
6 -2
2 -7
5 0
6 -10
-2 -5
-18 -2
-10 -1
10 -17
-4 -9
-6 2
-4 -1
3 -4
-6 28
11 -16
2 0
-11 1
8 -6
4 1
1 10
0 -2
-1 -14
-6 19
5 -1
-13 0
22 2
-9 -8
3 0
-3 -4
-44 73
210 39
3 -4
-1 -1
12 -4
2 7
-4 -5
2 -1
13 -6
-13 1
3 2
2 -1
-6 -11
3 -3
0 -4
-4 -3
4 -9
-3 3
0 -4
10 -3
2 -3
-8 0
1 -8
0 0
2 4
8 -6
-1 -4
-5 -2
-5 -6
-10 -10
0 4
-1 -4
-2 -4
26 15
-4 1
-5 -6
-3 4
-3 1
-6 6
0 1
-4 -3
5 -15
-7 -1
-6 -1
-6 8
1 9
2 2
-1 -1
5 -14
9 9
0 0
-4 5
-3 -1
0 -5
6 6
1 6
0 8
-4 -3
-2 2
-6 -6
-4 -5
4 0
-11 -7
4 0
33 2
-33 33
-4 -3
2 0
8 1
1 17
2 -2
-3 -2
8 -7
4 1
2 -3
8 4
-8 -3
-11 -1
-4 6
-1 1
-4 4
-24 -19
-3 -4
-4 2
1 0
-12 -1
-1 0
-3 -3
-1 7
10 -15
0 0
4 1
-4 -3
-6 1
2 5
-6 -1
-12 -16
-5 -28
3 2
-5 3
-5 6
-2 2
-1 -2
-3 -3
-17 -4
2 -7
1 1
-2 0
2 5
5 -5
1 -8
0 2
-22 -11
-8 -15
-4 -2
-6 -9
7 1
6 -3
-2 -10
-1 -4
-1 -12
10 -1
1 1
1 0
-6 1
1 -5
-6 -8
-3 4
-69 -31
11 -4
-3 -2
-5 3
-8 9
3 -9
-4 -2
0 2
-3 9
-13 6
-5 1
-5 -5
4 6
-6 -8
-3 1
-2 -1
5 14
-4 -8
4 0
-2 5
4 3
11 4
-4 4
-3 -2
5 -8
-6 2
-2 -3
0 -1
-1 4
-4 -2
-5 -4
5 -1
-8 0
-20 11
4 -3
0 -3
-2 -8
-1 -4
3 -2
-3 -1
-2 6
-6 9
-2 -2
5 -4
3 -8
3 -1
-1 1
-1 -2
14 12
5 10
-4 2
-3 1
-6 -3
-3 6
3 0
0 -1
-8 -5
-5 -6
-1 1
4 -1
-3 6
3 0
6 -3
1 -4
21 43
13 -20
1 1
2 6
-4 -5
-11 -12
0 0
-3 -1
0 0
2 3
-2 -4
-3 -4
2 1
0 -5
-4 -7
2 -1
-8 8
12 8
-1 -6
7 -5
-5 -9
-3 -3
-3 -3
0 1
-11 4
-12 13
-5 -2
-2 -3
10 7
-2 4
0 7
-4 1
-3 4
8 16
-8 0
-8 -8
4 -2
7 -4
-2 -1
2 0
9 -14
-5 13
2 4
-3 3
-5 -5
5 7
1 -4
-6 -1
12 2
6 -8
2 0
0 8
-2 3
1 7
-2 2
-3 1
-2 -1
-8 -3
1 0
-2 -1
-14 -5
-5 -4
-8 4
-2 3
-2 -11
-820 2776
-23 1
-61 10
-35 3
142 22
-9 -10
-2 -8
7 103
34 213
-6 0
-4 8
-14 -6
-13 -26
19 -8
17 -5
77 107
109 -225
-13 14
-10 21
17 -31
57 23
9 6
14 0
114 -9
147 160
-4 -34
-11 -14
97 19
-4 36
0 -5
27 6
145 77
-191 303
27 -19
9 -29
0 -17
48 88
-6 -5
-7 0
67 27
-40 1
-12 5
-3 -8
-36 23
2 -56
-3 -1
-13 -1
-217 134
63 -204
14 3
-2 -16
-53 10
-27 -57
-27 -2
-11 -2
64 -113
15 -92
13 20
-9 8
31 -7
-22 -3
1 -24
-5 -1
-194 -12
-215 38
3 3
18 7
20 31
-80 -43
-18 -11
0 -11
23 -101
-53 -156
-8 2
0 9
15 15
-4 36
18 3
-14 -5
25 -54
-168 234
-31 5
5 -9
-34 41
-28 0
-7 -10
-3 -17
-143 121
-77 -46
-13 6
12 21
-71 -19
-12 -33
25 -5
19 0
-42 196
100 -92
-5 -9
5 8
20 -19
-86 -57
19 3
-1 22
-87 -23
-59 -116
5 -6
9 -6
-35 -26
10 -3
-43 -1
-26 -5
132 -277
33 96
29 -24
-4 -8
88 -52
49 35
-1 0
12 4
-59 -100
-86 19
6 2
6 -7
-44 -43
42 -10
0 21
-8 -10
-132 48
357 -417
1 2
6 -12
19 25
3 109
-14 -15
0 -13
-29 8
9 184
-7 -1
-9 -5
45 -6
0 62
27 -7
19 8
-181 297
-4 -181
-32 15
7 4
-26 33
-72 31
3 -9
1 -17
-129 93
14 23
-18 -10
-9 0
38 -4
3 2
-9 -9
7 12
76 -202
103 82
20 -6
17 -19
22 -45
-27 -23
6 2
-11 14
57 -85
13 31
7 3
1 -14
7 21
4 0
-8 -5
-25 3
-31 -78
-53 263
13 -8
2 -29
-39 -20
-2 -37
-11 1
5 -8
-62 -27
-50 0
13 13
12 4
-99 87
3 -22
-7 -28
-20 -6
118 148
-241 37
8 -7
-9 12
-29 -6
2 -96
-5 -6
-9 -4
-16 3
-46 -161
-23 12
6 7
-82 31
-36 -58
5 5
-30 -19
19 -92
8 -54
-1 5
13 -14
-11 26
49 -13
-17 -3
-18 -2
144 -103
-31 -43
5 16
1 9
18 -13
-23 9
26 0
30 -7
-187 271
-35 107
-7 -5
-19 10
41 -16
59 49
13 13
15 7
-5 46
64 49
5 -26
-3 -10
0 -64
36 -10
-21 2
9 -2
53 7
65 -250
31 -14
-8 22
22 -39
7 24
0 -8
9 -2
138 -111
20 -35
-1 -6
-8 -18
67 -34
-8 35
-30 22
-19 -1
307 -553
-822 -2781
-24 -5
-38 -7
-63 -15
7 -108
-4 5
-11 7
141 -27
76 -112
17 3
18 4
-16 23
-16 3
-7 -12
-8 -3
34 -219
144 -81
26 -10
0 2
-6 -40
96 -23
-14 11
-6 31
147 -164
113 6
15 -4
9 -11
57 -28
17 28
-13 -26
-16 -19
109 223
-195 9
-8 -2
0 21
-24 0
31 4
-11 -12
15 -24
14 89
64 110
-13 -1
-30 -2
-29 54
-55 -15
-4 13
14 -8
63 201
-219 -139
-15 -1
-5 -3
2 53
-38 -27
-5 5
-14 -10
-42 -4
67 -31
-10 -3
-8 2
48 -93
-2 14
9 26
27 17
-194 -308
-134 -53
-10 6
-1 -26
41 6
-46 40
6 3
6 -6
-89 -23
-61 97
12 -8
-3 -4
48 -40
87 49
-6 6
29 21
32 -100
133 274
-28 2
-45 -1
9 0
-37 24
9 3
5 3
-61 113
-88 20
-3 -27
19 -7
-88 54
19 16
5 -12
-7 7
100 90
-45 -201
19 -3
24 2
-14 31
-73 16
12 -26
-15 -10
-79 43
-145 -126
-5 14
-9 7
-30 -2
-36 -46
5 7
-32 -10
-170 -239
25 52
-16 2
18 -8
-7 -42
15 -20
0 -13
-11 -7
-54 154
22 99
-2 8
-21 9
-82 41
20 -35
18 -12
3 -7
-216 -42
308 550
-21 -2
-32 -27
-10 -39
66 32
-11 15
-2 3
20 32
138 109
8 0
-1 5
7 -29
22 36
-10 -27
30 10
64 247
53 -11
8 -1
-23 -6
35 7
-1 62
-4 8
5 24
64 -53
-6 -50
15 -11
13 -17
58 -54
40 14
-21 -14
-9 2
-37 -112
-190 -276
30 3
26 -4
-25 -13
18 10
-1 -13
4 -21
-33 41
144 101
-20 -2
-19 1
48 11
-14 -32
12 11
-3 -9
7 50
19 89
-32 16
5 -8
-39 55
-84 -35
5 -10
-25 -16
-48 158
-18 -7
-11 2
-8 3
1 93
-31 4
-11 -17
8 3
-243 -42
117 -152
-22 3
-9 25
2 19
-100 -91
12 -8
13 -18
-52 -4
-65 25
4 5
-13 -5
-4 35
-41 17
2 27
12 5
-54 -269
-33 75
-27 -7
-10 3
4 -4
6 -26
1 11
6 -8
13 -35
57 83
-13 -19
6 -7
-29 20
22 43
16 16
20 3
103 -86
76 199
8 -16
-11 6
2 -6
38 1
-12 -3
-21 8
14 -28
-132 -98
0 14
2 5
-74 -36
-28 -36
7 -9
-34 -19
-6 178
-182 -302
18 -13
27 4
-1 -66
44 3
-11 1
-10 -2
8 -188
-31 -13
-2 11
-15 12
2 -114
19 -29
6 9
0 -6
357 413
209 -41
2 1
11 3
0 -1
14 3
2 0
-4 3
2 -8
5 6
-3 2
0 2
3 1
-6 9
1 0
3 -3
-12 -3
-1 2
0 2
0 -5
-9 8
-5 4
-5 1
-1 2
8 4
1 -4
1 -1
2 5
-7 -2
2 1
9 1
0 1
0 -3
33 -3
3 -1
-11 5
3 0
-2 3
-6 4
0 -3
-3 2
0 -9
0 -7
5 -7
0 4
-2 0
-4 -6
1 -1
8 -10
4 11
0 0
2 -4
2 -10
-6 -9
-5 0
-6 0
4 13
-2 1
0 -2
-5 -7
-2 -2
-3 -5
-3 4
-2 -1
26 -17
-69 29
-2 -5
-5 5
1 3
-5 -2
1 -1
1 -3
9 0
-1 10
0 2
-2 8
6 1
7 -2
-5 8
-3 0
-8 12
-20 9
0 -2
0 7
5 4
1 -5
0 -1
2 -2
2 6
-16 2
-2 0
0 0
-1 -3
-5 -6
-3 -4
3 -2
-4 26
-12 13
-5 0
2 -6
-5 -1
-3 1
4 -3
0 0
10 13
-1 -8
-2 1
-1 0
-11 0
1 -2
-3 -2
-2 1
-23 16
-3 -4
-1 -2
-3 -7
-10 -1
-7 1
8 -5
2 0
4 -1
8 6
-2 0
1 1
0 -17
8 -2
2 -2
-3 1
-32 -34
0 9
-2 -4
-8 -6
-4 2
-13 4
-2 0
1 0
-7 2
-1 0
-3 -2
-1 -3
1 -9
-1 -4
0 -9
3 -1
6 7
13 -3
-5 0
0 2
5 -7
-4 3
-2 -3
2 -4
-3 -14
10 11
3 -1
-1 0
7 2
4 1
-8 6
-7 -1
7 -18
-3 -6
-3 -2
1 -9
-2 -5
11 -8
-2 1
-5 0
-12 -13
-10 -5
0 -2
-3 2
-2 2
-5 6
7 3
0 4
12 -9
-6 -8
1 0
-3 5
0 3
2 -2
-2 2
-1 2
2 -4
0 0
-2 0
-1 -1
-10 11
-3 3
2 -7
1 -2
13 18
21 -44
1 2
6 1
3 0
-2 -7
5 0
0 -3
-4 4
-8 4
0 0
3 -1
-2 -7
-5 2
-1 -1
-4 -3
5 -12
13 -13
0 0
-1 -1
3 0
3 5
5 2
-1 0
-4 -10
-1 -7
-3 -1
4 0
-1 2
-1 6
0 1
4 1
-18 -12
-7 0
5 0
-4 3
-3 0
0 -5
0 0
-2 1
-5 -4
4 5
-2 1
-3 -6
10 -6
3 -4
-1 -7
3 -2
-4 6
5 -16
-2 0
-2 -2
-6 6
4 -6
-4 3
-5 -2
-12 -7
-2 -10
0 -3
-3 0
3 6
-6 -10
-4 -4
-4 0
11 2
56 -134
-8 -2
-2 -4
-9 0
-14 2
-1 11
6 -3
2 6
-6 -7
-5 -10
-3 -6
12 0
6 0
0 7
-7 8
-20 17
-8 1
-2 1
-2 -4
-4 1
-8 6
1 -18
-5 2
-2 -8
7 -3
-3 1
-8 -12
-10 -1
2 18
-1 -4
3 7
-11 19
10 14
-4 -10
-6 -5
4 -5
-1 1
-12 -5
3 2
-10 -2
-15 -20
0 -10
-4 7
-1 5
0 -1
-9 0
6 -4
-5 6
16 27
6 1
-6 8
-7 -4
-8 -22
6 -9
-6 3
24 5
0 3
7 3
-3 3
-2 -6
-3 -4
11 -3
-3 -3
-32 26
-28 -40
4 11
-5 3
0 -2
-6 -22
6 -10
-9 -4
-12 -6
8 -3
2 8
1 -3
8 1
-22 7
15 -1
-1 1
-29 2
-12 34
-2 -1
-8 -1
12 -4
4 -3
-3 11
10 -5
19 15
20 -5
-5 -7
8 3
13 -7
-11 -2
0 0
-1 -1
2 -55
-43 -7
-1 1
-1 -2
-4 -2
8 -1
4 11
1 0
-1 -9
-13 -19
7 5
-3 8
1 -2
-5 -16
0 5
-7 -4
-1 -5
9 -28
-2 -2
5 -2
-16 6
-2 -2
-16 -4
0 -5
4 -16
-11 23
-5 -1
-8 4
-2 11
5 2
-3 2
12 -3
-17 -54
-43 -75
-4 3
3 -1
-9 7
22 -3
-13 0
6 1
-7 -20
-2 14
0 1
2 -12
5 -3
8 5
-12 -3
3 -1
11 15
-6 -30
3 3
-4 0
-7 -3
-4 8
11 16
-11 1
-18 0
-2 3
6 9
5 -1
2 6
6 1
-3 -9
-4 9
-15 6
-8 18
0 -5
-1 4
-4 2
3 7
-2 -12
-15 2
8 9
-3 -1
0 6
7 -2
-3 1
8 15
0 2
1 -4
6 -6
12 -1
4 -6
-1 -3
1 -10
-10 -20
-25 8
4 -8
-8 -11
-14 0
-4 2
2 9
-11 5
3 8
-3 -4
-7 -7
4 -15
56 65
-1 -1
7 -5
4 -2
-11 18
5 4
9 -7
-3 8
29 10
-4 -7
-9 8
5 -6
-6 -9
14 11
-5 0
25 -30
-16 -5
-9 7
-1 1
-3 3
11 13
2 -21
0 -3
-20 1
-23 -16
-2 -14
-5 -6
-3 -9
15 2
18 5
7 -3
24 47
56 -15
-3 -2
6 -4
3 -2
9 -18
-2 5
13 1
12 0
-11 14
-12 -5
-1 -4
0 0
-10 -5
-11 -3
1 0
8 14
-18 -3
-3 5
7 5
-11 6
1 1
12 -4
-7 5
7 -5
25 3
13 5
-4 -4
10 -3
-8 -7
-2 -4
0 1
91 -35
217 -74
-5 -2
4 -1
0 7
-8 6
0 -3
-4 -5
-13 -1
15 20
1 4
1 -2
-12 -19
11 7
0 -1
12 5
22 -9
2 -10
3 2
5 3
-2 14
2 -11
-1 -7
0 0
-4 -27
-16 17
-10 4
9 1
-27 -10
1 2
-2 -3
-4 -5
-1 77
31 62
8 -5
-8 -2
6 -17
2 -12
-2 -9
5 5
8 4
-8 -25
0 5
-6 0
-3 15
-4 0
0 3
-2 5
-35 45
4 -12
6 2
5 -6
9 1
-5 1
4 0
-5 -1
22 21
-1 -1
0 0
3 0
18 -7
-4 -4
0 -8
-10 0
-95 -98
41 -113
-5 3
0 -9
-9 1
36 3
0 0
-3 -3
8 -21
-29 1
-3 -5
7 3
5 -20
0 -10
2 -7
-8 -9
-11 15
45 -35
-6 -5
-8 -1
-8 -12
3 -1
-1 3
-6 0
11 -27
32 4
1 -5
-2 -6
-15 -24
0 -1
1 2
13 0
76 41
42 -30
-8 -1
2 1
4 7
-19 9
3 8
0 -3
-9 18
-11 -18
5 -6
-11 -10
10 18
3 -4
-1 -2
0 0
-52 -16
-3 55
-1 -7
-8 2
9 3
-12 0
-3 -1
-1 -5
18 4
-41 -21
2 0
-6 4
13 7
-6 6
0 -11
1 1
175 154
-169 -32
2 3
-3 -3
1 -6
-20 -10
-3 -13
-4 4
-23 2
0 -44
-12 -2
0 7
-13 30
3 1
1 4
3 0
-7 -23
11 19
-2 5
-3 0
5 2
-10 4
5 -5
0 -4
10 14
-44 -21
-4 0
10 0
-22 -8
2 6
-8 -5
-3 2
19 -6
-61 19
0 -6
1 10
-13 -5
8 0
1 2
0 -1
20 0
24 41
-3 0
-1 -3
-10 -2
-5 -16
-4 0
-15 -12
4 -55
-5 -4
0 0
-12 -11
8 -14
9 3
1 4
-3 -2
-40 3
43 9
-1 -8
-4 1
24 22
-4 2
2 2
0 -3
-62 -77
80 44
1 -4
-5 -2
-4 1
3 -18
-3 2
3 -4
-4 16
5 1
2 -5
3 -6
-3 -19
-10 -1
-2 -7
2 6
58 28
-35 10
0 -8
3 0
-14 6
-8 -19
-10 2
-1 -1
-23 -4
6 14
0 0
4 4
-16 30
-5 -2
10 -8
0 -7
2 -15
-66 37
-4 2
-5 -9
3 6
-9 13
-7 -3
-1 0
-2 -13
6 -12
0 0
-14 -2
28 -11
0 -4
-3 4
8 0
2 -13
7 -32
3 0
7 5
8 -15
1 8
-2 -10
2 -1
-43 -32
-3 5
0 9
-8 -8
-10 -16
6 -3
-13 3
-7 0
23 184
-343 -346
-12 0
10 12
-8 -6
22 -49
1 9
-2 -6
-32 -4
-5 -11
-4 1
-5 -6
-48 -18
-6 -18
-11 4
-3 5
43 -16
11 28
0 1
-10 -2
5 -4
-8 21
-7 3
-2 7
19 9
21 -41
1 2
-3 -1
8 15
-10 -5
-6 -10
-13 7
45 17
-8 3
-1 1
-28 4
6 -17
-8 39
12 1
-9 -7
24 27
-6 34
-4 4
0 -2
5 4
10 -15
-6 3
-9 -3
-10 52
-9 -27
-9 5
-10 0
24 38
7 -19
-7 -1
0 -3
-52 -30
-29 40
-4 3
-1 -2
4 -21
21 5
2 -13
-9 6
-46 -17
-68 19
1 -5
-3 -15
-7 7
-18 26
-7 -10
4 4
-25 24
-44 -5
11 2
-1 4
27 26
-12 -4
7 -8
10 2
85 33
-12 -71
-2 -8
7 3
-16 -26
-26 -5
6 3
4 -1
25 -20
65 27
1 -12
5 -7
-50 -4
-25 4
-10 10
12 -11
-62 16
-12 114
4 1
13 -6
-13 15
32 -56
-7 -11
-3 0
-26 -13
17 -67
-4 -6
-4 5
5 0
8 22
5 7
1 -6
-43 48
8 12
1 -7
-5 -1
8 -6
5 27
4 -4
-8 -2
5 -25
-21 -11
-4 3
-13 7
37 1
-13 -14
6 15
10 2
-141 41
325 -77
-3 -10
-8 -4
12 5
-20 -31
-8 3
-2 5
27 3
-14 -78
-3 -2
-3 -6
-1 -26
1 -10
3 2
0 -3
16 -1
-16 -35
-2 -7
-1 -11
-6 -1
16 -30
-11 2
6 1
0 23
-68 -56
0 -9
12 -1
-8 2
16 32
-9 -11
1 -6
66 -13
-17 -56
-1 -3
-13 4
5 10
-6 48
-9 -9
-10 -3
16 -15
-3 101
-1 2
11 -3
38 2
16 -1
-1 -4
-12 -1
-47 -48
51 108
-6 -1
6 -6
-28 -10
-27 -8
-5 -7
-4 -8
-34 -13
55 11
-2 16
0 -4
-35 6
-7 5
4 -8
-5 -5
23 92
15 -39
-1 1
5 -4
-14 -3
35 -6
9 0
7 -10
-27 37
38 -30
5 0
-1 7
-27 -9
-32 0
0 -2
10 0
-56 -33
-24 -22
-5 -3
-5 5
11 -5
21 36
9 7
-1 -3
16 86
-13 -4
-2 -7
-5 -6
18 8
0 -20
-2 6
3 8
25 -43
19 -9
5 6
11 7
0 -13
-43 -17
5 1
-1 6
1 -72
-11 43
-6 -1
-8 1
-10 -35
-10 -14
1 7
-3 -4
11 -62
-17 25
-1 6
2 4
13 28
26 12
-4 -2
-1 4
-31 4
-22 5
3 -5
-3 1
9 -28
19 1
1 -10
-3 6
250 -88
189 -6
-1 -4
-8 -12
4 1
2 -2
1 -1
-5 -5
4 12
1 -4
-4 0
2 -1
0 4
-4 8
-1 6
-2 -3
2 -6
-15 -9
1 7
-12 -4
4 -1
2 -5
2 0
6 0
-4 0
1 2
-1 -6
0 -5
0 0
-2 -2
0 -2
1 -1
2 2
-10 6
0 -1
2 0
-8 0
-1 3
-7 0
-3 -4
2 -1
-3 -3
-5 1
1 0
-12 -12
-10 -1
4 2
-1 -1
-2 2
2 0
3 -1
2 0
1 2
9 0
2 -5
0 0
-1 0
-4 -1
0 1
0 4
0 -5
3 -6
-2 -2
1 -3
-31 -55
18 -17
-2 2
-5 -6
1 -6
0 3
0 1
2 2
0 -3
0 -4
2 -2
1 1
14 6
9 -6
-3 -8
-1 2
2 11
12 13
-6 -4
1 3
1 5
0 0
-4 3
-2 -1
8 -5
2 -6
-7 3
-2 2
1 -5
-5 -11
-4 -5
-1 0
17 17
-5 9
-3 -2
2 8
1 0
-6 -8
9 -4
-4 -1
-4 3
0 1
8 0
-6 -5
-7 5
5 10
-2 6
-2 2
6 -17
-6 4
4 2
4 3
-5 -12
-11 0
0 0
4 -2
-5 -6
0 1
-5 0
0 0
2 3
11 17
-2 3
-4 3
14 58
-21 -16
-3 0
-10 0
0 -1
2 -11
-7 -1
-1 -2
-8 -3
-2 0
-4 0
0 0
0 -5
0 5
3 0
4 0
0 -6
8 -14
0 -1
-5 -1
6 1
-3 4
5 -14
0 -7
-2 -9
4 -7
1 -3
-1 4
-4 6
6 2
3 0
-5 1
11 13
8 -1
-2 -1
-8 -7
-7 -4
4 3
-2 5
5 -2
3 -4
-6 2
6 -3
-6 -1
1 1
0 -1
-6 -3
0 0
-11 -8
-9 0
0 0
2 -1
4 1
-8 -11
-4 0
-1 -8
-8 9
6 -1
5 3
-3 0
2 3
-9 1
-19 8
-3 -2
14 -29
8 -4
0 -3
-3 -5
-2 10
-2 -4
3 -2
-3 4
5 3
6 8
-5 -2
2 -6
-12 -3
0 2
-5 7
-8 -1
-5 2
3 -7
-2 5
-10 3
-12 -7
-2 -1
0 4
1 8
-5 0
-2 10
-8 -5
1 -4
-12 10
3 -1
1 -3
2 -2
-21 22
-10 4
0 0
11 13
1 3
0 4
-4 3
-7 3
1 1
-7 0
-3 0
2 -3
10 -8
-2 -3
7 -11
5 -4
-7 -3
0 -2
6 -3
6 -2
5 -1
1 -1
0 -11
0 0
4 4
-3 0
2 1
0 0
-1 -11
12 -3
10 -9
6 1
29 30
134 -144
2 -2
-10 3
-7 -3
-1 0
0 -2
4 0
3 -10
-8 -3
0 1
-6 8
3 -10
-2 0
4 -8
-4 -2
-10 -5
4 10
-2 -3
5 3
-1 11
-4 -9
-1 -11
0 1
2 13
-18 1
0 3
-4 -7
3 -2
-6 0
-1 -7
0 0
-3 -18
-38 19
-7 1
2 -3
7 -3
-1 1
-3 2
-3 -4
0 -5
5 0
-1 1
-4 -3
-9 1
1 0
2 10
1 0
7 4
-6 -2
0 0
5 12
-1 -2
-4 1
-4 4
-3 -2
-2 -9
0 -5
3 -7
0 4
-9 1
-2 -3
6 6
-5 -4
2 -9
8 13
1 -2
-7 -7
-1 -5
10 -2
0 -4
-1 3
-8 5
-6 8
-7 -3
2 -6
-4 -18
-7 -3
-5 4
-1 -4
-16 -2
-2 -6
-1 1
-11 -14
-9 -2
4 4
5 3
-2 -2
-11 -17
-9 -4
-4 2
-1 -10
-6 -1
-3 -14
-4 -5
4 1
-9 4
31 -5
2 -1
1 4
-7 8
-7 0
1 1
5 -2
-13 11
-12 -8
2 -3
-2 13
17 7
-2 5
1 5
1 0
-6 -5
2 11
3 -3
0 -8
-1 8
-1 3
-6 -2
3 5
-7 -1
0 -2
-6 0
-1 0
1 4
12 13
-5 -5
1 -1
2 -17
34 -5
-4 3
8 1
-7 3
-5 -1
-5 5
-7 -9
-6 9
-10 -17
0 -2
2 -19
2 15
13 -4
-6 -7
-1 5
-4 1
-13 6
-1 -4
-5 -1
-4 7
10 6
-3 0
-1 -1
2 5
11 6
5 -2
-3 6
-5 -6
3 2
5 1
-4 1
15 -2
-10 -59
-9 -1
-2 5
1 -8
-5 -6
-1 -9
3 0
7 -3
11 10
1 2
4 -1
-4 -6
-2 1
-3 -4
-1 -1
6 5
13 -4
-2 0
-6 0
8 -13
-14 -7
-2 5
-3 -2
6 8
-1 0
1 -3
1 3
8 -2
-2 1
-3 -3
1 0
4 9
4 44
5 1
1 -3
-6 2
-2 1
5 5
7 -1
3 -7
-3 -5
1 -2
-2 2
2 -3
-3 -7
7 9
2 0
11 -2
-5 -4
0 2
7 1
8 2
2 -8
-3 0
4 -2
-4 -4
8 -6
-1 -1
1 -6
6 1
-3 3
1 -3
1 -2
5 16
8 3
1 0
-5 -7
-4 -6
2 6
-4 1
-10 -1
8 -5
3 4
-10 1
-5 -2
-13 -2
2 4
-5 -4
2 2
-17 5
4 -2
-6 -1
1 6
-2 6
-1 5
-3 -2
-4 -4
18 2
-7 6
-1 -3
-1 5
-7 -1
-6 -12
4 -3
-4 -6
-34 -9
550 -189
4 -2
18 -12
-9 -24
40 -27
0 -1
-1 7
-31 -3
-12 76
1 -1
7 -15
-4 10
30 -1
-10 -8
-5 -8
-32 -12
-50 164
16 -4
10 6
-3 -17
-57 -15
-4 3
-5 3
6 84
30 35
0 -3
3 10
45 18
1 -5
-3 1
-8 4
70 -70
79 -260
6 -2
8 21
-12 -12
-25 -17
-8 -1
3 -2
37 -26
-2 -106
-1 -5
-11 10
7 14
-17 -30
-15 -5
11 -5
2 -86
-21 -55
2 -8
8 1
6 -42
41 22
-1 -11
0 -5
-64 -21
-17 37
-4 0
-1 0
-8 -35
7 4
9 -7
6 0
86 152
36 381
-4 4
-15 -9
-18 16
28 -11
8 -13
5 -1
-7 -6
-11 53
5 0
3 -5
-16 -20
-22 16
17 6
4 4
-88 33
-135 77
-7 0
-15 -12
-26 28
9 -6
2 -6
1 3
65 -36
-38 -59
6 -12
0 -14
-29 -13
-4 -10
-4 3
-8 -2
34 83
-16 -34
-15 0
-6 -14
44 14
44 24
4 -1
-10 -17
-105 -38
0 41
0 6
0 -9
-16 -26
17 11
9 -9
-3 -6
63 -132
66 -115
-12 2
-11 7
5 16
-35 1
5 5
-3 8
105 23
-19 10
-3 7
-3 -1
32 53
-12 3
5 -2
-5 -5
-46 290
96 545
0 0
-10 4
-13 -13
-46 -60
-2 -5
-4 0
66 25
20 -144
-1 3
-11 -3
21 42
-12 -19
-3 6
0 4
105 -33
135 -45
1 -4
-3 0
0 -18
9 3
5 -11
0 -3
-3 -17
19 -51
13 2
5 -7
2 -34
22 20
11 -9
-1 9
2 -24
-4 -42
10 4
0 12
15 5
7 35
1 -3
-1 -19
-33 30
19 109
-8 -2
-9 12
-4 7
-9 -3
13 -7
0 2
-64 85
-68 101
-9 6
-15 -1
23 21
15 -15
-8 -10
-10 1
-41 -9
2 40
-6 -1
-10 -6
-37 -18
1 24
9 -17
3 0
-335 74
-268 -105
-7 -2
2 -18
0 11
35 32
-2 -4
14 4
-18 -16
-43 42
5 -4
-1 -7
-50 -56
15 32
-14 4
11 -14
63 -8
-33 -119
1 -15
3 -2
-20 -17
-45 2
-5 12
7 8
18 19
46 56
-8 -6
1 0
-18 21
-17 -1
0 16
1 -4
-28 -276
124 -55
-8 -6
0 -3
-12 10
-34 -47
-10 9
-12 0
36 7
-37 -106
-7 0
1 0
46 45
-10 -39
-19 3
-8 -12
-92 148
40 96
0 0
22 0
2 -15
13 2
8 0
-2 -2
-55 18
-19 -10
0 4
0 4
-2 -46
-3 -25
-15 6
-1 -4
122 -193
148 -1117
1 -9
-18 -3
1 -7
9 13
-6 -3
-6 -8
20 -2
100 72
-12 -3
9 -2
-29 -9
-2 8
-10 -13
-15 2
-34 -99
-13 120
5 -3
-15 6
20 -46
3 -45
4 -5
1 -8
-57 99
-3 23
-10 4
-7 -16
8 47
7 -28
-8 7
13 -3
-59 -20
301 -88
5 0
7 -31
-21 -5
-3 -31
-15 3
-10 3
14 -10
8 2
-7 7
0 4
16 0
-15 3
-13 -4
8 11
102 116
-62 -60
8 -6
-12 -8
-17 -7
-52 26
-8 -10
1 -4
31 -85
-53 7
9 -9
-4 -2
19 -95
-25 7
14 -29
4 1
10 162
-169 70
-7 6
22 31
12 17
-55 9
-1 -2
3 -12
-96 34
-110 62
-1 -6
-6 5
30 -6
-4 -4
20 0
-6 -1
-13 -137
-38 -68
-8 5
13 0
-10 28
-1 23
-8 -1
-6 3
64 -23
-35 -5
-3 17
7 8
-37 63
27 -10
-6 3
-13 5
-89 -192
-38 36
-17 -2
2 3
4 4
34 21
12 9
12 7
4 -123
63 -57
1 -10
-1 -1
-9 -45
-17 22
1 -2
-9 -11
15 114
77 -61
10 2
3 -6
4 -15
47 -29
7 20
7 -11
-35 158
45 -2
1 -4
7 11
31 25
-7 5
-2 19
3 -8
243 28
-448 251
-3 4
2 -7
7 16
23 -11
-3 -2
7 -5
54 83
4 -19
-3 1
0 -5
7 31
53 -7
-1 4
8 5
59 133
-57 -23
-11 4
7 11
2 8
-9 -8
9 -11
-5 -6
-14 -68
-43 33
-11 13
-12 -6
24 -7
14 -22
17 -4
-14 3
75 -28
14 74
1 -2
0 -17
14 -5
-46 8
2 -1
4 3
-50 39
-18 -4
13 -4
7 -2
42 -33
-18 -19
12 4
8 3
-80 -45
61 58
-2 5
-3 -7
-24 2
15 12
-12 -8
3 2
-12 -58
28 -54
9 -18
-3 3
-17 -23
-2 -20
-7 -17
-7 -5
-179 111
59 48
-3 1
12 2
-21 -13
-5 63
-9 -1
-22 1
17 -67
100 1
-19 -7
-15 10
-35 0
-15 10
-2 -8
-15 4
49 -41
127 88
10 -1
-7 -12
28 6
-23 -5
-14 6
-5 3
36 144
11 45
13 6
6 8
-7 -4
-29 10
-10 7
11 2
148 21
-87 -128
-2 -3
-6 2
-15 -8
58 -23
3 6
6 1
17 -8
-16 -54
-9 -4
-7 -7
-51 56
14 24
-31 -1
1 -1
-87 4
-179 -50
10 -9
-1 4
-14 -14
-36 -12
11 -3
-13 -13
-90 -36
-13 -12
-7 0
-2 -1
-3 -33
-14 24
3 19
3 -10
-15 -128
171 -22
-2 1
6 -2
8 -4
2 -6
-3 -2
-6 0
-3 5
-13 2
0 7
-2 0
-8 0
-14 6
-2 -1
0 3
-6 -13
-26 16
0 -3
3 -5
0 -3
-6 6
-4 -6
-6 0
-4 5
3 -5
-8 4
-4 -8
0 -11
0 2
-3 -5
0 4
7 -13
-28 3
1 -2
-9 5
-7 6
12 -8
2 5
2 -6
-3 -4
0 12
5 -1
2 3
-3 2
0 -16
-9 3
0 -6
0 5
7 -2
4 -2
-1 -1
7 4
8 -6
2 6
0 -2
0 -3
-13 -15
9 -5
5 -3
8 0
-12 -3
0 1
0 -3
0 24
25 -22
2 0
0 -2
-3 4
4 2
0 -9
0 4
-4 0
1 -5
-3 0
0 0
-6 3
7 -6
7 -9
0 1
-2 -8
1 -14
0 0
0 -1
2 3
-8 5
0 2
-2 -2
6 -4
-6 -2
3 -2
1 9
-6 -1
2 8
3 1
-4 -2
7 0
51 -20
-3 1
10 -4
0 -13
-3 8
1 -1
4 0
-17 -1
2 2
-3 -4
-5 0
3 -3
2 -4
3 -1
1 0
-13 8
2 10
-7 -7
-2 1
1 0
-1 1
-4 -2
1 -1
2 -11
-2 -4
-4 5
-5 -5
2 5
-7 0
-1 -5
-1 0
10 -8
-6 0
-1 1
-5 10
-3 -1
-9 0
1 -1
-4 -2
-5 1
9 -14
-2 -4
1 4
0 -3
0 -4
-17 0
-5 0
8 2
-23 -10
0 1
-2 2
-7 5
1 -8
0 -8
-2 2
0 -4
-4 -2
0 -2
2 2
-3 5
-5 -9
-1 -7
0 1
6 -15
-7 -9
0 -4
-4 -2
5 5
0 -2
-2 -1
0 0
9 2
3 5
0 6
0 -4
7 -5
-2 5
-2 0
-1 -3
-2 6
4 -1
2 1
-8 -10
-1 -6
3 5
0 13
-5 1
-14 14
1 1
-2 -4
5 0
6 -8
8 9
7 3
0 -3
12 -16
7 17
-1 4
5 0
0 -7
-16 -1
0 3
5 0
12 0
-6 -11
1 1
-8 1
-1 0
0 1
9 2
2 0
0 0
1 1
-5 -4
2 1
-11 -6
-2 -7
-4 -2
4 -2
-4 1
9 12
3 7
-2 -6
-4 3
-3 -2
-9 1
-2 0
-22 13
5 21
0 0
1 -2
0 0
3 0
-3 2
-3 -3
1 -3
0 -10
-5 -4
1 4
0 5
-8 0
0 5
0 0
0 -2
-6 13
-3 -1
5 -2
6 -1
8 0
11 -12
0 0
11 7
1 11
-4 -4
-3 2
-9 -12
2 -8
-6 -4
0 0
-9 0
126 -216
2 -3
-3 4
-2 5
-3 -5
0 -6
-6 -4
-2 1
-1 4
3 -3
9 3
4 1
-5 18
-1 -9
4 -2
0 0
11 28
-2 -4
6 -6
3 6
1 -1
-1 0
4 -6
-6 -2
-4 -7
-3 -2
-1 1
4 1
7 -7
17 -7
-3 2
-22 0
-42 -2
1 5
-5 -4
0 -7
12 2
-7 0
-10 2
-5 -6
-1 -4
-1 -5
3 -7
-9 -1
-3 -5
0 -8
-7 -4
-20 -5
-19 11
-1 2
-8 -7
-2 -10
5 5
4 7
-1 6
5 -6
4 -7
-2 5
5 2
-2 10
8 4
6 6
-6 3
19 -13
67 16
-2 4
0 0
-10 -2
-5 7
2 5
9 -2
0 2
3 8
-5 4
-7 5
-2 9
6 -10
8 10
2 -2
-1 -5
-10 -3
0 0
0 7
-7 -1
-2 7
-1 3
2 0
0 4
6 7
-4 2
-3 -9
3 -6
-16 -4
-18 -2
1 1
0 -10
-14 -8
-1 -5
8 4
4 -6
-6 -7
-1 -5
-4 4
5 3
-3 -12
4 3
3 2
0 -7
7 8
-21 9
3 0
23 17
7 10
-3 2
-1 -6
-4 -1
2 -7
1 -7
-3 -3
-2 4
9 6
-1 -1
-2 1
-4 -2
4 -4
5 2
-4 -4
13 29
-18 -79
-2 -5
-9 -12
7 -13
2 -7
-1 5
3 -3
-4 4
-9 -1
-2 -1
-11 -5
-6 3
0 5
-5 -4
0 0
12 -2
6 -13
1 -1
0 -3
7 -5
-2 -1
0 9
8 4
-4 -1
1 4
1 0
5 0
-6 1
-9 1
-20 -1
1 0
-17 -19
-4 -25
2 2
3 -1
4 7
-6 -5
-4 -7
0 1
6 2
2 -6
-6 3
-4 6
-5 3
5 -4
8 0
-8 1
-7 -4
1 10
-2 4
10 11
-3 -1
-3 1
-3 -2
-2 4
-8 -3
-5 -2
-2 -11
-11 -5
10 -4
-3 0
-13 -1
1 -1
-10 -33
13 22
1 2
-4 8
3 -10
-8 -5
2 1
-9 -1
-5 -7
-6 11
5 -4
7 1
8 0
-11 6
0 1
5 -2
5 -10
-5 -19
-2 -3
-1 -12
-6 0
-13 1
3 8
-4 -6
-8 5
-12 -14
-2 0
2 2
-7 3
-1 4
21 -3
0 3
14 20
1 -2
-2 -2
-7 6
-3 2
1 5
-2 -7
0 3
4 -10
12 15
3 -4
-1 -3
1 -1
-2 -7
-7 -4
-1 -6
2 6
12 -19
-2 -3
-10 0
1 -6
10 -10
2 -6
3 1
0 7
-4 5
0 5
2 4
5 -2
3 3
-4 21
1 2
-20 108
319 347
-2 1
4 -11
3 -13
17 1
-8 1
3 -3
-51 8
25 1
0 -11
-3 -4
22 -14
6 9
-2 -3
0 -6
100 7
24 -1
-3 -6
-1 7
-17 8
-35 8
-4 -7
0 4
-9 33
4 12
-8 -5
-11 -3
-1 23
-13 9
-1 8
-4 -1
-43 -52
18 61
-3 -6
9 -7
0 15
13 -9
2 6
-5 -4
6 -34
-11 -15
0 -3
-1 -2
-10 -1
1 3
-5 -9
-8 -3
-34 56
-76 7
5 -3
5 7
-1 -10
19 -34
0 -7
0 -4
-24 -50
-37 -23
2 0
0 2
34 -1
-7 -14
-8 5
-2 0
-29 12
134 144
0 -11
-3 9
-3 0
-45 8
-3 -6
-10 -1
9 -26
14 26
-5 6
-1 6
-14 6
-7 -6
-4 8
-1 3
-9 -13
42 -12
-5 0
-2 -7
-9 7
29 -7
-4 0
-3 -4
10 -102
-17 3
-4 4
1 2
-34 -42
8 17
-1 -12
3 -9
-73 88
-31 63
3 10
-12 -3
9 -31
17 -8
2 3
10 1
-37 62
4 -41
5 -4
7 -3
7 15
3 -18
2 -3
6 4
-77 -55
-75 40
-5 3
0 -7
2 14
-30 20
-2 5
1 0
57 95
22 -12
-2 -2
2 -1
21 35
-6 0
-3 14
1 3
36 -36
-89 -294
2 -7
-5 7
-8 -3
11 -19
-1 -2
0 -8
18 -30
8 -62
-6 0
-14 -5
8 -25
-30 33
-5 5
-4 -5
-22 -82
75 -21
3 0
-3 2
6 -11
-1 14
-4 -12
2 -5
9 -30
-2 -24
-1 -3
-11 -2
9 -7
0 -16
13 -10
-3 -7
37 59
-93 -97
5 -7
4 9
4 -1
-14 15
9 3
0 7
-1 25
11 70
2 0
-6 -3
3 39
-13 -3
-1 -1
-2 10
73 42
32 -2
7 -7
-1 0
-16 -1
42 -25
1 -5
5 -7
-31 46
0 3
9 1
6 -7
-50 -1
12 -7
-5 7
8 0
118 -103
64 25
-8 -3
9 -5
8 -3
19 18
-3 -1
-7 -5
-1 -4
-51 61
5 0
5 7
-1 -16
10 -24
6 -5
0 -3
-12 44
0 55
-9 1
3 0
12 5
-27 2
3 2
-8 6
-12 73
50 49
-3 2
-1 5
24 -1
-2 4
-13 0
-4 -2
44 -11
-71 -60
-3 6
-11 -13
-13 -7
5 -3
0 0
1 0
34 -22
8 -61
-3 -7
7 -5
-10 -34
14 20
-3 3
4 0
57 -77
49 -72
0 1
9 -4
-14 17
-6 -17
0 -2
-2 -1
-73 -65
-52 -8
-5 -4
-3 6
13 15
-10 -5
14 -9
-6 10
-156 107
153 -424
-6 5
-14 -2
7 -9
-8 -20
-2 5
7 -4
13 4
14 -23
2 -4
-5 -4
-3 -14
15 -5
5 -17
8 -1
-14 13
-64 0
-4 3
9 -1
-3 -4
30 19
-6 1
1 2
32 -17
26 -39
1 -6
-4 -7
8 -10
22 -2
5 13
-2 0
43 -1
-23 -147
1 7
16 -7
-9 4
-1 13
-20 4
-1 2
-16 -6
-23 42
-10 4
0 6
-11 9
-20 11
-7 3
0 4
-80 -68
-1 -22
-14 7
-6 2
-3 4
-19 26
-2 0
6 9
-10 30
-1 23
-1 -2
3 0
-31 -5
-5 -3
-6 -6
1 0
31 -52
29 138
-2 -6
7 14
1 -6
5 -5
3 -5
-3 -5
5 -14
3 8
-1 -4
5 -3
-2 -14
18 14
0 5
3 -5
22 -22
-19 -38
6 -1
3 -1
14 5
10 -9
-3 4
-11 -6
-2 -26
1 -45
1 0
1 -4
6 0
-12 1
-1 -14
1 0
-22 19
-2 -98
2 -11
-18 3
0 -5
-27 -5
19 -4
2 -6
-6 1
-30 45
-3 5
-1 -2
-2 8
5 -14
1 -8
-8 -4
-39 -36
65 22
2 -3
11 -4
-5 3
-17 -18
-2 4
-11 -9
-26 42
10 14
0 -2
-3 8
-6 -4
15 -5
-7 13
-7 -6
90 10
31 -59
-5 4
6 2
1 3
5 -30
-10 7
3 -1
-38 20
-34 -6
4 -12
-10 4
-3 -17
7 17
-10 1
-5 -2
13 34
53 30
-5 1
-4 5
5 -1
-4 -25
2 4
4 5
-47 45
4 50
-3 -6
-7 1
-32 -2
-6 -34
2 -5
-11 -2
31 2
-19 9
-5 -1
0 -14
-9 5
-12 10
-3 -2
-3 8
42 3
28 -46
-1 1
1 -3
2 -10
-11 22
-4 7
-10 10
26 18
-5 2
-6 -2
-1 9
-4 -2
-8 -12
0 -7
-11 10
9 -64
-18 15
-2 2
-3 -5
62 0
-6 2
-7 -2
-3 3
3 -42
-26 98
-1 1
1 7
-1 -9
-12 -5
-3 -12
-10 -2
-12 -4
25 -16
-2 12
-2 -3
-24 -8
-9 -38
2 -5
13 -4
13 60
9 2
-2 3
-2 -11
-3 -3
-1 16
-10 8
-2 -7
20 -2
0 -16
0 -6
-4 6
-26 1
6 18
-2 4
10 0
-71 20
36 97
6 -5
-10 7
-6 1
1 -11
7 -6
0 -12
-17 -5
-14 10
-1 4
-4 -1
22 21
4 5
-4 -3
-1 -7
21 25
-77 4
4 -7
3 -7
19 7
2 13
8 -3
4 -1
10 -46
11 0
3 -3
1 1
18 -8
-29 -10
5 3
2 -3
-179 125
218 103
3 -2
-5 4
3 -1
7 8
-11 -2
-1 3
2 -8
-14 3
-1 -1
7 4
1 3
-2 -1
3 1
-1 -4
0 -7
-19 25
0 -5
0 2
-9 8
1 0
3 -1
-4 0
-16 9
14 -9
3 -3
10 -15
-6 7
8 -2
0 1
1 -3
11 -3
-15 0
8 -4
-2 -14
0 2
-3 4
-2 1
-1 7
0 5
-12 0
7 3
-15 8
3 5
1 5
0 -2
-7 4
0 -12
24 0
-2 1
11 -6
-6 -11
-1 -2
-9 -3
-1 -8
3 -9
-3 -1
3 -3
9 0
-3 -11
1 1
-4 -3
2 2
-3 -32
14 70
-2 -2
0 1
-10 -7
-12 -7
2 -6
3 -12
4 -1
-20 -10
-6 2
1 -2
-8 6
0 3
-4 -2
6 0
7 -23
-8 25
0 0
-20 2
0 0
5 3
-4 -1
0 4
-17 12
1 -7
-1 0
-9 5
14 4
-6 -2
0 -2
-2 -3
-16 -4
6 -10
-4 3
16 6
8 -15
2 -9
0 0
9 -3
-9 14
16 -6
-7 -5
-1 5
0 -19
-11 -4
-2 0
-2 -4
0 -14
-1 -11
0 -7
-7 -7
-4 5
2 -7
4 -1
-1 5
9 -22
-2 14
5 1
-7 -3
-6 -9
-4 -1
-1 7
-5 0
64 19
87 -58
3 -1
-8 0
9 1
-2 -10
3 -3
-8 -4
-19 -8
12 11
-3 -1
-19 -5
8 7
-3 -2
0 -5
0 5
-5 15
-7 -2
-4 3
6 4
0 0
-5 9
0 -4
-3 -9
12 -11
-17 6
-5 -2
7 0
8 -1
-10 -5
2 -6
0 -1
-14 5
42 -30
-4 0
0 1
-2 4
9 -3
7 2
4 -2
7 -10
1 -2
3 0
6 -19
0 -5
4 -1
-6 -1
2 -1
-4 1
-4 -14
0 0
-18 -7
-8 -4
-5 -8
-3 7
1 -1
1 11
-2 -2
-4 0
-6 10
6 0
-4 2
0 1
6 -5
47 3
-48 19
3 1
11 -7
0 -5
5 1
-8 -5
5 0
-14 -1
11 7
5 3
-2 18
4 0
-4 1
1 -2
-3 -9
-1 18
-12 -23
5 -4
-2 -11
4 1
1 -9
2 -4
-1 2
8 13
0 -2
5 0
0 -6
-9 -10
12 0
0 0
-1 6
-35 -22
7 -29
0 -5
-2 2
3 -11
-8 6
-5 3
-8 6
5 -15
-9 0
-3 2
-5 8
0 4
-4 -1
1 5
-2 4
13 9
7 5
-8 0
23 3
-4 -2
6 0
3 1
2 -1
-1 15
-4 -1
4 0
4 -4
6 11
-1 3
-2 -1
-12 0
-134 -8
169 -83
1 -1
5 -1
-8 6
-3 -5
-4 3
2 2
-15 -5
2 3
0 3
0 4
9 -3
-8 13
-2 1
-3 0
5 -4
-3 -10
0 0
0 -5
5 -1
0 -10
2 0
4 -2
-1 -9
-5 -2
0 1
1 8
-8 3
8 12
-4 -5
0 -3
-1 4
-10 -9
3 -1
-8 -1
-1 0
-11 0
-6 -7
-4 -4
7 2
4 -1
-2 -3
-1 -4
-2 3
4 -13
0 1
-5 -2
-9 3
-1 0
-5 -4
-1 -6
-14 1
12 2
4 -1
-2 4
-7 5
-3 3
-7 3
-8 -3
3 -8
-15 -10
11 -2
-7 -1
-25 7
3 -27
-3 -2
-1 -1
-5 -6
-3 1
-1 2
-7 -1
7 1
7 -8
-6 -4
-5 -7
7 -4
-1 -6
-2 -7
2 -3
15 -6
-8 8
1 -3
3 3
3 -12
13 0
-4 -7
-1 -2
-3 -10
3 -1
-4 -4
-2 -6
-12 5
3 -6
-1 -1
0 -2
-19 -1
9 6
-7 1
3 -3
-3 3
-6 -16
2 2
-3 1
11 4
-7 9
4 2
2 2
1 9
-8 5
2 5
-3 4
-8 -27
4 8
2 2
-5 5
-9 6
-4 6
-1 3
-1 -1
-5 21
4 3
8 -5
1 -2
-10 -22
-5 2
-3 11
0 2
-9 -1
2 19
0 -2
-5 0
6 -10
2 -6
4 -5
8 -1
4 2
-4 2
1 -1
5 -3
-12 1
4 -4
-1 8
-2 1
-6 -10
8 10
-3 -3
2 -3
-2 -7
-7 8
1 6
-2 -1
1 -2
-3 -12
-3 -1
0 0
6 -6
-13 -9
-3 -1
-6 1
8 9
-10 10
-2 -3
-9 1
-1 5
10 4
-2 -1
-9 3
-9 -9
-2 6
-2 1
-4 7
1 -3
1 7
-5 -8
-3 -7
-14 14
1 -2
-1 1
-8 12
5 2
-6 -15
-2 -7
-1 -5
6 3
-8 2
-2 1
-1 -3
7 13
12 0
-8 -3
-2 -2
-8 -10
-9 6
1 3
7 2
11 3
0 10
-5 6
1 -1
-9 -9
3 -3
-1 -4
4 -1
-6 4
2 10
0 2
2 3
3 6
-8 -10
0 -1
-1 -5
6 -1
-14 6
-3 5
1 3
8 -5
0 -5
0 2
2 -4
4 6
8 13
-5 4
4 0
18 -7
5 -11
0 -3
-4 2
-8 -1
0 4
-3 -6
1 -3
-19 17
-1 -3
1 -5
-5 -3
5 -14
-4 -15
-1 -2
2 0
22 2
-16 -9
-4 -2
2 -10
-6 -2
-1 -15
-1 -6
-1 -2
-12 -10
0 0
-1 -1
-7 2
8 10
-6 -4
-1 -4
0 0
26 -15
737 1540
-6 0
-53 0
-5 4
116 -27
-2 -2
-2 -12
-22 94
122 -48
-6 -20
-8 -8
-11 0
38 -60
6 -1
7 -6
-122 181
-137 145
13 11
-7 26
-2 -11
64 54
4 -15
9 -5
-49 -23
19 22
-24 0
-5 -7
-3 26
-37 35
-4 7
0 -6
-46 -34
173 -26
3 -18
-4 -7
10 -33
16 35
-11 -2
-15 3
-25 4
-167 -172
0 7
0 -10
22 25
-33 -22
-7 -26
4 17
78 -129
20 -18
4 19
-2 -10
-48 12
13 -43
-7 12
-8 -7
-104 -41
96 -23
22 -11
-2 1
25 10
15 -30
-4 -27
10 2
14 41
32 -97
-26 5
33 -1
3 38
-77 11
-19 14
-11 -11
45 -89
41 87
11 -4
4 21
-38 -9
14 65
18 -6
0 0
67 -152
122 -146
-14 2
-13 -11
11 19
-96 -27
2 4
1 0
120 -21
1 -21
-9 2
4 7
-68 -13
11 -12
0 -12
1 -15
53 25
-30 109
6 -14
21 -11
-14 -18
-10 -46
8 -3
18 12
30 44
20 30
-5 1
-2 -12
28 -25
8 -24
-15 28
-16 -1
-70 143
-128 116
-4 -15
3 -1
60 -42
-12 38
-16 0
-9 -16
42 1
-152 18
6 0
3 4
27 -66
-1 25
12 18
11 0
271 -41
-319 -139
-19 3
-4 17
12 36
-21 71
-8 3
-5 -12
-57 -76
70 105
3 -18
-7 2
14 -33
-27 38
18 -21
18 5
47 24
32 155
-1 8
4 -11
-1 60
24 3
7 -6
2 -9
-112 -56
141 92
-15 5
3 -11
-47 -22
22 -2
-9 -4
-8 -6
-51 301
-93 -39
2 -1
23 -2
2 -53
22 25
5 2
2 17
-76 -53
-26 86
11 11
0 -3
39 -1
-20 11
-8 3
-10 9
43 -260
13 -314
-13 -7
8 -28
0 10
-5 -52
0 8
1 -20
32 -45
34 40
16 -18
2 7
-41 19
-14 -40
7 -20
10 0
-45 -353
-57 6
-8 -9
-3 -25
-14 -1
44 -119
-11 5
-18 -7
37 23
-8 -68
0 -2
12 7
-43 46
4 -31
8 -19
-6 4
-124 98
-125 54
-5 16
-1 16
2 -17
-36 0
-6 7
-16 4
71 -98
-95 -13
14 -2
1 6
25 8
2 25
-13 -9
15 -8
-46 -191
135 -43
13 -11
-18 1
4 -23
-7 48
2 -22
21 3
78 106
-59 -125
-23 -4
-15 -9
12 -21
2 -33
0 19
-6 -3
102 95
38 72
10 -8
-8 6
-23 -18
54 16
-18 -1
-11 -10
-60 112
-59 -50
2 -4
0 -2
77 64
0 29
0 10
-1 5
48 214
121 804
-5 -4
12 -14
-9 8
-66 83
-5 0
-10 1
16 2
119 -18
0 -1
16 7
23 11
-20 -7
2 -17
-13 3
-30 -92
12 -69
10 -1
-6 -3
-48 4
-8 19
-6 4
-13 0
-51 92
-99 98
-6 20
6 -6
38 29
8 -4
-26 -4
-1 -6
103 -34
-9 -73
-14 0
10 11
-16 4
-34 25
-10 -7
10 2
-59 102
82 12
-1 0
-3 -14
8 -2
-3 -20
-14 -14
9 1
-27 9
-44 8
8 -21
5 1
23 43
35 2
-5 16
3 -11
-22 -67
3 7
-10 -14
-5 3
-30 24
-10 24
-11 1
2 0
121 -51
89 103
7 0
-3 -11
6 1
62 -44
5 13
-1 3
27 -54
-186 -118
-14 -1
-21 2
-20 36
12 30
0 6
-5 14
7 120
120 125
-3 4
-15 -20
-18 -18
-9 1
5 -14
-5 5
-13 -43
50 -103
15 -9
0 10
24 6
-15 -12
29 1
-11 5
137 178
-53 -167
-6 -1
-12 10
34 -15
2 -64
4 -7
2 -8
114 -113
26 10
7 -2
-2 -2
-48 -34
-5 1
5 15
3 -13
-98 -234
-85 8
-13 4
-8 6
-11 -52
-13 -9
-1 6
-2 -7
36 138
34 -27
-4 -4
-10 -12
-42 -62
11 -5
1 -13
-2 -3
-53 -158
-97 -140
-5 4
16 -7
13 -27
-35 -36
-8 3
-5 9
-100 2
-39 -72
-11 0
-8 -4
-48 1
-48 18
-19 -26
1 8
-44 67
41 -143
3 -7
1 2
21 2
-43 -44
-2 -7
-14 4
-40 -86
-91 -2
13 15
0 5
-11 12
-8 10
-4 20
1 -3
-228 -39
-62 112
9 1
-7 19
-16 -1
22 -15
0 2
16 -4
16 19
-112 106
-6 -2
-1 -4
-50 -16
-7 10
-13 -7
13 -11
220 99
91 205
-6 -2
-2 13
10 -27
10 -53
4 -10
0 -10
11 -130
-31 -19
-4 -19
1 -1
-46 34
-15 18
-2 -28
-2 -1
52 -135
185 -220
-11 -1
-4 -7
16 12
14 -36
1 -3
4 2
14 -12
72 -15
2 -1
-7 -8
31 23
28 -10
10 7
-6 13
-160 -85
-133 -292
3 -4
1 -24
-22 38
30 58
-14 6
2 -2
-44 155
44 -28
-2 -16
7 -4
21 -17
-10 19
5 6
-7 2
-132 70
28 331
-7 6
-14 -17
-5 -29
-5 54
1 -3
-6 -9
-7 25
80 -11
-1 6
4 -4
54 -35
16 -38
2 -4
-7 -5
125 42
36 25
-2 -4
10 19
11 1
-17 3
10 17
-7 -5
102 -16
49 87
-6 6
-10 -7
100 -16
9 -18
-23 17
4 -7
68 -468
-18 107
-2 0
-7 0
-7 -1
3 1
-2 0
3 1
0 -9
10 0
2 -3
3 -11
0 2
-3 -5
-5 10
-1 0
10 3
-15 2
1 -4
-1 1
3 1
3 -7
2 4
-3 2
-2 -7
-1 -7
6 1
2 -6
0 1
0 0
-6 -1
0 -1
8 -10
7 6
-2 3
2 -6
1 -3
-3 2
-2 -3
-1 -3
10 -9
3 -6
0 -1
0 5
-5 1
0 2
0 -7
0 -2
-2 11
13 -9
-5 2
-1 3
2 -2
-1 3
4 -6
-1 0
7 1
5 6
-7 -5
0 -6
1 -4
7 2
4 0
0 0
-15 -8
33 -26
0 -3
5 0
6 -2
-1 1
-2 0
-3 0
-3 1
-1 -13
-3 1
-7 0
-10 -7
-2 3
8 -3
-4 -4
21 -5
-2 -2
-1 0
2 -12
-2 -5
5 8
-7 -2
1 0
9 -2
15 -1
-4 0
-4 7
0 -4
0 0
-2 -1
-5 0
-22 -5
-2 -6
0 -1
-10 2
-6 2
1 -2
-1 -1
2 -3
6 0
1 3
0 0
2 -4
4 0
-10 -6
0 9
2 0
6 -11
-8 5
1 -2
0 9
2 5
0 -4
1 -3
-1 -2
-4 15
-4 4
3 1
2 -1
0 -5
5 -2
-3 -1
2 -4
21 11
-37 -12
4 0
4 -9
2 -4
9 -14
7 1
0 0
-4 5
-3 5
-3 0
-4 -1
3 -2
1 5
-7 1
0 -1
-3 -18
-16 7
0 4
-7 0
0 -2
-1 -1
0 -6
-2 -2
-12 -1
-11 -6
5 0
2 -4
-3 0
1 4
7 4
-2 0
-6 0
12 15
-3 -2
7 7
4 4
-4 7
-7 0
-7 -4
-6 3
-1 3
0 -2
1 3
0 -1
-5 -5
-3 -9
-1 0
-13 8
6 -4
-2 2
-5 0
0 0
4 -5
-9 0
0 2
1 2
-10 4
-10 -3
-3 0
-1 0
-9 -3
-6 3
0 0
23 -45
-15 -12
-2 0
-1 -7
-10 2
3 4
-2 0
7 3
0 -6
-1 1
2 1
0 -6
6 0
0 -6
6 -2
0 -1
-13 5
6 0
0 -6
1 -6
-2 0
-4 0
12 6
0 0
7 0
-7 -4
2 0
-2 -3
-1 2
2 -3
0 -10
-4 0
11 28
5 -9
0 -1
-1 -1
-3 -3
-4 -9
-2 0
-3 0
-14 6
-6 2
-3 -1
-2 9
-1 0
0 9
-2 2
-1 2
4 -7
-9 4
1 0
2 6
-6 -2
-1 -6
0 -3
-3 0
-23 -12
-8 -6
1 0
-3 -3
0 8
-5 9
5 1
0 -1
8 28
126 50
2 -6
-6 4
-1 -6
5 -4
-6 2
-1 1
2 1
13 -9
6 -7
4 8
-9 2
1 3
8 0
1 8
9 -14
19 -17
0 0
6 4
-5 -1
1 -14
5 -2
-2 1
3 -6
-5 20
1 0
-7 -2
-5 3
6 2
-4 -3
-8 -1
-6 8
22 19
4 -5
1 -6
5 -1
-11 15
-7 2
-2 -4
-13 6
20 2
-5 -7
-8 -9
-6 0
2 -6
-17 9
-3 9
-2 -9
-11 -13
0 2
-4 -3
4 4
11 7
-3 2
3 0
-16 12
-12 -6
3 6
5 -4
9 -10
-3 5
-1 2
-11 -2
-23 -21
-34 -43
-4 -2
5 2
-8 -2
3 -14
5 -4
2 5
0 -6
2 20
-2 8
-2 1
2 -3
-10 -3
-2 -5
-11 -12
17 -2
8 -26
-2 -4
-2 -5
-7 -4
-16 -1
1 0
-10 -2
-14 -8
2 -9
-4 -7
-1 -1
-9 -3
-6 -1
1 2
10 0
7 29
22 -23
-3 4
-7 3
3 0
4 13
3 3
9 3
3 4
6 3
-1 0
8 5
4 2
-6 4
9 -2
5 -5
8 -9
18 -8
-6 3
-2 -1
2 -7
8 -6
-11 -9
4 -8
-2 -7
-10 11
0 -5
-9 -1
2 0
4 -6
6 2
4 10
85 66
11 -32
2 -3
4 -7
-4 -4
-10 4
-8 -12
-12 5
7 0
-6 5
-4 0
4 -6
-1 3
13 -5
-1 4
-8 -1
-19 4
3 32
1 0
-3 1
0 1
5 0
1 0
-1 3
3 7
0 4
-3 4
2 2
-1 3
-5 2
6 -1
-7 -5
19 -20
-20 3
1 -1
3 -2
-1 -2
3 -4
2 -1
2 -1
-5 -4
-6 -20
4 8
-8 -2
2 -2
-7 9
-8 7
-5 -2
8 -2
5 29
6 -2
-5 -2
2 -10
-7 -8
8 0
6 3
8 6
2 -2
-10 2
6 -6
-13 -6
-13 5
-5 8
4 0
23 -39
-44 31
-1 2
-2 4
1 4
1 -7
-4 5
0 2
4 -15
-9 -7
0 -4
7 0
-1 9
-3 -4
-4 -4
-1 3
-18 26
-29 4
-7 -2
2 -4
-3 8
5 7
-7 -8
-5 -3
13 8
12 -15
1 5
-8 1
10 3
16 -4
5 7
-4 4
-49 -4
-26 27
-3 -2
-3 -4
0 -8
-1 -1
3 2
-1 -6
-5 -1
-7 -17
-1 -14
-1 -3
0 -7
-8 -10
-2 -4
7 2
-14 9
-10 -6
0 2
-6 7
-2 -1
-4 -2
2 -5
2 -11
0 -10
-12 11
13 2
3 0
-5 9
-5 2
0 -9
-4 0
-54 -1
-162 47
1 0
5 -5
0 0
-14 -8
0 -6
6 -10
-6 4
-10 -31
-7 9
-4 -5
10 -13
11 -8
0 2
-2 7
-26 9
-27 16
-3 8
-1 0
-4 11
-13 2
-5 -4
5 -11
3 15
-29 -5
1 0
2 2
2 6
5 -10
1 -2
11 0
-12 50
-106 -110
0 6
0 -7
1 -16
26 6
4 -2
0 -1
18 -9
20 20
-3 3
-5 -3
7 5
-13 16
-1 -12
-5 0
94 -42
16 -6
-9 -3
3 -1
3 6
-8 0
-3 0
-3 -4
-22 -14
16 1
-2 -7
4 -10
-10 9
1 -1
-2 16
10 -3
149 28
57 153
-6 -9
-7 3
-5 13
5 21
0 1
-2 6
-23 43
1 6
6 -9
3 10
8 2
2 -6
3 6
2 -8
28 10
-60 20
1 -7
0 -5
13 -8
21 -4
0 0
-2 1
5 74
-25 -23
3 5
-8 8
8 0
-9 -4
-4 -12
-11 2
9 -14
39 -12
2 -6
-2 2
-5 -4
-34 -5
-2 1
-4 6
2 -76
29 36
-11 -8
2 -7
-6 -26
7 0
-2 7
-5 -5
49 0
20 -40
10 0
-3 0
-32 8
-19 5
0 -3
-2 0
-27 -76
17 7
-1 6
-8 -2
4 -10
-2 4
12 -13
-7 -1
-110 186
347 -8
-8 -1
-2 0
-3 -8
19 -5
9 -1
-5 -6
33 14
-34 50
2 0
-8 0
3 8
6 14
-1 -2
1 7
-23 9
21 18
-11 -3
4 -5
15 18
6 4
0 8
0 -2
13 -21
50 28
-1 -5
6 1
8 -6
-7 -1
-8 -10
-5 0
-18 -23
13 14
-4 5
-15 0
-9 -5
-1 -15
2 -4
2 0
-50 21
-20 -83
0 -15
6 -3
-32 -1
9 4
-7 -1
7 0
-45 -21
9 -20
-3 -2
-6 -12
-13 -11
2 -14
-3 -1
0 1
34 -3
-51 -4
-8 -13
-9 -1
0 -20
-1 -9
12 2
-10 0
-45 99
-144 11
6 -5
8 -13
1 4
-46 22
-2 0
-7 4
18 -40
19 -48
-8 0
1 0
1 11
-8 -15
7 0
-12 -4
-64 3
-14 -38
7 0
0 6
-22 4
-28 4
-3 -2
0 -11
-15 -29
-12 -13
4 8
0 4
-6 8
-10 -1
-8 6
3 -1
-13 -118
56 11
3 0
4 3
-4 -13
40 -34
-6 -10
-1 1
8 40
-13 13
0 6
-6 -7
8 -2
12 -1
4 -1
2 -1
-74 39
-14 80
1 0
2 2
27 -13
-5 2
-2 -2
1 -1
61 42
24 0
-4 6
11 -1
-30 -6
1 10
-7 -3
7 -5
-84 -242
387 261
9 -3
-8 0
-15 -15
12 21
-6 -6
-4 0
12 18
-97 67
1 -8
-4 -3
-15 -26
8 14
-5 1
-4 -7
-18 11
67 30
0 -5
7 4
3 0
-17 27
-1 -2
-6 -4
-17 25
-8 91
-2 0
-6 -1
27 9
11 -3
-1 -6
-3 -9
-33 -25
60 211
0 -8
-22 -14
6 -8
-1 -8
-3 -5
11 -7
2 -21
19 -107
3 -6
1 6
-16 6
-12 -20
-1 -2
3 -2
79 36
-38 47
-2 1
0 -8
-13 10
9 -13
4 -9
-5 3
27 -35
-33 -65
-6 -5
6 -7
-21 -27
3 2
9 2
-2 -12
-43 79
-53 -113
-5 -1
18 1
4 13
-43 -4
7 7
-11 7
-37 -16
30 11
-8 6
-2 -5
28 24
-14 8
5 6
-4 -7
-2 51
82 60
2 -3
-5 2
1 -18
-14 -9
-3 6
-1 3
-8 43
8 -6
7 -4
-1 10
36 27
-26 5
-7 0
1 2
-44 -72
-50 55
-4 10
3 4
-11 9
13 -27
-2 -3
-4 0
43 -24
-13 -23
-1 2
-6 -4
-34 -38
0 2
-2 -5
-2 12
6 -44
-85 -29
-5 2
-4 5
7 -3
14 -3
-6 -5
4 4
-12 -29
32 29
-3 6
0 -7
-2 7
-1 -2
3 4
-10 11
-137 57
-165 -12
8 -4
-1 12
-3 2
-3 27
7 -3
-5 -1
33 -6
43 17
1 -1
2 1
-6 -6
2 -4
-7 8
2 -4
-6 -9
-50 -58
12 4
11 -9
1 16
-14 9
5 6
-9 8
16 -55
5 12
6 -2
-10 1
-21 -21
-14 -3
-11 -5
6 3
12 20
-51 18
-2 3
-7 -8
10 -5
-5 15
7 3
-2 -8
-33 56
-18 3
-6 -1
9 2
22 26
26 11
-5 -5
9 1
-18 31
8 -43
7 1
1 -2
-9 -15
-13 -27
-11 -1
6 8
11 36
17 -23
-15 -10
7 0
-15 -9
-4 -2
0 -9
4 7
-85 -31
102 -120
-1 -4
10 -10
-10 -2
26 -18
-6 -1
-2 5
23 -21
-15 58
4 1
-5 -6
-16 22
-8 -13
5 -2
-8 4
-42 -95
14 1
-5 -11
-2 3
4 6
15 8
4 -6
0 -4
-10 -39
12 16
-3 2
5 -2
33 11
4 8
6 8
-8 -12
177 2
-68 -141
-11 1
-10 10
1 -8
5 -3
-12 -6
6 -5
-28 29
7 -31
1 -1
-5 2
-8 -11
-8 -11
4 3
-9 -6
-31 49
98 -55
-13 1
-6 -5
5 -6
-7 17
4 -4
-6 -9
10 31
-38 -15
2 7
0 -5
-44 -1
4 -3
-3 6
-8 2
52 -232
-58 106
1 1
1 5
2 0
0 -14
6 -4
11 -3
-16 -5
6 -8
0 3
-7 -2
5 0
-3 -2
-14 8
-6 -1
0 16
-24 -20
5 1
-16 3
-14 0
1 10
7 5
1 3
3 -13
-13 5
0 0
1 0
7 -8
0 5
-4 0
-1 -2
-15 12
10 -14
2 0
5 -2
3 3
6 2
-5 1
-9 0
7 3
3 0
-4 -3
2 -1
0 1
-4 -7
2 0
-4 -4
-7 12
-3 -13
-7 -1
-11 0
3 -3
0 -4
4 -4
-2 -4
-6 0
9 0
-2 -7
0 -8
-4 14
1 -3
3 -6
8 -8
-45 27
-12 -33
-4 -3
-6 -7
-6 2
0 -2
2 1
0 3
-11 3
9 3
8 -3
4 2
0 -2
-2 7
-1 -9
8 -6
3 2
7 -12
0 -2
15 -3
-2 5
-9 0
-9 2
0 0
13 7
3 2
4 0
-4 1
-6 -8
2 3
3 4
-4 6
21 -4
12 10
-7 -5
3 -7
12 -4
-1 -7
-3 -1
-1 -8
4 -6
-7 -10
-3 1
4 -5
-1 1
0 -5
6 3
1 3
-2 -19
-11 3
0 2
0 1
0 5
5 -4
8 -3
0 4
0 -1
-4 8
-9 3
-7 2
10 4
0 0
-2 -3
-4 1
33 -39
-14 42
3 0
13 0
-9 -2
-2 -3
-1 0
-4 6
7 -1
1 3
3 0
-5 7
-4 -3
-2 2
-2 2
0 3
1 -16
4 2
-2 -1
0 1
-1 -3
2 -11
2 -2
9 -2
-5 3
7 -4
11 -2
1 0
7 -2
0 -1
-4 -7
-4 -2
1 -7
1 28
-2 -1
-7 -4
0 -5
2 4
4 1
-2 -3
0 6
0 -1
-5 -5
-2 -1
-4 -6
-10 6
-5 -6
1 -2
-3 -24
-8 1
-10 4
4 3
8 12
-4 0
-10 4
-7 -2
1 -19
-4 0
-2 -5
-2 -1
-12 -5
-4 1
7 0
0 -3
-32 -24
31 -38
-4 -1
9 -4
6 0
-6 5
-1 -2
-1 -10
2 1
-4 0
0 2
2 3
10 0
4 0
2 5
-2 0
7 14
15 18
-1 -1
-10 0
-7 -5
-4 7
7 2
3 2
15 3
-5 0
-6 1
-10 0
-1 -9
7 1
0 0
1 -1
-11 12
-26 7
3 0
-2 -5
-6 3
2 -4
-9 -3
-5 5
-15 8
-5 1
0 0
3 -3
-7 1
-2 -4
0 6
-2 4
4 6
-6 0
6 -3
2 -5
-6 -5
3 -8
6 -13
1 0
-9 -10
2 4
-4 0
9 0
-1 1
-12 -2
-7 -4
0 0
73 29
69 40
-4 -4
-6 3
5 -5
-5 -4
-6 2
1 3
-4 6
1 -2
-7 1
-1 -1
0 8
7 -9
2 -9
-1 3
-2 15
-9 -1
-1 0
-4 -3
-6 -8
-1 3
-4 -8
-2 1
1 -10
-5 4
-2 -3
-3 5
1 0
-9 -10
-2 6
-5 -2
-7 2
-17 -14
-4 -2
-1 4
-2 -2
1 0
-1 2
-4 -2
-8 -1
-11 -3
3 -3
1 -7
3 -8
-5 6
0 0
-1 6
-1 -10
1 4
0 1
8 3
3 -7
-6 -2
-2 3
4 -6
8 2
4 -3
3 0
4 0
-4 3
13 3
-3 -7
0 2
6 28
6 67
3 2
5 -1
-1 2
-9 -6
4 -2
-4 7
-3 -5
-3 -3
0 -2
-1 4
7 15
0 6
-4 7
-3 -5
-3 -2
0 20
-3 -3
-3 5
-5 5
-5 -4
0 -5
-6 3
-6 13
-2 6
-5 5
-11 1
13 4
-2 6
0 0
3 2
7 -14
10 2
-2 0
-5 -3
2 -2
3 7
-4 5
6 -4
0 1
3 3
-3 -2
8 -6
-13 -7
0 -3
-7 -8
0 -4
3 26
-1 -7
3 0
-9 -6
3 -9
5 -5
-3 4
-2 -4
7 -9
1 6
2 -5
3 -9
-2 4
-4 -5
3 1
0 -4
-46 1
25 -18
-1 -4
-10 3
-6 -1
2 7
-4 -3
-4 -4
6 -5
8 4
1 -3
-13 5
-1 -7
-12 -2
1 -2
-4 -1
-2 4
7 -14
-1 -1
2 1
-4 2
-1 -6
-2 2
-2 -4
-2 2
-5 -8
-2 -1
0 0
-2 2
1 2
-2 0
-1 0
-4 -38
25 7
-4 5
5 -8
-6 -4
3 -10
3 -8
2 4
-4 6
3 -9
-1 4
-4 -2
5 0
5 -1
0 8
-3 -7
5 -6
5 6
0 5
0 1
-4 6
2 7
2 -7
0 -2
9 -18
5 -7
-5 2
-1 -2
-6 -4
-2 -3
-2 -2
-1 2
16 -5
-51 -23
2 -1
-3 4
-1 -2
0 0
-1 5
-2 1
-1 6
-1 0
-5 -1
7 -1
-6 -5
7 -6
-7 -12
-3 2
-7 -19
-10 -3
2 1
-4 -4
-8 10
7 4
0 -6
-3 2
-10 2
-7 -5
5 5
-1 0
-8 -11
-12 -9
-3 -2
-5 -1
0 32
2 -11
-2 -3
-3 2
8 -5
-6 -1
-1 3
1 -3
6 -4
2 0
-2 -5
-2 -4
2 1
-1 3
9 7
3 4
-1 7
-6 -2
0 -1
4 -3
-4 -2
-12 1
-3 10
2 -2
-8 1
2 7
-2 -6
-1 4
1 -12
8 0
8 4
2 -3
-6 -22
-495 560
4 4
1 -3
2 10
-56 -9
2 0
-10 1
58 -43
16 -170
-10 -8
4 4
42 29
-17 1
12 -4
-8 -2
-103 12
24 -108
3 0
-18 -10
5 24
-41 -33
-6 1
-11 -23
8 26
20 134
-5 1
5 -1
-7 -51
-4 4
1 1
5 -6
34 3
-214 44
1 -3
-10 -6
1 -7
-1 -46
0 -3
5 10
46 91
57 17
3 2
-6 -6
-11 -45
-8 0
-6 -5
10 12
83 32
-10 94
9 -12
-8 0
16 10
-12 27
4 4
-15 -3
-16 0
-15 62
0 -5
-5 -6
5 26
-5 1
-7 26
-1 -1
-76 -303
-366 67
-3 1
14 6
-10 -20
-2 92
-4 -5
1 -4
-49 -4
-27 132
-2 11
-3 -5
0 12
14 29
-5 5
1 1
-72 -49
156 -125
3 12
0 -9
4 -23
39 19
-3 -4
6 14
-39 -79
-3 -125
12 1
9 1
30 75
3 12
0 -23
-11 -7
-143 -284
-108 54
-10 -8
16 15
-15 10
31 -27
3 -4
9 -2
-21 -75
-45 -77
-5 -8
-7 -3
-6 30
0 -18
-5 11
-6 -6
-67 154
-60 -19
-9 -9
8 5
-56 -29
15 -45
-6 -8
1 -9
126 90
44 -15
-8 0
-3 2
-65 -49
3 -23
16 -20
-1 -2
-189 -198
66 -161
4 7
-27 -26
-5 -27
61 -42
0 2
-1 -7
8 65
0 -43
-11 6
5 -7
-33 -15
10 -24
0 -11
10 3
75 -109
-68 69
0 0
-2 -2
24 40
9 26
-8 3
-17 -1
-9 -95
-55 8
3 12
7 -4
16 42
-26 3
-5 0
2 -4
-51 126
208 15
0 -6
-19 -8
-24 -17
-31 -13
3 7
18 -4
-70 44
11 163
0 -9
-15 -13
-36 -23
27 -20
-17 9
8 0
114 -36
87 -62
-4 -15
2 0
-1 -6
0 -34
-2 -11
-3 0
-97 39
-90 -130
-3 -5
-7 -7
79 60
0 -8
-10 31
0 0
140 149
367 27
-4 0
14 21
-6 11
-30 60
-1 -9
-3 14
104 -24
34 -147
4 7
1 7
53 30
-30 22
1 -1
-1 6
-156 86
-2 65
11 4
-10 -6
10 -26
-1 36
4 6
3 -2
63 115
81 52
4 -5
13 2
-26 -53
-3 5
-2 -17
-2 -4
148 345
9 -61
-3 -1
7 -3
0 -12
30 -59
-2 -12
5 -13
-17 -29
-45 -73
-7 -4
-4 0
-12 -23
11 0
19 -5
-8 -6
144 -178
-99 110
0 -8
4 7
-6 8
-44 7
0 4
-13 -10
27 -33
47 66
-2 -3
-10 4
-74 -94
27 11
26 -8
-2 -4
209 -115
360 -389
5 6
3 -12
5 6
74 -2
5 -6
1 9
-36 26
-30 21
-5 -5
2 0
-15 -8
-11 -22
10 1
3 -4
10 98
-66 -91
-11 1
15 10
-3 38
-36 42
-3 -5
9 1
-22 71
47 29
-13 -13
-3 4
42 3
-4 -13
2 7
6 -4
11 20
50 -80
3 -5
20 24
-1 15
-34 -6
-5 -8
-9 -3
41 -44
14 -62
5 -7
0 5
-48 -7
15 -24
-1 -4
-7 -3
-87 -36
37 59
9 3
-6 0
-17 -39
12 -20
6 -3
-2 -7
8 -76
-49 14
5 3
1 2
33 -6
7 -16
-13 -1
2 -2
72 -117
45 28
-6 5
-25 -5
-9 -26
22 21
-6 0
3 -12
50 -39
7 49
0 1
-1 -7
25 -4
-3 17
-9 3
-5 -6
-14 -35
54 -51
-5 -5
-3 -11
4 -12
45 -20
-4 -1
-6 -8
-47 0
26 7
-13 10
-2 -7
-56 -27
4 16
5 -8
-7 4
107 127
-42 -105
-1 -4
-18 -18
12 -14
0 -1
0 10
-1 8
-18 33
-70 -12
3 3
0 -8
-2 -12
-4 13
-5 -5
-4 3
-12 -57
61 37
-3 3
3 4
12 40
-31 27
-11 -3
3 13
20 16
-54 -52
1 -3
-3 -5
-1 38
-5 8
-2 -1
-1 -8
112 134
-345 -208
-2 2
-15 18
-10 7
-39 -15
-2 3
3 -1
-36 -24
66 -18
-7 -6
-6 4
35 19
4 -10
-4 2
2 5
-37 -128
54 82
0 1
-16 -1
-23 -34
30 -21
5 -2
-7 -6
17 -85
-10 4
-9 8
-7 -5
6 -2
-2 -1
-9 1
-2 7
-75 -53
-56 27
0 2
11 5
-2 -9
-39 5
-8 13
-7 -1
26 7
1 46
3 -8
-9 1
31 25
17 26
-10 14
-4 5
85 61
-97 -59
8 2
-19 1
-15 -46
19 -19
5 -1
-1 5
-5 116
16 -7
16 4
-9 -9
-32 34
21 23
-7 2
3 4
-42 -114
124 181
4 -5
-2 -4
-7 -9
48 -38
-4 -8
-9 -3
-19 -16
-66 -21
0 -2
4 -8
-31 -19
10 -10
4 -18
-8 -18
-7 106
-66 -35
-11 3
12 -2
5 51
-13 17
-9 -2
-5 -3
-8 -31
-28 -52
-11 0
-2 2
38 -7
8 -19
8 -10
-2 -14
-184 3
-17 150
-4 -10
0 1
11 17
-11 4
1 -10
8 7
-4 26
74 -21
-3 -7
3 1
-56 -9
-43 -4
10 -7
0 3
14 -21
5 -3
0 6
6 -4
15 -10
-26 14
-3 3
2 -7
45 -62
-15 79
0 -9
1 6
11 7
-19 -38
3 5
-10 -2
61 455
14 71
-5 0
-14 -4
-1 7
-5 5
-1 5
-3 -1
0 -6
6 -8
0 -5
-7 -1
-12 -7
9 -17
0 6
-2 -3
8 5
-5 -7
4 -1
-2 2
1 -2
0 -5
-1 2
4 -1
0 -6
-1 2
-3 0
3 -1
2 1
-2 -9
1 12
1 0
19 8
8 0
-3 -2
1 0
0 -10
-11 -1
-5 2
-9 -1
4 6
-6 0
-1 -1
0 -2
5 2
1 12
7 -3
3 0
0 0
-10 4
1 3
4 0
0 -3
-13 5
-2 -15
-1 2
-10 -1
10 -1
8 -6
1 0
-10 2
0 10
1 -6
-2 2
3 18
-11 8
2 3
10 7
-11 4
-6 -7
2 -4
2 5
-6 -1
-3 5
-6 -2
-3 -7
1 -7
-2 11
-13 0
-5 0
-10 6
14 -19
-3 -3
2 -2
-9 -7
0 -2
-5 3
-4 -3
-10 1
-2 5
-7 3
-10 -1
1 9
2 3
-12 -6
-3 -5
-11 2
0 12
-1 5
-10 2
2 4
2 1
3 -6
2 4
11 3
7 -2
2 0
0 8
-1 -3
4 -5
1 -8
-1 0
-23 -3
-4 0
1 0
3 -2
3 3
4 -4
5 1
0 2
-15 2
-3 7
0 1
4 -2
-1 -12
-7 -12
8 -2
4 -1
15 -19
-10 -19
-1 -3
0 -1
-1 -5
1 3
-1 5
-2 -8
9 -6
2 -2
0 -1
-2 0
12 2
2 1
0 4
2 -3
-3 11
10 3
0 -1
-4 0
-4 4
-1 0
-5 -6
0 -4
3 1
3 1
0 -2
-2 3
10 -13
1 1
-3 1
-1 1
0 1
12 -7
-1 2
4 -1
1 -2
0 -2
2 -6
5 2
-5 -6
-1 -7
-1 2
3 -2
-10 5
-1 -5
1 -3
-1 1
-9 3
-7 4
-2 -3
0 -5
0 -2
0 -1
-4 -2
-5 -6
4 -11
-7 -14
0 0
0 0
-4 8
-1 -6
-3 1
-6 0
-31 27
-10 13
-2 2
-9 0
12 -1
12 2
1 -4
-8 1
-8 -1
-7 1
0 -2
0 -9
-8 -3
0 -1
2 -6
0 0
18 -13
-3 4
4 0
11 -5
11 -6
0 4
3 3
3 6
7 0
2 -8
-1 6
-4 -4
0 -5
-3 -8
10 2
0 -3
15 -26
-16 2
0 -5
2 5
-6 4
-3 -4
-1 8
0 -7
-8 -3
-2 2
-3 -3
-2 0
-4 2
0 -8
-5 0
1 -3
8 -6
2 2
0 1
-3 6
-9 7
-7 10
-1 3
0 0
2 -11
-1 -5
0 -6
5 1
7 10
1 5
-4 0
1 -3
-3 -8
28 68
-1 5
2 2
12 -6
-5 3
4 3
-6 -3
-6 8
0 -13
5 -2
3 0
1 -5
9 -4
-2 -3
-2 -2
3 -5
-6 -9
-1 5
-3 4
3 -10
-1 4
-4 0
-3 4
4 -9
10 0
-3 2
-5 5
-9 0
-1 -6
0 -5
0 1
9 2
-9 -11
-5 3
-9 -6
-5 10
-1 -6
-4 -1
-2 -8
1 -4
2 -5
2 -1
-3 -3
-1 7
-2 6
5 -2
-4 -6
9 -8
-2 -14
-5 -8
-5 -4
2 3
-10 -2
-2 0
0 -3
-2 2
-2 3
-1 -10
5 2
13 -1
1 -2
-13 -2
1 0
7 -6
33 -17
3 -6
1 3
1 3
-7 -5
6 -5
2 2
10 2
2 6
-5 6
-4 2
0 4
2 -6
0 -2
4 6
1 1
4 7
4 0
6 10
0 13
3 -9
0 -2
0 -2
-8 6
3 1
7 0
-2 -1
3 -6
-1 8
13 -1
-2 -8
3 -8
-11 -14
2 -2
-1 -11
3 -1
1 2
-1 1
-2 1
7 -5
4 3
0 -5
4 0
-10 -3
1 0
-6 -5
0 0
-12 -4
-3 -8
-3 1
-3 -8
-2 -9
-4 2
-1 8
-2 4
5 0
0 2
-9 5
-3 -3
-6 -5
-3 -9
-11 4
-5 -1
-12 2
-2 5
0 4
8 -2
-15 9
1 0
-2 -1
-2 0
0 -5
1 8
-1 2
2 -5
1 -5
-10 3
-1 7
-5 -3
-10 20
10 -3
-3 -2
4 0
2 0
-5 -2
-2 -4
0 1
13 -6
-11 6
9 -5
6 3
6 2
9 -6
-10 -3
4 -1
-16 2
-33 23
-4 1
-15 5
-6 5
1 3
-5 0
-3 -2
-5 2
-3 -8
-7 1
-5 1
3 0
-4 -5
-5 -1
2 1
-3 7
-4 -7
2 -3
-9 2
-7 -1
5 0
-3 2
-4 0
-1 -7
9 -5
3 1
-2 -7
-10 5
-7 5
11 0
-5 0
-1 7
44 12
2 -2
9 0
7 -7
-1 7
1 -6
3 2
1 -5
-6 5
2 -2
3 9
-13 -3
10 3
6 -8
4 -5
-1 1
-1 8
3 -1
8 0
-1 -9
0 9
0 -6
1 3
-7 -2
-5 -4
-15 3
-3 3
-4 0
3 -1
-6 -3
-5 -1
4 -10
12 3
1 0
-4 -2
0 3
-1 -12
0 8
-6 -3
-9 8
-7 5
1 3
-5 -8
6 0
-6 4
5 4
-3 -2
6 -5
-8 8
-1 0
-1 -2
4 0
-6 -3
3 3
4 4
-4 -8
5 -9
-3 -5
4 0
-5 4
-9 -4
-8 -5
-1 -4
-2 8
-52 8
-7 0
-8 1
-8 11
24 23
0 -4
0 2
-69 -40
-8 55
7 0
2 -15
0 -18
40 -52
3 11
2 1
1 39
54 -77
-7 -10
-8 -6
-26 -12
-20 14
0 -1
0 3
2 -15
-30 27
15 -10
12 -10
24 32
-14 24
-6 1
0 -8
-97 48
-87 -2
2 -6
-2 -11
-8 16
-35 -18
6 -5
2 -7
54 25
16 -52
3 7
7 -3
-2 -17
0 15
3 -3
5 1
-8 49
62 17
-15 7
-4 -5
2 -19
-5 -7
2 2
8 4
2 -39
20 -39
-10 5
3 0
29 18
-10 6
-9 -6
0 -6
-70 -179
53 -40
4 -2
-2 4
18 -17
-33 -4
-10 -5
1 -7
52 14
-49 -99
-6 -8
-12 6
-4 18
-9 4
-12 -6
-6 -5
-5 -14
42 -10
1 2
5 3
30 2
6 8
0 0
-3 -6
-15 -7
30 31
-4 -9
-14 1
-53 -41
16 -30
12 0
4 9
77 4
63 -36
5 6
2 -1
6 -5
37 5
-3 8
-13 5
-33 28
32 18
-9 5
-5 3
4 -18
3 -20
5 -3
-13 0
24 1
-34 81
7 -10
1 9
-18 29
-40 16
-4 -14
0 -7
-7 -1
-7 -8
2 3
-2 0
20 -10
6 8
-9 -4
0 0
-44 89
-50 61
-4 -6
7 -11
-1 -15
-9 -5
-2 0
4 5
-24 45
-2 23
8 -6
4 -1
20 11
-4 13
0 0
1 -8
-74 22
-98 85
-9 0
10 -2
-16 -20
53 -11
0 5
4 7
-6 74
-49 -18
2 -5
-6 2
-19 15
-5 -8
-10 0
-3 -2
-41 12
21 3
-5 -2
-2 -5
18 -9
-34 -2
-8 0
-5 -1
29 -97
-6 11
-4 -1
4 -2
14 50
-24 30
-10 -4
-3 -16
84 -115
31 -56
8 8
2 4
22 -18
10 4
2 -2
7 2
26 -25
52 -15
-3 11
-1 6
-29 -55
-6 -11
-21 1
-5 0
45 178
25 57
3 1
0 8
0 15
26 -24
0 -1
6 -13
-85 20
48 28
-9 8
-3 1
1 -36
27 -46
0 9
-4 3
-15 15
-35 -12
-11 -5
-3 -1
-6 8
-24 16
0 -1
-1 -8
-20 6
-42 -26
-8 -9
-1 -6
33 57
11 0
15 -8
11 1
34 51
-86 2
10 -3
-9 0
-6 18
-18 2
6 -3
-11 2
22 -16
3 25
7 -1
2 -1
-16 -57
-5 3
9 -5
-1 7
-19 -23
-14 -42
-2 -4
-9 -5
-34 11
-2 3
-3 -6
-4 0
54 -39
-7 29
4 -8
-5 -8
45 1
-3 9
3 10
-5 0
-4 -80
0 -43
-2 -3
0 0
-4 4
-14 9
-8 -4
0 8
-16 -2
-9 -25
-1 5
3 -2
0 2
-5 11
8 -11
-8 -1
10 -44
50 -3
2 -5
-3 7
7 -9
-6 -4
-5 7
0 4
-29 28
8 27
-8 9
-2 -4
-13 -2
14 -4
-4 0
-4 -6
3 40
26 28
-10 -6
5 -10
-1 -7
14 -16
8 -14
1 6
18 8
-1 -8
-2 3
-5 -5
-6 -7
-7 -4
-6 1
-1 -4
5 46
-24 16
1 -13
-9 0
-3 6
-2 4
-1 8
-1 -2
-9 -12
-4 -3
-2 3
1 -5
13 6
-4 -4
7 -4
-3 0
6 32
6 18
3 1
-15 2
4 -1
-23 10
-11 6
0 -9
15 -8
-10 4
1 0
-1 4
13 0
-3 -1
-4 11
0 0
-2 13
19 1
-2 9
3 -5
-14 7
-7 19
-8 -8
-2 -8
3 26
-5 16
3 -3
-1 7
2 -9
-7 -4
-3 -2
-2 -2
4 -10
-33 79
1 6
1 0
-8 6
17 -27
7 5
-8 -7
-5 -7
-3 -19
-2 -12
3 -5
-9 0
1 4
1 -8
6 6
5 -25
-7 -1
-2 0
-1 -3
1 -10
3 -14
-2 2
4 2
-4 -16
22 -2
8 -5
-5 -4
-1 5
7 1
-8 0
0 -3
-53 -69
-156 74
-1 -1
1 -5
1 -10
-13 -23
-4 -8
3 5
-8 -1
7 11
-3 9
-12 -7
5 -7
-15 3
-8 -9
-6 -5
1 1
10 -24
-2 0
-7 14
-6 7
-17 11
-11 -1
-13 -4
24 -53
-22 -20
-4 -1
0 1
14 -1
6 -21
4 1
3 -5
-24 6
-73 -74
1 1
-5 -3
13 -4
14 4
-1 9
3 -3
-19 1
-12 0
-3 -6
3 -4
1 -11
-2 1
-1 5
-3 -4
-16 -20
16 7
0 0
-3 -3
-15 -6
-13 4
10 -11
-8 -4
-16 33
16 -1
5 -11
0 2
-14 12
3 12
-17 -3
5 -2
-83 -14
169 -43
-5 -4
-4 7
-7 3
12 16
0 0
-5 -3
3 15
-17 17
-3 -3
1 5
-8 3
12 -3
5 -3
4 3
-2 -17
-28 13
-3 -4
-3 -9
7 4
14 -24
-16 6
9 3
13 2
-8 7
5 7
-1 -4
-15 -1
0 -1
5 -4
-9 1
50 11
-11 -38
0 3
4 -6
-6 -9
-22 1
5 -10
3 1
-1 -10
11 -6
0 -2
-7 0
-3 -3
-10 12
-9 -4
-3 0
16 -40
19 -19
3 -7
11 8
8 10
-1 3
5 9
-1 4
-7 15
11 -11
-8 7
-9 -5
5 -18
-11 -12
3 9
-4 -1
205 89
-123 93
0 -5
1 -12
6 0
14 13
-5 4
3 2
20 23
29 -22
0 -2
-6 -3
-9 -3
4 -12
5 4
-4 -15
-20 -21
19 -31
6 -6
-12 1
1 -2
0 -5
-6 -6
-7 1
2 7
0 16
1 1
2 -6
-14 1
-14 2
-2 -3
4 2
-10 -40
-8 16
-2 0
1 4
-6 -7
-17 2
-1 -4
-2 1
-20 -5
-9 12
10 2
-7 0
-1 0
1 5
-4 7
0 -3
15 16
-16 11
5 -1
7 -14
3 10
6 3
0 -9
4 1
-23 1
0 -16
-10 0
-1 -5
0 -17
1 -3
-4 -10
0 1
-18 -83
51 -44
5 4
-11 6
-8 -1
-6 -13
1 -4
4 0
-3 8
14 12
-6 -6
4 -6
2 1
-13 -2
-2 -7
1 17
-40 1
1 -3
-2 0
-4 0
0 -16
-5 0
4 8
3 -3
-1 4
-9 10
5 -5
2 12
0 7
6 2
2 6
-9 0
0 13
-18 23
-8 2
11 -3
2 5
5 0
0 0
-3 -6
-9 -10
-1 9
-11 1
-4 0
-4 2
5 -14
-2 -9
-1 -8
4 7
23 -34
-7 0
2 11
-2 -7
2 7
-7 -4
0 1
-7 10
-8 -15
6 -3
-7 0
7 -3
1 0
-4 2
-2 -2
-8 33
-181 -11
0 1
-17 -4
2 -2
12 -2
-2 -1
-2 2
12 -21
-19 15
0 0
-2 0
9 -11
-4 4
1 3
-5 -6
11 -7
13 -26
0 -10
-5 0
-1 -4
-6 -12
1 6
0 -6
6 -13
20 11
-6 3
-1 -7
18 9
-5 -2
-3 -8
2 -3
0 25
-11 42
-1 5
3 8
-12 6
0 13
0 -11
-2 1
-3 -7
-8 -33
-7 -1
-10 4
-11 4
-7 2
2 -1
10 4
34 0
-14 -4
-1 0
-5 3
-5 -14
5 -5
-1 -9
-5 -10
6 9
-21 0
-3 3
-2 6
-24 -1
5 3
-3 6
2 3
26 37
71 -3
-5 -1
6 0
5 3
-3 -11
-2 7
11 -1
10 -11
-23 9
-2 2
-5 -9
-2 10
-5 -1
-2 1
-1 0
-13 -5
-8 39
-4 4
2 2
0 10
-5 12
0 2
1 13
-19 -5
2 -6
5 -5
1 -9
20 1
-5 0
8 3
-6 4
23 -31
-1 -19
5 -3
1 -5
16 -4
4 3
0 1
-4 -2
7 8
8 -22
6 -3
3 6
-12 -11
7 -1
-3 2
-8 -9
-9 11
0 4
0 -5
12 -7
-8 6
8 -8
-1 -2
0 2
39 15
-6 5
1 -2
-3 -6
-13 -4
1 -7
-6 -6
0 -7
126 34
35 63
-4 3
-11 -11
4 -5
-16 -5
-3 -7
4 -2
4 12
-4 -2
0 1
-9 0
-6 -2
4 -9
-3 2
-6 0
-15 3
4 7
-6 -2
-13 -1
8 -13
3 1
-1 2
0 -3
-10 -4
-8 -6
0 -2
-6 -3
3 -7
-6 -18
7 -5
0 -4
2 -22
-38 -34
2 3
6 3
-7 4
11 -4
0 1
-7 4
-9 -9
4 13
-1 -1
3 -2
-2 -8
-7 17
-5 -1
-1 0
12 1
-11 -34
2 -5
5 2
8 7
-3 4
-1 2
1 3
-12 -6
-1 -9
-5 0
3 -2
-5 10
8 9
-5 2
0 3
-10 -15
16 -17
-3 -6
-4 8
-15 -2
3 -1
1 0
-2 1
-2 -4
-22 -6
-4 -1
-9 -8
-17 0
-4 -7
2 -3
-2 0
7 -14
-5 -16
0 1
-2 -5
-6 0
-13 3
2 2
-6 1
2 -14
5 -7
-3 2
-8 0
-1 0
-8 -2
-2 -3
-2 -1
41 -3
7 -10
1 1
-3 -5
9 -11
8 -1
-3 -1
1 -4
-24 -10
-1 1
2 -1
5 3
15 -5
3 1
-3 -2
-2 -1
25 17
-14 6
-2 2
5 7
7 3
4 -5
-4 -4
1 -3
10 -15
-14 -14
1 3
0 -1
6 20
4 -1
1 5
0 -3
55 -13
10 30
0 -1
5 -1
8 4
7 6
3 -1
-4 -2
4 0
8 -15
-3 1
3 7
-3 0
0 -2
-2 -6
-5 -3
-12 -7
-19 31
-2 1
1 0
-3 9
4 -11
-1 -11
2 -3
3 5
-9 6
-1 -4
1 4
-14 5
7 3
1 4
-2 -4
-19 -6
5 -6
-5 -2
-7 -1
-4 -1
-12 1
-6 5
-1 0
7 14
8 4
-4 0
-2 -1
-3 3
-1 -4
2 1
2 -4
-10 -14
3 17
-1 -1
-7 -3
-6 -13
-8 5
1 10
-3 2
-3 12
12 8
-5 -4
0 -2
6 -26
-12 -5
-7 -10
-3 4
-46 -32
-10 25
2 -1
-3 -13
3 2
-8 -4
-2 -3
1 -2
8 -1
2 -5
1 0
-4 3
4 -2
0 -12
5 -4
-2 1
1 6
4 -15
1 -5
-6 2
-7 -7
7 -6
5 -2
-1 -2
-3 5
10 7
-1 1
-5 0
0 -3
-6 -13
-1 -2
0 -5
-17 39
22 11
0 1
13 4
-4 10
-8 4
-1 -1
-4 -1
17 2
-4 -5
1 0
3 -7
-6 7
2 12
-6 7
-1 3
-33 12
15 15
-1 -1
3 -11
9 4
-2 13
-7 -2
2 1
9 15
-2 5
-2 0
1 0
-16 -16
4 11
-2 -1
-3 -1
-16 22
-2291 690
-7 -4
-126 -71
-116 -53
231 -21
2 -12
-1 -10
-37 100
41 156
7 -4
38 11
111 -6
-102 123
42 28
9 -14
193 -263
-137 -143
28 -19
26 -16
-14 45
92 184
-29 -5
30 15
152 -31
271 93
11 6
-1 -15
67 -92
-72 36
31 -47
-5 6
0 45
100 -28
-4 -3
17 45
95 -40
-43 -37
4 9
-7 -19
48 -41
17 96
-14 -19
-36 -12
-140 51
69 -108
-64 -22
7 -11
-178 95
22 93
-3 36
-36 -15
-90 -23
-16 -203
-17 -22
-27 4
85 -5
-181 -33
-10 -1
5 4
166 32
75 58
3 66
20 -4
23 233
-223 406
-27 34
-40 -15
44 -5
34 -114
5 2
-11 -7
-2 -46
-236 -81
10 -35
21 0
64 100
66 164
-4 31
23 -6
23 219
35 123
-27 -13
-82 -28
-100 1
104 -100
-7 -26
8 -9
-287 250
-198 -75
-21 1
28 1
43 -31
-41 115
102 1
-7 6
102 -186
20 -97
10 -20
91 49
41 35
-241 88
16 14
-5 5
39 -64
89 -133
9 15
-22 5
-118 -22
-12 -188
-39 -32
-31 5
37 -41
116 -146
1 17
25 0
102 -117
-13 -9
28 2
-8 2
-59 -131
-2 117
4 -12
0 5
-185 1
73 -74
-57 16
21 -28
-436 381
64 -89
-17 8
-91 -67
-21 -53
164 40
-2 -15
-11 -10
-90 35
-136 1
1 -23
26 -6
129 1
1 201
33 17
40 0
-92 128
-263 172
1 -14
-30 -46
-73 79
40 124
-22 -14
20 1
22 95
-57 -114
-6 5
13 -11
148 3
-44 73
55 -22
-20 20
325 20
-48 33
13 7
95 45
81 -9
-184 11
13 17
-4 -2
148 -70
103 62
3 -5
-32 -7
-91 67
79 -143
-68 -31
-13 -1
-106 161
196 161
-15 32
-5 -7
-68 -77
-80 -175
18 -15
-22 -5
7 -69
-179 54
-3 -12
15 4
-36 103
48 -13
-24 5
13 -26
-360 176
-272 144
-29 16
-46 45
56 -37
-26 -215
12 15
-12 -16
-2 -75
-117 -56
-5 -29
-7 1
-97 134
17 -14
-27 18
1 -18
70 -4
32 -34
-22 14
-55 -20
-85 -31
145 -182
-18 -32
-14 8
-83 98
-151 24
-16 2
12 -3
106 0
55 134
61 62
24 -8
-204 -19
131 -258
19 -43
44 18
41 55
0 160
-9 6
11 6
-37 -23
277 28
8 15
-24 5
-95 -211
-67 -121
7 -41
-20 1
-156 -255
-64 -159
27 3
42 19
135 -44
-52 104
20 29
-5 -5
134 -222
139 6
7 -12
-10 6
-77 4
3 -76
-119 23
10 -8
445 -292
6069 -3696
-4 -10
22 -106
8 -54
219 33
-5 -20
-5 -13
-276 87
-354 -308
4 7
-2 36
127 58
-150 133
6 13
18 -7
3 -17
422 -196
19 14
-35 -20
119 30
-70 -62
18 -3
2 38
-170 -152
-261 240
-15 -7
17 -13
-6 145
28 97
-15 4
-19 -11
536 -91
-815 333
-8 -15
43 58
-30 36
-215 97
-9 9
9 -22
130 -46
267 -120
15 -23
-21 -18
-49 -152
138 -180
17 -9
-15 5
-244 173
30 114
-50 -10
40 -17
-141 -43
123 -31
-7 -28
-22 -16
-28 383
-231 -209
17 21
6 16
25 -74
-67 22
20 18
3 4
-932 -173
-760 613
-30 -20
21 57
-69 -18
50 78
-15 -6
-2 -19
-44 314
-92 -195
20 13
-36 7
125 12
-118 -86
-4 22
10 21
-318 -384
166 111
2 -16
-10 -75
-45 -86
235 -124
-14 -25
-15 5
-175 54
-218 -4
-25 -5
2 12
186 73
-65 89
-11 46
1 -10
104 -222
-54 -471
11 13
-65 49
55 43
-139 -25
3 24
0 -3
215 -242
474 183
-16 -4
-1 -27
-221 -37
82 -25
-3 -63
-11 -17
156 328
-170 387
-1 3
35 24
-50 50
-73 179
-9 24
6 -22
397 -137
213 -91
16 -3
-21 12
57 -243
2 -104
2 -21
23 25
-1069 792
-2493 1334
-6 -17
31 -11
-25 -24
178 17
-11 -20
-6 -13
-175 124
-293 -134
28 5
-11 23
189 66
-105 21
-2 42
9 10
-103 -402
488 -368
-3 5
-34 -29
21 -65
91 -218
14 -14
-6 18
-278 78
-171 107
-21 -7
20 4
-6 173
-82 133
-5 18
-17 -29
237 -116
-196 -293
-3 -4
-6 91
10 111
-209 84
2 20
-2 -7
228 -155
301 -12
-4 -9
-6 -19
-175 -116
92 -107
-2 -21
-16 3
16 4
-138 196
-22 -14
21 12
-92 -72
102 66
-13 1
-4 -22
165 235
110 -220
18 7
-22 20
-24 -288
-3 -85
37 4
23 6
-1460 207
-1251 332
-29 -27
37 30
-51 -15
-105 140
-25 -5
11 -39
52 284
205 -231
15 -12
-41 -8
31 -117
60 -167
-1 -9
4 11
-514 187
97 310
-15 -25
21 -71
-85 -21
184 -40
-17 -29
-24 -4
-163 215
-377 -108
-11 9
8 23
234 -49
-69 60
3 54
3 24
-167 -344
141 -140
34 22
-41 -1
86 2
-123 -26
5 5
7 30
87 -335
101 284
-10 -15
3 -38
-82 113
94 48
-11 -59
-6 -17
563 359
-179 48
-16 25
26 29
27 122
-219 184
4 4
13 -16
368 -190
239 0
12 -7
-11 -7
-82 36
-14 -111
-22 -52
0 17
-1966 679
14 -69
-1 4
-4 -6
1 -6
-5 -7
-3 -2
-1 0
2 -1
-7 -12
0 0
-4 7
-7 -10
4 -5
3 0
1 3
0 -12
-18 -16
1 0
-10 -2
2 -9
-5 -2
0 2
1 -2
-15 -9
18 2
0 2
1 2
11 -5
-2 -20
6 -6
0 -4
21 -11
0 -40
-7 1
4 5
-9 4
12 5
-2 -6
0 -6
-5 -6
0 0
0 0
7 -1
-5 0
-7 8
-5 3
-4 2
-9 -9
-5 -6
-1 -2
0 -3
3 10
-5 2
-1 -8
0 -3
6 -9
-5 -4
1 0
-1 0
-12 13
1 10
-1 4
-6 2
-18 -61
-26 26
0 -4
-2 0
0 -2
-7 10
-5 1
-1 3
-1 -2
-4 11
1 -1
3 -6
-12 -14
-3 11
-2 1
0 -2
21 6
-5 -13
-1 0
7 -7
5 1
-9 8
-4 0
-4 0
2 -10
11 -15
-1 -5
0 -3
-2 -12
-5 -6
0 -8
0 -2
-4 20
17 21
3 2
-3 2
1 0
9 -9
4 0
-1 4
-9 -14
-16 -2
-3 0
-8 5
5 -2
0 -6
-2 0
1 2
3 -19
-22 0
0 -2
-2 0
-1 7
2 -4
4 -4
-1 -2
-14 -10
-9 -12
0 0
-2 -2
3 16
5 -3
0 4
1 -5
-3 -14
13 15
-2 -4
7 0
-5 8
8 -8
0 -3
-3 -2
-6 -4
12 9
-1 3
7 1
14 8
0 -2
-2 -1
0 -1
9 3
19 -2
0 -1
5 3
4 6
6 0
-1 -2
1 1
-1 -2
-3 0
0 2
0 5
-6 0
9 16
-7 6
-2 2
13 42
9 -9
0 0
-5 -4
-1 -8
-10 -2
2 -3
1 -7
15 18
-15 4
0 -2
-5 -8
-7 1
-3 -7
1 0
0 -4
-22 -1
13 22
1 1
-4 -3
-13 -11
-2 -9
0 1
-4 3
-14 5
-1 12
-2 -5
0 -3
8 -14
-10 -2
0 -7
0 0
36 19
-16 0
1 2
-5 -6
18 -2
-8 -2
-1 -3
0 -2
2 5
14 -8
1 -2
-2 4
10 4
6 -6
1 -7
-2 2
-9 13
0 5
-1 0
-7 6
3 -15
6 -1
-1 2
1 -6
14 13
-6 12
0 -2
1 -1
1 3
-1 -10
6 1
3 -3
-43 -11
-10 21
-1 -2
9 0
-17 8
-3 -3
-4 4
-3 4
6 8
-1 0
-3 -1
1 -10
-8 2
4 12
-3 0
-1 0
1 2
1 -22
-1 -7
-3 -6
1 2
-3 5
-3 1
1 -1
-6 6
12 2
1 6
0 5
-4 -9
-2 4
-10 -3
-6 0
7 35
-15 32
-5 0
5 2
-5 6
21 22
-2 2
4 7
1 3
2 -5
3 -9
-5 -13
3 10
5 -12
6 1
1 3
-5 -2
-27 1
-3 3
-5 -8
8 -4
14 3
1 1
-7 -1
-9 15
18 5
2 10
4 -10
0 1
9 8
-6 11
2 11
-7 27
-36 -32
-4 -7
-5 0
-7 -11
-13 -8
3 10
-1 3
3 7
-5 -12
3 -10
7 0
-1 -15
-4 2
2 -2
2 -5
41 -27
14 -12
8 -5
2 0
-2 3
-14 -4
-7 2
-16 -7
-13 -34
3 -20
2 3
5 7
-13 0
5 -8
0 -1
-5 -5
33 66
23 111
4 4
-4 2
7 5
-18 11
6 -4
-4 -14
-21 -13
39 -17
-5 4
-2 3
-1 2
-10 13
-2 -5
-2 3
-20 1
7 -20
0 -2
4 3
-4 -5
1 -3
6 -9
9 1
-28 26
1 7
1 -9
-6 -6
7 -7
-6 -3
1 -9
3 -2
34 -25
89 -12
-1 1
5 -6
-3 9
9 -13
-12 -4
4 1
14 9
-5 2
-6 3
-6 3
-8 4
11 -24
5 -4
-8 -4
1 25
-36 -2
-9 13
-1 1
-4 -4
7 4
-5 7
3 3
-12 -31
17 10
0 -5
-7 -5
9 7
1 -9
-3 -6
1 -3
-10 29
92 -50
0 5
-1 -9
-3 0
12 -7
1 -2
-3 -8
3 1
0 -8
5 0
-1 1
7 -16
-37 0
4 -4
1 1
-12 35
-42 9
3 -5
-1 5
-5 14
0 -6
2 -16
-7 -9
2 -19
3 -8
-1 7
2 3
12 13
-8 3
3 5
-2 -3
-27 -40
-5 -11
0 2
-2 10
10 -3
6 2
-8 -9
-13 -2
-2 -19
-24 10
3 13
7 0
3 -12
11 -2
4 4
1 0
9 -24
6 -19
3 -11
-2 -3
-6 1
-17 13
5 3
4 -6
35 12
-11 -4
-7 -6
-1 14
-11 3
-4 2
-9 -13
8 -6
13 5
-44 16
-3 -2
-8 4
0 5
4 -10
2 0
4 4
-7 11
-26 11
4 -11
-7 0
3 6
12 6
-2 -5
0 -7
0 -19
42 37
1 9
-2 6
11 -12
0 -6
-2 8
-2 -3
1 -11
-19 16
1 -4
-8 -8
-21 -19
3 -11
-3 -1
-5 2
6 -8
16 2
-8 -6
0 -12
-11 -9
-18 5
0 10
14 11
14 -2
-6 -4
-8 -5
-3 3
-1 1
-6 14
-5 -1
0 6
-6 16
-20 12
-11 3
-1 3
-9 18
19 -5
-11 6
-8 11
4 33
-8 -11
2 1
4 -1
16 1
-5 11
7 1
-2 -3
-175 -180
-58 -35
-4 2
6 -3
1 7
-16 11
0 -4
0 -5
5 16
-5 -24
1 0
4 -6
-1 9
9 -9
-3 3
7 2
-28 -17
22 26
4 -2
-7 -2
-2 4
2 9
2 -7
7 2
-12 8
-8 -4
-8 3
-8 8
-4 1
-5 6
-7 1
-3 -4
21 -1
47 50
0 -6
-9 12
-9 -10
0 -10
-3 -8
0 -8
9 -24
6 18
-7 -1
-11 2
-3 8
-1 8
-2 0
0 -1
9 -28
-12 -18
1 -3
3 6
11 -8
0 -10
9 2
-6 2
3 8
10 -11
-7 4
-9 -11
6 -16
-8 -10
-7 -6
-6 -2
-38 34
-107 0
0 1
-6 -6
2 5
-4 -11
-5 6
0 6
-2 18
0 -13
-8 0
5 -5
-23 -14
0 -11
1 -4
0 -1
33 2
-28 -2
-10 3
3 -8
-8 -2
2 6
-9 0
-4 -1
-2 8
-33 -17
4 -4
7 -3
-41 11
10 3
4 7
8 -1
-44 -49
-43 -23
0 1
8 -2
7 2
0 -6
0 7
-2 -2
4 10
27 49
8 -5
0 -4
27 6
-7 -12
0 -3
-5 0
-11 -12
20 -8
1 -7
-3 3
0 2
-4 11
-7 -6
-7 -9
-12 2
4 -11
2 -4
5 6
28 -18
2 7
-3 -6
-1 -3
115 60
105 23
0 5
-7 0
0 -1
-10 4
2 -6
-1 12
-10 -13
-10 6
-7 0
-1 0
-2 -4
7 6
-5 -2
-1 -3
0 15
-11 15
-2 2
4 0
10 -10
-6 -5
6 1
0 4
-12 -24
-1 -3
0 2
0 -11
-19 -1
-1 -3
-5 1
0 7
33 2
32 0
0 -2
-3 7
-8 0
-7 0
-2 1
-1 1
2 3
9 -23
-4 3
-12 10
1 -3
-8 -6
0 -10
-6 -11
-33 3
0 19
-2 -1
1 -1
0 -14
-5 4
-6 3
-3 -1
19 14
3 17
1 -4
2 1
13 -3
2 1
3 2
-2 -2
90 61
-9 -33
0 -3
0 0
11 1
23 -8
-5 4
1 -9
2 -10
-31 -15
2 -1
5 -17
-8 0
-2 -9
-1 0
0 11
7 -9
-3 -17
4 -5
-7 1
-3 9
6 0
1 2
-3 -6
-2 -17
22 -1
-11 -1
-1 7
19 26
-3 0
0 -9
-2 -7
-15 -52
23 -37
-2 0
-1 -10
0 -3
-9 10
-3 -10
-1 -5
-5 -8
-14 -11
7 -3
2 0
7 -17
0 0
4 6
4 0
9 50
27 36
5 -3
0 -3
0 5
0 -4
4 -6
4 0
-8 3
-7 -6
2 0
-4 -7
-16 3
0 -10
-9 -1
-2 0
-98 -116
-174 -87
0 -7
12 11
9 -5
-40 -77
-9 2
0 7
5 -32
-49 15
-3 4
-1 4
-31 -34
-4 -25
-5 -2
4 9
-5 112
-34 -123
-3 -8
-6 -7
-1 11
-39 28
-10 -2
-7 2
3 -40
-30 -38
3 -6
3 1
-10 -14
4 4
-6 -11
4 -3
-47 -8
-58 -144
3 -2
-8 10
24 -3
8 41
-1 4
-10 -8
-28 30
81 37
-8 0
-1 -5
-14 -19
19 2
-4 -5
6 4
-49 -62
120 0
-12 -1
-10 2
12 50
21 -22
-5 -6
-2 -7
25 -37
18 72
-1 16
-15 -3
10 27
23 1
5 -12
0 -2
45 -28
68 -24
-4 -7
-1 -20
-18 8
19 0
3 -5
9 -4
13 33
-27 14
9 -2
0 -4
24 5
-22 10
-1 -1
-10 -14
21 7
-87 53
1 -3
9 -2
-13 -58
-19 -5
12 7
6 1
10 28
39 -15
-5 -4
2 -12
-44 7
-2 -2
-10 7
-4 2
106 -33
120 -98
1 11
6 6
-29 0
28 -45
0 -3
0 4
-45 -16
-3 -16
-3 -4
0 4
38 13
-21 -6
9 9
-9 0
-68 -28
30 20
5 7
5 -7
3 2
22 31
2 -3
-1 -4
-15 -42
-56 41
8 -3
2 -1
3 -14
-26 -21
-5 0
-6 9
81 232
270 -75
-2 -4
-12 -10
24 10
-75 16
-4 -9
6 -5
-23 4
-36 -8
10 7
-5 1
-22 -28
-11 1
16 -3
0 -1
3 -99
-22 67
-9 -2
-6 -4
-4 -2
10 -36
3 -1
4 1
21 22
-58 -20
2 -16
3 -5
40 8
0 34
0 12
-3 -13
-18 -41
18 98
-7 6
-20 0
-16 28
46 24
-4 -13
-8 -4
42 -40
2 22
-4 -6
-10 -8
8 -3
24 9
11 1
-5 -8
32 48
25 -38
-1 2
6 4
-2 -10
-4 11
1 -11
8 3
-41 52
63 -36
-5 5
-5 0
-29 3
-14 5
6 2
0 8
73 163
-203 149
2 -5
2 11
-2 -21
24 -31
3 5
-4 3
4 67
-26 -57
2 -5
6 0
14 20
-31 -15
-15 1
-4 2
56 44
-103 -33
-3 -9
-3 0
17 2
12 3
3 5
-2 -8
2 67
-30 -30
-5 10
-9 -7
-32 3
-1 -25
-2 0
-2 5
-149 -85
32 91
7 2
12 4
8 -12
-60 25
-6 7
-2 7
-11 -69
45 44
-6 4
6 14
-29 -30
3 -11
-9 -8
3 8
22 81
29 11
-5 -1
-7 1
5 47
7 -6
-18 5
-6 2
-6 -82
39 16
3 -1
-2 10
48 -30
12 -1
-23 -12
5 -4
-170 -198
-6 -63
-1 1
-10 -6
4 -2
-5 1
0 0
-3 0
-1 -6
-8 -3
-1 -7
-1 2
0 -11
1 -5
4 1
-5 0
-2 -4
8 0
0 1
8 0
14 -6
-1 1
-1 -7
2 -6
-4 -4
0 -2
4 -2
0 -8
-6 2
-2 -5
2 10
-5 1
7 20
-9 15
-5 -1
1 -1
-10 -6
-10 -1
-6 2
-4 -8
-1 -4
-3 -6
-3 -3
-3 4
9 0
3 8
0 3
1 3
-9 0
-7 4
2 -1
-3 9
1 11
-6 -1
-6 -7
3 3
-7 0
0 2
3 1
0 3
-2 1
0 6
-11 0
0 0
3 -4
11 4
0 -3
3 12
-2 1
-5 -9
4 -1
2 1
2 6
0 15
0 6
6 -2
-12 0
-4 1
-8 -3
1 -4
3 1
1 -4
-1 -2
1 -3
-12 -8
1 -3
-2 7
-6 -4
-10 -3
-4 5
-11 6
2 5
-6 12
-6 -5
-5 -10
3 -4
-2 -16
4 -2
1 0
-15 -1
-1 11
0 0
5 0
1 10
10 7
5 10
-4 -7
-5 -2
5 -6
6 -1
3 -9
0 -1
-7 0
10 -5
0 1
4 -13
0 -5
0 1
0 -2
2 -2
-12 11
1 7
0 -5
-4 -3
2 -9
2 -9
10 1
-4 -1
-16 34
10 1
-6 -2
-1 -9
1 -10
1 4
-8 2
-3 -5
-2 1
-4 -2
-1 6
4 -7
5 0
-2 4
4 -2
0 -1
0 2
-2 -4
0 -1
0 3
1 1
-8 0
0 -3
0 1
10 -4
10 -1
-5 0
-3 2
4 -10
1 -1
-3 -11
1 1
-2 10
-19 7
-1 2
11 0
0 4
0 -1
6 -5
10 6
-3 -3
-3 -5
0 3
-5 -3
-9 9
5 -5
-3 2
2 -1
-3 0
0 7
1 -10
0 0
-5 -5
4 -2
-3 3
0 -3
9 -5
0 -7
-1 2
4 5
1 0
3 -5
-1 8
-2 3
26 30
2 -9
5 0
-24 0
3 4
13 1
-3 3
-4 3
-4 -8
-2 -15
-5 -6
0 -2
-3 0
0 -9
3 6
-9 8
2 -4
-5 1
-4 7
0 3
2 1
8 -5
1 -1
0 0
-2 -2
0 -10
-2 3
0 -1
2 -5
-7 -10
8 10
-1 -6
-11 -20
6 -4
0 0
0 2
-1 -10
-8 -2
-4 -2
-4 -6
0 2
0 6
3 -6
0 -2
-2 -2
4 10
0 -5
0 -5
8 -5
0 -2
3 -4
-4 -1
0 3
-11 11
-2 0
1 -2
2 -6
-1 -6
8 -5
-2 -8
1 8
8 10
-10 1
2 0
13 -44
13 -46
-2 4
6 -2
3 1
-2 4
3 -2
-2 3
-2 8
4 -7
-2 -3
2 -2
-3 -10
14 -4
-2 -5
-1 4
7 -2
-7 14
-2 1
-7 1
-7 5
1 10
-5 -5
-2 4
5 4
10 0
-1 6
1 2
-8 -1
4 -9
-1 1
-3 3
-6 -12
-9 3
-3 0
-11 0
-9 10
5 -17
-5 3
-3 -7
2 -3
0 3
3 1
-1 -6
1 -1
-5 4
9 8
6 3
0 -6
14 7
-3 -3
-12 -2
10 -5
-14 -14
-5 2
-1 -8
2 2
0 -1
1 -4
2 2
12 0
0 -3
-10 -5
-1 -3
15 -7
19 4
-3 -3
-5 -1
3 0
-3 -7
-3 -4
-1 0
-4 9
10 -9
-3 3
-10 4
-1 4
-7 -11
-4 5
-7 -4
0 -8
4 -16
-1 -2
1 3
0 6
2 -10
-1 5
-7 4
-7 1
1 6
3 -3
-4 -9
-6 -5
-13 0
10 2
-2 -2
-7 14
-3 -13
1 -2
10 -10
1 -5
-5 7
5 -4
0 -3
7 -10
9 -2
-1 -3
-3 2
-6 -2
10 3
-4 -14
1 -1
-1 0
-5 -10
3 2
11 -4
-3 1
-3 8
4 -2
2 4
6 10
2 8
-5 7
4 2
1 -10
5 -1
-4 -5
0 1
-11 -5
-7 0
3 0
-8 -9
-16 20
1 8
0 8
1 -2
-3 -5
-13 5
-1 3
3 -4
2 -9
-11 0
0 3
2 0
-9 2
-15 7
-4 -2
-10 -4
1 2
-3 -5
2 -6
0 -5
12 6
-7 4
4 -3
2 6
3 -2
-2 -8
-8 -5
1 -8
7 -6
-12 -7
-4 2
-4 9
-3 -3
4 1
-1 -4
3 -1
-9 -2
-15 -8
-3 5
-2 5
8 8
-4 -1
3 1
-4 -6
-4 6
-17 5
-5 -8
4 -1
-7 -4
4 11
-6 6
-7 1
-6 -15
8 -13
6 -2
-4 -1
-10 9
-1 9
14 4
4 -3
-2 -9
11 2
0 -4
6 -7
9 -17
-1 5
-1 -3
1 -3
-1 -2
-3 -4
2 -7
-3 4
-15 -11
0 2
0 -2
2 1
-1 7
7 -10
5 3
4 5
3 -12
3 -1
-4 0
3 -2
1 -13
-9 1
-10 -3
-1 -2
-14 0
1 1
-5 -5
-2 1
9 4
7 4
2 0
2 0
-1 11
-9 -7
-3 -1
-6 5
-8 3
-11 1
0 -2
-1 -4
9 3
0 10
3 -3
-3 5
-10 2
9 10
-5 -2
-5 0
8 13
-1 2
-5 -1
-3 2
-11 4
-3 -5
-3 -7
1 0
5 -2
-6 0
-10 -9
-9 -2
-32 12
-360 -313
-3 -1
-17 7
-31 2
24 -37
1 -2
1 -3
-19 -21
16 36
1 -5
-15 -6
24 -11
28 -22
2 -5
0 -6
66 39
111 -43
1 -4
6 14
-8 -31
-71 -3
7 12
1 -3
29 8
11 9
-1 1
-1 0
43 28
21 11
-24 -4
0 8
32 -47
-195 -38
-5 0
0 9
10 -17
10 28
-13 0
-2 -13
17 12
-14 9
-4 -7
-9 2
-2 30
7 -31
-14 6
-9 -12
-133 -4
-15 -61
-6 0
-5 1
2 -25
4 1
-3 5
-3 0
-35 -18
-31 12
-6 3
-13 -5
-42 -16
0 14
5 7
0 0
-78 -86
80 193
2 0
5 -7
3 28
-15 -16
-6 -3
11 1
1 -64
-3 -97
5 6
9 -3
-3 -4
-32 55
8 3
9 0
50 44
68 -32
0 -5
-2 -14
-23 21
15 -14
-4 -8
6 5
65 -1
16 -29
0 -9
-1 -7
19 -1
-26 0
17 1
-2 0
-76 -123
-57 -4
-2 -1
-5 -14
16 26
27 -19
4 -1
-13 0
-43 32
8 56
-2 2
6 -1
-32 -49
-4 -13
12 -7
-2 -4
-50 116
-55 126
-5 5
11 6
-3 10
4 8
-4 0
-7 3
-44 -58
-39 23
4 -1
3 7
12 54
6 -30
2 -23
1 -6
61 -67
549 -27
3 0
-10 12
4 -20
0 -36
-5 -4
9 -4
100 31
-1 44
0 -4
-11 -4
0 26
10 -25
0 -9
-1 -2
-9 12
-13 78
10 -4
-12 -1
20 -2
13 -8
0 -6
3 3
13 -19
15 -43
2 -5
6 -16
0 -49
1 11
-4 1
3 5
13 52
92 -139
-4 -13
-1 -6
13 -19
-31 28
-1 2
-6 -8
-72 2
-43 -12
-10 2
6 1
-17 28
3 25
-4 -1
2 -2
42 -113
4 -26
-10 -7
-9 -5
9 19
16 -12
-13 -10
-2 0
-1 -11
30 40
-6 1
-3 0
-67 -11
-9 10
14 -22
-3 -10
263 254
-18 102
0 7
-3 -2
-12 30
23 7
-4 -9
-1 -7
-63 29
25 47
7 -6
1 0
-14 -22
-18 5
6 1
3 -6
-19 -19
-63 50
-5 1
5 3
-34 1
-32 28
5 8
5 -4
-69 48
24 50
-5 -6
-10 0
10 30
-4 -8
0 3
-4 5
-103 77
-81 21
-4 4
8 -1
1 -8
4 -13
1 0
-12 1
74 -35
-29 -51
6 0
-8 3
26 -4
18 -42
-2 -9
-11 -2
108 -10
35 -129
4 6
13 -3
0 -36
-9 4
3 -1
-1 0
29 -25
0 -37
11 -2
1 8
14 -33
13 -15
-27 12
3 -4
-156 66
-517 -616
-5 5
8 24
26 10
-58 -33
2 -6
-7 -8
82 12
60 138
-11 -1
-18 -7
-15 15
-29 -16
0 13
5 -3
-91 -100
-61 -98
-22 0
-3 8
-13 -16
-6 -69
1 -11
-4 -7
-57 123
-55 59
1 7
-5 8
46 25
-15 -3
37 12
-7 4
117 72
117 -81
0 -6
-10 -3
18 7
21 -28
11 4
2 9
57 -27
-100 -73
13 5
0 3
51 -13
-12 37
2 -7
2 -1
52 -110
78 7
15 3
-4 3
-19 -18
-7 -17
-2 1
3 -4
-8 116
-5 19
-2 -15
7 -4
-19 -82
-11 1
-13 -24
-7 -5
176 46
-93 215
5 6
12 -17
-20 -21
11 22
-6 -2
-11 5
-86 68
-8 56
-24 -5
1 4
-42 -22
15 -43
-7 -11
-9 4
78 14
69 156
7 -4
0 -12
46 31
-14 28
-17 -5
-10 0
86 -162
-17 4
11 13
-1 1
-37 26
9 -9
-18 10
10 -4
239 -5
76 -355
5 1
-3 -13
-17 -7
14 63
-7 8
13 -6
-60 -57
76 -81
-6 -8
0 -15
-26 2
16 -10
-27 0
5 3
-147 10
-43 -137
2 -9
8 8
0 22
14 26
11 -2
-9 1
-42 55
81 -21
-15 -8
-1 2
34 18
-11 2
-5 16
-2 -9
80 -57
50 506
3 -3
4 -8
0 16
16 -7
10 -3
-10 -9
27 80
-93 1
-16 -4
-10 11
32 25
13 -18
11 4
-10 -1
-16 -6
-128 149
1 6
-18 -18
-34 20
6 -28
-5 -5
-14 -4
-41 55
2 -19
0 18
5 -1
-42 27
-14 -46
2 -2
0 6
-227 -121
-8 114
-8 -1
-6 -8
8 -15
20 -67
-3 17
9 6
-78 64
-45 12
7 -12
7 -10
38 -27
0 27
-4 -9
1 3
92 84
58 -78
21 -9
-9 -8
19 20
-23 50
2 10
2 -9
5 -157
37 -84
-12 -5
-3 -6
28 -24
2 -3
-24 17
1 -5
49 127
-25 -162
6 1
14 -4
-27 -2
-42 57
1 0
-5 4
44 -100
117 -72
-9 8
2 -1
-20 -22
-20 -13
-14 -15
3 -2
34 -71
-19 -194
4 -4
7 12
6 -27
-12 4
1 -5
-2 -1
85 6
-2 69
10 -8
4 9
25 -16
10 -1
5 -25
-6 -10
-213 -142
86 302
-12 -3
6 9
13 -16
8 10
0 -10
12 -10
53 -70
-36 29
2 5
-12 -2
-16 45
-5 26
-4 22
2 -7
25 128
-24 57
-14 4
8 -7
-47 -28
18 -21
-2 -2
-5 4
-87 187
-42 47
-9 -8
0 -3
-82 -54
-7 29
28 -14
-11 4
0 10
-28 -21
0 3
1 2
-7 -4
6 12
-6 3
-1 8
1 -5
13 -5
-1 3
1 -4
0 -4
2 -2
-8 0
2 0
10 -1
-12 2
-1 -2
3 -2
1 -2
3 2
2 9
-9 3
2 1
0 1
2 5
0 -1
0 1
0 -1
-1 -10
1 0
-11 -12
1 14
-4 -2
-1 -4
-2 5
-8 -1
0 -9
5 -3
3 -1
0 -4
-4 -1
0 2
-6 -5
0 0
-6 0
0 -3
0 -3
-4 9
-3 0
-10 2
0 1
1 -1
-2 2
-6 -3
-6 11
3 3
-1 -7
6 -6
-2 -4
1 4
15 6
1 0
17 -14
-23 -31
4 -3
-2 4
3 2
-13 2
-4 -1
-4 -5
0 0
-3 -2
2 -1
0 6
0 1
-4 -2
6 -2
0 1
4 0
-5 -4
0 0
7 -4
-1 -1
-2 -1
-7 -3
3 -1
6 -5
9 4
0 -3
0 6
-5 8
-3 -1
-2 1
-2 0
-6 25
-1 -6
-1 1
0 -8
-7 0
-1 0
3 0
3 0
3 -6
2 -11
0 -2
-3 -6
0 2
-9 0
3 7
-1 0
5 -2
5 -8
-3 -2
1 0
0 -1
3 4
5 -5
0 0
5 4
8 7
4 3
-5 -5
-2 -11
0 -8
-7 -4
-2 -2
28 -8
-8 -26
0 -1
12 -5
-5 1
0 -2
1 0
0 -1
-1 8
-10 7
-8 1
1 0
3 7
0 1
-2 -9
0 -1
-13 -3
21 -10
-7 5
-11 6
1 8
-8 2
-3 -5
-2 -1
-2 3
1 2
0 -5
0 -3
3 -4
2 5
-2 2
2 3
7 -6
9 -9
3 1
0 2
0 -8
7 -1
0 0
-2 -7
-6 -3
-2 0
3 2
-2 3
0 0
-4 -8
5 -3
-6 -3
2 -6
-8 -4
-6 0
0 -10
-4 -10
11 -8
-4 -4
2 -2
-4 -3
-10 -3
-1 1
5 7
-1 1
-9 -4
-3 -1
0 -1
21 -18
44 11
0 0
-9 2
5 6
4 -9
-1 0
7 2
-4 -2
0 15
4 0
0 -5
2 3
2 -4
1 9
2 3
-5 10
0 5
4 -3
-2 3
3 14
-2 -2
5 5
0 3
-1 0
-22 -14
3 -2
-1 -7
2 -2
-1 2
0 -1
0 1
-27 -13
-21 8
-1 -8
5 -7
-2 -13
7 2
-3 -4
-3 3
-7 -1
-2 0
-6 0
-5 1
-1 -7
1 5
-8 -7
-2 -4
3 8
3 -4
4 -2
-2 2
-7 -9
-6 -1
1 4
-3 0
-4 -10
-4 -10
-4 -3
-6 -7
4 7
5 6
3 -7
-2 -1
-12 56
42 -72
6 -3
1 -2
-3 4
-3 2
-3 1
-8 -3
8 1
7 -1
4 -3
5 6
-12 -4
-3 0
-2 4
1 4
-1 5
9 -23
-3 0
7 -1
-1 1
-1 2
-6 2
7 -2
-5 -6
9 -1
-4 -6
-2 10
-2 2
-3 2
-9 13
-7 -5
-7 -22
1 -63
-1 4
0 1
-4 2
-2 2
-7 -3
-1 1
-4 6
2 14
4 -3
-6 -7
3 -9
-8 -6
-9 10
-6 1
2 4
24 1
-4 4
-6 12
-2 6
0 6
9 1
3 4
-8 1
-12 -3
3 3
4 -7
-3 -2
-1 -1
2 -11
1 0
10 4
8 50
-3 -2
-2 6
0 -8
1 -4
4 7
0 3
-12 -6
6 5
-6 -2
-2 8
0 5
-6 10
0 -15
3 -6
6 -25
-17 -13
3 -6
-11 -4
3 -11
-7 -1
0 1
-4 0
-6 -10
-15 -9
-4 4
-7 1
-4 0
-10 5
-9 3
1 0
-4 21
21 11
-1 -3
-4 5
-1 0
-8 13
-1 -7
-2 1
8 3
0 12
3 1
8 -3
2 9
5 -6
12 -10
3 3
8 8
-7 -1
-3 -3
5 -13
1 2
12 -3
-6 -8
-5 -6
-5 4
2 -4
-5 -5
2 7
4 -10
-2 1
14 8
-5 2
-17 -3
-8 19
-5 0
5 -4
4 2
-15 13
-5 -2
0 -1
11 -4
11 -1
-1 -3
-11 1
-2 3
10 -13
-8 8
-5 -8
-3 -10
-15 0
1 -3
1 1
5 -1
4 -3
1 1
0 1
-10 8
9 3
1 6
6 -6
-3 5
-10 5
2 -1
-3 -3
-2 -6
40 17
1 1
-1 4
-8 -2
-2 -12
5 -5
8 3
5 -6
-14 -3
-2 -1
-2 -1
-2 -5
4 6
11 6
-3 2
-3 14
6 24
6 9
6 0
1 -2
-7 -2
12 -2
-2 2
7 4
8 -5
4 -7
-8 -3
-6 -4
-1 -9
-3 7
3 1
-16 17
-112 -18
4 -1
-6 -6
-3 -2
12 -2
0 8
-12 1
0 -1
-8 -8
5 0
6 -8
1 10
-2 -2
-4 -15
0 -1
-8 5
-8 -4
-4 -1
-7 -6
-3 7
15 5
5 4
-2 -4
19 -2
3 5
-5 -2
-8 0
2 5
10 0
-7 -1
0 4
-6 -6
-18 34
-3 -1
9 -7
2 -7
-6 4
-6 -1
-5 -2
-10 -1
15 -12
-5 -1
-2 1
3 -6
-5 -14
-7 6
-1 -1
1 -6
-19 -9
-6 -1
-1 4
-6 -3
-5 -1
-12 -7
3 3
-5 12
-10 -11
3 4
9 0
-1 7
-5 6
9 -8
-5 0
40 -23
534 29
-1 0
-1 -6
2 -21
-59 1
-1 -1
8 -1
14 -10
19 -72
1 -9
-1 1
-9 -20
-1 3
4 -3
-7 -8
28 -42
-28 -13
-6 -11
0 9
-15 8
-12 -3
-6 -2
1 -9
5 -10
-15 -49
-3 -9
-17 -6
14 3
2 5
9 0
-10 -17
1 41
134 -32
-4 -4
3 -16
-1 4
50 -3
4 -2
-3 -1
-5 25
-17 67
7 -3
-4 -3
-2 25
16 2
-7 -14
-7 2
118 3
-36 72
-1 -5
1 6
13 -9
4 -13
-3 -4
1 0
-20 -39
35 10
-1 -1
4 0
-17 0
-10 -2
5 1
0 -9
126 153
21 -94
0 -2
1 8
4 4
-5 0
-3 0
-17 0
-45 3
-3 -25
-2 9
1 0
-17 -5
-9 10
-1 7
8 0
35 18
-17 -24
8 16
2 -13
2 -6
30 -26
1 -8
-6 3
7 49
-33 -26
-1 6
2 1
-13 -20
9 1
-12 -5
-1 3
-7 31
-80 -24
1 3
-9 0
0 -15
-38 13
2 -2
6 4
31 -38
16 36
-3 -4
12 1
3 -20
-5 -19
4 1
9 13
46 9
-1 28
-6 -3
-5 -8
17 21
-13 0
-2 2
0 0
-46 -44
30 15
4 -2
-2 -3
26 -7
-5 -1
-2 4
5 8
-83 -61
-266 33
8 -3
-2 1
-8 -1
0 -11
0 5
-13 -4
22 -13
2 18
1 0
-8 -2
1 -18
-5 16
3 1
0 -8
-54 -10
60 -16
8 1
2 6
9 -12
-43 18
0 0
0 -1
-8 -68
44 29
-8 0
-5 7
6 -17
-6 -7
8 -3
3 -6
-57 -43
0 117
3 -8
-4 1
-5 7
38 -12
1 0
1 1
-25 26
0 -51
-2 -4
1 -1
7 13
-3 8
-2 1
4 -2
-62 17
-54 -22
5 0
4 -3
-17 12
30 -18
-2 -2
-2 0
53 82
-47 -1
4 -1
11 -3
-8 11
0 -5
0 -1
5 0
-96 -106
-32 -25
-15 2
8 -12
5 -2
-18 11
-1 3
1 0
12 -30
-1 2
3 2
8 4
6 4
4 -19
-2 -3
-3 0
-95 2
90 -52
-8 0
-3 -2
-4 17
-3 2
-7 -3
0 0
-29 -18
-1 7
0 6
-2 -5
0 11
7 -2
-8 3
-5 -5
67 -83
-39 36
-4 -2
-3 0
-11 -2
18 -8
-2 -4
4 -5
12 45
-5 -11
-2 -6
-3 -6
-8 4
0 6
-3 0
-8 4
-34 -48
-3 12
-11 -4
-5 -3
11 -16
-26 1
-2 5
-4 0
33 20
16 -9
-4 -7
-3 0
-17 10
-5 6
5 -1
-5 2
-207 36
-444 -17
-3 9
-6 4
-8 -7
19 10
3 -4
9 -12
23 7
-50 8
4 -6
-13 4
-3 -8
5 -21
-2 -11
2 12
-5 -49
61 56
-9 5
10 1
-2 -9
-17 3
-2 4
-3 8
-14 6
27 41
0 0
-10 2
52 8
2 -8
2 4
-3 4
27 -44
-98 168
-7 3
-2 -3
-1 -3
-27 5
-7 -3
1 1
7 -5
31 -55
-1 5
0 -1
-17 -10
-13 19
-5 0
9 4
2 39
-57 35
-9 3
5 5
5 1
-9 3
3 2
1 11
8 8
-42 -27
-7 -15
1 -6
-50 -10
-5 3
0 13
8 3
-168 -59
166 -13
1 -6
6 -4
0 2
-4 -1
0 1
-10 7
-63 -7
23 -13
-4 0
-3 -1
-5 4
22 4
-2 10
-6 -7
25 38
9 16
7 -6
-8 -2
9 0
3 -6
-3 -3
3 -8
-11 73
-17 -39
1 -1
-1 9
-12 17
-13 7
-7 -12
-7 -4
-8 25
1 53
8 -8
-19 1
-6 6
20 6
7 -6
-3 -6
41 -20
-1 21
-1 1
5 -2
1 19
-8 -9
4 -6
-3 -9
-13 -37
-64 15
0 -4
3 -1
11 -7
-19 1
-3 4
-7 -12
-16 -74
17 15
-5 10
-3 8
38 -8
-2 7
5 1
-2 -10
161 -30
146 -128
-14 -2
14 5
-4 -8
-19 8
-1 2
-2 -2
16 -11
35 -16
-3 -5
-6 3
-6 -6
-6 -3
-13 1
-6 -7
30 19
-22 -75
2 -2
-3 -11
-1 9
9 -32
3 -1
-6 11
28 -36
-19 -9
-1 -11
-2 5
-41 -30
-22 -20
7 4
-9 -1
39 34
-94 -59
-5 -7
-5 -1
10 4
-17 1
5 5
-1 4
-43 10
-16 20
-2 -5
2 -8
16 5
13 23
3 5
-8 0
-81 -45
60 -4
3 1
6 -3
8 3
2 -5
3 -2
0 4
-5 37
21 -2
-1 -13
-2 -7
22 2
8 8
-15 -3
-12 -4
85 -95
58 -88
5 8
4 -15
-3 -3
21 0
-6 1
0 -3
1 9
-46 56
-5 2
-4 -5
-13 -8
-14 -30
4 -3
8 -2
-4 -6
-7 -10
-13 5
-5 0
-5 -22
8 28
-9 0
0 -8
0 -31
7 58
-2 5
-4 -4
13 -1
3 0
2 -5
7 3
-9 45
-3 -74
7 -2
3 8
-10 2
5 3
-5 -9
-3 -15
-6 2
15 -59
6 8
-1 4
-3 12
11 -3
-9 -9
3 -3
12 32
59 -23
1 -1
4 -6
-8 9
8 5
4 -3
-3 1
-6 28
-16 -37
2 8
5 -2
-18 -7
-11 -10
7 6
8 -1
76 193
56 21
0 4
5 9
6 3
-3 -7
0 -5
5 2
1 -4
4 1
-5 8
-5 -6
2 0
-4 -2
1 4
-1 -9
-16 10
-9 -26
-4 -3
-7 12
-6 2
-7 7
6 -1
-7 8
12 -2
-8 2
-1 2
-8 -2
5 -6
0 9
-1 4
0 -4
-6 -10
-17 -10
4 -2
4 -4
-5 6
11 -5
1 0
2 2
-3 1
13 2
2 -1
2 10
1 -2
-3 -4
-7 -6
-10 -5
-25 0
-7 -23
-2 5
-15 3
-4 -6
-4 -7
-6 -1
-5 -5
1 16
-2 0
0 -8
0 -4
-6 3
-5 0
4 -6
1 0
-8 -46
70 15
0 -3
-8 -3
0 -3
-8 5
-2 2
-9 -10
-20 -7
13 -3
0 0
4 2
-6 -1
-3 -1
-6 -3
7 4
16 12
-2 2
2 -1
10 -13
-4 8
8 6
-6 3
9 -5
2 3
-2 12
-1 2
0 2
-2 -5
-8 -3
-5 0
-1 3
-20 22
9 -15
-5 1
4 -13
5 -13
-5 -7
-4 -2
0 -7
10 -1
-7 -11
0 -4
6 -5
4 1
6 -2
7 5
0 6
1 -4
-13 -6
1 -11
2 1
4 2
0 -3
11 -3
1 12
-2 7
10 0
0 3
-5 3
4 4
1 -4
-1 -5
-3 -4
-21 9
35 -79
4 -3
15 6
-10 0
0 5
-2 3
-6 0
15 2
-2 0
-4 -4
-4 8
-11 0
0 0
2 -7
0 -2
8 -16
4 11
-6 6
7 2
0 -5
4 -2
-3 -3
-5 -9
-22 -1
1 -2
3 -5
-3 -6
10 11
1 -5
2 -3
5 1
21 14
7 -12
-2 3
-10 0
-3 -7
-6 -4
5 1
0 8
-9 14
-10 -2
0 -5
4 0
6 -16
-5 4
-5 2
-2 0
-9 -24
3 10
-4 5
8 -1
-3 6
-3 5
-5 8
-1 -3
11 -15
-3 3
-1 -3
5 7
-12 -9
-1 -7
3 5
0 2
66 -68
-47 34
0 -3
-3 -5
7 2
2 9
-12 -5
4 -9
-8 -11
-7 0
7 5
1 -1
17 5
4 -3
-6 -4
-3 -5
17 11
10 21
4 -6
-14 -3
1 -1
4 -2
2 -7
-5 2
12 -10
-9 -9
0 -1
0 -3
-4 -13
-4 6
-8 -7
0 -1
-42 42
-14 12
1 -10
1 -5
-8 5
-4 -9
0 3
2 4
0 4
7 1
-8 3
0 0
-15 5
-2 4
7 7
-2 -3
6 -10
-7 -6
-2 -1
-9 -2
1 0
-5 -7
0 0
2 5
-9 -15
8 0
4 -1
-4 -4
-3 6
-4 4
1 -6
-8 -1
-74 48
29 -65
0 4
-4 -4
-6 -9
-3 -12
-1 -4
4 -1
-10 4
-23 -4
1 0
6 2
-1 6
10 2
1 -6
-4 0
10 -11
-4 5
2 1
11 -9
-8 -7
-10 4
2 -10
1 -4
-9 1
-3 -6
-1 -3
3 -6
-4 0
-12 -11
-2 4
-3 -5
14 4
-22 -2
-1 -1
-3 1
2 8
1 -5
-6 2
-3 2
-3 -13
0 11
-2 -2
-7 0
-1 -4
-2 10
-4 5
-1 4
4 18
2 -7
-7 1
-2 11
2 -4
-7 -10
-4 5
-3 0
9 2
-8 4
2 -2
-10 -1
11 -3
4 3
-4 -1
-1 1
14 22
-20 -30
-3 -6
10 -4
3 -2
-4 1
-5 0
0 -3
0 -7
-5 -3
0 -1
0 -1
-1 10
1 1
-1 4
-2 -8
-2 0
-12 -10
-2 -2
-1 -2
-1 -8
-8 4
-2 1
-3 3
-2 -5
2 -3
-7 1
4 7
-3 -3
8 0
10 2
-3 0
-3 3
10 -4
-1 -3
-6 8
-6 0
5 5
3 3
2 0
-15 3
-7 3
-1 1
1 -4
0 -9
-4 -1
-4 -8
-1 1
15 -18
-6 9
4 -1
-10 -5
3 -2
3 -8
1 -7
4 -1
-4 5
-4 0
2 2
-2 -2
2 18
-12 -1
0 7
4 -3
7 -5
25 37
-1 1
1 -12
-1 -1
-4 6
1 2
4 -4
-2 -5
4 -15
2 -2
-5 -4
-1 -6
-7 0
4 -1
4 2
-5 -10
-1 8
1 1
5 -4
-2 3
5 4
-3 7
1 -1
2 0
9 -7
-3 0
-3 -3
-5 1
1 -3
-9 -10
-1 1
1 18
38 -26
3 -4
-3 -2
5 -4
-1 -6
1 -5
-1 3
14 11
-4 -2
-3 -1
-14 1
9 6
2 -4
-4 11
-3 -8
-3 8
17 4
-5 0
-8 7
-11 7
5 0
-2 -5
0 -3
-12 10
3 -2
-4 -2
-3 1
1 -13
-1 5
4 4
3 1
-50 29
-26 42
-2 0
-6 10
1 -10
2 6
-6 0
-4 -1
1 -5
17 -5
-3 0
7 2
-5 -9
3 -11
-1 -12
-4 2
-3 -4
-2 -6
-1 1
-2 -7
-5 -3
11 0
-3 -6
0 -1
3 -13
-5 4
-1 1
2 -4
-3 -1
-6 -5
-2 2
-1 -2
5 -21
-6 3
-3 1
-8 1
1 2
-6 -12
3 0
-1 2
-7 4
-4 -5
3 -4
4 4
4 5
3 7
2 0
-4 7
-29 -26
-2 15
1 0
8 -5
1 1
-19 7
-3 5
-4 -2
1 4
5 -1
4 0
-6 4
-5 -7
2 3
0 0
-4 -1
-15 -44
260 -545
0 -5
14 21
0 -17
2 51
-7 1
-3 -12
35 89
102 -3
1 -4
-4 8
-49 -60
-42 20
-1 -5
5 0
-23 125
173 -11
-7 -7
14 -19
17 12
58 51
-16 0
3 -9
1 19
66 45
0 7
8 5
5 14
26 17
1 9
-3 3
71 245
-237 0
-5 2
14 18
-14 -23
18 4
19 -4
0 14
-69 37
-69 -132
-2 -2
-1 -4
-8 43
-18 12
-24 -2
-10 -9
53 -169
-93 -2
5 -2
15 -19
-9 21
-13 -28
2 -13
2 -15
-120 -106
51 36
2 -9
9 8
63 63
4 -22
-13 0
-4 -2
-169 -265
-204 97
4 12
-22 -32
18 7
47 -89
4 0
-11 5
33 -115
25 158
-16 -1
6 -2
26 32
24 -33
2 -5
-3 11
83 -24
93 -61
2 1
-19 17
-5 11
-10 -18
-1 -4
-10 -6
36 89
-69 -73
9 7
-3 -2
-33 -87
-26 8
7 -4
6 -2
72 -258
-64 -111
4 -3
-17 -13
-17 -30
-45 8
-4 -3
10 0
14 -34
-29 5
1 -5
-9 -12
-10 -33
-8 -33
6 -7
14 -4
-163 191
5 15
4 -4
-10 3
28 -5
26 4
5 6
-6 6
78 -62
-71 -17
-13 -12
-4 -14
-49 -14
14 14
-1 15
-4 -8
-34 -32
-185 301
-3 5
11 7
10 -16
-75 23
4 7
-12 -2
-80 -29
63 -50
-7 -2
-2 27
-27 -12
-3 43
4 2
-7 1
126 37
-191 181
-5 0
-21 -6
-8 -22
-55 -18
-13 0
-3 -9
-89 -59
48 67
6 11
1 2
2 31
7 2
16 -17
9 1
120 95
220 -74
-2 2
15 -1
-11 -3
-11 -40
1 -12
11 16
-8 -31
15 98
0 -2
-2 5
22 48
0 -3
-9 2
2 0
-66 -226
0 -191
15 -5
-11 1
-33 -7
-38 0
8 -10
-7 -10
-46 -15
-50 35
-9 -9
-2 -4
-61 -6
-14 24
0 -16
0 -10
50 76
158 21
0 0
-14 -13
20 -15
7 -20
12 4
-5 3
30 -10
-92 -34
-12 0
-1 -25
-7 8
2 -17
-10 -2
-3 2
-150 106
-38 64
1 1
10 -8
6 38
29 -15
6 0
1 -7
93 15
14 -83
8 0
0 10
15 1
20 -17
2 17
-15 1
-87 207
52 20
0 -7
2 8
-4 9
55 57
-6 3
1 -5
51 70
-33 -106
0 -2
3 -9
-14 -67
-50 6
-10 4
4 -10
132 -119
19 55
-6 -3
1 -9
57 -25
36 -37
0 4
4 7
-73 35
57 34
-15 -3
3 -13
99 9
5 -18
-12 26
0 -5
235 253
656 -887
-5 -1
-15 -37
22 -26
60 114
-1 2
-11 11
-111 -20
215 81
-11 11
16 -4
-35 -12
30 14
-5 0
5 -11
63 -41
60 -288
6 -2
6 15
14 13
-26 90
4 -11
-4 4
-55 76
-3 12
7 8
-6 -8
-29 -41
0 -49
35 26
-10 7
127 2
-127 151
-10 -4
12 -37
14 -10
-23 -24
4 3
6 -18
-88 17
86 84
9 -15
-10 7
-48 -35
36 4
-8 -7
13 0
-107 -82
-22 72
-22 -3
-20 -5
33 -32
-36 8
2 -10
-11 4
10 -130
-71 5
-2 -7
18 -18
-46 101
4 40
-11 -3
-8 3
-46 68
100 -312
-4 2
-21 16
0 13
-42 -64
-2 -9
-7 2
67 -14
-123 -119
12 13
9 7
28 72
-54 25
-5 -6
15 10
-16 209
76 102
15 -14
-14 -4
-27 43
32 16
-25 -6
7 11
-33 17
55 -33
2 -4
12 -7
53 6
9 19
-2 2
-7 -16
-104 86
-42 156
4 9
-1 13
-38 -20
48 -72
6 13
3 -19
113 -32
-46 24
-14 -3
-18 -1
48 -41
-28 3
-17 -8
-8 -8
28 -79
-152 -141
-6 -9
9 -6
-2 -15
-6 -62
12 16
-20 -6
81 25
4 -46
-16 2
-9 14
63 -49
21 10
-30 -14
17 0
-88 -339
225 -208
3 -4
-11 -28
5 -7
-50 59
-3 -1
-3 10
-25 -72
-70 -63
1 1
20 -1
-30 59
63 9
14 18
-1 0
-21 -60
30 66
6 11
-12 27
-24 15
-20 28
-4 -14
0 20
16 -83
-78 46
12 9
10 -9
39 36
-35 -6
42 13
-18 -10
-131 -69
7 -207
-12 -2
27 2
34 8
-68 -20
9 4
3 -20
124 -56
-163 -27
5 -16
-8 7
-41 -52
-22 -1
-11 12
3 5
88 112
50 196
-19 -9
-14 1
-8 -53
33 -50
1 8
-11 -4
-4 -84
-5 19
-10 -1
-3 -3
-48 -61
43 -2
-13 2
3 -8
255 5
78 33
-15 -1
-24 -21
8 9
41 -15
-7 -2
-4 -11
-45 84
17 15
5 6
-12 11
16 18
-6 22
-29 -26
25 4
-138 -96
-155 -179
2 -27
-31 -16
40 25
-10 43
-14 2
-4 9
-134 66
21 -88
-4 -10
16 -7
-18 38
11 11
-4 -9
0 8
120 93
38 75
16 1
8 3
-65 -15
52 -43
4 -5
1 -10
-56 120
165 27
-11 -1
-20 -4
9 -29
8 -16
-8 -4
-9 -9
26 -81
70 -2
-11 19
23 -14
36 1
-65 -23
5 -7
-15 -8
116 98
54 -9
-4 -1
-16 17
34 14
-14 15
-10 -13
0 10
-550 -193
212 94
0 -3
8 7
0 -3
12 -2
0 -2
0 0
-1 -2
8 6
-3 -3
0 3
0 2
-9 2
4 8
-1 0
-10 4
24 15
0 0
-6 0
-3 4
2 -1
0 3
0 3
5 9
-11 -13
0 -1
3 0
-14 5
-6 6
6 7
0 -1
-7 12
37 -17
0 1
-7 0
0 -5
5 1
-8 1
2 -4
-3 4
4 -4
2 2
-3 -1
-1 4
0 -3
-4 -7
-1 -1
-9 19
15 -4
0 3
0 4
0 -10
-2 -4
-4 -6
-1 2
6 -2
-5 11
-1 -1
0 2
7 -6
2 -7
-5 -3
-3 -2
-12 -9
22 -15
0 0
-6 -2
-2 1
3 -9
3 -1
-4 -1
0 3
1 2
2 1
-6 4
2 7
5 -2
3 6
0 1
-8 -9
0 -2
-3 0
-4 2
-7 3
0 -2
-5 4
1 0
4 8
-10 0
-4 -3
-7 -3
6 -12
1 -6
-4 -6
3 3
17 17
-16 -7
-2 -3
3 0
5 -3
-1 10
8 -7
-2 -1
6 12
3 0
-2 -3
2 -6
-4 0
-1 3
-11 -6
-1 -1
9 14
-7 -3
2 -1
2 -10
2 -4
-8 -3
2 -7
4 -2
-5 0
1 0
2 1
2 -1
1 -8
7 3
3 4
0 0
27 51
-41 23
1 -3
-3 -10
1 0
-13 0
0 0
5 -2
0 -1
0 -8
-1 0
0 -10
-13 -7
-2 0
0 -7
3 -2
3 -17
-18 27
0 -5
6 -2
2 -8
-2 0
7 -9
0 -2
-4 -5
5 5
0 -3
3 -5
0 2
0 -1
-6 -1
-3 -1
-28 -6
1 17
-7 0
3 0
-4 10
-2 -3
3 -3
-2 0
-2 -11
-2 2
0 3
-3 12
9 -1
-4 2
0 4
-4 1
1 -16
-9 0
-2 1
-3 9
0 10
8 2
-1 2
-2 0
-3 -8
4 3
-7 0
-2 0
-4 5
-3 4
-2 -5
-3 0
-30 -65
-43 -17
0 -3
9 -5
-10 -9
2 6
-5 -1
-3 0
-2 -6
-6 -3
-3 -7
0 -1
0 -10
-3 0
-1 -4
-3 -2
6 -3
2 -19
0 0
-6 -10
-4 0
-2 0
1 2
0 -2
-2 -5
12 -5
0 0
-3 0
-8 2
6 0
2 4
2 -1
21 6
-9 -19
0 2
-5 6
8 0
-2 -12
-10 3
0 0
-7 -11
-5 2
0 -1
2 -2
2 1
0 0
7 1
4 -3
1 -23
-3 1
1 0
5 0
3 1
3 -3
-6 0
-1 0
6 15
-13 -2
0 -1
-6 -2
-4 6
-15 -3
2 4
0 0
13 -22
182 -234
-7 -8
4 -6
-5 -9
-24 6
3 2
7 0
-1 9
7 -11
0 -1
-4 1
-1 -3
8 -2
2 12
-2 -2
0 -8
1 14
0 -4
-1 -3
-9 -9
-4 2
-5 -11
-9 -2
-6 0
3 -11
-3 -10
-4 0
-2 -2
-4 15
-5 -1
-1 -3
6 -7
-40 45
4 0
0 0
2 8
7 -9
-11 12
-3 -2
-1 -9
-14 -25
-6 -3
-2 -6
-3 7
2 12
-17 -5
-1 7
-9 42
-13 0
8 14
1 4
1 4
-9 -9
1 -6
1 -3
23 0
19 7
6 6
1 3
3 -6
-11 -6
2 -1
-7 0
-63 -38
-16 -25
0 0
-2 4
-1 2
4 -7
7 -15
-1 2
5 -1
-16 -16
3 4
2 -7
1 5
-13 -9
-2 -4
-8 -2
-29 4
-14 21
-6 -7
0 -6
3 0
11 -8
10 4
2 2
21 -2
2 3
-5 3
-1 -6
12 8
7 -1
-5 1
4 1
22 16
-50 -11
-3 1
-4 -3
1 0
-3 8
7 3
3 -3
-18 -10
5 -14
0 3
1 7
-1 -12
-4 -16
20 7
3 -2
13 -16
-15 -9
-7 -7
-3 3
1 2
0 -1
-12 -5
4 -3
10 -2
-7 13
-6 -4
-9 -2
-13 0
2 3
4 -4
5 5
109 -53
-45 -14
4 0
6 -4
-5 0
-1 4
-11 -4
-7 2
3 -13
13 22
-5 -5
3 -8
-3 7
3 -9
-13 -2
0 2
6 -10
30 4
0 4
-7 -1
-10 -4
2 -9
5 -5
2 1
0 -5
-19 -7
9 2
6 6
3 12
-14 -5
9 8
2 -3
-10 21
-17 -37
2 3
-2 8
-8 2
2 18
-6 -9
-7 -6
3 7
23 14
4 5
0 5
4 -4
-3 8
-2 -5
-1 -5
-1 -20
11 -10
7 -3
2 -1
8 -3
-8 2
-5 12
-1 -7
-21 13
-1 -1
-5 11
2 -4
-10 -12
4 2
-4 -7
-1 5
-8 -34
91 84
-5 -5
4 -7
-2 3
-5 8
7 9
12 4
-3 7
4 9
-4 4
0 1
3 -5
-5 -3
6 4
-3 9
8 6
-8 -1
-8 -2
3 4
-3 -1
12 9
-9 -22
-2 8
-18 -5
-24 -8
-3 0
-3 0
-8 0
14 -3
0 2
2 0
-12 49
34 -15
-2 1
0 -6
6 -2
3 -11
-1 15
2 -1
1 14
-8 10
-8 -12
-7 -8
0 0
1 8
-5 -3
-2 -1
3 -16
9 5
2 1
-5 2
-10 0
-5 0
10 0
0 -3
2 -5
13 -8
9 -7
-4 -1
7 -3
-13 6
6 -5
2 -4
15 119
-32 374
8 0
0 7
0 -6
13 -10
1 -4
-4 0
8 22
-6 58
-11 3
-6 -3
-16 8
15 -7
-1 0
2 0
0 0
53 -18
-6 10
1 1
0 19
25 -13
0 3
-4 -10
-6 -47
14 22
-3 4
1 14
-27 10
-4 -5
-12 -10
-2 7
21 -5
-58 47
-1 1
-9 -4
-6 -12
-10 10
4 -5
2 0
-12 9
-14 -37
-14 -4
-1 -4
6 -10
-6 12
-4 -4
4 5
-90 -21
4 -35
-7 2
-2 12
3 3
-14 0
-1 10
1 -6
16 35
-19 -12
-5 -9
1 6
3 -16
-6 5
-2 3
-1 -1
26 -74
141 6
-5 -5
-1 -9
-6 16
45 12
0 5
-6 4
15 -10
14 39
12 -12
6 4
12 -27
3 -9
-3 -3
-9 -5
-16 34
23 -21
6 -15
3 -13
-3 -22
-6 15
0 -8
3 2
1 -24
22 0
4 -1
-8 -7
10 12
-5 -6
0 1
-4 -9
-21 -16
65 -5
2 -2
0 2
-2 0
-37 -22
-10 -6
0 1
-13 4
-50 -51
4 1
2 -11
7 10
3 -6
9 7
1 -5
-24 59
17 26
7 2
-3 -5
-2 3
-13 3
-3 -3
0 4
32 13
-22 -2
-3 3
0 -11
-21 -5
5 -5
0 -9
-1 -1
-13 -1
85 -215
-16 -3
7 -3
0 -2
-36 0
4 -2
-5 0
3 20
-3 -25
2 0
-3 0
-3 10
0 2
-3 -4
0 -3
36 0
-32 -15
-6 -5
6 -4
19 7
-3 -1
2 1
0 -1
20 31
-9 -17
4 -3
2 7
16 -15
-1 -2
-15 -2
-11 1
8 -15
-55 -25
-8 0
-11 8
-14 10
23 -13
2 4
0 -4
-7 -10
14 30
-6 -5
8 1
-34 -17
4 6
0 -1
1 8
42 -18
5 -9
-8 -8
-2 -2
-1 -13
-12 13
4 3
4 8
-54 -44
10 16
-2 -4
-6 -7
0 -5
1 -2
19 -7
0 -5
57 65
-43 29
3 1
-5 -8
6 -2
-15 9
2 -5
-6 6
8 -13
4 -19
0 -3
0 -9
12 12
4 -11
4 -1
-3 -11
37 -15
-56 41
3 5
-4 -1
-4 4
8 -11
0 -5
-7 -6
-3 -5
-18 17
1 0
-3 -8
-19 7
-6 -4
-2 0
4 -3
-59 39
-22 66
9 -1
4 -3
-3 -10
-4 2
-10 -2
3 -1
12 15
26 18
-6 6
-11 -5
11 -1
2 -1
11 3
5 -4
21 -1
-10 -57
7 5
0 8
8 -11
2 0
-2 0
-6 -2
-29 -18
26 -23
-2 2
10 0
-7 -11
0 8
-9 -2
9 4
25 16
572 -386
10 -8
1 -1
-15 -7
71 3
11 -8
-2 1
-30 20
-4 47
-5 -2
-4 -8
-12 9
6 3
-6 5
-3 -13
28 57
-6 19
9 -2
2 -6
20 -5
13 24
4 8
3 -4
-3 27
15 2
5 -1
-2 9
18 -9
21 11
-13 11
9 -4
-89 30
-32 143
0 2
-22 -3
4 -16
-36 15
8 5
-1 -2
52 -28
-59 -15
-7 -9
5 -2
-26 -21
-10 -16
0 6
-5 -4
18 -46
75 -27
5 -5
12 -4
1 16
-32 -27
4 0
7 0
-31 -28
-14 -51
-10 -2
-1 -3
13 -14
13 14
6 3
-4 -5
19 6
-29 -56
0 1
20 6
8 9
-5 10
-4 0
1 1
-24 -17
-26 66
1 7
0 1
50 35
-26 11
8 1
3 3
21 -22
32 0
-5 -2
-10 -4
-12 -6
15 23
-3 -5
-5 3
-7 -66
56 51
-2 -5
5 -4
-2 -15
-26 2
9 -7
-4 4
-22 3
-7 -2
-11 -2
1 4
-8 18
16 -44
-15 -8
-5 -2
6 34
-43 -85
6 0
-3 -2
-24 -3
8 -15
-4 -14
-4 1
3 84
-6 -48
-6 6
-5 4
-27 -27
27 9
-3 -4
-3 6
32 53
-35 -2
-6 10
-3 -10
4 14
-2 -25
0 -1
-8 5
-35 83
-46 -152
7 4
2 -9
0 3
-36 17
10 4
2 2
18 10
47 -33
-2 4
-11 3
-21 -39
35 7
0 10
-3 1
-49 -22
-64 -13
6 -5
10 -2
14 34
-15 -30
-1 0
4 -3
-36 38
27 -14
18 -6
5 14
27 11
-14 27
-9 -10
12 5
-21 -60
45 -17
0 5
0 5
12 -13
-10 1
0 2
-5 -7
-1 -5
-10 11
3 3
4 1
25 10
6 7
-7 0
10 6
51 -20
-65 0
-3 0
-2 -2
-19 0
-23 -12
-2 1
-4 1
35 -37
7 15
-7 1
-3 -4
-47 -16
-12 -22
9 -11
-2 8
57 41
29 40
-6 -4
-5 -5
-9 5
28 -31
-4 -9
-2 11
-47 5
83 -71
-4 -2
2 -3
11 34
-20 -2
4 -3
-6 -9
-51 1
7 40
-4 2
-3 2
0 -22
14 12
4 -2
3 9
5 16
-61 -35
-16 4
1 -5
19 9
14 16
0 14
-11 -11
60 -106
-5 -68
-6 -1
-12 0
-22 -19
-6 23
-5 0
-4 -3
32 -21
1 111
-3 -3
-8 -4
-36 -18
-8 -31
2 -3
-15 -1
36 14
-38 30
-1 -4
-1 1
20 8
-6 -7
-2 -10
0 -2
-31 -11
-1 9
-2 -4
-5 -8
9 1
3 9
-9 6
1 -6
-294 108
187 120
4 3
0 -4
-7 3
0 -4
-2 -4
7 -3
6 7
0 -8
-2 0
-4 0
-10 4
-5 5
-15 7
-7 0
-4 3
8 -10
1 6
-14 -13
-1 0
6 -1
5 -1
3 1
-1 -6
-3 6
5 -6
0 4
0 1
-5 -4
-8 -6
-5 -6
7 10
6 -11
0 2
4 7
-1 -2
-4 0
-2 4
-3 -3
-9 -1
-2 -11
-4 -4
0 -9
3 -7
-3 -5
-3 -4
-5 0
-10 -7
-7 -2
-3 0
-5 2
4 6
0 6
0 -5
3 2
0 -14
-4 -5
1 0
-2 4
-9 -8
4 0
9 -2
2 -6
19 11
-11 18
-3 -9
-1 -5
4 0
3 9
4 -2
0 4
-2 6
-6 4
4 -7
3 0
12 2
0 -8
3 -4
3 -4
5 5
11 12
-3 -2
16 9
-1 0
2 -14
0 0
-1 -6
0 9
-1 0
-1 -8
-1 -5
0 -1
5 0
-3 1
0 3
-25 -7
-27 25
0 -3
-12 -1
-5 -1
-7 -5
-7 -4
-3 5
-3 4
4 2
-2 10
0 -1
-20 1
5 9
7 4
7 2
5 -2
1 11
4 3
-2 3
-2 -9
-2 1
3 -4
0 0
-9 -13
4 1
-7 7
-3 -3
1 5
2 0
-12 -2
-2 1
0 21
62 -38
-1 2
8 1
0 0
-4 0
-5 -1
0 1
0 0
0 -1
2 1
-2 -1
-6 -8
-2 -5
1 -8
-1 -5
-1 5
39 -2
0 -9
-7 -4
6 6
0 -2
-3 -10
7 0
-1 6
0 4
8 0
-1 1
2 -6
6 9
1 0
-4 9
-7 -1
19 -2
-4 0
-11 -11
-5 -4
0 0
6 6
-7 -2
18 -7
2 -9
-3 -2
-2 -1
3 0
0 -2
3 1
4 -3
-13 -8
-11 -1
-3 2
11 6
3 7
-2 -1
-3 5
-2 -1
5 0
8 -4
-7 9
-4 -1
-3 -2
-9 -2
-2 -1
0 -1
9 12
-27 -1
-4 -2
1 5
9 7
0 -6
5 -4
0 -10
-2 4
1 9
0 -1
8 -2
-1 -8
-7 9
0 11
-4 0
0 -12
-14 -7
1 3
-7 3
-1 -8
-9 -2
17 1
0 -3
0 0
-1 0
-6 -8
-5 -9
-2 12
-3 0
5 0
1 -6
-7 -23
-33 -12
0 0
5 2
-3 1
3 8
-13 4
-8 3
1 -8
-9 -1
-5 0
0 0
0 0
1 -4
-6 -5
-3 0
17 16
5 -8
0 -1
-3 -1
7 1
2 0
-6 -4
2 3
0 3
3 -9
3 -2
3 7
0 -8
-1 -10
-2 -9
0 -3
-43 24
216 -41
0 -2
-6 7
-3 -4
-4 -4
-1 -6
-3 -5
4 -9
-1 6
-3 1
-10 5
8 -9
3 -2
4 11
-4 6
-3 -7
-8 -1
2 4
-2 8
3 -1
-8 -9
-2 -3
2 -3
-14 1
-9 -4
-5 2
-3 5
10 0
-2 7
0 2
-4 -1
21 -19
36 -20
1 -2
0 -12
1 0
4 3
2 3
-6 3
2 6
-12 -21
-1 5
-1 -8
2 5
-4 -4
-9 0
-4 4
-8 3
5 1
2 -2
3 5
-5 2
7 6
-1 -8
-4 -7
1 -9
1 1
1 -7
-2 6
-15 -1
-3 -6
0 4
0 -1
-3 -21
-9 50
-2 0
-5 4
7 -3
2 4
2 -2
4 8
-1 -6
10 5
-2 -3
6 7
2 -11
-6 9
-3 0
0 -3
4 9
1 -6
-5 2
-9 -8
-3 -3
5 2
-2 5
-2 6
2 4
-12 -10
2 2
1 0
-8 3
-5 -3
-5 -3
5 0
-9 24
5 -6
-2 -1
0 0
-8 3
-6 -9
2 -2
1 -9
-2 0
-1 5
-1 -6
-4 -3
3 5
-4 1
5 -3
-1 -1
-20 1
-10 6
-1 -3
3 -17
-3 7
2 -6
-1 -4
2 -6
-17 4
2 0
-4 4
-3 -6
-3 6
6 -1
3 -8
-3 0
-25 24
-5 -6
-3 0
5 7
-5 -5
-7 -8
-4 7
-6 -6
-6 5
4 -2
-2 1
-3 -5
1 13
6 1
-5 1
1 -1
15 -9
-10 -14
-3 -7
-1 5
-2 1
5 5
-4 3
-6 -5
-1 -1
7 0
0 0
-3 6
2 -4
4 12
8 8
0 -2
6 13
14 0
-4 0
-2 -4
-3 -6
1 4
8 -8
11 2
2 8
6 11
-4 1
1 -3
-10 -14
-3 -12
2 0
1 0
0 8
9 -16
0 -1
-4 -8
5 3
-10 -8
1 -2
0 2
4 -5
0 11
0 -1
-1 -1
4 -7
-6 -11
-5 -4
5 0
30 -10
-30 -5
2 -3
4 0
-8 6
0 2
-3 -4
0 0
-4 2
-11 -6
0 0
-4 4
3 2
-1 1
-3 -1
-6 5
-2 -3
6 14
-2 4
2 0
5 10
-5 -3
-1 -6
3 2
7 8
-2 1
4 4
4 0
13 0
0 7
-1 -3
-3 2
-17 10
-14 12
-1 3
0 -4
-7 -5
0 5
-2 6
-7 -3
4 -13
10 5
-6 -1
-2 -14
-15 -6
3 -11
2 1
2 -2
1 -25
-10 -3
3 -2
4 10
-6 -9
-4 2
-2 -2
-4 -7
-1 4
-3 -6
-4 -8
-1 4
-3 -2
-5 -3
5 2
-6 -2
0 -14
417 1464
-8 -2
-7 -20
-1 -9
-15 24
11 4
0 0
-1 37
-105 2
-8 5
9 -5
20 33
-4 -4
6 0
16 -1
-54 -23
-80 -3
-12 3
-4 -1
37 4
1 -31
-4 -2
-10 0
-84 1
15 68
3 3
4 -5
-21 -21
-22 -1
25 -22
-9 -3
22 -103
268 38
-8 -5
-2 -10
-8 -21
-48 -32
9 -12
14 -2
52 57
22 -124
12 -6
-1 -7
31 -3
32 8
0 -1
0 -12
27 -7
96 12
-7 2
1 0
-6 12
-19 0
-5 -6
-6 0
-5 -19
25 8
0 -9
-4 -8
26 -50
-7 -31
3 8
-6 0
45 346
-67 -99
3 7
-19 23
-5 0
3 30
-9 0
-7 4
-39 -49
30 55
1 0
-11 2
-34 -7
-6 -18
-13 -4
0 8
-135 39
-100 86
17 -10
-3 6
-10 -14
18 21
4 1
0 2
-27 15
-67 -82
-2 -5
1 -1
12 41
0 21
-17 0
7 -5
20 68
-36 -30
8 -7
6 -14
-30 16
19 11
-4 1
3 -14
51 -37
-14 22
-12 4
-2 9
-17 9
2 2
-8 15
0 0
75 -115
36 -141
-5 -8
-3 -4
0 -36
-27 -10
-1 1
-14 -3
168 38
74 -15
-9 0
-5 3
-16 -30
29 15
6 0
7 -1
-102 -288
-239 104
-5 1
0 9
-4 7
38 17
6 -2
0 7
-17 -5
-10 -111
2 -1
4 -9
-5 -1
13 0
17 -6
0 -3
69 -25
52 -163
5 8
2 2
15 41
32 28
2 7
-1 7
-54 -90
-1 73
4 4
11 5
-13 23
0 -2
-16 -3
-8 -4
-39 -186
-1 181
-8 -5
12 5
0 6
-15 -63
-3 -5
10 -4
-34 40
67 65
2 -5
-6 8
-21 -56
-5 -44
-1 13
-9 -5
-48 183
-109 141
-5 -8
13 1
0 15
21 7
2 10
0 -9
37 23
-92 -58
-8 3
-5 4
24 50
26 -26
19 15
-2 -12
-189 44
-82 -229
5 0
-14 0
-14 -21
-4 30
1 -2
0 -3
56 -59
11 55
4 4
-1 -7
45 35
-4 12
-17 0
11 5
117 -71
130 -1
3 -4
-10 3
-21 -52
-9 2
0 -15
-12 -3
73 81
40 19
0 -14
-2 -16
53 -29
-18 -4
-3 -2
-3 6
71 -12
-31 -73
0 -4
-9 -22
10 4
-5 -29
-7 -6
-8 -11
-15 51
-70 -92
-4 0
-2 -5
-19 4
3 41
18 -9
5 -3
-74 69
-8 61
-16 2
-9 1
-12 -4
-31 -4
-12 -2
-1 9
-143 -69
15 17
-2 2
-4 -3
-69 -12
0 -4
0 -29
4 6
17 -581
-195 -125
-7 -3
-5 -10
-16 25
44 -25
-3 2
8 -7
-33 -4
157 -54
-2 -12
5 -8
15 3
40 -7
6 8
3 -10
36 -84
-18 107
-7 5
12 2
-10 -9
-3 27
-3 1
11 -2
-36 90
62 7
-12 1
-1 -3
-20 4
-5 2
-14 1
-21 -1
16 -15
-56 247
-7 -6
0 5
-21 -5
-66 -26
1 10
-6 5
75 -69
-85 38
2 -14
1 -4
-48 26
6 -28
-6 0
-13 -3
50 152
-141 -86
4 12
4 4
13 -36
-19 -20
1 3
0 2
-56 -26
-62 30
13 10
2 11
30 -13
19 -38
-12 19
-2 -4
-348 32
123 -267
0 2
-13 3
5 -24
30 61
-9 -3
-11 -4
11 -19
-19 51
0 4
-5 10
14 -16
-11 23
0 -8
4 3
-100 -70
-39 -52
-4 -3
-20 -7
-17 11
39 -33
4 -10
-17 -4
52 -97
34 -23
-4 3
-3 -7
7 -19
-24 12
14 -12
18 -6
-122 -11
-48 167
5 -7
10 -4
35 15
0 -4
-2 -6
6 3
-20 32
-39 -58
-6 2
-11 -5
9 6
9 7
7 -6
4 12
88 45
6 -20
-2 1
-8 -2
1 22
-41 13
-14 -7
-6 -3
24 105
-20 -25
3 -19
-6 6
-36 29
-13 23
7 -10
-3 4
321 -266
-440 -195
-2 -8
4 39
-6 -21
-11 -34
-10 0
-5 -7
3 -13
51 14
-3 -12
-1 3
-9 -33
-19 2
-5 -5
-1 -10
47 123
64 -122
1 -7
3 -7
4 -31
51 19
0 2
3 -4
0 -14
14 -68
-18 13
-2 4
16 -39
18 7
-5 7
3 -2
72 109
-70 -1
0 -5
8 13
10 -10
-13 8
1 6
1 7
-78 27
-56 82
-9 7
-5 11
6 17
18 -2
-7 -5
-8 10
-151 -157
39 17
8 -18
4 -4
-27 15
16 -20
-5 -6
-4 -8
33 -59
-18 13
3 -3
5 9
31 40
-1 -1
-10 8
14 -12
63 -250
337 -156
-4 -1
-7 -27
-6 14
41 -14
-2 5
-7 -11
5 -14
53 -38
11 -6
0 -7
6 -6
4 3
1 -2
0 3
-11 27
110 204
-3 20
-14 -2
-8 -8
-31 -12
-1 -3
-8 -2
-54 81
-39 77
9 3
-8 -7
-12 22
2 -12
1 -20
-5 2
96 179
-15 -171
-9 -2
4 -3
-1 29
-31 9
-3 -9
7 4
53 -34
52 -61
-5 -13
-3 -20
-29 5
-31 -13
4 -1
-4 -8
40 -114
-131 -20
-7 10
3 -5
16 0
-7 19
5 12
4 1
-15 -54
-3 6
5 -11
4 1
1 -2
-19 -13
10 9
-7 14
529 158
178 75
-6 0
4 7
7 6
3 -9
-5 1
3 -3
9 -3
1 -9
0 0
-5 0
-4 0
1 -2
1 6
-2 0
-5 -8
-19 -9
-2 -5
-4 -5
4 -3
-4 -6
-2 -3
-7 -7
-2 -1
4 4
0 5
-1 -5
3 -13
-4 5
-4 0
0 -2
11 -9
22 -15
0 0
-8 0
-5 0
10 -4
-2 4
-4 2
-12 2
2 -5
-4 4
0 5
2 4
8 -6
-13 5
0 1
-10 0
4 14
5 0
3 -1
7 -7
4 4
0 -2
0 0
10 -3
-11 -9
4 -10
2 -2
-1 6
-9 -5
-3 0
1 0
4 -27
-2 3
0 -1
4 -2
-1 4
9 0
0 -4
-1 0
-10 -3
-3 6
-2 0
0 -7
2 0
-2 2
11 -3
-2 -1
13 0
10 -17
-5 -1
-2 2
-1 -2
-1 7
0 7
0 0
9 4
7 -6
-7 4
-1 4
7 -9
4 11
3 2
-4 -3
-18 3
1 18
1 4
9 3
-4 -9
-7 7
3 -8
7 0
-1 -10
-2 -8
3 -6
-5 -1
-6 6
4 -7
2 -9
0 -1
-3 -4
-6 -8
-4 -4
-1 -2
0 10
-1 -11
-2 -4
0 -3
-3 -17
-4 -12
1 4
-3 -4
-2 12
-7 -8
0 -8
0 -1
21 14
-12 -19
0 0
-6 10
-1 -4
-1 -1
1 4
-2 -2
0 -7
1 4
-6 -1
0 2
-3 -4
4 -12
-7 0
5 -2
17 1
0 -19
1 -2
5 -4
-7 -1
6 -4
6 -1
5 -1
-10 1
0 4
0 -3
2 2
1 1
-7 -7
1 1
1 1
8 16
17 -2
-2 0
-4 -5
1 0
-10 5
1 -7
0 1
8 7
-6 0
3 1
1 1
0 1
0 -2
-2 -6
-1 -2
-9 8
-2 11
0 -2
-2 -6
-2 0
-4 17
-9 0
-4 0
-1 0
-1 3
-5 1
0 11
-8 0
8 6
3 0
-5 1
32 8
-6 12
0 0
12 -3
-2 -12
-15 4
0 -3
1 4
3 7
5 5
-1 -7
-7 -8
5 -11
-5 12
0 -3
2 2
-1 1
-5 11
0 0
5 -7
-7 0
-11 -4
-8 -4
-2 0
-8 11
5 6
6 1
-5 -7
0 -2
0 -1
-3 -5
2 0
-25 1
-10 17
3 0
-3 8
2 14
8 -7
-7 8
-3 -5
1 -12
0 -6
-7 3
3 2
-10 10
-6 -12
-2 6
-3 -3
4 -10
-2 -9
0 3
-4 8
-4 -3
7 2
10 -5
-2 -1
-11 10
-4 11
0 -8
0 -5
0 -9
-11 -5
-5 5
1 -4
-28 15
193 -67
1 0
-4 8
2 4
-3 3
2 0
-4 -7
-8 6
-1 20
0 -2
2 -2
2 -4
-5 5
-6 5
2 0
-9 2
-5 0
0 9
8 -2
5 1
-9 -3
-2 5
2 2
3 1
-6 -1
1 -1
3 4
-1 3
3 0
22 -6
1 -1
-15 -13
-48 -15
-3 0
-10 -3
0 -2
6 -5
-3 2
3 1
1 -6
-2 -2
3 -5
-7 -3
-3 5
1 -11
-9 -13
-5 -3
0 8
6 -2
-10 -3
-6 3
-7 -1
3 0
-1 4
-1 7
7 -2
9 5
1 -4
0 -4
-1 -2
6 6
-12 9
3 0
-28 -21
3 -4
1 -3
6 1
-3 8
-2 5
1 -5
2 0
7 -1
-3 -10
-6 3
2 8
-11 0
6 3
10 2
5 0
-1 -11
-12 6
2 -3
11 3
0 0
8 3
-1 -4
-2 -6
-5 -9
-3 0
-1 -7
-4 -5
4 0
-7 -2
-20 1
-2 -3
33 6
21 23
4 -3
-5 1
1 -10
-8 -4
1 -2
-7 2
-10 2
-10 2
-5 5
2 0
4 -8
0 5
-10 3
0 -1
0 7
-10 3
4 3
-8 -9
0 3
-5 4
6 1
-3 -2
2 -4
2 -11
-6 6
-1 2
-3 6
-4 -11
5 -10
-5 3
-6 39
85 28
-2 1
-1 -7
14 -11
-3 -9
1 -4
4 2
1 7
-2 5
5 0
-10 -7
-9 -5
0 -6
-2 2
-2 -2
-5 -6
-8 5
-3 -2
-2 -2
9 -9
6 -9
-6 -2
4 4
-1 -5
0 -2
3 -2
10 2
-14 5
-7 5
-6 6
-1 -6
13 -12
8 -2
0 1
-2 -2
-8 12
-5 4
1 0
0 -2
5 4
-2 6
-3 6
3 3
5 -3
5 -2
3 -6
-2 1
7 2
9 -6
-1 0
1 3
-6 11
-6 7
0 -2
-2 -3
-3 18
3 0
1 4
-7 -5
8 -16
-4 -4
-17 -1
0 -6
8 14
-18 -31
-2 -5
2 1
-3 5
4 -6
0 -12
-9 0
-3 -6
0 -5
0 -4
7 -1
6 1
-6 6
2 -7
4 -3
2 -6
5 -9
-3 -2
0 -15
0 -4
-15 -2
4 -5
-2 3
-9 -3
-9 1
-7 -3
2 5
4 0
6 -6
12 -2
-1 4
-5 1
2 -15
3 2
-7 9
0 -6
-2 8
-6 8
-5 -5
3 -2
14 1
3 -6
-13 -6
-5 7
0 -9
-7 -2
-1 3
-20 8
-4 -9
-2 2
-2 8
2 -11
12 0
5 4
2 0
3 1
0 -1
-4 6
0 -3
-2 0
-5 9
-1 9
-3 5
-15 -25
-24 391
2 1
2 5
2 13
7 18
-8 -7
-2 8
-51 11
-43 22
0 -4
-6 1
19 -2
29 -61
9 -3
-4 -3
8 70
-43 70
4 0
-3 -4
-2 -10
-10 19
-1 -5
-3 3
-53 51
13 79
4 -5
2 -4
-1 58
-3 20
2 3
1 2
-54 -15
-72 107
4 3
-2 -11
-18 0
9 -6
-1 -4
-4 -1
80 -38
43 -91
-3 7
7 -1
10 -5
3 13
4 5
5 3
30 -66
-8 -60
6 9
-2 4
-9 -32
-21 18
3 -4
4 4
15 -80
-16 -48
9 5
-2 2
-17 -26
-5 -10
-7 -12
5 2
-5 130
27 -60
-10 -1
1 8
20 -22
-42 -15
0 5
6 -13
-30 17
2 -24
2 -7
-3 -4
-17 2
-21 7
-6 0
-2 -6
14 2
-52 70
-11 -3
-2 1
1 26
38 -15
0 5
3 -9
-51 -28
-16 1
-14 -12
-5 0
-23 -21
7 -17
3 -1
0 -3
25 -73
22 3
-1 -9
1 2
13 0
10 7
5 3
-6 5
-23 26
-5 -3
0 3
-5 0
11 -43
-8 -14
-7 -8
-8 -2
-40 -38
-1 4
-3 -3
6 -6
-14 19
-18 35
-6 -7
-4 -2
7 -2
49 9
2 3
4 -8
71 16
3 2
-5 7
-7 -5
-81 24
179 170
-6 1
6 -7
0 2
20 -7
-10 3
-2 -5
20 2
-28 40
-6 -3
2 1
-12 19
-5 12
0 -3
-2 6
-25 -6
-17 -26
-8 0
4 5
-10 -8
19 -30
4 2
0 0
17 22
-29 -14
1 -13
-13 0
-24 0
-8 -11
-2 4
0 4
49 -12
-25 -90
-1 13
-4 -7
5 -32
-40 15
3 0
-12 7
20 -15
39 30
0 7
-4 0
1 24
-13 18
7 -4
-5 -3
-47 29
76 -30
-5 5
5 15
28 -5
15 -7
-1 5
3 0
-10 13
-8 -15
-1 1
-5 8
-20 -34
-2 -13
-18 8
-2 1
63 43
-17 -53
6 -9
2 0
4 0
0 9
0 -2
2 -8
-42 18
-59 -8
0 -3
0 -3
7 -36
29 -26
-8 5
3 -3
46 3
30 -29
1 3
-2 -18
-6 -16
-9 8
0 -5
1 -5
58 51
7 -9
-7 4
6 -2
48 29
10 13
4 -9
5 -5
17 -31
59 -40
2 -13
-7 -3
-13 26
4 -9
-6 -6
2 0
21 -67
9 -2
2 -2
9 -2
-13 -19
-2 0
-3 -5
-2 -2
1 90
20 44
8 -10
-7 -10
-8 12
-18 -9
-4 -8
-3 -5
-48 -40
-22 -2
2 -7
2 -4
-15 -9
-15 5
3 4
-1 -6
14 -186
229 -270
3 -4
3 3
-1 -1
-35 -4
-10 7
3 -4
15 -15
16 16
-5 8
1 -6
1 -5
-14 -18
3 -5
-13 4
-6 28
-6 -48
10 -7
-1 5
-15 3
2 1
-21 -11
-1 4
16 -3
-25 -9
-2 1
2 -6
0 -16
3 1
-11 6
1 -4
-35 -48
-116 -118
-2 -2
5 -1
4 4
15 -16
-10 -1
0 13
-3 -4
-29 46
-2 3
-4 -9
-3 -4
6 4
-4 0
-9 0
-5 -41
64 -3
6 -8
-10 10
-5 -7
2 29
6 9
-3 6
-14 23
24 14
2 5
-2 -6
-21 14
-15 -9
-14 -4
-4 4
88 -38
165 -34
1 6
-10 2
-3 -9
2 22
3 -4
-1 -5
36 -13
-11 -5
1 -3
1 5
7 4
12 7
-9 -2
9 -3
-23 -22
-42 34
-13 9
1 -10
0 15
19 -5
-2 -3
-4 -7
19 -43
-2 3
-1 6
-1 6
22 -2
-1 4
7 -5
-4 -1
-16 2
36 -9
-11 4
-2 -4
5 -6
-39 -21
19 5
0 -14
-33 23
-11 9
3 -8
-5 4
-29 -5
-6 -6
9 -5
5 0
-20 -7
48 8
-1 -9
4 -1
1 -4
-13 -2
2 -3
8 -3
1 53
3 -27
-3 -14
-6 4
-19 2
2 -1
2 2
-1 -4
-161 36
42 261
9 -3
5 1
0 3
3 -9
-6 -12
6 6
-28 5
-31 1
-7 7
0 -6
-6 -5
-8 12
-8 -10
-3 -2
3 -34
19 3
-4 6
5 7
-3 0
-16 -14
1 5
-10 -4
-40 24
-14 5
5 3
2 -2
-7 -6
-8 -13
6 -6
5 -2
-2 27
0 70
8 -2
-7 -8
2 2
13 7
3 4
-1 3
26 -10
40 -19
-2 -12
1 -5
4 -15
-2 -1
-1 4
3 -6
46 45
-22 -17
-12 6
4 -9
13 9
2 -14
13 3
-8 -9
11 -24
11 -21
0 -5
-5 2
35 4
7 10
-1 8
0 -11
-39 133
-71 -45
-8 -2
2 6
-4 -7
3 -7
5 7
-1 -2
3 13
33 -25
-1 1
-1 4
-7 5
12 -25
-2 -2
-4 4
5 33
-38 -17
9 -14
-8 -3
-1 -7
3 -3
-13 -6
8 8
-4 -8
-1 10
-2 1
1 4
0 6
7 -17
-11 0
-7 6
58 -46
40 22
-7 1
-2 -8
-5 1
-9 22
-6 -4
-2 -7
-9 -9
12 -2
-6 4
-6 -7
-5 17
0 16
3 -2
0 0
-8 9
-66 -10
8 -4
-2 7
2 -3
-2 13
0 6
6 1
10 -34
5 11
-3 -1
-3 -11
-20 -6
-15 -4
0 -5
-11 3
22 -149
228 153
0 -4
-6 2
8 -4
7 12
-5 2
7 9
20 -4
-6 -11
-2 5
-3 5
3 1
-5 -15
5 0
-1 -16
-2 -23
42 -12
-4 -3
-9 -4
-8 -5
0 -7
2 -7
-13 -1
-5 -1
16 -3
0 4
-5 -16
-5 0
3 11
1 -2
1 5
-23 16
47 -46
-1 2
7 4
-3 3
-17 -1
1 -6
-4 1
-6 1
-12 9
8 3
-12 11
15 6
1 -4
-2 4
1 -7
-4 -21
28 39
-1 -3
14 0
-10 -5
4 7
-2 -3
0 1
-4 0
-4 -10
-3 0
6 -8
-5 -11
-3 7
-6 4
0 4
71 51
-48 -18
-6 -1
-5 8
-2 -4
-7 -8
0 0
3 0
23 -3
-25 5
-4 -7
0 -22
-14 0
4 9
0 -3
-2 13
-11 -1
-9 15
2 -4
0 0
7 -8
1 -1
7 8
1 0
-23 3
10 -1
-1 -4
-4 13
17 14
-6 -9
6 0
-5 -3
13 -15
-40 33
4 0
3 -4
14 0
11 1
-8 3
4 -7
-14 12
-1 -13
-5 0
14 8
-7 -11
-8 -3
-1 -7
0 -6
18 18
13 -24
-2 1
-13 -1
5 11
-4 4
-7 -1
-4 2
27 -16
-7 16
9 -3
-11 -10
-18 -19
6 -14
0 1
1 0
-72 -69
-48 222
2 2
-5 -5
6 -8
2 -2
2 0
-1 6
-11 -1
6 15
-5 0
-18 -17
3 -10
-8 -13
0 4
-5 4
-15 19
0 -20
-7 0
5 -1
0 -13
-1 -4
-4 4
6 0
15 -8
-16 4
-9 -2
6 -4
8 4
-4 -3
-2 1
1 0
-38 -17
-6 25
-2 6
0 0
-16 5
3 10
3 -6
-8 -2
-8 -14
13 -14
0 -3
5 -14
1 13
8 4
0 -9
2 2
36 -25
-33 -1
2 -1
-4 9
3 0
-3 -2
-2 0
8 -9
5 20
-11 -11
1 -4
5 3
-10 5
2 0
-2 7
0 -3
-15 59
15 -50
1 -4
4 14
2 6
-1 -8
-3 2
10 -5
-15 -3
23 14
-2 -3
5 11
0 -1
-6 3
0 0
6 -2
-14 17
-16 -7
1 -1
3 -4
-9 6
7 0
1 -7
-1 8
-9 14
0 0
4 0
-7 -10
10 -12
-2 -2
0 0
-8 4
-14 -67
-5 -32
4 -5
-4 -10
8 -5
-5 0
-8 -1
-4 -4
14 -2
-14 1
6 4
-9 25
-8 0
-3 0
-7 3
-3 -8
7 5
8 -24
-2 -3
7 -1
-19 8
8 -1
-4 -3
-8 2
6 5
2 -4
-7 0
-4 -4
1 9
-1 -3
-8 -3
2 -4
23 -54
215 53
-5 1
7 2
-7 9
-4 -2
-4 -3
-4 -2
-5 -5
11 0
-2 0
1 1
6 3
-3 7
-12 1
-5 -1
6 20
-8 6
0 5
-9 2
3 11
7 -9
-3 3
-6 2
16 -10
-4 7
4 -3
0 0
-6 4
5 14
-9 -6
0 -3
-27 5
-16 14
1 -3
-4 -1
-3 -6
-10 -5
1 -7
2 -4
10 15
1 -2
-2 0
1 -1
2 0
-5 -13
-2 1
0 -1
-8 -3
-11 20
-2 0
2 -5
-14 -6
0 1
4 1
0 -3
-9 1
7 1
0 2
1 4
7 -12
-9 -4
6 -6
-6 0
-38 24
-22 13
-1 2
-8 1
-2 -1
-7 2
0 -4
-2 1
3 1
-1 2
-2 2
-11 -1
7 -1
-2 -8
4 -5
1 -4
-2 -5
4 2
-2 -3
-10 6
-3 -7
14 -11
-5 -6
0 -2
-13 7
-4 4
-4 -3
-4 -5
-1 11
5 -2
-3 3
1 2
22 -22
-9 -1
-1 -5
11 -7
4 -6
-3 0
-1 5
-1 0
18 -5
-1 5
-3 -3
1 -5
-5 3
2 4
2 0
-4 -3
7 -1
5 -4
0 -2
7 -5
-4 -3
-1 13
2 2
4 1
3 9
-4 1
-1 3
3 -2
-14 -20
-5 -3
-1 4
2 -3
-1 -43
-10 -14
0 -4
-8 0
1 1
0 -2
3 -7
-4 -7
8 -4
-5 2
2 1
-3 -3
-14 0
1 -9
1 2
2 1
-12 9
15 -20
-1 1
-4 -3
-5 -5
-13 6
-2 -3
-1 -4
-2 2
-2 -5
4 -5
-5 -3
5 -7
-11 -8
9 2
-10 -2
4 -11
0 12
0 2
2 -4
2 5
5 6
0 6
-1 5
-22 -13
2 -11
-2 2
-2 5
5 -2
2 9
-6 -4
4 0
-3 7
-16 -4
-1 -5
-2 1
12 -1
-6 -7
-5 -8
-1 1
11 -15
-1 -2
-4 3
1 2
-11 14
16 0
-8 2
-5 0
-25 -19
16 -35
-4 -1
2 2
-4 4
10 -6
-8 2
4 -2
-10 -3
-6 9
-2 0
4 2
-14 4
-9 18
-3 3
-7 -1
0 -12
-2 -4
-1 1
-1 0
0 5
-13 3
5 1
-3 1
-7 -2
-1 -10
0 1
0 -1
-1 4
-5 10
-10 -1
3 -2
2 24
6 -3
1 -3
0 3
2 -5
-7 7
0 -7
-3 0
-14 0
-1 -4
-6 -1
-2 -4
1 -12
1 -23
0 -2
5 -3
23 4
-2 -13
-3 -2
-1 -2
-3 -2
10 -13
4 -2
0 -4
-2 -16
-5 2
-2 0
-5 4
14 13
-8 -4
6 -12
1 4
48 10
551 2140
15 0
38 1
13 37
-79 1
-3 -12
2 -9
-67 -14
-128 -33
-8 -9
-10 19
25 -40
1 75
-7 -2
1 -13
-71 -75
17 -49
5 -7
3 -4
47 26
-92 -13
8 -5
16 -10
-83 -32
-103 -105
-19 2
-13 2
-54 13
23 -19
-41 28
-15 13
-45 -84
-109 212
-15 -3
22 8
-18 0
-25 -28
5 11
-15 5
-24 -116
81 -60
11 -10
22 -7
17 -23
42 -1
23 -7
-13 4
143 -188
-34 246
-5 9
-6 -11
-19 12
-1 -25
3 1
0 2
42 53
-112 -48
13 4
12 9
-32 -58
-22 2
16 -28
-6 -27
-71 237
-202 -273
-6 0
-23 -15
-26 2
35 -44
-12 9
-21 4
-48 114
-39 11
5 -14
0 -2
12 -13
-40 -75
-1 -11
-4 -18
-126 183
-6 -190
14 -4
25 -19
-12 -24
83 -39
3 -18
-7 -2
-28 20
29 77
-19 11
-11 0
44 -24
10 5
-14 11
1 -6
5 -228
-15 146
-9 -1
-28 12
26 -35
47 86
-17 0
9 4
128 -9
118 148
1 2
-10 -10
-14 49
-21 -2
16 -26
15 10
-54 242
106 -104
-2 11
-6 -2
-44 33
-7 23
-8 15
0 7
48 -32
117 28
19 -27
12 -17
104 67
-30 0
2 -16
8 10
-5 -54
104 116
7 4
10 7
-6 28
25 -101
-2 3
-17 4
-6 38
-86 -182
9 -8
16 19
1 -31
13 -13
-6 3
-4 -20
81 -188
-107 68
6 -8
-16 0
0 -44
46 -63
8 -10
9 -20
58 13
-77 -32
-27 10
-12 15
-59 31
-36 -12
-24 19
-1 -12
79 139
60 18
-16 -9
-29 29
-15 30
-20 16
-8 0
-15 4
123 -13
32 -158
5 2
0 -8
-2 24
-14 -32
4 -9
6 12
12 108
127 -67
5 1
-8 1
-12 -20
55 67
-3 16
0 9
98 -69
38 6
20 -10
11 -6
76 -107
8 9
17 -29
14 -13
-194 113
-361 56
-13 -8
26 -25
-12 -15
-10 85
-10 17
-4 -3
-65 -17
5 71
5 -22
0 -14
31 -50
23 -7
18 -21
-9 -12
-17 81
-12 -59
9 7
12 -28
-32 33
-43 -67
3 -12
-5 5
-131 111
-19 -51
1 14
-2 6
11 -73
4 -11
8 -5
-16 -5
103 -105
183 -119
4 1
30 6
45 -33
-40 40
0 -5
15 6
-34 -106
59 137
-1 -5
1 -15
-28 61
22 42
-14 -7
2 19
-18 -125
-27 260
-27 8
-21 -2
8 27
-46 15
-5 4
0 -4
-106 54
3 23
3 -27
11 -16
-36 105
-40 -10
-2 9
9 4
-278 -23
-3020 -3920
2 19
-31 -19
-21 -16
-13 94
7 -13
-4 0
-69 39
-28 -117
-34 2
-2 -4
51 -72
26 -9
17 18
27 -8
77 134
-151 213
-15 22
19 5
32 47
-2 131
15 8
-4 0
-47 140
-184 15
12 -18
-1 0
-18 -78
-15 -16
12 6
15 21
-179 -254
128 -152
0 -24
13 -39
54 -36
-82 -77
-4 3
10 -1
-161 -106
-18 50
13 -6
2 5
-46 -10
54 -1
-5 -11
-24 -10
-126 -38
10 36
-6 -7
-9 -2
-31 25
-43 -27
-13 -44
-21 8
-66 117
-75 -9
-19 21
10 -10
-48 126
35 -4
30 14
-23 -14
155 118
350 320
20 2
-42 11
-31 37
-26 -50
-14 -27
-8 3
31 24
-58 52
3 34
13 -1
3 117
-39 29
8 15
-1 -15
-27 13
4 -126
15 3
-20 21
-46 19
13 -19
-4 -12
0 -1
11 -40
32 -53
-28 -19
-2 -10
75 -58
-11 -13
16 12
12 -25
-158 -85
-18 -174
-17 -10
1 8
2 -47
70 -50
-7 27
-5 -24
191 -65
249 17
8 -11
-20 4
7 -1
-55 -9
-30 -25
-4 5
182 150
10 40
8 -23
8 -19
14 -68
-16 -10
-13 11
5 12
49 -203
84 -10
13 22
13 5
48 -59
31 34
-34 -30
-12 5
352 332
313 528
26 8
-22 6
-32 25
-56 2
4 -26
-4 4
-72 -64
-159 -64
-12 11
24 -1
13 -5
45 22
29 34
4 -11
-66 -238
169 36
-6 22
-14 22
-23 35
11 -26
3 3
-8 -1
63 89
-64 -36
-5 -24
-1 -6
-7 38
-56 9
20 18
9 -10
-62 -21
-214 -16
-13 -23
37 -4
33 12
-28 -12
-3 14
1 -14
23 -60
-48 -29
27 -10
-16 0
-73 17
1 14
-36 5
-24 10
-16 -153
-95 -180
6 -35
-18 -4
5 -98
8 -70
-24 -20
-3 16
-25 -63
105 -66
-5 37
-6 2
-68 -71
44 -10
26 -5
-21 -20
171 141
412 120
7 -17
-43 -44
30 -4
-19 -46
-28 -11
-5 3
-32 26
26 48
1 17
-6 6
-6 74
27 -6
-8 -18
-4 -20
56 322
-95 93
17 -4
-18 0
-43 67
-32 53
-1 -33
-14 7
-182 111
-104 -24
-27 -1
9 -4
24 -38
47 -23
29 20
-2 -4
-136 -122
-141 -242
-12 8
26 9
-14 -50
44 38
18 16
-7 -7
60 -29
132 36
7 -17
-16 1
31 -63
-34 -10
-10 -42
16 10
28 -26
222 166
-21 8
3 -23
53 11
-32 1
3 16
13 0
166 -40
56 85
22 -2
-2 -4
104 141
-10 20
-73 -30
-13 29
475 641
145 -67
0 -9
-10 0
-16 3
-4 -6
1 -1
3 -3
0 11
-10 14
3 -4
3 -5
7 7
-1 -5
-3 0
0 0
-10 -6
11 -15
-1 -5
3 3
-5 7
5 3
-1 1
1 -1
2 -2
-10 8
1 0
0 -6
0 -7
5 14
-11 -2
-2 -1
27 3
3 43
0 0
1 -9
9 -12
-5 -13
3 -3
-1 -1
-11 -7
3 0
-1 0
-6 6
-2 -1
1 -9
8 -3
-4 3
4 17
-10 -8
-4 1
-6 3
-1 -10
0 -3
1 0
4 0
1 -2
-11 9
-4 2
-1 -1
1 2
-2 -5
10 -5
1 -2
22 11
-20 -18
-4 1
1 -2
0 4
9 -24
-7 -2
0 0
-10 7
-10 10
-2 0
0 0
5 7
-4 0
-10 -7
0 -1
-10 5
11 0
2 0
-2 1
5 0
4 11
-3 -3
-2 -3
-16 -1
-19 -2
0 -4
2 6
11 5
-1 2
-10 6
0 0
-8 -10
9 -13
1 3
-1 0
-3 -5
1 -1
2 0
-2 4
-5 4
-1 4
0 -2
0 -9
-13 -11
2 2
10 4
3 -4
-20 -10
9 -14
0 -1
-1 -2
-5 -9
-4 -2
0 5
-5 0
-9 -14
-6 -1
0 -1
-6 0
6 8
-3 0
1 -8
0 3
6 -30
-10 -15
1 2
-8 0
2 -9
-6 13
0 1
0 -1
7 -2
8 -4
1 -1
-4 7
1 -10
5 5
0 8
-3 2
3 10
-9 -13
-1 2
-3 0
-2 -4
-5 -12
-2 1
1 1
1 1
8 -6
-2 0
2 -6
0 0
-7 -9
4 1
6 -2
4 4
-34 17
-3 1
5 0
1 9
-1 0
-2 -4
0 -3
8 -8
8 -6
-4 2
-1 -2
0 3
0 4
-10 -5
-6 0
-15 0
-2 -6
2 -1
2 -7
1 13
1 -3
1 -6
-1 -4
15 17
7 -1
4 -2
0 0
-9 -15
7 1
-1 5
-3 -1
1 13
39 -20
-1 -6
-2 4
-9 5
3 22
-4 0
0 0
0 -5
-9 -21
1 0
6 -1
-1 0
-13 -1
-4 2
3 -2
14 -6
-6 27
0 -1
6 -1
-4 7
-7 -7
-13 2
-1 -2
-3 -3
20 -6
0 0
-2 2
-12 -2
-4 -6
-3 -5
-2 1
-42 0
-9 -3
-1 1
-8 -1
5 -8
-7 0
6 4
0 3
13 4
0 4
-1 -5
-1 3
3 6
5 -4
4 -1
0 0
3 -16
8 3
-3 0
-4 -1
-7 -10
4 8
11 -4
2 0
8 -13
5 0
0 1
-4 -1
-1 -7
13 -1
6 3
0 -3
11 7
-40 -262
1 1
1 -4
4 1
19 -2
-6 -11
-8 0
0 -5
-26 -2
-2 7
6 1
-1 0
-1 -9
0 1
1 1
6 2
42 43
4 -1
-5 -15
-5 3
-3 -12
9 3
5 4
-20 4
-15 0
-8 2
9 3
-3 2
5 5
5 -6
-7 6
-36 6
-78 33
3 -6
-3 6
1 6
6 12
0 -6
0 -6
9 3
13 -4
-3 5
-3 5
-2 6
12 1
3 3
-2 0
0 13
-7 -12
-2 2
10 -2
10 -8
-2 6
-11 3
2 -12
4 -7
-15 0
-4 -6
-9 -6
-5 -7
-1 0
-4 -9
-4 -2
11 -16
134 28
-9 -1
7 -8
-6 1
20 -1
2 10
12 -2
-3 9
1 -4
6 -8
0 -5
7 -6
-9 1
0 -6
-5 2
18 -8
-1 -13
0 2
2 8
-7 1
6 -1
-1 -12
-7 3
-13 -15
4 21
10 0
-1 -3
-4 4
3 -3
2 4
4 -3
17 29
17 25
-5 1
4 0
4 -10
0 -4
-4 4
-7 0
-5 5
5 9
-10 -6
-3 -7
9 -8
-3 -1
-4 5
6 -2
0 32
21 8
-4 -4
-13 -2
-12 7
1 0
-2 5
-1 -2
27 12
-25 -13
7 7
6 4
6 -5
-1 2
1 -2
-1 -3
-54 31
-4 -84
-3 1
0 -3
-1 7
-4 10
5 -2
1 2
-10 -7
-2 -18
-3 -2
4 -5
4 7
-6 -16
8 0
-9 7
-33 -12
-23 -20
-9 -4
-3 -2
5 -6
2 5
2 -3
4 2
19 6
6 0
-6 -6
-2 -8
9 4
2 9
-1 0
0 4
19 -39
-12 -70
-9 1
-2 -1
-4 -1
-5 -4
4 9
4 -1
-2 -2
-8 -12
2 -4
-5 5
2 1
11 -8
-2 -3
2 -2
20 -10
10 23
0 2
0 9
-7 0
-11 -8
-7 6
-7 -1
-7 -5
16 6
1 -6
-6 2
-9 4
-11 1
-2 3
13 1
21 -26
-3 56
2 -2
-10 3
2 -2
-4 -1
-5 -1
-7 -4
-10 -15
11 2
5 1
0 -2
-1 1
-17 20
-8 -1
4 1
12 -10
-30 -16
8 1
-1 1
-3 1
0 -5
1 -5
4 -2
0 -6
16 -12
5 8
0 5
2 -4
-5 -5
-1 -10
-8 -2
1 10
18 10
3 2
0 -5
-3 1
-3 -6
-6 -12
-5 0
6 7
-26 -19
-2 6
0 6
-4 -12
-8 1
7 8
-2 -3
-24 -9
9 6
-5 -6
-6 -3
2 -3
7 2
-1 1
0 -3
-18 12
-12 11
-5 4
1 -1
2 8
13 -2
-3 -7
-1 -1
27 22
324 -221
-1 -4
0 -7
-18 0
-25 -21
2 -3
0 5
15 -7
25 -1
3 -2
0 2
0 7
3 -2
-4 -2
-2 0
-42 9
22 -14
-2 0
10 -11
17 -9
-23 0
3 3
5 -3
21 -7
-49 -24
10 -3
6 -5
33 -12
3 -1
-9 2
-1 1
-22 -44
-38 -71
4 -2
-2 5
-2 7
15 -12
1 6
-4 -3
-3 11
15 31
0 -5
0 -13
-10 2
-5 -18
-4 1
-7 -3
0 9
14 -10
-3 -6
-6 -5
-4 15
0 4
-3 3
0 -6
-5 6
40 23
-7 1
8 -2
-20 22
-7 4
9 -2
3 -10
28 -65
10 31
-1 1
-6 0
11 -2
2 3
-3 -6
3 1
-18 9
0 15
-9 -3
3 -2
0 3
2 -1
1 1
4 2
-47 0
-2 -19
-2 1
-2 3
-8 -2
12 -18
0 -4
1 -1
-5 8
13 3
-1 -2
-9 7
-2 3
-6 -3
-7 8
-3 1
20 -10
-43 41
0 -2
-6 1
-18 14
-19 11
-13 -5
-2 -1
5 -4
-8 -19
-10 5
-7 9
-9 -13
0 5
3 -6
3 -6
56 -27
-6 -39
3 3
0 6
3 -10
-6 9
-3 2
0 2
-28 -12
-6 0
-3 0
-10 -9
13 16
12 -3
0 -1
-5 2
-117 2
-71 30
-6 1
8 -10
0 11
25 4
5 -2
-10 -1
10 0
-15 -28
9 1
3 -9
12 -2
10 -23
0 -6
0 -6
36 -11
36 17
-2 -5
-1 -11
-10 -5
18 5
-2 -8
0 -2
-15 0
22 -1
1 1
8 -4
-19 -5
-3 0
-6 0
9 -2
-3 84
2 -7
-1 -2
-4 4
8 -17
-26 -3
-6 -6
3 -8
1 5
-13 -12
1 5
-1 -13
-9 14
-1 6
6 2
10 0
20 -30
-14 65
7 -2
-6 4
12 10
-11 0
1 -3
-4 -2
0 -11
-5 -10
-7 10
-8 6
2 -30
-12 -2
-2 -24
-1 -1
45 28
56 77
0 0
-15 -3
-11 -4
12 0
0 -2
0 5
2 -29
-2 -26
-12 -2
-1 2
-20 -31
-4 1
0 -7
-11 0
-8 24
-18 12
-6 1
4 2
-1 -11
-11 4
7 4
-5 -1
1 -31
-21 -12
3 -9
-7 -10
-23 -7
3 -3
6 8
-3 0
30 34
-8 -17
4 3
6 3
7 13
4 -11
4 7
-3 4
-9 9
8 27
0 -6
-3 8
22 15
1 -6
-4 -6
-11 -1
-56 28
-3 8
-4 -4
-1 5
-3 -15
-1 12
-4 2
4 4
45 5
-9 5
2 -7
12 -2
-1 11
8 12
3 -8
-1 -2
-14 154
-313 -314
11 -6
9 1
0 3
2 11
-5 -16
-7 9
40 0
28 27
-2 8
-6 3
2 -19
12 11
2 0
5 6
-1 6
69 -3
4 -3
10 -10
-14 2
-15 8
-4 -7
1 -2
-14 44
-9 68
4 -9
10 10
-2 -16
-1 1
2 2
13 -11
81 92
-4 -35
4 -5
4 -5
2 16
52 -32
-6 -10
1 -2
-2 -16
2 -32
4 -5
3 4
32 17
-28 -4
0 -9
7 0
-28 -61
-57 -11
-10 -4
11 -5
-26 -20
-7 32
8 -9
-5 -5
-28 -36
-44 -50
-18 12
-6 -9
-44 -4
-8 -26
14 3
-4 -1
20 90
189 147
-6 -2
-2 -1
4 3
-60 -15
9 8
3 -4
-25 28
-18 -31
-5 -1
5 -8
-18 -25
-1 0
5 7
-10 -11
-11 -59
-4 -19
1 -7
-6 1
18 5
5 -32
-2 6
5 5
7 75
-58 -28
4 -3
-3 -4
21 13
20 26
-7 2
-7 7
-6 3
-24 -66
-9 11
-11 13
0 -23
-8 38
-2 11
-8 -2
25 -59
35 56
-6 -2
-1 -9
-8 -24
4 -10
-8 -3
-12 5
41 -26
42 47
2 3
-3 0
4 39
13 -13
-12 -1
3 -4
-47 1
79 33
7 7
8 -6
8 -9
0 1
-9 -19
-11 3
27 -56
22 -135
2 3
15 2
-19 2
30 -25
4 -12
-2 5
-25 25
-6 -23
10 6
-5 11
14 24
-25 -26
5 11
5 1
29 107
76 81
2 -1
-6 4
5 -27
-36 42
6 3
-2 7
28 -16
33 -42
0 -6
1 -2
-37 -18
-11 9
-13 9
-2 2
-66 -49
-97 -49
-9 9
-3 -4
-15 -14
8 18
5 1
-9 -8
-15 -23
-36 -7
-5 -11
-9 -8
-8 14
24 -18
-6 2
2 -4
-51 12
-50 -3
3 2
-10 7
23 15
-2 -15
1 -3
0 9
10 -41
-13 20
-9 2
-12 0
26 -7
8 -5
-4 -1
2 15
-78 -101
1 -3
2 -8
-26 -4
22 2
-64 11
0 0
-3 6
6 14
-26 40
-3 5
6 -5
21 10
-8 2
1 -9
-11 1
8 7
-31 -35
-6 -9
10 -2
2 31
-17 -27
-3 -3
6 -6
-30 -34
22 9
-5 6
1 -7
3 -5
-6 -6
16 -2
-8 -13
-10 4
-40 32
3 0
0 -3
-6 14
57 -44
-13 -1
-1 -2
13 8
25 -34
7 0
0 15
8 5
-9 18
-1 -7
3 2
-11 -20
24 -28
-10 -2
-9 -10
-43 -39
25 28
-6 -3
-7 -5
51 0
-11 6
0 7
-1 -4
-20 4
-8 -2
-4 -1
0 -8
167 56
209 -47
0 -1
6 -5
0 -3
2 0
3 -5
3 -3
-2 -1
11 1
5 -3
0 -1
6 0
-8 0
0 -7
3 1
1 16
11 1
1 -3
-5 3
6 7
-4 1
-4 -4
-1 -2
12 -1
1 2
3 -1
1 0
3 -2
6 7
-9 -13
-4 6
-10 0
20 12
3 -3
-4 1
0 3
7 -3
1 0
-2 2
-2 2
-2 -1
-1 -3
-2 -4
-13 6
3 4
-7 12
0 1
-2 7
-3 4
-1 4
8 0
-5 1
0 0
3 5
-1 -6
2 -5
5 0
-10 4
-3 -4
-9 2
-6 -7
-4 -1
0 -6
20 -23
5 5
-4 0
-11 -5
0 1
2 5
-2 3
0 0
-4 -2
-9 -5
-6 0
3 -1
-1 -9
-3 -1
4 0
-5 -5
-4 0
-4 -1
-1 0
-6 6
0 -10
-10 -3
3 -7
2 0
6 2
4 8
-1 -6
-2 0
-1 -2
1 -4
12 3
2 0
-12 28
-19 -12
-3 1
8 -6
-10 0
-2 4
-4 5
-2 2
4 0
-5 -4
-3 -1
0 -1
4 5
0 -1
1 -1
4 -8
10 10
3 -5
0 -3
-1 -2
-1 4
5 -2
-12 -1
-1 0
-6 -2
-1 -13
6 0
0 3
3 8
0 3
-8 4
0 1
19 39
-24 -41
1 -4
-9 0
8 5
0 7
4 -2
0 -1
2 0
-3 -2
2 -4
-3 7
-4 2
4 -9
-2 0
-6 4
3 -4
6 11
-3 0
3 -1
4 -11
6 -7
2 1
-3 -7
-10 -4
-6 1
-2 -8
0 -2
0 2
-5 -15
2 3
0 0
-11 0
-14 1
2 -1
-8 4
-5 -2
-12 -2
-3 0
-7 0
3 -2
2 0
-5 5
-5 -8
-3 -6
1 14
2 -4
-2 3
17 -8
-9 -6
5 0
0 3
5 6
-9 5
-1 -6
7 3
-2 -8
1 -2
-1 3
-2 -2
-3 -12
5 11
0 -5
-3 -4
36 -7
-7 17
-2 1
16 0
1 -16
-2 -10
0 3
0 -3
1 1
-1 8
0 0
4 2
11 -3
-5 -4
2 -2
1 -5
-19 -7
-6 2
-1 -2
3 5
0 3
4 0
-2 0
-1 -3
3 0
-4 -1
-5 9
-1 11
1 -3
5 0
-7 -6
2 0
-20 -13
4 -12
-1 0
-14 -2
3 9
6 -2
3 -8
5 8
-12 -3
1 1
6 -4
-1 -6
-8 0
2 0
0 2
-2 -1
2 -6
3 -7
-3 1
2 -10
-7 -13
-5 5
1 6
-2 -4
-10 -6
-5 -3
-3 -2
-1 -7
5 8
-1 -13
-6 2
-6 2
-33 6
96 -145
-9 -1
-2 -2
-10 0
-12 0
-11 3
-5 2
-10 -1
6 -7
2 -3
7 -2
3 11
4 14
2 -4
-2 0
-7 -2
-6 -2
2 -5
-4 -10
-3 5
3 0
-4 4
-11 2
-3 7
2 -2
-2 -5
-1 -3
-4 -3
8 4
6 -1
-1 0
13 -3
-17 -30
-1 -6
3 -2
2 -13
0 1
1 -11
8 -3
14 -7
-10 5
0 1
-6 -2
-8 -4
-8 -7
0 -5
-1 2
3 3
6 -3
4 1
7 -7
10 -9
-2 -8
-3 3
5 1
-9 3
9 -6
-1 2
0 0
-5 -4
-5 6
2 -4
3 3
-4 -11
-33 -18
-1 3
6 -7
0 6
-4 13
3 8
-3 -3
6 -6
-14 -25
0 1
1 -4
8 -8
3 -5
-5 8
1 4
7 -9
-8 -13
-4 4
-4 8
2 0
5 2
-1 -1
0 -4
10 -10
20 0
2 -2
3 8
3 1
5 -3
-2 4
-3 -2
2 2
11 7
-3 6
-7 6
-7 4
-7 -11
-1 -3
0 -2
2 -14
-3 4
-5 3
-4 -2
-7 7
-8 0
0 -6
-1 -2
-2 -5
-2 -12
-9 -4
-13 3
-2 2
-5 -2
-6 -1
-8 -7
16 3
3 -1
8 -6
-3 -2
-10 0
-7 1
1 -7
3 -4
22 -27
15 60
-1 -2
-4 2
4 -9
6 -5
-3 -10
3 6
-8 9
1 11
-5 -5
0 7
-8 -20
-2 -4
1 4
-5 -2
-14 -7
-1 2
-6 1
-3 0
-1 -10
1 9
-1 6
-2 7
-3 -2
-14 -4
-3 4
6 0
-11 -3
-2 1
6 1
2 3
17 6
12 0
0 2
2 -7
-8 6
0 1
1 1
-4 -9
-9 4
0 3
0 0
-3 -2
9 6
3 -3
1 -1
4 0
-3 5
-7 14
-1 0
1 -3
3 12
-6 -5
-6 -9
0 -6
-6 10
0 7
-3 -2
-2 1
8 2
4 -2
-11 -4
-1 -2
-3 20
1 3
-2 -4
-6 -7
0 6
7 -8
-4 2
0 3
-2 12
2 9
-3 4
-2 -4
-2 -2
-4 1
-4 9
-1 2
-2 7
10 -6
2 0
-5 -7
0 2
-2 -5
-5 4
-8 -2
-2 -12
-11 10
2 -7
-3 -7
0 0
-8 -11
2 -1
0 -3
-30 -10
12 17
2 -2
7 12
-2 6
-7 4
5 -7
7 -5
-3 12
-3 -2
-1 1
-6 2
2 -2
0 10
-3 -3
-4 -5
-5 0
-1 0
2 -2
3 1
-4 -2
2 1
6 1
3 6
-9 -1
-2 -9
0 4
0 -2
4 -8
7 9
-1 -1
0 1
-2 -9
475 319
-2 4
-18 1
-23 20
-21 -35
9 -3
0 -4
26 -38
26 -133
-7 8
0 0
-13 9
-11 -5
10 3
0 0
-64 -37
59 -74
-10 0
-15 -5
7 2
6 -37
10 4
-3 2
22 -23
-9 -26
0 6
7 -7
0 -17
4 17
-1 -11
-3 -2
-1 174
179 -61
-8 0
-5 -15
-9 20
9 40
0 -6
11 -14
-24 24
40 71
7 -4
-1 0
-46 -38
0 4
6 14
-2 0
114 -49
-92 116
-12 1
-12 -14
0 20
6 1
-5 9
-12 1
21 85
-19 38
-8 -3
-5 -10
10 4
-16 16
9 13
-11 -6
-55 0
-170 -202
1 -1
-2 14
6 -16
13 26
-14 9
3 7
60 -5
-64 72
6 -1
-9 -8
48 7
0 11
-16 -8
7 -8
134 17
-1 -71
21 -8
8 10
-8 -35
-37 14
-2 -3
8 5
44 -19
77 69
-2 -7
-2 0
28 -3
-21 -2
-5 -1
4 4
39 107
186 -4
0 -5
9 3
2 0
-36 -35
-12 -1
-11 -12
-28 12
-17 -108
-10 -1
-2 12
5 50
4 -32
-1 -1
-3 -4
-93 47
50 40
-8 -5
10 6
3 -13
9 -11
-6 -7
0 1
-74 -23
-20 -43
0 -2
-1 7
-84 -16
19 -27
7 -24
8 -3
-170 -123
-204 323
8 -1
-19 -27
-15 -7
65 -19
7 -3
3 6
-33 -6
-7 80
3 0
8 -14
-32 -24
2 16
0 -13
7 -4
69 9
-102 37
9 -2
0 0
-6 -17
-17 4
-2 4
1 10
33 21
-30 -10
2 -8
5 -10
41 1
-7 -6
-29 6
-7 -7
45 -99
-192 52
-18 -14
-4 -28
0 -8
16 11
-10 0
-1 -6
-31 1
0 -16
-1 -6
1 -4
-10 -11
3 -9
-2 10
6 -12
-57 -10
51 -101
-6 -11
5 -2
-11 -27
-19 9
-5 12
-1 4
-33 -24
-16 4
-6 4
-2 0
18 20
3 -9
-3 0
-4 -8
-268 -174
146 -189
2 7
13 40
-19 9
-31 2
-1 -2
4 -10
55 -20
13 -66
10 0
-11 7
42 24
-13 -18
3 0
-4 5
-106 43
21 -120
0 3
-3 1
-9 15
49 22
11 -18
-2 -4
56 14
-36 -15
0 -9
-4 -2
-11 -30
-9 -1
16 -7
0 3
53 -19
-97 149
4 3
2 1
33 9
-16 -31
4 -6
-13 -7
-103 -23
25 48
0 6
-4 6
-42 -5
23 8
15 -17
-6 8
-15 -216
-36 88
-14 4
-8 0
5 25
4 -7
-4 -6
-4 -3
10 11
22 -12
4 -5
-3 1
-12 31
21 6
8 -12
0 2
515 323
-366 -299
-5 0
7 19
21 21
0 36
-9 0
0 4
-4 67
-143 -32
-3 1
-11 -6
15 9
0 2
16 4
2 -10
60 124
24 -65
-13 4
5 3
-13 36
40 -5
3 -2
2 -1
36 -45
10 -79
-15 0
-1 4
-17 11
-4 37
3 12
-15 -5
139 44
-100 398
-1 -5
15 22
-12 -2
-53 68
10 0
-1 7
-92 21
27 -71
7 -6
-6 7
9 -14
12 -1
11 2
-10 6
-129 -37
36 99
2 2
0 -3
20 -2
19 -26
-8 7
0 0
7 -86
51 29
14 -2
4 10
17 20
-7 -17
-13 -1
-8 -10
-247 26
-256 95
1 -4
-22 -24
-16 -29
46 -48
-3 3
-14 -2
91 -54
-5 13
-12 -6
1 -6
-23 0
15 -22
-20 -5
-5 5
72 -61
-52 -9
8 0
-9 -4
6 -20
-24 -13
-6 -5
-11 1
-44 101
-70 78
7 15
-15 -8
2 -44
-7 -19
2 -16
11 0
40 -33
-56 84
1 -2
-3 -24
17 -9
-7 -9
-8 1
7 -5
26 16
-12 23
-4 3
-2 -7
-10 36
0 -13
-13 -7
14 5
-28 12
93 -41
4 -7
-3 10
-40 2
-42 27
0 -6
-5 -6
-76 -35
-1 -82
-4 -20
-3 -9
-9 -33
-5 8
-10 14
4 5
-187 49
234 -613
3 -3
-1 28
0 2
-29 44
-6 0
-10 -3
-121 17
109 9
0 -10
6 2
-13 -18
-42 27
-5 -8
-16 -2
-3 -95
51 107
-3 3
-21 -14
3 5
16 -58
-6 2
-7 -3
78 -23
-3 83
-15 21
1 1
-37 40
-15 -8
-13 4
1 -4
84 -141
-21 -166
-6 -6
10 0
-3 29
14 -46
-6 8
0 3
42 -130
25 -44
-4 -2
-3 -1
-6 -6
-9 17
-14 -2
1 6
-29 123
-112 -142
12 -12
-14 -3
-10 -28
-21 21
-4 11
0 -11
-55 116
-46 34
4 -7
2 -2
25 16
-3 13
-14 2
7 2
186 -15
120 90
-5 -1
-3 -11
-15 -24
-42 -23
3 3
7 -1
7 2
-167 90
-3 3
-2 -4
44 -7
27 -42
4 -4
0 2
65 125
-38 88
6 3
13 9
-22 8
-21 11
-5 -12
0 5
-5 -85
-52 -38
14 -2
-2 1
31 -52
12 -31
11 -25
-10 -5
73 146
136 -155
-7 4
13 -2
21 -26
13 60
4 -9
14 -6
-71 112
62 -69
-4 -7
2 0
-11 13
-1 16
9 3
3 -5
-92 -64
117 0
-15 8
8 -3
4 1
34 -18
9 1
4 -5
5 -89
82 -20
-5 -14
4 -2
45 4
-7 -8
20 18
-4 2
134 -252
147 -55
0 -3
0 1
-3 1
-14 2
2 -5
-4 -5
-2 2
6 0
0 -2
2 9
5 -13
-6 -13
9 -4
-1 -3
1 13
-13 -34
-1 -2
0 -1
-7 4
0 1
0 4
0 0
0 -4
2 -2
-3 -5
1 3
5 -9
-8 -3
3 5
5 -2
5 -7
6 -30
0 -1
-5 -3
7 -4
7 3
0 -4
0 5
2 1
-9 -3
0 2
-6 -7
-5 5
6 7
4 2
1 0
7 -4
0 -8
-1 -5
1 -15
-6 1
-2 7
-8 0
-1 0
-8 -13
4 0
-1 3
-1 4
-3 0
5 2
3 -3
-2 3
-33 -9
26 10
0 3
3 2
-10 -4
-5 -1
-2 4
2 0
2 -6
18 -13
-4 -3
-3 2
0 2
1 1
-12 0
0 1
20 3
11 18
-2 0
-4 8
-3 0
-8 0
1 -9
-1 -1
1 0
3 6
7 0
2 -7
1 -2
-6 -1
-12 -3
-1 -1
8 3
4 16
0 0
4 -1
10 0
5 -6
-2 2
-3 -5
18 -16
3 -2
1 9
0 1
-4 1
-5 -3
0 -2
-7 -2
-8 1
-2 7
-2 3
-1 -6
1 -1
10 -4
3 3
-2 0
-3 22
-4 2
-7 -2
3 0
-1 -8
0 -1
7 1
0 -1
-1 36
-4 16
0 0
1 6
2 -6
8 6
-3 0
0 0
0 0
5 2
1 1
-1 -3
-5 -2
0 -3
4 0
2 0
-5 -14
-2 -12
-5 -3
0 1
-3 -14
1 -6
0 5
-7 -1
-10 8
-8 -13
0 6
-1 5
-4 4
0 0
0 -6
1 0
19 -3
13 28
0 2
3 0
-8 6
-4 1
-2 -1
6 0
-12 -6
-1 14
-2 -7
-3 -4
2 2
0 -5
-5 0
0 -2
-15 -4
-13 0
-2 -4
-7 0
6 7
-3 6
5 -3
0 -3
11 -11
-1 -9
5 -5
-1 -5
1 5
-4 -2
-1 -1
0 -2
13 -42
-26 -25
3 -6
-4 -5
-2 0
0 -6
-1 -10
0 -2
-8 8
-8 0
0 4
1 8
5 1
0 -12
-3 -4
-2 -1
-4 -6
15 6
7 0
-2 -3
3 3
13 -3
-10 2
0 0
-2 2
-1 -5
-2 -7
6 4
-2 5
-3 1
4 2
-1 1
-8 24
-8 3
-2 -2
4 -3
0 -1
-11 7
6 -3
-1 -3
-6 10
1 -2
0 0
-6 -7
-2 -9
0 1
0 -1
-2 0
1 3
-21 0
-4 1
1 2
-8 0
-3 8
-6 -1
0 2
-6 -6
1 0
-1 6
-6 0
4 -5
0 1
-3 2
-3 0
6 -13
170 -233
-5 7
8 0
17 -3
-12 5
-2 3
7 2
-2 7
2 -15
-6 -6
-8 4
-5 -7
5 -8
-4 2
0 2
3 -4
-12 5
0 -1
2 2
9 -12
2 0
-6 5
2 4
-10 0
5 4
-2 -3
2 -2
-5 -3
-2 -7
-12 -5
-3 -5
-16 -14
0 -21
-1 -4
-7 9
-3 7
-2 -7
6 -1
-4 -2
-2 -8
-2 -7
-3 3
2 1
-1 4
-5 7
-2 -12
3 -2
-1 2
-4 -18
-4 0
4 -5
-4 7
-13 8
4 -4
-3 -5
8 -5
2 -3
2 -3
-13 0
4 0
1 -4
-5 -9
2 -3
9 0
-12 38
-1 -5
-2 -5
7 -8
0 -3
-6 -2
-7 0
5 4
4 -3
9 -1
-2 -5
-3 4
0 -1
2 -4
-1 -2
2 -1
3 -9
0 -1
-1 -5
-1 -2
3 -5
0 4
1 2
-11 2
2 6
-1 -1
11 3
-7 -2
-1 9
12 8
-1 0
0 29
11 -17
2 6
-2 -1
-7 1
-7 5
1 -3
3 0
5 -1
5 10
0 -2
-6 2
3 0
-3 -6
-1 9
-6 3
-1 12
-5 14
-3 0
1 7
2 0
1 4
-1 2
1 2
-2 12
-9 -2
-1 3
-4 -7
5 -2
-10 2
-14 9
4 3
-2 23
16 -23
0 1
1 5
-5 1
-2 -7
-4 -2
0 -3
4 4
-7 8
-2 3
8 7
-13 -1
-2 6
4 3
5 -2
-7 -10
-11 25
1 0
7 -2
-2 -6
-4 -12
0 0
4 -5
2 -2
-5 -9
-7 -3
-2 0
5 7
-2 -7
-4 0
-9 2
21 -22
11 -42
2 -5
-3 2
2 -8
-1 6
-3 0
-9 -2
-6 0
11 0
7 -1
-8 -11
6 -4
-2 0
-16 -4
-3 3
11 1
-4 9
-1 6
-15 0
0 8
16 4
6 -1
-2 3
2 -1
4 0
4 0
7 -1
-2 -7
-4 2
3 -2
-6 0
-13 -10
-39 41
-2 4
-4 -5
1 0
2 9
-3 0
1 6
0 -8
2 6
-2 0
-5 4
-7 1
5 -9
-1 -6
-2 -3
1 0
8 -13
-3 -3
-4 0
-4 -7
-4 10
-4 3
-1 5
1 -7
-4 -5
-4 4
-11 -3
-10 -2
-4 -1
-6 0
5 0
-12 13
-11 12
-2 -2
5 -1
-2 5
2 -2
4 0
-4 0
-3 2
-8 -7
-4 1
12 3
4 1
4 4
10 7
4 -2
-20 -14
-5 15
2 -3
5 -10
5 -3
-7 -1
1 -5
-3 -6
-6 9
5 -9
2 -2
-3 -1
-2 1
4 -4
2 6
-1 -1
-40 23
137 63
-1 0
-6 4
21 -9
11 -7
-3 0
-1 -1
-7 2
18 -11
-4 0
-7 -9
-25 -1
-36 20
0 2
-8 0
-44 -37
72 50
-3 -1
3 4
-23 -3
-12 3
-6 -4
5 -7
15 -46
-1 -9
4 -13
5 -2
1 -6
-8 -20
2 -10
2 -9
63 -9
-16 -85
0 3
5 1
7 -1
0 18
2 0
-5 2
-13 0
-2 45
12 8
0 -2
21 -6
-7 -19
5 -2
0 11
-54 18
12 -21
-5 3
-3 -7
-6 3
30 0
-1 -5
5 -2
25 82
2 7
-2 8
13 0
-6 -1
13 -5
-10 0
7 -3
49 13
1 121
-1 -4
6 -4
-8 -15
13 4
0 -2
2 -8
38 -11
-49 65
-2 -7
1 4
3 -25
16 -8
-2 0
2 -12
-103 -66
18 47
3 7
-2 0
33 -28
-5 -1
7 -1
-7 2
16 -21
39 55
-3 -2
-13 -1
23 -14
2 -1
2 2
-6 2
-12 -17
-48 -23
0 -9
-9 -7
-1 5
-6 -2
5 -6
-4 6
-5 19
30 -55
-8 0
-5 -2
-26 12
13 37
-3 -3
-5 2
41 4
35 -77
6 -11
9 5
-2 26
3 -28
-1 -9
-2 -4
-27 64
-56 -21
5 -5
-4 1
-35 -3
-6 0
-9 2
-3 2
120 -83
28 -3
-1 -2
1 1
4 -4
-54 -1
0 0
-3 -4
-32 8
27 -9
1 -5
3 6
21 -14
-10 -21
-2 -3
1 1
106 24
16 4
-8 -7
0 -7
-27 4
34 -19
-2 2
2 0
23 59
-15 -1
-11 -7
-5 -1
12 33
7 12
5 -1
0 -9
-95 0
-16 6
-6 1
-7 -14
-11 7
15 1
-3 0
10 2
18 -54
-21 -18
0 -4
11 0
0 -2
2 -21
-2 -9
2 -4
8 39
-46 32
0 4
1 -2
-1 2
-28 24
-2 2
1 3
-44 -70
36 -12
-5 6
0 -4
11 0
-13 -3
4 8
-4 1
-133 97
12 67
3 -4
2 -3
3 -1
24 -13
0 5
-9 -3
11 4
-20 -35
-4 9
-6 -6
-20 3
6 24
-1 10
-3 1
20 -18
-100 -21
2 8
1 3
1 -8
19 -21
2 -9
0 -6
-14 -87
-48 -46
3 4
5 2
-17 -38
2 -13
-16 -2
6 0
-20 -16
10 -68
5 -3
-3 15
15 -2
-42 6
0 -1
-5 1
-68 42
26 24
3 -3
-10 -2
0 8
-23 6
-1 3
-5 6
19 -19
31 21
-3 -12
-6 -7
6 17
-1 -1
-7 4
-3 -8
64 45
12 15
-3 -7
2 0
25 13
-1 -1
-3 6
-1 -2
150 0
257 -137
2 0
-6 -8
4 -5
-4 17
-2 10
0 2
-47 0
-22 -2
7 -8
-2 -2
-1 -2
-2 32
-5 -6
-3 0
9 43
18 31
-3 -6
-2 7
-2 1
18 -30
-1 -6
-6 -4
-48 47
-7 1
1 1
1 2
-24 7
-6 -3
1 -9
-3 -8
-28 3
48 -34
-10 -8
1 -2
-1 10
-29 -23
8 3
-2 -3
30 -19
15 3
-1 -6
-7 -6
1 -15
-3 -18
10 9
3 -7
-3 12
64 -17
-2 -6
-2 0
7 3
13 -13
4 -5
-9 -5
28 -73
5 12
-1 -5
-8 -1
63 21
1 9
-5 0
2 3
-1 12
-87 38
-2 8
0 3
-11 -8
16 -13
-7 -12
-2 3
9 17
-50 37
-3 11
-5 3
-10 -15
1 -16
-16 -2
-5 7
-4 49
60 47
-3 3
-6 -3
-9 -13
-28 9
-5 10
8 7
33 -12
13 43
0 1
-5 6
-20 -24
-2 -19
-6 6
-6 4
-103 -8
16 7
9 6
-5 -6
-1 3
-12 31
-2 0
-3 0
-18 -16
1 -75
-1 2
-1 0
9 25
-2 20
-5 -3
2 1
13 -16
-5 21
-4 -2
4 1
10 8
1 -8
8 1
3 2
8 2
-23 -19
-5 -7
2 -5
10 -7
-13 8
4 5
1 -5
52 98
-117 -265
-2 -7
-10 8
-3 -10
4 -11
3 1
4 -9
-8 -8
54 -21
-2 2
7 -3
-6 -7
11 -2
-7 0
5 -1
-18 -51
-50 -6
9 3
0 -2
4 2
24 -7
-14 -1
-4 4
-9 -7
12 -24
4 6
-4 -4
21 -9
8 -11
1 -6
-4 6
9 29
29 -45
3 1
8 -3
7 3
-6 -10
3 -4
4 -8
9 -5
-26 56
-4 -1
-8 -3
-22 12
-19 5
3 -13
4 -2
24 4
-22 5
1 1
4 -3
-1 -2
-8 28
2 8
7 -4
-17 24
-18 -3
1 -3
0 -2
-21 4
4 -4
-6 6
0 -8
85 -143
-32 114
0 3
3 -2
-9 -1
4 3
-6 5
0 5
-14 -1
21 -17
-8 -6
-6 0
6 -4
23 5
-5 9
-6 3
-50 -42
-74 -38
-15 -5
-1 0
5 8
7 0
5 -4
-4 0
-25 55
8 -41
-1 -4
0 0
-33 -2
-10 -5
-4 0
-2 3
1 -24
-34 -42
-3 -5
-4 1
-2 -8
-5 23
4 1
-8 -3
25 -12
-10 37
0 -3
9 -4
4 6
3 1
4 5
0 -9
58 0
-1 -20
4 2
0 -2
-1 -5
-27 -23
3 -10
-9 -3
1 -22
15 14
-8 -1
-1 4
27 -8
10 -1
4 -2
-6 3
-155 71
247 3
-6 -2
-4 -3
-4 -2
9 6
10 1
-3 -1
15 6
7 0
-6 -1
-8 -13
-7 -12
-3 -9
6 -5
-6 9
-4 0
-17 -14
-5 -3
0 -7
2 -10
-8 -1
-6 6
-3 -9
5 -9
-13 5
-5 4
4 2
3 13
0 -5
12 2
2 -3
17 12
18 -25
-2 8
-1 4
3 1
4 0
-6 -3
2 -5
-25 0
-10 -3
7 -2
12 -3
16 -4
2 -4
-7 -6
2 -6
3 14
-7 7
8 -3
-1 -15
-3 5
-3 2
0 -8
4 0
13 -7
-1 -15
1 -1
-2 2
-13 -25
-2 2
-1 2
1 3
5 3
-2 32
6 0
6 6
7 0
3 0
-3 -1
4 -2
-15 -4
1 7
0 0
-11 5
2 6
-7 2
5 0
1 -6
14 13
5 -27
-2 0
0 4
1 -9
8 -8
6 0
-1 1
3 -15
1 -3
0 -4
-6 -5
3 -6
-5 0
1 -6
-3 9
13 8
15 -13
1 -7
-1 -4
-7 -4
-10 3
8 -5
-10 8
0 -13
-13 2
1 3
0 1
-5 -7
2 7
-10 -1
-4 0
-12 10
9 21
-5 4
3 15
1 0
3 3
-6 11
-1 -7
16 -6
-11 -4
-5 -1
0 0
1 7
0 -2
4 -8
0 -6
38 8
55 17
-1 -2
-2 11
0 4
-6 -5
-6 -2
9 -11
-5 -7
-12 -18
-5 0
-13 -3
-6 -2
1 -4
1 2
-1 -3
-17 -11
1 1
1 -9
-7 -5
-16 8
7 7
6 -1
-2 5
-17 22
-3 6
3 -1
-9 -2
14 10
-2 0
-2 4
-4 -6
-16 -30
-14 11
6 3
8 -1
4 -6
9 -3
-8 2
8 0
6 13
22 0
0 1
1 14
11 0
-5 -3
-5 0
-5 -10
5 -11
1 -11
0 0
-2 5
-7 2
0 0
-5 -4
-4 3
6 -1
0 0
1 -1
-2 -5
-5 0
0 -3
-8 -10
0 2
-86 -5
-41 -2
1 -1
2 -4
-14 3
-13 1
1 1
-8 2
3 -9
12 3
1 0
-4 0
-11 20
-2 0
-3 -4
3 7
3 -15
1 0
-4 1
4 -1
2 0
-4 -4
-12 2
4 -7
-15 19
-3 6
-1 0
3 1
1 2
-6 -1
-1 7
2 2
14 -23
1 25
-7 1
-3 1
5 -6
1 -10
0 0
-4 -1
6 9
8 -16
-5 -4
7 -9
-12 -15
8 3
2 0
3 1
-22 -14
-19 -7
1 -2
7 -6
7 3
-3 -4
2 2
0 1
-4 8
3 9
0 0
-2 5
0 -8
2 -2
4 5
1 -5
-42 -1
107 -121
-1 0
-8 -5
2 0
2 -5
2 -4
-3 -2
-6 -2
8 6
5 -3
0 -6
-1 2
-2 -5
1 4
1 -4
-6 -7
0 19
-3 -1
-7 11
1 1
7 6
-3 0
-5 -1
3 -7
3 -3
0 -6
-2 -12
-1 -5
-4 -11
-3 -4
-3 0
-7 7
24 -3
0 -3
11 0
5 -7
-3 7
-1 5
-4 1
2 -9
0 -1
-2 1
3 1
1 1
-6 3
-5 -3
1 -3
-15 12
22 5
-4 0
-3 -1
2 -2
-9 -4
-4 -2
-2 2
3 7
-6 9
1 1
9 2
2 10
7 7
0 3
2 3
-6 -18
5 31
-6 1
1 2
3 5
-3 1
-7 1
8 -2
1 -3
7 -8
1 0
6 -2
-3 -1
-2 -3
-1 2
-3 4
9 10
-10 9
0 0
10 -10
0 5
-12 8
-1 4
-1 1
8 0
1 11
-3 2
-2 1
5 4
-5 2
-4 2
-6 -2
-1 31
-5 11
3 -2
-13 -5
-6 -3
1 -3
2 -4
0 2
-4 8
-7 1
-3 -3
-9 7
6 -8
8 -5
-2 1
1 -5
-7 1
3 -2
-6 -1
-4 3
-8 -7
0 -5
0 -7
2 -3
-10 -6
-6 0
-4 6
-7 0
1 3
6 0
-5 -7
2 -1
-25 29
6 -34
-4 0
5 2
8 -5
3 -1
-5 0
-4 -3
0 0
-9 12
3 0
2 1
0 -9
-9 10
-3 -2
-1 -1
10 -6
-18 -7
0 0
-2 4
4 -5
-4 0
-3 -7
-3 -4
-4 -3
7 -15
-1 -6
7 1
-10 -7
0 5
6 8
4 1
-10 -22
-29 2
0 -2
1 1
-5 2
0 -3
-2 3
-3 2
-13 2
-5 2
-3 -1
-3 -8
-1 6
0 -5
-1 -4
-3 7
-4 -32
-13 -5
-3 -2
-4 -9
-8 5
11 -3
0 1
3 -2
-7 8
-6 1
5 -1
-3 1
1 -8
-10 -8
-5 -2
-3 2
53 -14
7 -23
-1 -3
-5 -5
-4 3
-3 6
-1 -4
-3 -3
6 -3
6 -6
-2 -3
-4 4
-3 7
-4 0
4 6
0 -6
3 9
-2 -14
-1 -2
3 2
-8 -6
-2 -1
-2 2
-4 0
3 1
0 0
-8 0
-4 -1
0 -5
2 -4
7 -2
-6 -3
-10 -2
14 -11
1 2
-2 -6
1 -6
2 -15
8 1
4 1
-9 -2
-2 -4
3 1
-4 -1
-1 7
0 5
-8 -7
-4 -7
16 8
-16 -3
-1 2
-4 2
3 1
9 -1
0 -5
-1 1
-1 -10
0 -11
-3 0
-2 -1
-4 -5
-9 3
-6 8
3 0
-8 2
300 1405
3 -7
34 15
8 1
-95 -11
-5 -4
2 -2
6 16
-25 166
3 -9
-16 8
18 -37
-12 68
-20 0
0 6
53 -36
-29 12
-14 -13
23 -13
8 13
-59 12
-1 -1
11 -20
74 53
52 73
-10 3
2 5
2 -43
26 -16
-7 25
-4 15
-50 2
-23 14
0 1
10 -7
3 11
-10 -30
0 6
-15 24
46 -75
11 49
1 2
16 0
-15 -2
-14 11
12 0
-11 -14
-116 211
121 -139
5 5
2 -7
0 5
-20 -12
6 -5
5 -2
179 -10
-77 49
4 2
4 -1
28 11
7 -7
-16 -3
-14 -18
50 -33
-75 -81
7 11
-15 -13
-15 -4
87 -38
8 -4
-15 -5
-16 20
-69 -105
-19 -9
6 -5
1 -18
-8 -65
7 -16
-11 -5
17 131
-170 75
5 3
-1 -8
-5 2
79 -50
-3 -5
-4 -13
-150 0
-46 -29
0 9
-22 6
9 -44
-11 22
-4 0
10 7
123 270
212 70
-4 -2
-24 12
-5 -32
19 81
-2 -7
6 10
-57 -3
19 -77
8 -6
-10 -16
-16 70
19 -11
-6 -22
16 1
84 -272
96 -83
9 -2
-6 3
-25 31
15 3
5 7
-7 7
-137 -138
79 -12
3 -18
5 -16
-33 58
-23 -4
11 -7
-4 -5
-94 -218
189 -388
7 3
10 -1
14 -24
-53 -106
3 -3
-2 -1
24 86
-35 16
-7 -7
1 22
-8 -50
10 -2
-6 20
-16 -5
-199 89
80 -102
-10 -6
-6 -12
-16 -28
10 -13
-11 -13
3 -25
68 77
-66 -53
-14 6
-6 8
-7 44
-7 -8
-9 2
9 5
131 -79
-75 119
-5 -3
-20 14
4 18
-30 -21
-5 -6
-7 20
80 45
-41 -70
1 1
20 -18
0 70
-4 -13
-9 -18
1 -5
52 24
30 171
26 -3
-17 6
-16 -5
-11 31
0 0
0 4
-93 -21
-87 -25
-5 -3
-4 -7
54 -5
8 8
0 -3
-2 -13
59 236
20 110
3 4
11 -19
0 10
21 100
-1 4
-10 7
12 -107
-72 -100
-10 0
-1 -10
-10 -42
-13 -5
14 -20
-1 -10
219 -32
10 -9
2 11
1 -15
2 18
-15 -79
11 3
7 -9
34 -5
57 18
7 12
1 9
-16 -66
2 -1
10 -5
-14 2
-5 -9
-88 64
-5 -3
17 14
0 -18
-5 27
-1 8
14 -3
-105 -67
116 97
4 -8
-7 -2
1 -29
-10 14
-7 16
8 7
-187 69
36 -42
-13 -5
0 -6
44 22
2 2
-7 0
0 6
49 -83
104 62
0 -10
9 -21
-73 2
-35 -5
-3 8
-5 -9
271 -419
765 -363
-17 -6
15 -13
34 -21
76 19
-7 -1
-7 -4
-36 -56
-42 49
-9 5
-14 4
-44 -26
-17 -27
3 5
-1 7
-37 91
28 278
-18 1
-17 -18
23 -1
2 -25
-3 -9
-18 -3
-16 -77
77 -78
15 5
1 11
-42 52
5 -27
23 11
3 9
-179 -39
214 -333
13 4
-10 -9
-8 -1
45 -29
17 2
6 6
27 -50
-60 20
-7 1
-5 -6
-29 -33
41 33
-10 -3
-2 -11
114 78
-71 -214
0 -8
-9 -3
-1 -34
-22 37
-2 -11
1 -10
83 -98
53 -105
-2 -13
-1 -4
2 -36
-25 3
17 -1
-6 4
290 -83
115 -2
3 -3
-2 -3
-4 5
-48 -9
0 -12
2 6
-14 65
81 -102
-3 10
5 -4
23 51
-28 3
-12 -9
4 12
-73 -105
-35 -190
-1 -7
13 12
-2 24
-12 23
-13 5
0 -7
-75 86
-52 129
12 1
-1 -8
28 -1
14 11
-30 4
6 -1
-162 -114
-34 80
3 6
3 0
-28 1
-7 18
-9 8
4 -5
-31 51
-71 59
-10 -9
-1 -2
47 -52
-26 -8
-1 -4
-9 -17
109 86
96 158
8 -14
9 7
4 37
36 -31
10 -1
-7 5
34 -37
-86 24
-16 0
-1 -4
24 48
8 21
-34 1
-4 -6
70 58
-527 2
-1 -7
13 -31
-22 4
26 129
-2 4
-3 -8
76 -5
82 -28
-8 3
11 0
-14 59
42 1
0 5
-12 14
4 114
48 -120
-14 8
-20 -3
-8 -11
-16 8
-13 8
-10 2
-32 40
33 31
18 2
3 -3
85 25
-17 -27
21 3
-3 2
151 64
82 146
2 2
10 -5
16 12
-68 18
-4 -2
2 3
113 -26
122 -34
5 -12
-4 -11
27 -37
2 4
-5 16
2 -8
-122 -178
-74 51
4 -22
-5 -5
-3 -17
24 41
-2 11
-6 -12
36 99
42 12
-15 7
-6 -9
-4 -115
-1 12
-10 2
-11 -1
-196 -74
136 268
10 1
-25 5
-2 -19
37 -48
8 -1
10 6
-75 19
-166 -63
-15 13
-7 1
-2 -26
-24 24
-19 -14
7 -5
-1 -41
158 66
5 -14
0 9
9 -9
-21 22
1 -11
7 -9
14 -134
8 -36
6 -12
-3 3
-32 58
6 -12
-13 -7
12 8
-37 51
-213 -120
-3 4
2 -3
-31 4
39 -71
-1 -3
-9 -8
-53 32
-79 78
-10 7
0 8
-76 15
-17 20
-4 -10
-5 -13
103 42
-45 7
0 11
-7 -1
22 -13
-38 -68
9 -9
-2 15
-40 8
-76 -84
-14 -10
-8 1
-60 11
7 28
33 -5
-16 -4
-73 59
41 84
4 2
2 -9
13 1
5 -1
-2 4
-5 -6
-5 -5
-14 -7
-1 0
-1 -1
-10 3
0 2
-2 -3
0 -2
9 -1
-19 0
-3 0
-5 1
8 -9
0 -7
-2 -9
0 2
1 -2
1 4
-5 -3
-1 -1
-5 3
5 -2
-1 0
2 -2
0 10
-26 -4
0 -2
2 2
-11 2
-14 7
0 -1
0 -2
8 5
-13 12
3 -3
0 4
10 -12
-6 -8
3 4
0 -1
-20 -6
3 17
-2 -1
-6 -6
-4 8
7 -2
1 7
2 -1
0 10
-6 -10
2 0
0 2
-3 0
-5 -2
-6 -5
1 -3
-3 -4
8 31
-1 -3
4 -8
2 -2
-3 11
5 -3
7 3
-1 -1
5 0
0 0
1 -10
2 -7
1 0
1 -1
2 0
-1 2
-7 2
2 0
1 -5
2 5
-8 -9
6 0
-3 0
0 4
3 1
4 -2
0 -7
-5 4
9 5
11 3
-1 3
-11 -15
5 30
-2 -3
0 3
-5 3
0 -6
-11 5
-5 -2
-15 0
-8 -4
-4 0
-2 8
13 5
-6 0
-7 -8
-5 1
5 -6
-5 10
0 2
0 10
-6 -7
3 1
-8 -2
0 0
-3 -16
-3 -4
-4 -3
-4 -1
0 7
-11 10
-10 2
-5 -2
-13 0
32 -22
1 -1
1 4
-1 3
9 -8
-2 2
-3 2
-5 -7
4 -4
1 -3
1 1
7 9
-11 0
0 4
-2 1
11 13
4 -15
1 0
2 -4
-5 14
-1 4
-5 9
-1 2
6 -3
4 -5
-1 -1
-2 0
1 -12
-5 3
2 -4
0 -2
-2 -4
1 -22
2 -1
-6 0
-1 -12
6 -1
3 -7
5 -2
7 2
-3 -11
0 0
0 -3
-9 1
-4 -2
-8 -3
-4 -3
-5 -7
6 5
0 2
-5 2
-3 -17
0 -5
0 -2
-2 -3
-11 -3
-7 -2
4 0
3 -6
8 5
3 -3
5 -1
-1 -1
20 33
-7 4
-2 1
-5 -2
5 0
-8 -9
-5 -1
-4 -7
0 0
17 4
1 -1
-6 1
-12 1
11 6
6 2
1 0
-7 -1
9 -11
-4 0
0 5
4 -10
-2 14
-1 -7
0 -1
3 1
-8 14
-4 -5
0 -2
6 -12
3 -3
-1 1
-1 2
2 -14
14 -12
-3 -3
0 -7
0 1
11 2
3 -1
-1 1
-8 -5
0 -4
3 2
2 0
-10 2
-9 2
-2 1
1 1
17 11
-5 -16
-3 -2
4 -6
7 5
-5 -14
0 -5
2 -1
1 -4
5 9
-3 0
0 4
-2 -1
5 -1
-11 -6
0 -2
-22 3
111 75
1 -2
1 3
7 -7
-7 3
1 -10
-7 -1
12 0
5 7
-9 -6
-9 -1
-10 4
1 8
-6 -6
-2 -7
-9 -3
-25 19
-3 -3
-1 -9
6 -7
-6 -1
2 1
0 -7
9 8
-13 -6
2 -2
-1 -2
1 7
-20 -2
4 10
0 -6
12 -2
7 2
-1 4
-2 0
0 -2
0 1
7 -5
6 2
-9 -5
-3 4
4 5
10 2
7 -6
-6 1
15 -8
-4 2
7 -23
0 19
-1 2
7 -2
6 2
9 -2
7 -2
1 3
-2 3
4 -5
-15 -1
-7 4
-17 -12
6 -3
-1 5
2 1
0 -21
-60 18
1 0
3 -3
-8 9
-10 6
-7 5
-8 4
3 -13
-6 31
-2 -2
4 -8
5 7
5 -15
-19 8
-1 1
-10 25
19 14
-4 -2
-10 2
-7 2
5 6
1 -10
0 0
7 0
-11 -13
0 6
-2 -1
8 13
6 6
-4 1
-4 6
-42 -25
-8 13
0 -5
6 5
-9 -2
4 -2
-13 4
-4 -1
-2 5
-4 -14
-1 -7
-5 1
-2 -5
5 6
-8 -1
2 3
-9 -25
-7 15
10 4
-3 8
0 -9
-7 -5
3 3
0 0
-16 5
9 -1
8 5
13 -3
-6 0
-11 3
3 -10
-3 -3
-31 48
87 0
-6 -6
-5 2
-7 -8
8 -4
13 -1
2 -3
-2 3
7 -6
3 5
0 13
-1 4
-3 -9
3 -7
2 -6
11 2
22 -15
0 -11
-5 -5
-5 -8
4 -10
-3 7
-3 -2
-13 -5
-2 10
-8 -9
-10 1
-4 -1
2 10
-18 4
3 2
16 52
4 12
0 1
1 -6
-2 5
-8 11
-5 5
2 -3
8 0
9 -13
-4 0
1 -5
2 2
1 -10
7 2
-1 8
-1 4
-19 -6
-1 5
5 -1
2 7
3 0
-9 -18
-3 0
11 -3
-10 -4
-2 -2
0 -5
2 -6
3 -1
11 -12
-10 10
83 29
-1 -25
7 -1
4 -3
1 4
6 -11
-2 2
-1 6
-8 1
-3 -12
-8 -4
-6 -8
1 -1
-4 -1
-13 -3
-8 -2
-15 2
6 -18
1 7
-1 -3
5 2
-3 -3
14 0
-1 0
-8 3
-1 5
6 8
3 -5
9 -2
-4 -7
-1 6
5 -6
-14 -20
-32 -16
-5 6
0 6
0 -6
-1 11
0 -6
3 1
-7 -5
22 8
8 3
4 4
-6 -3
-7 1
11 -1
-5 -6
0 16
11 -30
-3 -8
-3 -2
-11 -5
4 3
-8 17
3 2
20 -14
-9 6
-10 0
-6 3
1 2
2 1
2 3
7 -1
-23 -104
3 197
0 -1
-6 9
-5 -7
20 -14
-2 8
-1 -3
-22 1
-22 -2
8 -3
-2 -2
1 -2
-13 12
-2 0
0 0
48 2
-40 -7
3 -2
5 -2
0 -7
-8 0
-2 5
0 2
-16 57
44 22
-3 8
-3 -3
15 -10
-12 -3
8 -11
-16 -1
-59 39
78 -42
-3 0
-8 -11
0 3
8 -2
0 -3
2 5
25 -35
-13 -61
2 -10
13 7
-14 -15
4 -9
1 0
1 2
-17 10
-1 39
3 -4
1 -4
-11 17
1 -9
-5 -6
0 3
-9 -60
-48 -1
6 0
-9 -9
19 -2
2 -10
-3 3
-4 -1
-47 43
-208 61
-2 -4
6 -5
1 -7
-61 6
7 0
-18 -1
16 -1
6 -60
-6 0
-7 -8
12 18
7 0
-5 -2
-5 -4
41 17
-4 -35
-1 0
-4 5
3 0
-25 10
-5 -1
1 -7
12 -28
-21 -30
0 -1
0 3
-24 5
1 -2
-6 7
1 -5
13 53
40 18
-4 0
-3 4
-13 2
53 -21
0 -9
2 -10
-27 16
2 30
0 -5
-1 -5
-11 11
5 7
-2 0
13 3
-42 -7
-32 33
-11 2
-5 -1
14 -28
-2 -4
10 3
-2 -2
21 9
38 16
-9 -10
14 6
-12 -20
-1 3
8 0
6 1
-55 23
146 249
0 -6
-16 8
5 0
-3 -3
-2 0
3 7
-25 -2
1 13
-3 6
-2 0
-23 -10
14 0
-3 2
-2 -10
-51 -20
-36 44
8 0
2 -4
-17 10
20 4
-4 -5
-1 0
-21 -19
-28 -17
-4 8
-17 -1
10 6
2 -8
-8 -5
-9 -5
27 -10
35 17
6 -9
-3 -7
-1 -12
-19 -2
2 -6
-1 3
16 7
11 19
-13 4
5 -6
19 -12
-6 -2
4 -9
-4 3
52 -28
52 -29
-4 0
0 5
6 7
-19 -18
2 4
-1 -3
7 10
27 20
-3 -4
3 -4
3 7
1 4
0 -1
9 -5
-64 63
-73 -153
-15 5
11 -4
-12 4
20 13
6 0
-10 -3
-6 51
26 66
8 -13
-1 4
12 4
1 8
-5 -1
6 -5
-36 20
41 -30
-5 -6
-1 -1
16 -15
0 2
-1 -7
-1 5
36 66
9 -5
5 0
4 -2
-9 2
2 2
0 3
-3 0
42 -36
-32 9
-5 2
-2 6
4 -1
-17 -10
-9 5
8 -8
0 -62
-30 -28
-1 -10
4 7
-14 -20
-2 -3
1 5
5 2
35 -45
-18 -7
2 2
-4 -10
-11 5
-1 1
0 -2
-8 7
-61 -25
-9 2
-3 -2
-3 -9
13 -10
0 -9
0 -10
0 7
77 -313
75 -40
-5 4
2 5
-1 8
-33 3
11 5
-6 -8
38 -7
33 -90
-4 -3
-9 2
0 1
2 -6
-4 0
-5 -4
-47 -71
-84 -29
3 0
-5 -11
-4 25
-5 -19
-4 1
2 4
23 -67
2 -37
7 1
-10 1
-15 -12
-11 -13
-4 -7
-6 1
6 41
-83 11
-2 7
0 -8
13 6
15 -5
1 7
-3 4
-69 51
15 37
-8 6
1 -2
14 26
-3 6
2 -10
-6 3
19 52
-98 -10
-1 0
9 8
-7 -24
-4 15
-9 0
4 3
30 64
42 27
-15 -4
-6 -3
-8 -4
1 19
3 0
-1 -1
-30 -97
-54 -86
3 -5
4 2
-10 -16
2 -3
-4 -7
-1 -1
27 -6
59 -23
2 -4
-2 -1
-25 6
6 -6
-2 8
7 0
-19 -33
-80 -28
0 1
-2 -2
9 -2
13 11
8 -2
-4 -1
-21 -25
-17 -12
-2 -5
6 -1
18 9
-3 2
2 3
3 1
136 -47
-12 -66
-6 -9
-6 7
-1 -12
-1 13
-5 -6
-3 -8
0 21
-12 42
4 -2
5 2
4 -6
10 -6
-2 4
1 -6
33 16
25 -35
0 -1
-1 -8
5 9
-24 -16
5 0
-4 0
23 5
-8 -24
-4 0
9 3
-42 -10
-4 -12
-6 -1
-1 -5
-43 -35
3 127
-5 0
9 -1
-7 4
20 15
-1 3
-4 -2
-35 -13
-85 77
-11 3
-6 -8
19 23
18 2
-3 -4
-5 -6
-26 38
68 26
-1 -10
-5 -3
3 -23
-3 7
-8 1
8 -5
-19 10
6 80
-1 -1
-1 12
37 19
0 6
-3 -1
-5 -1
-34 -15
-25 -30
-4 -7
-12 1
-16 2
-11 -3
-11 -4
2 -3
39 -7
40 -98
-2 2
-1 -7
-35 -21
-22 0
-5 -7
-3 2
-14 -33
66 6
-6 6
0 -4
-3 -9
-2 -5
0 -1
-12 -1
-4 -8
-32 -33
-12 6
-3 -3
-7 -8
7 -2
6 13
-9 0
-68 32
136 74
-1 5
1 -10
19 0
-34 10
3 2
1 5
2 -25
-16 53
-1 -2
0 9
-8 -16
-4 11
3 10
6 -6
94 -3
66 63
0 8
-1 -1
-7 4
-10 7
6 -3
2 7
18 -21
5 -11
-1 -11
3 -4
-24 -8
-13 12
-5 -3
8 -4
-58 124
97 34
2 3
12 4
-5 11
15 -25
5 -5
-13 -1
-18 34
-47 -36
7 1
-2 -2
24 8
9 -16
3 -3
-3 4
-104 -41
-52 14
7 -13
-1 5
-9 -8
7 -5
-4 0
4 3
-19 20
19 11
6 -3
0 -6
24 9
-8 -3
-7 -14
5 0
248 -33
-68 69
0 -1
13 -2
-2 -9
1 0
-6 3
-8 1
2 0
0 0
7 -2
-3 0
-9 -1
-2 -4
-2 -14
0 2
5 -14
4 -24
0 1
20 -1
-5 9
3 -1
-11 -3
4 0
-9 6
6 0
3 1
0 2
-4 5
3 0
-1 -4
0 -3
-13 -12
-28 18
-5 -1
-9 -14
7 -1
-1 3
6 -5
2 -6
13 0
2 -3
4 2
6 -5
10 -11
-2 0
3 6
-1 2
-15 -4
6 10
0 -2
1 14
-1 5
-2 -2
2 8
-4 3
5 6
-3 2
-4 0
4 -7
-3 -5
-2 -1
2 2
0 2
-29 -67
27 -26
3 -4
10 10
-3 0
-6 -1
-7 0
0 -9
-6 4
2 8
-1 -1
2 2
1 -1
4 1
-2 0
-4 -3
0 -4
-2 19
-2 0
-18 -9
2 -13
4 0
5 -8
0 -2
-5 16
-10 -3
5 -2
-3 -6
3 2
-3 9
-6 -3
-1 -7
-7 6
0 29
1 1
-13 1
-7 -1
0 -5
3 6
-5 4
5 -5
3 -4
-7 -4
-7 0
-5 -2
-3 -3
1 5
-1 2
15 -18
-19 -11
-8 2
1 -2
9 8
-5 -1
0 4
6 -1
-7 -7
10 1
-1 -1
1 9
-3 -6
-7 -10
0 2
-1 1
-13 92
30 3
1 -4
-5 -7
0 0
0 1
1 -5
3 -2
-9 -10
5 7
-2 6
4 -6
6 5
-6 7
-10 -1
3 -5
14 1
5 -10
11 2
6 0
-7 4
5 -3
0 1
-2 2
7 -11
5 1
-3 -3
0 0
0 -10
-7 4
-7 -5
-6 0
3 37
-2 16
4 -5
3 -6
-2 5
-1 -5
-6 -2
2 -9
4 7
-16 -3
-5 -3
3 -1
-9 -3
4 -4
7 6
-6 6
0 -1
-3 0
1 1
-20 -1
-3 -5
7 0
14 -4
-1 5
-6 -3
-7 4
-3 -3
-8 -1
2 13
-1 -7
7 -6
-3 -8
46 32
32 -18
-6 0
-4 4
-3 -1
4 2
4 2
-7 3
-17 12
-3 -8
7 -9
5 -2
9 -1
0 -7
-5 -10
-1 -6
-10 8
-3 8
-7 -6
6 0
4 7
0 -7
-5 0
0 -6
7 -9
-1 0
4 -5
3 -7
-13 -5
2 1
2 -3
5 5
-23 -33
-13 -30
-10 1
-9 -8
1 -11
-13 7
0 0
-5 3
0 -12
0 4
0 7
-5 5
0 3
3 4
4 3
6 -3
9 15
4 -9
-3 1
-1 9
-2 -6
-11 -1
-5 2
-3 0
0 1
7 -5
-4 2
1 5
8 2
11 6
-3 0
0 7
34 18
108 105
2 -1
7 -3
6 0
3 2
-1 0
-3 -2
2 2
-2 8
2 -4
2 -3
-4 -6
-17 1
0 4
0 -2
-18 0
11 -10
-1 0
2 -6
-2 -5
-6 3
-2 7
-2 -6
-1 -3
-1 -2
0 -4
-1 -1
-4 1
7 7
-2 2
1 2
8 -11
20 -10
1 -1
-8 3
-5 3
9 0
-3 -6
1 1
-17 9
7 -7
-3 -2
0 6
4 -4
5 -2
2 1
-6 -1
3 -10
-7 -3
0 1
-4 -9
-3 16
4 1
-1 -8
3 4
0 -7
0 -3
-3 1
-3 -8
-2 -1
-9 1
-4 -3
1 -6
-7 -5
-24 11
-3 -3
-3 8
-11 -5
3 -15
-2 3
-4 -6
-15 6
-8 18
-3 2
-9 2
-11 1
1 2
-6 -13
-1 0
-5 -7
1 -5
-1 -1
-5 6
-3 8
2 2
-3 -5
-3 -6
-1 -4
-15 -4
0 4
-1 2
2 -10
-1 3
-2 -5
-3 1
4 0
-2 29
-3 -1
7 -3
5 -10
1 3
5 -1
4 6
-2 18
-5 1
-1 0
-1 -8
2 -3
1 -15
4 12
-2 1
-16 14
-7 0
-3 -2
7 5
-4 -2
-4 1
-2 6
-4 0
-3 -12
-4 0
-1 -5
0 10
15 -8
-3 -6
2 7
-3 3
3 -19
-29 16
-4 2
-6 -4
-4 -5
-8 1
-1 -3
2 1
-1 -15
5 -3
2 1
4 13
12 9
10 -4
-1 0
-3 -1
9 3
-7 8
0 -3
-3 -7
-6 0
-3 -9
-1 -3
0 5
-4 -4
-5 11
-6 6
-4 -2
0 9
-1 -11
-5 -1
1 -1
20 2
14 12
-2 -5
-2 -4
3 0
-2 5
-3 3
-2 -1
9 -12
-3 -9
2 -2
-1 0
-11 -10
-6 9
0 -2
-2 6
-8 2
0 7
2 -3
6 3
5 -13
-1 -1
-4 -1
0 -5
5 13
-1 4
4 -3
-2 -2
-11 -2
-3 4
12 2
0 -1
5 -9
-11 -61
3 1
4 3
7 1
-2 0
0 7
-3 6
4 -8
-13 -14
-2 -3
-4 -9
6 0
-7 2
-7 0
0 -3
14 -3
-1 -11
-2 1
-9 7
-3 -4
-4 -3
-1 4
-1 0
4 6
16 -9
2 0
0 11
-9 -1
5 5
-2 0
1 4
-16 11
-14 0
-3 4
3 4
-10 -1
-4 -3
0 -8
2 -6
4 -3
5 4
-1 -6
5 -6
9 1
-8 -4
1 0
-3 -3
-13 -1
20 -11
-3 1
-6 -16
0 6
7 -3
3 -3
1 -1
-2 3
-6 2
2 0
0 -9
-1 10
1 -5
-4 -8
0 -3
5 3
-278 282
-8 4
-1 -18
6 -35
90 15
0 4
1 -7
-81 8
26 37
-5 4
9 -8
-55 -13
42 -11
-7 -4
14 4
109 -19
-175 55
-14 0
0 11
20 -6
33 37
-6 -2
-1 -3
-44 -43
-95 -42
-2 6
-3 1
0 -8
-16 12
24 0
0 -3
28 -160
179 -6
1 -5
6 -9
-20 -15
-9 -8
-1 -12
16 11
-5 -85
-2 84
6 -4
-6 -6
12 44
10 -29
-3 -3
-6 -13
-51 58
29 -72
-1 1
16 -6
-17 -23
14 -13
-5 -11
-3 -1
25 15
-47 -123
5 -10
7 0
27 -24
3 -8
-9 -10
-10 -3
169 235
253 129
3 2
-19 18
7 12
-51 -4
9 0
-9 4
30 9
36 -114
-10 2
-1 5
14 12
-16 5
1 -7
-3 9
-7 -113
84 62
10 0
-10 2
6 50
-31 1
3 3
-18 -13
-8 -13
101 85
3 -5
0 6
-48 0
-8 -27
-2 0
12 -1
-13 -140
-130 7
4 -4
0 -28
-18 -11
19 -24
0 0
8 -8
16 84
-23 -18
0 0
1 -8
-9 -31
12 23
-12 5
0 -1
46 -25
-148 15
3 -20
-15 6
45 -17
-64 0
7 2
-3 0
-134 61
-22 51
-9 -3
-9 -7
69 21
19 23
3 32
-1 -6
244 243
-119 -150
0 0
-1 21
11 3
-37 66
5 3
0 0
-5 -50
9 127
-2 -8
-7 0
42 23
2 23
9 -1
-2 -2
-136 92
115 22
-5 17
2 2
0 5
15 18
-4 0
-7 -1
32 61
36 -39
3 3
2 1
-8 -38
19 22
18 -9
2 -3
-121 26
-17 -55
-1 -10
17 8
9 -11
9 -9
-6 -11
11 14
54 -4
-59 -138
6 0
1 7
27 -17
-42 20
0 0
-5 -10
46 29
-26 -59
4 -13
0 -10
-14 -15
10 -29
0 4
-6 -8
60 21
101 60
-5 -7
1 -7
-15 -20
15 -15
5 -3
-4 -7
-66 -230
-123 191
4 1
-1 -18
-19 -13
26 -65
5 -3
1 0
-73 8
56 66
-7 10
-4 -20
-37 15
34 -21
-14 -1
-1 8
17 -104
-18 61
8 -3
-4 6
4 10
-39 6
0 -8
-11 -6
-131 -117
-51 -51
4 -6
-3 5
24 69
-17 -19
-9 2
-4 -2
23 -185
143 -156
0 -6
-18 -16
-14 16
9 -25
-4 8
0 -17
19 6
14 124
-4 -2
0 -7
-15 5
-13 -10
-12 12
9 0
27 230
8 -150
-13 0
6 9
-15 -37
2 0
-2 -2
12 10
139 50
-85 -11
-8 7
-9 -8
26 14
-4 -3
0 -4
-3 4
-516 -4
961 -521
-17 -6
-12 -18
-9 -14
-64 39
-9 -2
7 -4
-37 -80
-40 -25
-3 1
2 -10
18 9
-14 29
-6 2
0 1
-52 -88
5 87
1 -3
-14 -9
1 -37
8 -31
1 0
3 0
22 -56
17 -34
-9 -2
2 -8
0 -18
-28 3
-12 -2
-11 -1
-97 -31
128 -101
0 3
-11 -15
-2 -15
53 -28
-7 5
-8 3
17 40
-14 22
-6 1
-2 -11
20 26
1 21
-14 5
-8 -1
52 36
-15 -9
-14 2
-3 -2
18 -3
0 41
-1 -3
-8 -1
-4 93
-9 -10
8 16
-2 -4
-47 43
-8 -13
8 -11
0 -2
113 -53
-78 -150
4 -9
0 20
4 5
-10 0
1 -3
-6 -8
-9 32
79 -49
7 -8
-2 11
-16 -22
-1 -24
7 -7
4 -8
11 124
123 102
-2 5
7 5
-27 7
4 -7
1 -3
-3 -1
-8 -8
22 -25
-7 -3
-9 -3
33 11
12 -6
1 4
7 -7
-75 8
-12 -60
1 -4
17 17
0 32
-54 21
-2 -4
3 1
-12 -41
-11 45
-2 -10
1 6
-34 -10
13 -1
14 -6
-1 10
-47 -94
-117 31
9 0
-8 -3
5 -11
8 -51
-4 1
1 -5
36 -45
13 10
6 -9
-3 13
22 1
4 9
-8 16
3 10
52 57
-254 235
-4 -3
-5 -13
2 -20
79 -42
-11 -5
1 -5
39 -30
-20 17
6 0
7 -6
12 -7
-28 -19
-6 2
1 -7
-16 -29
-73 -101
-10 -7
22 0
4 -9
-24 49
-5 -4
4 -3
-22 12
5 2
-15 -8
-1 -4
-34 -40
15 -11
5 -2
-5 -16
97 129
23 15
4 -8
-3 -2
17 15
1 -7
-4 0
-2 9
-2 33
5 -9
-4 4
-3 1
-18 -7
-4 -38
7 -12
-11 0
57 -5
71 49
-5 5
14 0
13 45
-14 20
-19 -12
-3 -1
1 -2
-69 22
4 -3
3 9
-1 37
-8 -17
-14 -9
3 -4
-179 -6
-136 133
-5 -1
-7 12
-6 -5
11 56
3 -1
-7 -15
54 -2
63 19
6 -7
-1 2
-29 -12
9 33
-6 3
1 4
-91 -117
-1 -103
5 0
-22 -7
-7 -43
57 -36
11 5
-2 -6
18 -71
88 12
3 15
-9 -3
1 28
-12 6
-3 9
1 10
24 -66
-85 41
-4 8
-6 1
-15 24
-32 -20
0 1
1 5
-59 29
-94 -32
-4 -8
0 -7
53 0
8 20
-7 5
1 3
34 73
4 6
-4 -6
-12 0
-16 8
-5 -7
9 3
0 4
28 97
-56 -45
4 -2
-1 5
-21 -14
7 15
2 10
-1 3
-247 264
25 113
0 -4
-6 0
-11 -5
7 7
0 0
-6 -9
1 5
-12 0
-2 6
0 -3
-7 9
5 7
0 -5
3 -4
-6 -8
4 -7
2 -3
6 -1
-7 -5
10 -1
-5 3
-2 -6
-13 -4
-2 0
-7 -7
-4 1
-3 8
3 0
0 -4
-1 -1
10 7
-7 -6
3 0
5 -7
3 -1
-13 -1
6 -8
1 7
-7 -2
-1 8
-2 -5
-2 -2
7 -10
-8 -8
8 -6
1 6
0 2
-6 -3
0 -4
3 -2
5 -1
-3 2
-5 -2
0 -1
-6 2
-4 -9
0 3
0 4
-3 -8
3 -4
4 5
-3 1
14 1
-18 -12
-7 0
-6 4
9 -10
2 -8
-5 3
-4 0
6 2
-9 4
-2 -2
-2 -6
0 0
2 -3
0 5
-2 2
-5 -8
-3 1
-2 2
4 -2
0 9
3 -8
3 -1
0 5
-3 3
-8 -10
0 4
0 -4
6 -8
-8 -7
4 -1
1 -1
-2 -1
-8 8
-1 0
-5 8
5 1
-2 -1
0 -4
2 -5
-12 0
4 0
4 4
0 0
-11 1
3 -6
-14 -1
-4 -5
-1 -27
-6 -9
5 -6
-9 8
-7 -10
-11 15
0 3
-4 -2
9 -19
-6 -6
1 -6
2 3
3 2
4 4
-5 1
0 1
13 -43
3 9
2 0
-1 5
-1 6
-4 -3
0 0
0 -1
-1 -12
8 2
0 -6
0 -6
-3 -3
-7 5
5 1
-3 1
-11 4
9 0
-3 -4
0 -4
2 -2
-5 -2
-3 2
-4 -6
6 -6
0 9
-8 11
-1 -7
-1 -1
-5 12
-5 6
0 -7
-5 9
6 -8
-1 -2
-11 0
-3 -5
5 3
-2 2
0 3
7 6
2 -10
0 -2
-6 10
0 0
7 -7
0 0
0 1
-3 -16
-2 1
0 2
1 -5
2 4
5 -9
-3 -2
1 -2
-10 7
4 0
8 -6
-2 -2
-5 4
-12 -14
-2 -5
2 0
-19 -3
9 17
-2 0
2 6
-9 10
-5 0
0 0
-4 -1
-3 -2
2 -1
-7 3
2 -2
-2 6
5 10
-6 5
2 -1
6 21
2 7
0 -2
2 6
-7 -1
-14 6
-3 0
-1 2
4 -5
9 6
-2 -2
3 2
0 4
0 2
-4 2
-2 3
0 0
-8 -1
3 4
4 -3
3 -7
-2 1
0 -6
5 -1
15 -2
-3 0
4 -6
0 0
5 -2
1 -7
5 -8
-3 -1
-1 18
12 -6
-2 -2
-3 -6
2 -8
8 -15
-1 -3
-3 -2
5 14
-2 -1
-2 1
0 3
-5 -3
3 -5
11 -4
-4 -1
1 23
133 60
-2 1
-9 -3
-1 6
0 -11
-5 2
5 2
-5 -6
-1 -3
4 5
-9 -6
1 -9
-8 -6
1 3
-1 -4
-5 7
2 -13
1 -7
-4 8
1 0
1 -1
-1 -2
-7 2
3 -3
-5 1
8 -1
-4 -8
0 1
-7 1
-7 2
5 -1
-6 2
-4 -27
-4 -5
11 -2
-3 1
3 6
1 -1
-3 3
0 1
-1 3
-8 -2
5 8
6 -4
6 4
9 -7
6 -3
-4 9
4 2
2 -3
5 -3
-8 -1
-4 -1
2 1
-8 3
-7 2
-5 -1
-6 0
0 -3
1 -3
2 -2
5 1
-2 1
-1 18
17 46
3 1
-2 -2
-4 -2
3 -8
4 -7
0 -5
-3 8
1 9
2 -4
-1 -4
-11 -1
-10 5
-7 0
-2 0
-2 -8
-3 13
-1 4
-2 -7
11 -10
-12 -3
-3 -5
7 -3
4 -9
-8 -6
-5 -2
1 4
-9 9
2 -2
-5 -6
-5 -1
2 -9
6 7
0 7
-4 1
-2 4
5 6
-4 8
-2 -2
-3 11
9 -2
1 8
-4 1
7 2
4 -9
5 3
-5 2
6 -3
-5 1
-5 -1
1 6
-3 4
9 2
3 5
1 7
-1 6
7 1
2 -2
-2 -2
9 -6
1 -1
-6 -1
-1 -4
-33 -3
24 -16
-1 -5
3 10
9 2
-2 8
4 -3
-8 -1
-3 7
0 -7
-3 0
-2 5
5 1
4 0
-6 -3
2 3
1 -8
-12 -9
1 8
-1 11
2 14
11 -2
-6 2
-3 0
-4 -2
9 0
3 -3
0 0
-2 -3
-11 -4
9 -7
-3 -3
-19 -14
19 -16
0 2
-2 -3
0 -6
-4 -10
-1 -4
-5 -1
0 -10
-1 2
1 -7
4 -4
-11 0
-1 9
-3 -11
-5 0
0 0
1 0
-7 1
-3 -4
0 -13
-7 -1
2 8
3 1
4 1
-2 -2
-7 -1
7 5
-2 4
7 -5
0 -12
-4 -2
-15 -18
-42 12
-5 -1
-11 2
-8 10
-6 -3
1 2
3 -8
8 -3
-11 0
1 1
-5 1
-2 4
2 -7
6 5
2 -3
3 0
-5 0
-2 -12
3 5
2 4
1 -1
-1 -1
-1 -3
-2 -5
1 -1
4 -7
-3 -3
0 -2
0 9
-21 8
3 -4
16 15
3 -1
1 0
0 -10
5 -6
-11 -1
-4 -3
1 5
-3 -1
3 2
-3 7
-1 7
-2 -3
6 -2
0 -2
3 2
10 2
-7 -6
1 1
2 -10
-4 0
-5 8
-2 -3
-4 1
0 -3
-3 7
-4 8
-2 -4
-2 1
-3 -8
1 0
0 7
-5 4
368 295
-1 0
11 -11
15 8
-7 -7
-5 -5
-1 3
68 -15
13 86
0 -3
2 4
-5 20
-18 8
4 -18
-10 -8
15 2
-79 43
16 -2
8 0
-5 22
39 -19
3 -2
0 3
52 -10
-31 -48
-3 -1
-4 5
-25 -34
-2 -24
0 -4
0 6
-35 -73
2 12
0 4
0 0
2 0
-12 7
-7 -3
-5 -3
-67 16
-21 -8
-11 -1
0 -6
1 -7
-13 7
-11 9
-5 -7
-27 -6
42 -50
7 2
0 5
-2 -3
-5 23
0 -2
-1 -7
-19 38
32 23
-2 0
-6 10
-13 25
3 -5
16 -20
1 3
62 -146
-144 48
1 0
-8 2
-3 3
23 -43
-5 6
8 -6
-58 61
43 16
5 -4
0 -1
-6 0
16 -17
0 5
4 0
-61 4
12 -56
-21 -8
-6 -8
-23 -4
-7 4
-8 2
8 2
-34 34
-15 -63
-1 -7
1 -15
7 35
2 14
-4 4
0 0
-57 -33
-70 -17
-7 -5
0 -1
15 -20
-27 10
6 0
-12 0
25 -79
-16 65
6 4
0 2
27 6
-10 10
0 -7
0 -3
81 -4
5 -30
0 6
-6 -6
13 -24
26 -15
-2 5
3 9
60 -30
-5 21
4 0
0 -9
5 -31
-5 0
-34 5
-3 -10
-187 187
-225 -222
3 3
-5 0
-1 25
-31 -24
-6 -4
0 -12
-50 -29
-21 -110
-5 0
-10 -6
-14 2
6 -13
-3 -6
-2 1
-26 -10
-8 57
2 -9
-8 4
-6 2
-15 15
2 -6
3 -9
-35 -13
32 23
8 -11
0 -10
7 24
7 -12
13 8
0 11
-41 51
95 20
5 2
-1 0
-11 -4
36 9
6 -2
-10 -8
58 50
18 23
-1 3
-17 -1
-21 -39
12 -41
18 7
1 2
102 -11
-49 58
-15 0
0 3
0 -17
-41 16
-1 -3
-4 -3
-2 -18
-9 11
6 2
0 -3
42 3
13 6
-14 -14
0 -5
0 65
7 12
-2 -1
-1 -4
17 -15
-35 -11
-3 4
2 4
13 -10
9 -60
0 -10
11 0
-2 21
-26 56
-8 -8
-3 -9
-21 -33
7 18
-2 5
-4 -12
16 10
9 -16
-2 3
11 3
-8 -32
12 -38
-12 0
-6 2
-81 -31
-10 9
3 -9
-1 -1
98 16
71 -73
-8 -1
5 -4
2 -13
-9 17
-1 0
-10 10
7 10
-15 37
1 6
11 4
41 -1
-6 3
-18 -8
-4 -9
-79 95
-19 33
16 -1
6 4
2 3
37 -44
5 0
2 -1
1 26
18 28
-1 -7
1 7
18 -7
-10 -2
-5 2
-1 -9
-66 -49
151 -140
-4 6
-6 -8
2 -1
6 -15
1 -6
-4 -11
3 -10
27 -13
-6 4
0 -7
-1 1
-16 10
-8 -5
2 1
-11 -26
5 -31
-5 -1
-2 -3
-12 4
-23 15
2 -7
-4 -9
41 -39
-12 -3
-4 -6
-7 -1
19 26
-10 1
7 3
11 3
-16 16
76 -32
3 6
-5 12
10 -6
27 -2
-2 4
-3 -1
-26 5
-15 21
1 -7
3 5
0 -10
15 -18
7 -5
1 -3
-11 -13
-40 -19
-3 4
-2 -9
1 -7
4 -8
6 -2
2 0
-20 36
-17 -13
-1 -6
3 1
-23 -1
9 -3
-13 -6
-1 2
-4 -39
-45 14
2 -5
2 1
-6 4
-14 -21
3 4
0 4
-9 17
-8 -14
-4 -4
-5 -3
-4 0
-10 11
-2 -7
-3 -3
9 -34
-45 -41
5 -3
3 5
4 1
-7 -12
-11 -4
-6 0
-24 6
-5 -17
2 9
-2 -4
-16 -11
0 -10
2 1
-9 -5
66 3
-5 -44
-8 -2
-3 -9
-5 -4
9 18
-10 0
7 4
21 -21
21 15
3 7
0 -3
-6 -17
1 14
-8 2
-8 -3
25 -7
-1 -3
2 -5
0 8
-3 13
7 -3
3 14
-6 4
-1 18
19 16
-6 -1
-4 6
10 -5
-1 -5
-4 -1
2 -9
67 8
30 -4
4 6
-12 5
4 0
-1 13
-3 2
2 -6
12 2
-19 -3
1 -7
-1 4
7 11
-4 -1
-7 -3
-2 7
-20 21
41 65
-9 3
3 2
-12 3
3 -2
-12 -11
2 0
12 9
-4 18
1 7
3 -6
11 -2
5 9
-9 3
-4 0
0 -48
4 -32
-9 1
10 -9
-8 2
-2 -15
-8 13
-2 13
-11 7
-10 -14
2 -12
-7 -8
-5 -9
-2 -3
4 -9
-6 3
-11 -16
12 36
-5 -4
-1 8
-2 -5
15 16
-14 3
0 8
7 -20
11 -5
2 1
-3 -7
-17 10
-4 -4
-6 -7
-11 -2
-28 -26
-46 61
1 -2
-10 2
3 -2
-19 5
7 -11
-1 -3
14 -1
-29 -1
-2 7
6 3
2 -14
7 8
-6 -4
0 -10
6 34
16 -24
14 -6
-5 -9
7 0
-9 3
13 7
-6 -8
-3 -23
-3 23
-6 -7
0 11
12 4
-7 -7
3 -6
2 -3
-40 8
-10 71
2 -4
-7 6
2 -3
-3 -25
4 -1
-3 -11
-31 20
12 -6
-4 4
-1 -1
-18 0
4 -5
2 7
7 1
-16 39
21 -1
-7 9
-2 -8
2 -1
-19 -13
10 3
2 -5
22 -2
1 3
-2 -9
-3 3
5 -6
13 -1
0 4
0 -6
-62 200
-21 191
-2 2
-1 -4
-1 -2
0 6
0 0
-5 0
-33 2
0 10
-5 2
-2 -5
-3 -3
0 -3
0 -8
0 -4
47 4
10 8
2 1
5 -10
1 -9
-1 -11
2 -1
1 -5
1 0
9 6
1 -3
1 8
-9 1
-6 0
-2 -1
3 1
12 15
-57 3
-3 -6
2 8
-9 5
-1 1
-5 1
1 -1
2 -24
12 -33
-2 -2
13 -3
1 0
-3 5
2 -2
4 9
9 -6
-34 -6
-5 0
-3 3
15 -7
4 1
-2 -2
-8 -6
-21 -2
-2 3
10 -1
-1 11
19 -4
0 -6
-2 4
-7 0
115 -43
71 101
-2 0
-4 0
15 -10
1 -1
-4 1
2 9
5 -21
-24 -11
-1 2
-8 -4
-3 -5
-1 -5
-4 6
-2 -7
10 -1
-12 42
-1 -5
5 7
-5 -3
0 7
-4 4
-4 12
8 -8
-15 7
-15 3
-1 -23
10 2
0 -4
2 -7
0 -3
-63 -8
-19 -14
3 3
-8 -6
1 4
4 7
3 -7
0 -5
-5 4
33 -4
3 -1
-16 9
-4 4
5 0
0 0
-6 -5
11 -31
-7 -3
7 -6
1 -2
-19 5
1 -5
0 -3
1 3
-16 12
3 -10
0 -5
7 -7
-5 4
0 2
-11 1
4 0
-117 74
32 -110
3 3
-9 0
5 3
-4 5
-6 7
2 8
19 6
4 14
-2 -1
17 -12
-16 8
-1 -9
3 -5
5 8
-4 -2
44 8
-7 7
-8 -1
4 -2
0 -2
-1 -3
2 -4
8 -12
-15 0
5 1
-11 11
-12 18
9 3
2 6
-2 -3
-25 18
-7 -20
-5 -6
6 -1
1 -3
-1 -6
1 -4
-1 -9
-6 4
-5 15
17 -1
0 7
13 8
-2 -12
-1 2
-4 -7
-22 18
13 -36
0 -10
2 -4
2 0
0 14
0 -2
-2 -2
-9 18
14 -20
0 0
4 -14
-3 -15
0 2
-11 -6
-6 -4
49 11
-8 36
2 -2
-2 8
-3 -5
-12 -12
3 -1
-4 -1
7 5
-25 11
-12 -3
-4 -3
4 -4
7 8
0 -2
-1 1
-38 0
-8 -7
5 -2
16 0
-5 -12
3 4
4 0
0 5
0 -3
0 -14
-7 -3
4 1
6 1
-5 -9
3 -1
-1 -1
24 -34
20 -40
3 0
-4 -6
2 6
1 0
-3 0
-2 -1
-24 5
-2 6
-9 1
0 -9
-2 -18
-13 4
-4 -7
1 8
32 -3
28 3
-1 4
-24 6
3 -3
-5 -15
-4 6
-1 -11
0 -6
-8 13
3 -8
-6 3
12 -4
5 -8
4 5
1 2
-86 -59
57 90
0 2
0 -2
8 -3
3 4
3 3
-5 -2
4 -4
9 -8
-2 2
1 1
-3 -6
-2 -1
4 -3
2 -2
13 -7
-34 -5
0 -4
10 -2
-4 -1
-12 -9
1 -3
0 0
-7 10
11 -10
0 -3
3 -1
-5 -2
-1 -2
7 1
1 2
9 -20
-2 -22
-3 0
-7 3
-2 7
5 8
-4 1
0 -2
9 -2
-12 0
-3 1
-7 -3
0 4
-5 4
-1 -4
2 -3
3 -10
6 0
2 -1
-4 2
-3 -1
6 -4
-2 1
-5 -1
-12 1
14 -4
-3 -5
-1 -7
-5 -4
-5 -4
-11 -4
3 -5
2 8
21 -43
-1 -1
-2 -8
-3 -4
2 11
1 -6
-1 -3
1 -9
11 -21
3 -3
-1 5
-2 -4
7 4
2 1
-3 -2
3 -7
16 -15
-2 3
-8 0
-3 -8
-2 -5
7 -1
4 -4
11 5
10 0
3 -1
-6 3
-15 -7
0 -1
5 2
-5 -3
-34 8
1 3
1 0
4 -2
1 2
-19 1
-6 2
-3 -1
-3 -10
11 -14
-2 2
2 -3
1 18
-4 -1
-7 0
0 3
-17 -6
-8 -2
-4 -5
-2 -6
4 6
6 -3
-7 0
-2 4
10 14
9 8
-6 0
0 7
-4 -14
-4 3
-3 -1
-7 2
29 21
-2 32
-3 3
-1 -2
-8 -1
-4 -13
-5 1
-2 6
-11 4
-1 -6
-4 -3
-5 -9
1 4
2 -1
-3 -6
-3 -1
-7 -8
-15 -3
-1 -1
-8 -6
-1 6
1 0
-4 0
-5 -2
-1 0
-11 4
1 1
-3 -4
5 -4
9 -2
-8 -11
0 0
10 12
49 -7
4 -2
4 6
1 -8
1 4
-3 -5
-1 -2
-8 -3
-6 10
0 -4
4 1
3 -7
-3 -4
-2 8
-2 2
9 19
-13 -6
0 2
1 0
3 -4
-12 9
-3 -2
0 0
-11 -17
-12 -5
2 5
2 -1
10 15
-6 8
5 6
-2 -2
-19 -22
-27 37
-5 2
-6 2
-5 -5
0 -17
4 -2
-1 -4
3 7
-10 24
-1 3
-6 -5
-3 -10
1 -5
1 -1
3 -1
-9 16
26 5
-2 -2
-5 -2
-2 -6
6 -2
2 0
-2 -1
-3 -7
-15 10
-5 -7
-4 -1
8 2
-1 3
1 -5
-2 2
22 1
-20 19
-3 -2
-1 -2
5 2
10 5
-1 6
2 3
3 -6
-3 -3
-2 2
-5 3
-3 -3
-6 -3
-1 -3
-3 -6
-3 -10
-15 17
0 -3
9 11
-6 1
-12 -2
-5 0
0 2
-9 9
-12 -11
-4 -2
0 -4
-2 6
5 -9
-3 4
1 -4
-18 -22
-2005 -952
9 -23
56 34
34 3
-18 0
-1 -20
26 -17
-148 1
-98 -266
-8 10
-62 2
98 12
29 -36
-19 8
-5 14
-75 81
-164 107
-12 17
-19 26
64 27
-79 12
16 -3
-2 16
-47 80
-246 -66
-13 -20
2 -6
-42 10
48 35
-28 9
-3 2
-22 -198
-37 156
-1 -3
5 -53
-15 1
-51 -20
-8 12
-17 3
6 -177
56 -44
10 -12
36 1
-12 -50
18 -5
46 -3
-13 -13
-5 54
161 52
-9 -20
58 -5
-83 -25
3 37
0 -12
10 -15
-152 142
-15 -43
8 33
-15 9
-23 11
-57 -53
17 -3
-21 8
-80 -101
-415 544
6 -24
54 21
-67 6
-51 44
-21 -13
0 -23
-59 107
-40 27
2 21
-27 25
0 11
-94 -125
10 0
-21 9
39 -21
-113 45
4 -19
44 -8
10 -51
66 -56
7 -4
11 -7
-52 -73
-1 -53
-21 4
-31 0
92 23
9 -63
-52 27
7 2
177 19
227 -323
-3 22
-97 0
22 0
88 -45
-1 8
-18 7
208 37
267 181
-1 -20
25 -28
-38 -31
24 85
10 -30
23 -18
-133 101
4 141
18 0
0 -29
-45 38
-16 118
-27 7
11 -13
247 -214
115 33
22 0
5 7
104 -25
-65 27
27 -36
1 15
-361 695
-353 501
10 -25
73 58
-14 16
-60 -29
-7 -23
15 -15
-74 -25
-200 -71
9 21
-43 24
72 13
-20 -105
-9 24
-19 11
68 -208
86 -111
-8 -4
0 26
24 -20
73 -125
17 -3
5 -1
-97 121
-42 -36
-31 -11
-8 -1
-65 41
-12 -11
-50 14
-6 -8
15 -112
49 -101
-4 4
-63 0
-20 47
-9 36
-2 3
-32 2
95 -52
33 26
4 -10
38 -13
-74 -32
1 71
13 -8
-2 -2
48 -158
138 -100
12 -24
20 -25
-17 -45
62 86
-16 0
22 -12
-3 -86
223 -40
21 22
-19 15
34 -158
-28 -53
47 0
0 1
-51 404
266 129
1 -24
52 -73
-27 6
-10 42
-23 0
2 -18
-36 14
117 2
1 -6
2 17
0 -52
3 -89
32 -19
-10 -9
-169 298
-139 246
0 -18
66 -4
-61 -15
-52 38
3 -13
11 -13
-210 45
-185 -89
0 19
-23 13
89 8
-23 -69
-16 9
-17 26
184 -253
-140 -96
-5 34
-40 9
57 -28
-43 -14
15 0
-5 29
166 -49
-3 73
2 -30
18 -24
16 30
64 84
5 -24
29 -16
-149 165
51 64
-14 17
-37 -24
11 90
-29 43
-16 -5
-6 1
185 -39
20 72
11 -12
26 -10
-53 138
-43 51
11 -37
-3 3
315 1005
-2007 949
8 20
34 -8
55 -38
-151 -5
25 14
-2 17
-20 -4
-78 -86
-7 -19
-20 -12
28 33
97 -18
-64 -6
-11 -16
-100 263
-25 194
-5 -7
-30 -14
47 -39
-44 -15
1 2
-16 16
-248 63
-50 -85
-5 -21
16 0
-81 -17
63 -32
-21 -31
-13 -22
-168 -112
-82 98
-23 -13
16 0
-59 51
-25 -16
-17 -14
7 -39
-18 40
-155 -147
9 12
-1 9
2 -42
-86 21
57 2
-12 16
160 -57
-7 -59
-15 10
46 0
17 1
-14 47
36 -6
9 9
55 41
5 175
-19 -8
-9 -17
-53 17
-17 -7
4 50
-3 0
-38 -160
-364 -700
-1 -20
26 33
-68 -32
103 21
5 -12
21 -4
114 -38
246 211
10 9
-30 -12
-18 -123
-48 -43
-1 26
17 -3
3 -146
-136 -105
23 15
9 27
23 -91
-40 28
24 24
-3 17
266 -187
208 -42
-20 -12
-3 -13
87 41
22 -4
-99 -5
-5 -27
227 321
177 -24
6 -6
-54 -31
9 60
92 -29
-34 -5
-24 -9
-4 51
-54 70
11 4
7 1
66 53
9 48
44 5
3 16
-115 -50
38 18
-23 -14
9 -5
-97 122
-3 -16
-30 -30
2 -26
-42 -32
-61 -113
-1 20
-23 10
-53 -48
-69 -11
53 -26
6 21
-418 -549
314 -1010
-5 -9
11 33
-45 -55
-56 -143
26 7
11 9
19 -77
184 36
-8 -5
-18 1
-32 -48
10 -94
-39 21
-16 -22
50 -69
-153 -170
28 13
4 21
64 -88
15 -35
18 21
1 28
-5 -77
165 46
-8 -34
14 -4
-46 10
56 25
-43 -13
-8 -38
-143 93
183 250
-19 -31
-19 -14
-25 65
89 -13
-25 -18
-2 -24
-187 86
-212 -50
10 9
2 10
-54 -44
-63 11
66 1
0 16
-142 -252
-172 -303
-13 6
31 15
3 86
-2 50
0 -21
0 2
116 -7
-39 -19
1 15
-25 -5
-13 -47
-30 -10
52 69
0 21
265 -134
-54 -409
-1 -4
46 -4
-31 50
34 155
-21 -20
20 -27
222 37
-5 84
22 9
-18 -4
62 -91
-19 42
20 23
12 22
137 97
48 155
-4 -1
12 5
0 -76
-77 29
37 9
4 7
32 -30
95 49
-34 -6
-4 -8
-12 -40
-24 -52
-65 -3
-6 -8
48 98
14 110
-8 6
-53 -18
-14 9
-68 -46
-11 -3
-33 7
-45 33
-99 -126
3 -2
16 -1
72 122
23 16
-2 -32
-10 1
85 108
67 204
-21 -16
-11 -29
-22 102
71 -18
-45 -29
9 -25
-202 68
-76 22
14 13
-10 21
-63 26
-16 -21
73 -63
10 22
-355 -507
57 -91
0 -3
9 0
0 0
3 2
-4 0
3 -3
3 -5
13 4
2 0
4 2
-1 0
-2 3
1 -2
-1 -4
9 6
8 18
1 -4
7 -4
0 0
-4 0
3 -1
0 1
11 9
-7 -11
0 -1
1 2
-11 6
-2 0
9 0
0 1
-34 2
1 -9
3 3
-10 2
-4 2
-5 1
0 5
-1 2
13 2
-13 -2
-4 0
-1 -2
6 2
-3 0
-3 -3
1 0
6 -2
3 8
2 1
0 2
-3 -5
0 -5
-5 1
-2 -2
-10 -1
9 1
0 0
-3 -2
5 -8
-1 -9
-6 -3
-2 -1
-1 20
29 -22
-6 -4
-2 0
-4 -4
-3 13
1 -8
-4 -1
9 -9
10 -15
0 -6
-7 -2
5 1
3 -8
-1 4
-3 4
-7 0
-17 4
1 -3
-6 -1
-2 -1
0 -18
3 1
-1 -3
11 11
-2 7
-2 0
-5 -4
-18 -2
2 -4
4 0
0 -2
1 -3
-33 -9
-4 2
5 -3
0 0
-14 4
-6 -4
2 -1
10 -1
11 -6
4 2
7 0
0 3
-2 6
-7 -1
-1 -3
15 12
3 6
-3 0
2 -3
6 -5
-2 2
-2 -7
4 1
11 18
1 6
0 1
1 4
2 -12
-2 1
0 5
0 0
20 41
-17 19
0 1
-2 -5
5 7
-3 -8
1 2
-3 1
-11 8
-7 -10
0 -3
-4 -2
-11 0
-5 -2
8 -11
0 1
-13 -18
-3 8
-1 5
0 1
-4 1
-2 1
-3 -4
-1 -2
-2 1
3 5
1 -4
0 -7
9 -6
5 -3
-1 0
-3 0
-20 -19
22 -2
-1 -3
0 2
0 -4
8 -4
-3 0
-4 5
-14 -10
-2 5
-1 0
3 -1
6 0
-1 4
-3 0
-1 0
25 -7
-8 -18
2 0
1 0
1 4
-3 9
-6 3
0 -4
-8 -27
2 -8
0 2
4 0
0 14
-4 4
-4 -3
-4 -2
-26 -38
-19 20
-1 1
5 -7
-6 -8
10 -16
1 -1
2 -6
-11 2
-10 16
1 -1
-2 0
-10 -10
3 2
2 -1
0 -2
-11 4
9 -20
-1 -2
-1 -9
-2 2
1 5
5 -2
1 3
-4 -11
-7 2
-1 0
-2 3
0 -5
0 6
4 -7
4 0
49 6
10 -12
0 0
-7 8
8 1
4 1
-2 2
0 -2
-12 -5
0 -2
-4 1
-3 -1
1 -1
-1 -7
-7 3
-1 0
-14 2
-6 6
-3 0
-2 3
2 0
1 -5
-5 6
-3 0
-1 5
-10 -5
-1 -6
-5 -1
-4 12
-8 -1
0 0
-1 -3
-2 -34
-21 -192
-2 -4
-2 1
0 3
-33 -4
-5 -3
0 -2
0 -8
47 -7
-1 3
1 7
0 1
-3 2
-2 4
-6 -3
1 -12
13 -16
3 -3
-3 -1
-7 -2
-11 -3
2 -10
2 3
9 -7
1 -3
2 4
3 0
-1 10
2 9
5 8
3 -3
10 -11
115 42
-8 0
-3 -5
0 5
20 2
-2 -12
10 0
-3 -5
-21 1
-8 6
-2 1
4 -3
15 6
-4 -6
-5 0
-34 5
9 5
5 -10
2 1
-4 -7
1 -2
13 2
-2 1
13 32
3 24
1 0
-5 -4
-2 -2
-10 -7
2 -10
-4 6
-58 -5
-117 -76
5 -2
-11 -3
0 -5
-6 -6
8 6
1 4
3 10
-16 -13
3 -5
-1 1
1 4
-19 -7
1 2
8 6
-7 1
11 29
-6 4
1 0
6 -2
-4 -6
-16 -10
4 0
33 3
-6 -7
1 4
3 6
4 -9
2 -5
-8 4
3 -5
-19 13
-63 7
1 2
3 5
0 3
11 -5
-1 22
-16 -5
-15 -9
8 7
-4 -13
-4 -6
1 -8
-5 2
5 -9
-2 4
-12 -44
10 -1
-3 5
-4 -7
-1 4
-4 4
-9 2
-1 -4
-24 10
5 20
2 -10
-4 -3
2 0
16 8
-4 -2
-3 -1
71 -103
-86 58
1 -4
4 -7
6 7
11 3
-5 -5
3 8
-8 -15
-1 5
-2 10
-5 -8
-6 14
4 2
-24 -7
-2 -6
28 -5
32 2
2 -10
-4 7
-13 -6
-2 16
0 8
-10 -2
-3 -8
-25 -7
-2 0
-4 -1
2 -2
2 -8
-4 5
3 -2
19 40
26 33
-2 -1
2 0
-6 8
6 -2
4 -4
-8 1
0 14
-1 2
1 -6
5 -1
3 -6
-6 12
17 -2
6 1
-9 5
-38 0
-1 -3
0 1
7 -10
4 3
-5 2
-12 2
-25 -13
6 -7
-4 0
3 0
-12 10
-4 5
-2 -9
2 1
-8 -38
50 -14
-6 4
-11 6
0 -3
-3 15
4 13
1 -3
15 19
-9 -20
-2 1
0 1
0 -16
2 -1
3 4
1 9
13 35
-21 -20
-3 6
-1 -5
-3 11
13 -10
1 -9
17 0
-5 -16
-6 -6
-2 8
1 3
-1 5
1 2
7 0
-5 5
-7 19
-24 -20
-3 3
3 -7
9 -4
-13 -20
-12 -13
6 -4
-15 -2
8 11
2 4
-2 2
0 1
5 1
-8 0
-7 -9
44 -9
-5 2
5 -10
4 3
-1 9
-16 -9
16 11
-2 0
4 -16
19 -8
3 -9
-7 -8
-5 -7
5 -5
-10 -2
2 -4
31 108
151 138
-3 -8
1 -1
-5 5
3 8
-3 8
0 4
6 12
-10 23
1 -3
-6 2
-15 -12
0 -3
0 4
-5 -5
26 10
-16 -17
10 -6
6 -5
-10 -3
18 -27
-6 0
-2 3
-11 1
41 36
-3 6
2 4
-22 -17
-10 -5
-2 0
-4 -1
4 28
-4 37
0 -3
-13 4
8 0
-23 -1
2 -3
0 2
-16 10
-19 -37
2 -1
6 0
4 4
0 5
-1 6
-1 -5
-39 16
-10 10
1 1
6 2
15 15
0 7
3 -6
1 4
-14 -23
-26 -6
-2 -1
-1 -6
26 0
10 3
-4 -13
2 -7
75 30
67 -10
2 6
-3 -1
0 2
10 2
-3 -7
-5 -1
19 -18
0 -19
-4 -6
2 -16
6 1
-2 -15
0 -9
2 3
0 0
23 4
-6 0
-6 -3
1 -16
-5 14
0 1
3 -9
21 -17
21 17
7 -6
-10 -2
9 -20
-4 2
-2 5
-8 0
-4 42
66 -5
-7 2
2 -3
0 7
-14 8
-1 1
1 -10
-4 14
-23 -7
-5 -1
-10 2
-5 10
4 -3
3 -7
5 1
-43 38
9 31
-2 0
0 5
-8 -13
-3 -2
-5 0
-3 1
-7 12
-9 -19
0 -5
3 -6
-13 18
-6 -7
2 -3
1 2
-45 -16
-61 -202
0 3
0 -5
13 -1
4 4
-1 -4
-1 7
1 -5
22 0
1 2
9 -4
-18 10
2 -1
-1 6
-6 -11
21 -1
-16 -41
8 -3
2 -8
5 3
-16 -2
0 0
-4 -5
12 3
-30 -22
-2 8
3 0
-2 22
1 1
-6 -8
1 1
-10 -71
-38 -10
1 0
2 4
-6 5
12 -5
0 -13
-5 3
-3 -24
-3 21
-4 5
13 -9
-8 -5
6 -2
-4 6
14 4
15 20
6 -35
0 7
-5 1
7 -9
1 11
5 -5
-1 -8
-29 -1
13 0
0 0
7 8
-19 -7
3 0
-9 -3
1 0
-44 -62
-27 22
-10 0
-5 5
-3 2
-15 -11
-3 4
2 -3
11 3
7 18
1 -8
-13 -4
16 -17
-1 2
0 -9
-4 2
12 -38
-9 14
-5 -5
4 5
-1 0
-5 7
-5 4
1 9
-9 11
-9 -8
-1 -14
-7 -15
-1 11
-7 -4
9 7
-8 -3
5 30
1 46
-4 -1
-9 -5
4 -9
10 0
3 3
0 -9
-4 -19
11 -12
1 -1
-11 9
2 0
-11 -4
4 -4
-8 -5
41 -65
-19 -22
-1 -9
-6 0
-3 0
8 -12
0 -6
1 4
-18 1
11 -4
1 3
-3 -2
-1 -14
4 -1
-11 -6
3 -7
29 1
369 -298
-2 -2
15 -11
12 10
68 13
-1 -5
-6 4
-8 5
16 -5
-11 7
4 16
-19 -11
-6 -23
2 -6
-1 1
13 -88
-36 71
0 -9
0 2
-2 22
-26 33
-4 -7
-4 0
-31 46
53 9
0 -5
3 0
39 17
-6 -25
8 -3
17 1
-79 -46
63 145
2 -6
16 19
3 3
-14 -27
-7 -12
-3 -4
32 -25
-19 -41
-3 6
1 0
-6 -26
-3 1
0 -8
8 -6
43 49
-28 4
-6 6
-12 -12
-13 -10
1 6
1 4
-12 0
-22 6
-68 -18
-6 2
-7 1
-13 -10
2 -3
-1 -2
-2 -7
3 -15
-188 -190
-4 8
-35 -8
-6 -3
6 29
-1 8
4 -2
-6 -25
60 28
4 -12
-1 -9
26 13
13 23
-7 5
-2 -9
5 29
81 2
-1 2
0 5
-10 -13
28 -9
0 -4
7 -6
-17 -68
26 77
-12 -1
6 -2
-28 -13
16 19
0 -1
-8 3
-71 16
-58 31
0 -2
-5 -6
3 -16
7 -38
2 14
-2 5
-16 61
-35 -37
9 -4
-9 -4
-8 -7
-24 3
-6 6
-23 7
13 55
-61 -6
5 -2
0 -8
17 15
-7 -1
0 0
6 2
43 -19
-58 -64
9 5
-5 -8
23 42
-4 -6
-9 -5
1 -2
-145 -51
-67 48
-1 8
-6 -5
-11 1
18 6
1 -10
-2 6
19 -31
1 -29
2 -1
6 -2
38 42
2 -6
7 -7
17 -1
-19 -35
-80 -98
-5 8
-19 6
-7 -5
41 0
11 -6
1 -9
-15 -40
8 -12
-11 -12
-2 -1
-10 -21
2 12
5 3
-9 -1
72 71
98 -20
-2 0
2 7
-11 -12
-82 30
-6 -4
-13 -2
12 37
-10 31
11 -5
-3 -5
10 14
16 -13
-4 10
-2 -7
7 -21
-22 31
-3 7
-9 7
-27 -59
-3 -24
12 -3
0 9
9 58
13 9
3 -6
-4 -6
-36 9
17 14
-2 3
-2 -1
8 -15
0 -68
-1 3
-15 12
13 -9
43 -5
0 0
6 -5
-10 -14
-2 16
-5 1
-1 0
-42 -19
0 16
-1 -6
-16 -2
-50 -61
103 10
1 -4
19 -9
13 39
-21 37
-18 0
-2 -5
18 -26
59 -52
-11 7
6 0
37 -11
-12 3
-2 -2
5 -4
95 -23
-42 -53
-2 -14
14 -11
8 11
7 -27
0 9
8 9
32 -27
-35 12
2 8
2 4
-15 -18
-8 -5
-9 -7
3 7
-9 -59
-26 8
-4 -4
-4 4
6 11
-15 -5
-11 5
-6 -1
-21 108
-51 27
0 10
-6 2
-32 22
-1 -29
-6 -2
3 -6
-225 221
133 -61
-1 -2
-1 -7
-8 2
-5 4
5 -3
-4 -2
0 9
-3 -7
-1 3
1 -4
-8 4
1 7
-8 6
3 -6
0 1
-5 -3
5 -1
-7 -3
-6 -2
0 -1
-4 6
8 0
-4 -2
3 2
-7 -2
-1 0
0 0
1 -1
-3 -8
1 6
2 12
0 -19
-1 -3
4 -1
1 0
1 1
0 1
-5 -2
-4 0
-7 -3
-8 -3
2 -2
-3 0
-8 0
6 2
2 1
4 -2
-3 -9
6 2
8 5
6 -5
5 3
5 -9
-7 0
0 -4
0 -2
-2 -3
1 0
2 -7
-2 -3
11 0
-4 3
-3 26
-32 1
-1 3
-6 0
0 0
10 4
-2 1
2 0
6 -2
-1 -6
1 -8
3 -6
8 -2
-2 -4
0 -6
-5 0
-4 -1
5 1
-5 -2
5 -4
4 7
7 -3
-4 -2
0 -8
8 0
-1 -12
-1 1
-4 -8
5 -7
-1 -4
-4 -2
0 -8
5 -7
2 7
-4 0
-5 5
2 1
-8 -10
1 -5
-5 1
-8 4
3 7
7 3
-2 4
-11 1
10 8
-1 6
-1 -4
-1 -14
-1 7
-1 -1
-7 0
-9 -6
-10 0
-1 3
2 1
0 -10
-2 -9
0 4
4 5
2 6
-4 0
-1 0
2 -2
17 -48
-4 -4
0 -7
1 -1
-2 6
-2 -1
-1 2
-3 -8
-2 -8
0 1
-4 -1
-1 1
-4 -8
-4 -1
3 8
1 -2
-6 4
9 -3
2 -3
0 1
6 1
-1 2
0 -7
-3 -8
2 -3
-2 0
1 -5
-3 2
-10 0
4 5
0 9
0 -1
3 0
17 -16
3 2
-21 -9
0 -10
0 1
-3 2
3 6
1 0
-2 3
0 2
0 0
1 0
2 -4
2 -6
-1 11
-5 -1
2 -1
2 1
5 -5
1 5
-1 -6
-4 -2
1 -1
-11 0
7 1
3 7
0 -2
-5 1
-7 -9
-10 -2
-4 0
-40 -13
-15 16
-3 1
0 10
7 3
0 -4
7 -6
-6 0
-2 0
3 -2
2 -2
2 -10
-6 0
0 12
-3 2
-6 -2
0 -1
0 0
-4 0
-2 9
0 -9
-11 -1
4 3
1 6
0 -2
0 9
-5 0
0 2
-2 9
0 5
-1 1
1 -2
18 14
-19 13
-3 1
9 4
-10 3
-1 1
0 -1
3 1
8 -1
-3 1
-3 -1
-6 -3
11 1
1 -14
-1 -12
1 -9
-11 7
0 6
1 -3
-6 1
3 -1
4 -2
-1 -6
-3 -1
0 6
-2 -8
-6 0
3 1
-1 -9
9 -3
3 -11
-1 3
24 14
25 -116
1 2
-11 4
-7 -2
1 -8
-7 8
1 -1
8 -9
-6 7
4 3
-1 4
6 -9
-8 -10
1 2
-2 -8
-12 -2
10 -10
0 0
0 2
3 -2
-4 -10
-4 -4
-7 6
-3 -1
-14 3
-3 4
-5 -5
9 -1
-8 4
6 0
2 1
4 7
14 -3
-4 -3
4 -7
3 2
-3 8
0 -5
-1 -4
-5 8
-6 -4
1 1
-5 1
-3 -3
4 0
3 1
-1 3
-6 2
0 -4
2 -7
10 5
-7 8
7 9
-3 1
-2 4
-1 -10
-7 1
2 -8
6 6
-14 -1
2 -1
4 6
3 -2
-9 5
13 42
0 -3
-5 -3
4 -6
3 -3
2 -5
1 5
-7 5
9 18
-5 1
0 -4
-12 -18
-8 9
-10 -10
5 5
-6 9
-2 26
-4 5
-14 0
3 4
-12 -4
-1 -1
3 -6
5 -1
-12 -1
3 4
0 3
-2 0
5 -2
-6 -10
-2 0
-8 -10
-3 1
0 0
4 0
-9 6
6 8
-1 3
0 -6
-9 9
-4 -5
0 -6
3 -1
4 7
1 -11
4 1
-2 -3
-4 -3
-6 8
-3 -5
0 -6
1 1
0 -2
-2 5
-3 0
-10 -6
7 -4
-4 -1
-5 -5
3 7
8 8
-6 -5
-7 -2
-18 10
1 -25
-5 1
12 4
3 4
-6 1
0 -4
-3 -3
-2 0
5 -16
-3 1
-1 2
8 14
3 7
-3 5
-3 0
13 5
-2 -20
-3 0
5 7
1 6
6 1
0 -2
3 5
-4 -1
15 2
5 1
1 6
-2 -3
4 6
5 2
3 -6
-9 0
0 -3
-3 -4
-5 -3
0 -3
0 -5
3 -4
-3 1
9 -8
4 4
-1 -4
-4 -1
-15 -9
-8 0
3 -8
0 1
1 -9
7 -23
1 1
-7 -7
5 -12
-2 -8
1 2
-8 -5
1 0
-4 1
-4 0
-1 -1
-6 -1
-10 -11
2 -7
-2 -1
10 -19
-19 2
3 -2
-2 3
-13 13
-5 -5
-3 2
8 4
4 -2
-11 -9
1 1
-4 0
6 9
2 -5
1 4
0 -3
-2 -3
-3 15
0 -3
0 -1
7 6
-1 -2
-6 -12
-1 2
2 9
7 -8
-1 -4
-3 -4
5 -6
-4 4
-11 -2
-2 0
6 7
-7 -11
0 6
-6 -7
-6 -13
-1 0
-1 5
-8 -13
0 -11
7 5
-5 4
-3 -4
-5 1
1 1
0 3
-4 2
9 -2
-11 -7
-3 -3
5 -2
-7 -7
-4 2
0 5
1 4
8 -4
-2 10
0 0
0 -2
-5 2
-1 -8
-1 -7
2 -2
4 -11
961 517
-15 2
-7 10
-11 15
-36 77
6 0
-7 0
-62 -42
-50 85
0 -3
-6 -5
-13 -32
18 -10
3 7
-2 -3
-39 21
-96 26
-9 -1
-10 -1
-27 -6
0 14
3 4
-8 -1
17 31
22 53
3 -3
2 -2
8 27
2 34
-12 6
1 0
6 -89
113 50
0 0
8 8
-7 10
-46 -45
-1 1
7 -18
-8 7
-2 -94
-6 -1
0 0
1 -43
18 0
-2 -1
-13 -4
-14 6
52 -38
-6 0
-12 -7
2 -23
19 -28
-1 8
-5 -4
-13 -24
17 -42
-7 -5
-6 -7
53 25
-2 10
-10 11
0 -5
128 98
51 -59
3 -13
-7 -17
4 -11
22 -3
-2 -15
5 5
13 -12
36 42
1 2
-2 -3
9 47
5 7
-7 0
8 -2
-115 -33
-47 91
0 -12
14 3
13 -1
-33 6
0 -8
-2 7
-9 -47
-11 37
3 -4
-1 1
-52 -23
0 -33
16 -19
0 1
-10 57
-73 -10
6 3
1 -6
11 3
33 -13
-8 0
-5 1
22 22
-7 4
-2 0
1 0
4 4
-26 -9
7 -7
0 -7
122 -104
11 -125
4 4
7 5
-1 20
-15 20
-1 -13
7 4
79 46
-8 -34
-4 5
1 0
-9 -3
4 -7
1 -22
5 5
-76 146
-246 -266
0 -4
2 -11
6 -17
-21 10
0 -6
4 0
-55 42
27 -100
0 -5
9 -5
-4 4
-14 -10
-11 -2
-2 2
4 -8
34 -75
1 -5
-6 -7
8 -22
53 -2
0 3
-4 5
-93 29
-59 -30
1 -7
0 -3
-30 16
-14 -26
-5 -3
-3 -10
-84 -43
24 62
1 -12
-2 -11
-11 -8
0 -30
-8 0
3 -17
88 -14
17 68
-1 3
10 -8
57 32
-6 39
-21 4
5 -2
-1 99
-90 115
0 -5
-5 -5
10 -34
-28 8
-1 -3
6 4
62 -21
53 0
-5 12
3 -1
11 -58
-5 2
-5 -14
-3 -1
-134 -136
-178 3
4 0
-12 6
-7 14
0 -39
2 -10
4 0
-67 -24
2 0
-2 -2
-17 8
-12 -22
12 -47
13 -2
-4 -6
71 -51
57 2
-10 -2
6 10
-3 35
-17 4
-1 -3
-4 -6
5 5
-2 -35
-2 -10
-3 -2
0 4
16 -17
-2 0
3 4
23 -17
96 -130
-3 12
4 0
15 9
-33 36
0 0
-13 5
6 -3
-20 -14
4 0
-3 1
-22 -50
3 5
21 -2
-8 3
-72 98
-14 26
1 4
-6 -4
-26 15
11 3
7 2
6 -3
-19 -19
39 26
1 1
-9 2
78 38
2 17
-3 9
-3 0
-253 -237
-280 -285
-9 -8
6 34
-2 16
-82 -11
1 5
0 -8
90 -18
110 18
13 -7
-8 1
42 10
-56 11
10 7
-6 -7
26 -41
28 159
1 1
25 -2
-18 -16
0 6
-4 -5
-4 -9
-97 40
-46 41
-2 0
-8 -1
33 -41
21 4
-1 -15
-15 -4
-176 -59
170 -239
-12 1
-11 9
3 5
27 22
7 -2
5 8
-48 122
26 -19
-3 -1
-7 10
14 11
-18 21
16 4
-3 -5
29 70
-51 -62
-8 11
-4 1
10 27
12 -48
-7 4
6 1
-2 -87
-6 83
16 -15
-2 10
-11 6
-21 13
5 6
1 2
178 4
244 -247
-2 4
4 -36
18 -26
69 -24
-10 4
-11 2
-24 -55
-136 -65
-5 -3
7 -5
-65 -3
46 15
-16 -9
2 18
-149 -19
47 24
-1 -1
-13 -8
13 -26
-10 29
2 6
-1 -3
-25 17
17 -87
9 6
-1 -3
20 22
-19 9
0 27
4 2
-130 -10
-13 138
12 -1
-3 -1
-10 26
-48 -1
0 -10
3 3
101 -89
-10 12
-19 10
4 -7
-32 -4
6 -53
-12 -6
10 -3
84 -65
-8 112
-4 -13
0 6
-18 -9
14 -15
-3 -9
-12 -6
36 112
30 -12
-10 -7
10 -2
-53 3
8 -16
-20 -21
4 -5
253 -132
-518 2
-4 -7
-1 2
-5 1
26 -17
-10 6
-10 -11
-86 9
140 -53
13 -14
-3 1
2 -3
-16 35
7 -11
-14 -2
8 149
26 -234
9 -3
-13 -15
-15 8
-16 -9
-1 5
-6 -1
14 -127
19 -9
-2 15
-5 -11
9 23
-15 -19
-19 14
0 4
144 154
23 182
-5 -1
-11 -5
-19 17
24 -73
-4 -9
5 4
-52 49
-132 115
-12 5
1 6
-40 -10
4 -14
-5 -9
8 1
-19 -66
17 102
-2 -11
-15 -1
35 18
-38 -19
-5 17
-8 -13
57 -69
-74 -11
1 -3
5 1
26 63
-20 11
-1 16
4 -4
-124 -194
-68 228
-6 4
5 1
16 12
-16 18
0 5
-6 5
102 -63
61 -25
-7 6
-1 -8
11 27
-15 14
-1 8
5 11
-28 57
46 -32
-7 8
-1 -2
-43 -24
27 15
0 -11
7 -4
-61 137
55 1
12 -17
-7 9
9 7
10 9
17 -12
-2 8
-18 53
-122 -30
2 1
18 7
19 -26
-9 36
1 -4
1 -7
37 37
32 -65
-8 -1
-6 -3
15 -22
-1 -9
2 -5
-6 -20
115 -26
-137 -96
-3 -1
10 -1
3 -27
42 -27
-8 -2
-3 6
10 -130
-6 48
0 -3
4 -7
-39 -70
12 -6
-2 -24
0 -3
-120 147
108 -106
2 0
6 -1
7 1
2 -4
-2 1
0 -1
3 -3
-16 0
0 0
0 -5
-17 -1
-4 3
2 2
2 1
-1 -10
8 10
1 -3
-1 -3
6 -9
-4 -1
-1 0
0 2
-1 1
-1 1
-1 4
-2 -8
-6 -5
-1 4
1 4
-1 -2
11 8
-5 2
0 4
-4 2
-8 -2
-1 0
-2 7
-2 -1
0 2
0 5
4 -4
-1 6
4 -1
-2 -16
-2 7
0 -2
-7 1
3 7
-5 0
1 -2
5 0
3 1
0 -7
-2 0
7 5
-17 -10
0 -3
-3 4
8 -2
-4 -4
-8 -4
0 0
20 8
2 17
-2 -4
2 -8
-2 4
15 6
0 -11
-1 4
-4 -2
-3 10
-4 -1
-2 -7
-3 -2
-3 0
6 -6
-3 0
-7 -1
-15 -14
-2 -2
3 -13
2 13
1 1
0 7
-1 -2
-5 -1
0 -19
4 -7
5 0
1 -4
5 9
7 2
-2 0
-1 -31
4 0
-3 -2
-1 4
-1 -3
2 9
0 -3
0 -5
-14 2
-1 3
-1 4
-1 3
2 -3
-3 -9
-5 -8
0 0
1 2
-4 5
0 -1
-6 12
0 -3
-10 -1
-9 -3
-3 -3
-7 -18
-14 -7
-2 4
-1 -4
3 14
-10 4
-3 -9
-1 1
-23 -12
4 -3
0 1
-4 6
0 3
0 -11
0 7
1 -2
-5 -3
-1 -4
1 0
4 1
7 1
0 -7
-5 14
-3 -2
21 10
-12 -1
-2 2
0 -1
-8 3
10 -3
4 4
-1 3
5 -5
4 1
1 4
0 6
-3 1
-9 0
2 -4
-2 -4
-12 -1
-16 -12
1 -6
-2 -1
4 -6
-8 0
0 -13
2 0
16 7
3 -7
-1 0
0 -5
-4 0
-2 2
-8 -9
-1 -2
0 8
15 2
0 2
-6 -1
-5 -3
6 -2
-4 7
-2 1
-12 12
3 6
-2 -7
1 -8
-1 -1
7 -1
5 -4
3 -1
-10 59
4 7
0 0
12 -3
-2 -5
-10 0
-2 0
3 1
0 -5
5 -14
0 3
-4 0
0 0
6 12
5 -3
2 1
0 -7
-8 -2
-2 -6
0 0
-6 -10
-10 8
0 -1
2 0
-3 8
9 10
-1 0
-3 -4
-1 -6
3 -1
-1 2
-1 4
13 -13
20 -3
1 0
-4 0
-1 8
0 -9
-4 0
-6 -8
-4 -12
-3 2
0 -6
-1 1
-2 7
-6 -1
-2 6
0 1
-6 -9
8 -4
-3 0
0 -1
10 2
13 -11
4 -14
0 -2
5 0
-1 13
2 -2
0 0
-8 -2
-2 3
-5 2
-3 -3
-28 -17
-68 -71
0 0
-2 9
14 1
2 -1
-8 -3
-7 -5
2 0
6 13
-1 -3
-3 13
-3 3
-10 1
-2 -1
7 2
0 0
-13 12
1 2
0 3
3 -2
-4 -6
0 -4
3 -2
6 -2
-9 -8
4 -2
-12 2
3 0
-5 -10
20 0
0 -3
3 23
-29 66
-1 -4
2 -3
-2 0
-3 4
5 6
-5 0
-4 -3
6 -8
-5 -4
3 -9
-2 2
-1 -6
1 -15
0 1
6 -11
-15 3
-1 -4
3 -8
-3 0
10 10
6 3
3 -3
3 2
14 -1
3 5
6 4
-2 -5
7 1
-10 12
-6 0
-28 -20
-14 -94
-1 -3
1 -5
-7 10
-3 6
1 -11
-1 1
11 -2
-9 7
5 1
-1 -6
-5 0
9 -10
1 1
-9 -4
-19 11
15 17
-2 -4
1 -6
-3 3
-5 1
-7 -2
-8 3
4 4
6 4
-5 -6
3 -8
0 5
-8 0
-14 -3
1 -3
0 -32
-8 -8
-2 5
-6 2
-3 -10
3 -3
-4 5
6 2
-11 1
-5 -18
1 1
5 7
4 0
3 12
-19 9
-3 0
-1 -21
1 3
-5 2
-3 -1
3 -3
1 1
2 -4
-3 0
2 -10
-7 -6
0 8
-7 -2
-7 1
-3 -1
10 -12
3 3
28 24
34 -19
1 -9
-3 -2
11 -8
8 -3
1 -7
-5 -3
7 5
0 -2
-3 -1
-5 -4
-11 0
-3 5
-1 -10
-4 -3
4 8
8 -17
7 2
4 -5
3 -6
0 -4
-5 -6
0 -8
-1 -6
0 12
-5 -4
0 -2
-14 -8
2 11
-10 7
-10 -2
-14 29
-23 32
5 -6
3 1
2 -2
-14 4
3 6
4 5
-1 -1
7 7
1 5
-5 -1
0 6
5 -9
6 0
-7 6
-4 -9
-11 -10
-2 6
-5 10
0 7
9 0
4 1
8 8
-2 6
-18 -14
-7 -5
5 -4
5 -3
-4 1
-4 -6
-6 0
33 18
46 -34
-4 7
7 5
-2 6
3 -13
-8 0
-3 3
-7 -6
-7 1
-1 -7
14 2
7 -1
-3 5
-20 1
0 -3
-4 0
-1 1
-7 -8
8 -7
4 3
-10 2
3 0
-6 3
-17 2
5 -9
3 7
-6 1
-1 5
-3 -6
3 5
4 4
-3 -17
3 -39
-6 -1
-8 4
-7 -6
0 10
-1 0
-5 2
5 -2
8 10
-3 -4
-1 -2
5 2
-8 -6
6 -1
11 -4
5 9
14 -3
3 4
-11 0
-7 -9
7 -7
4 5
-1 -8
6 -9
-8 9
4 1
2 4
-1 -2
1 -1
-6 6
1 3
29 -5
75 37
-4 -6
0 -9
2 -7
37 4
-5 5
11 -7
-31 -4
-46 67
-4 1
-3 -2
1 4
0 -2
-7 -2
-4 0
31 87
6 -42
-5 -2
-2 4
-10 9
-13 10
-9 -2
6 -3
2 33
23 64
1 -5
-4 -3
-5 17
-2 -25
-5 8
2 -1
-83 26
-29 94
-1 0
2 -1
1 -20
-7 1
-5 0
-14 1
41 -28
30 -65
4 -4
-8 -1
-3 -17
-5 21
8 -10
0 -2
-97 8
19 -54
-5 -5
1 7
-2 -7
13 -28
0 0
-8 -7
15 -38
-68 -51
-2 -6
0 -8
14 1
12 -8
0 5
-1 -8
-82 -13
-42 33
0 2
-5 -1
-3 9
-41 8
9 -5
-3 -2
-7 21
22 -7
-4 -1
4 -1
-22 12
4 -11
-1 5
0 -1
25 32
33 -18
1 3
-2 -5
10 3
4 4
5 -3
4 0
-10 -43
0 -22
-2 5
-4 3
0 -14
0 10
-6 -8
-5 6
-11 63
136 44
3 -3
2 -4
-2 -3
18 -9
5 -1
-1 3
-16 9
-19 22
-2 -1
8 0
12 -12
9 0
-1 0
0 -2
-79 25
-18 30
7 -1
-2 -9
5 3
-24 -7
-1 0
1 1
60 21
27 3
-1 -2
-3 4
1 0
-8 13
3 -4
3 2
-53 82
248 31
5 -1
-6 11
-8 1
23 -10
0 4
5 0
19 -12
-19 -21
4 -4
-4 -2
7 2
-9 5
-1 -6
6 11
-51 -16
-104 38
-2 -6
2 0
8 13
24 -9
-1 0
7 -2
-47 33
-17 -35
-12 0
5 2
15 22
-4 -12
11 -5
3 -4
96 -35
-56 -126
7 2
-4 0
-12 -13
-23 5
3 1
-1 9
5 9
18 18
2 -8
5 0
-9 -8
-5 -6
0 0
0 -10
66 -64
94 0
5 4
3 -11
-3 -12
-8 13
0 -10
0 0
-15 -55
2 22
1 -7
2 -4
-33 -11
19 -1
2 8
0 -6
136 -74
-67 -34
-8 -2
5 -14
7 0
-6 6
-3 0
-11 -6
-31 30
-3 5
-11 0
0 -1
-1 2
-1 7
0 1
-6 -7
65 -7
-13 31
-2 -3
-4 5
-22 -1
-34 19
0 4
-1 -3
39 96
39 5
2 0
-10 1
-11 1
-16 -3
-12 -3
-3 4
-24 28
-33 12
-4 0
-3 -1
0 -7
37 -20
0 -13
-1 -1
5 -81
-18 -12
7 2
-7 -2
-3 -8
3 20
-4 0
-1 7
68 -28
-25 -39
-4 4
-2 2
18 -3
19 -25
-6 5
-10 -5
-84 -79
-34 10
-3 0
-1 -5
19 -16
-6 -5
9 -1
-4 -2
2 -128
3 -200
0 0
-6 6
-7 -12
-23 -4
-2 2
-2 -11
20 13
48 -4
0 -1
-2 -1
-14 -15
2 0
-3 1
9 1
-23 1
-59 -42
-16 0
8 10
-12 2
16 9
-5 1
-4 -10
44 -25
-16 -60
-1 -5
-3 -8
-9 -3
0 5
6 1
4 1
-41 6
-48 -46
-5 0
-4 -6
3 9
20 0
-10 8
5 -2
-49 -2
-10 58
0 -6
-6 4
0 8
-12 -19
2 2
4 2
-2 -42
-19 -13
1 -4
1 -2
3 8
-16 14
14 -10
2 9
-14 60
26 33
2 -7
-1 1
9 1
0 -6
-8 10
-4 -3
78 40
-57 -25
7 -3
8 -2
-3 -5
-13 19
15 -9
-9 9
38 -18
22 -12
-3 0
10 -6
-2 3
13 26
-6 -1
-12 -5
-34 -35
-43 6
13 -6
-2 -2
6 -9
-12 -14
-2 4
-1 3
3 -33
-28 -19
1 8
0 8
54 20
-14 -4
-4 -7
-4 -1
40 -21
13 -56
0 3
-7 -9
1 1
-25 -7
0 -6
-1 -1
-21 28
13 27
2 6
-6 -1
-26 -13
3 -3
-5 -8
-2 -3
-5 33
41 -19
-7 3
-6 1
8 -3
12 -21
-8 6
-7 -3
6 59
17 0
-19 -1
8 -2
-62 -8
0 5
7 3
-3 3
-208 -64
78 311
-1 -10
1 8
0 7
14 9
-3 7
-3 1
-9 -5
-62 24
-9 -10
-1 0
-1 -3
-13 -8
-5 8
3 -5
-19 6
35 44
5 -4
2 -7
-3 2
-15 18
5 -9
-2 9
-31 26
0 61
8 7
-10 -8
-19 8
4 0
-4 -9
-6 -4
-33 -12
42 35
-3 -2
-1 -6
2 -5
-9 -5
4 0
6 -2
9 3
37 -70
-1 -8
-2 5
-1 -4
16 14
-1 0
-6 5
41 28
-37 -23
6 4
-6 0
2 -11
13 -7
-2 -6
8 12
27 -69
-7 -54
-10 1
6 -1
20 -15
-13 -7
12 3
-17 -8
-74 152
-65 -65
8 3
1 0
1 -7
4 -11
3 2
-4 3
27 -23
7 -12
-2 2
2 -7
-20 16
7 -10
1 -8
-5 -2
52 27
52 26
-5 -6
5 9
-6 0
19 10
5 4
-14 -7
11 -21
16 -10
-1 -6
2 3
-20 1
-2 10
-4 6
6 7
35 -19
28 8
-10 3
-9 3
4 6
10 -9
-19 0
-5 -11
-29 16
-22 17
-2 -1
-5 3
20 -6
-19 -14
2 2
8 -2
-37 -47
-52 18
-2 9
-4 -5
15 -3
-24 9
-3 -2
-3 -9
2 -16
-26 0
3 -9
-2 -2
-4 2
6 -3
-16 -10
0 4
147 -252
111 -76
0 0
6 6
0 -4
11 -1
-6 0
1 9
-7 -3
-9 1
-1 6
-5 5
0 -9
-9 -5
-9 0
-8 4
5 -8
12 0
0 4
3 -10
-19 1
1 -7
-1 0
1 1
-13 4
9 -9
0 5
2 -2
-6 0
6 5
0 8
-1 2
-25 -19
0 19
1 -1
-1 -6
6 1
-16 10
-7 -5
-14 0
2 3
-2 -4
1 -4
7 1
9 1
5 -3
7 0
0 -2
0 -21
6 21
-4 -3
15 7
-6 -1
6 5
9 -3
3 -5
-2 -5
-8 3
6 -3
7 3
0 -1
0 0
-1 -1
-1 -5
7 -3
-31 -49
-2 2
3 9
-11 -5
-6 -1
13 1
8 -6
8 0
-15 -5
0 0
2 -4
-6 4
0 7
-3 -8
9 -5
-7 -16
-8 24
2 -4
-7 0
5 -7
-3 3
-5 -1
-1 5
-4 13
-1 -6
-4 0
-13 -5
4 0
-8 1
5 -6
0 4
-8 -14
-41 23
-4 -7
-4 -2
6 -7
8 -14
-1 0
0 -7
-10 12
7 0
0 -1
1 7
4 -6
-7 -3
-10 -3
-4 0
18 -15
-9 -26
-1 -1
-18 -9
4 13
4 -8
3 6
-2 0
-6 -31
3 12
-7 -5
-6 -6
-10 -7
-8 -10
3 2
0 0
-59 -19
-22 102
6 0
1 -3
2 -2
0 -3
-5 -3
-9 0
-8 -8
19 12
3 -3
-8 -19
4 -4
-11 3
-3 0
-2 6
10 28
0 -17
-5 4
10 0
-6 -2
-5 0
4 -5
7 -3
22 -9
-6 4
2 -1
0 4
-1 -12
0 4
0 -7
-5 -6
-32 14
-12 18
5 5
0 -8
-4 6
9 0
2 3
7 -9
-1 -5
-7 -4
0 -1
14 -2
-3 1
4 -3
-1 1
0 -8
6 16
-14 -4
-7 0
-13 2
-3 0
1 -1
-5 7
-7 2
-1 10
-8 -2
0 -7
-2 -3
5 9
1 -5
5 2
6 0
-1 24
82 -30
-10 -11
11 10
3 0
2 3
0 2
-1 0
-10 2
11 1
-3 0
-8 16
2 -1
2 -7
5 0
-1 -6
-18 4
-1 -5
0 -9
7 -2
1 8
1 -3
1 4
-4 -1
9 11
7 -1
2 1
-5 -6
-8 -11
-1 -6
1 4
0 -2
3 -13
16 -53
3 -3
-17 -5
2 -11
-4 0
-11 -1
-8 7
-2 -10
-12 3
-2 0
-3 -7
4 8
-5 6
-5 3
0 10
21 13
11 -2
2 4
2 6
-3 7
-1 -5
0 -13
4 -5
7 4
-1 -5
2 2
12 0
8 3
-6 6
-4 -3
-6 4
86 -2
41 -86
4 -4
13 -3
1 8
-6 4
-5 4
-2 -6
4 1
9 0
-1 1
-3 2
-1 -4
-10 -5
-1 0
-1 -2
-14 6
0 -12
2 1
-2 -1
6 0
-6 -5
-2 1
-6 3
0 -7
2 1
0 -3
-3 8
-1 6
8 8
-6 -3
-3 -2
-21 -1
-4 2
1 2
-7 3
-6 1
-4 -3
0 -4
2 -3
-7 9
-2 -13
2 0
1 -9
8 2
-4 -10
-6 5
-3 -1
4 -19
-21 6
0 0
3 -6
-8 7
10 11
0 -5
3 2
-13 -13
7 -8
-1 1
1 0
-15 -10
-11 -4
3 -4
-1 1
-27 2
-14 -2
-6 0
-11 -4
-11 -11
-1 -8
-5 0
-4 2
-4 4
-5 15
-1 -1
-10 1
3 -3
-7 5
0 -11
-2 -5
-6 -11
5 6
-5 -3
-7 7
-6 -3
13 -8
-3 -10
-4 -3
-8 4
-15 0
-6 1
-11 -7
0 5
-5 -4
-2 -5
-3 2
5 -31
-12 13
-3 -5
11 -4
9 -7
-6 -6
-1 5
3 2
4 -2
-1 -6
-4 -2
7 -2
-8 9
2 -7
2 4
2 -3
-7 -5
-1 -4
2 -1
1 0
2 -2
2 6
1 8
0 -1
4 -1
-1 1
7 -5
5 2
-3 -12
2 1
4 6
-2 1
8 -33
-22 -6
0 0
-12 4
5 1
-3 0
0 -6
-3 -2
7 -12
2 3
2 0
0 4
-5 13
7 -7
4 5
-4 2
-5 15
17 -12
2 -4
-3 -3
-9 -4
-10 -3
3 -1
4 -4
-1 4
-8 5
-2 -3
4 0
11 -4
0 -3
-1 6
-4 3
14 10
2 13
-2 -3
-2 -3
2 2
7 11
-1 1
-5 3
-9 -17
3 -3
-2 -1
-2 5
-3 -16
4 8
0 -7
-4 -1
9 11
-8 0
1 -1
7 -5
11 -7
-12 -4
-7 -3
1 0
17 -6
1 -2
-5 5
-6 0
-8 7
5 -2
-5 2
-4 -2
-8 -5
20 -35
-1 1
6 0
3 3
8 -8
3 4
5 -1
-9 1
-12 3
-2 1
-1 1
-1 4
-4 16
-6 -4
-1 -4
6 -7
-5 6
-5 2
-8 2
-5 1
-9 -3
0 2
-1 -3
-4 10
7 -4
5 1
3 6
7 1
-2 11
-8 -2
1 0
1 21
-3 4
0 1
2 4
-6 -6
1 12
-3 -1
-2 1
4 5
7 2
-2 -3
-6 -11
-3 -5
-6 -16
2 3
2 -2
4 13
11 -15
-2 -3
-1 -5
-13 -1
7 -11
0 -2
1 2
4 3
-6 6
-4 -3
-3 -3
9 7
-1 -4
1 -6
1 0
33 21
765 358
-16 2
34 17
15 9
-34 53
-5 0
-5 -2
76 -21
-36 -94
0 -9
3 -7
-16 24
-42 22
-12 -6
-7 -7
-40 -51
-177 35
3 -11
23 -13
5 23
-41 -54
1 -13
15 -6
76 74
-14 73
-16 0
-2 5
3 21
24 -2
-15 15
-16 -4
28 -280
290 79
-5 -6
18 -2
-23 -5
2 32
0 0
-1 8
53 101
84 94
1 6
-1 7
-20 -39
0 29
-7 0
1 4
-70 210
114 -80
-1 7
-8 0
41 -36
-27 29
-4 3
-6 -4
-58 -22
27 46
5 -8
17 -5
45 25
-7 -1
-8 5
13 -6
213 328
70 -61
-3 2
-33 -4
9 -22
23 -50
0 0
-14 -3
-84 -26
34 33
-5 -7
10 -2
35 27
4 -40
9 -9
7 10
96 -160
109 -88
-7 13
0 0
-24 4
47 48
0 0
-9 5
-69 -61
-29 -54
4 1
-7 -10
-5 -20
-27 -2
2 -2
3 -8
-32 -81
-161 110
5 -2
-29 -7
14 -13
29 -2
0 3
12 -3
-50 -131
-74 -88
0 3
-11 -8
-10 -24
-1 -25
13 -14
0 3
-33 185
-71 101
4 -14
-10 5
-26 -5
23 -53
6 0
-1 -12
81 98
-12 -67
2 -9
0 8
-46 6
-3 -8
0 -1
3 0
115 0
-71 -62
-14 0
33 1
7 -30
-60 -13
-6 -4
-12 6
-74 79
-38 -11
-1 -17
9 5
-36 64
22 9
-6 -1
0 -13
-44 -10
103 -44
-4 9
-3 7
-15 -23
-75 -17
0 -10
-8 -9
-78 -80
-51 -34
-8 4
0 0
39 67
-30 -6
2 0
-1 -6
-211 116
-36 -55
12 -10
-12 2
5 9
-30 -61
-2 -5
6 7
8 32
14 130
6 5
0 7
-19 -24
8 4
0 -11
6 11
158 -68
0 37
7 1
-17 9
-22 -27
-1 22
-6 -4
-13 -16
-164 59
-73 -21
10 -9
8 -1
37 44
-1 15
-23 -8
10 -3
136 -270
-195 70
-10 -2
-8 -4
0 -14
-4 112
-5 4
-13 -9
41 -14
36 -102
-4 8
0 -14
24 -43
-1 13
-3 2
4 19
-72 -53
-120 174
3 4
-4 -17
3 -7
27 33
-2 7
5 8
122 30
113 22
2 -5
-2 -1
-66 -20
17 -14
9 1
2 -5
82 -148
152 -66
-2 -5
21 -5
-16 23
85 -27
3 0
19 -3
33 -33
-31 -43
-9 -4
-12 -10
-15 -9
-6 7
-19 0
-12 -10
48 116
4 -117
-9 -16
0 -7
42 -4
-12 -61
10 -2
-7 -6
82 24
76 1
-2 5
-1 -5
26 -131
-20 -6
13 27
0 3
-526 -4
300 -1409
2 5
8 -5
34 -19
6 -20
2 -1
-6 2
-97 8
54 32
0 -10
-22 -4
-15 -73
19 36
-17 -12
2 7
-26 -170
-52 -6
-6 -19
-8 -29
26 14
1 41
2 -8
-12 -7
52 -76
74 -57
11 18
-3 -3
-61 -16
8 -17
23 10
-15 11
-31 -16
51 31
-15 15
-18 2
7 4
28 -15
4 -2
5 -6
-78 -53
180 8
6 1
6 3
-21 9
0 -10
2 5
5 -9
121 136
-117 -215
-13 11
12 -2
-16 -15
-17 -1
16 -4
1 -6
11 -53
46 72
-16 -27
0 -10
-12 28
4 -15
10 5
-1 -5
-24 -18
-96 216
-6 3
12 5
-24 1
-34 -62
4 13
2 16
79 10
-139 136
-8 -11
5 -11
15 -7
-27 -35
-8 -7
10 0
95 80
84 270
17 -4
-8 20
18 8
-18 -74
-12 14
8 4
19 75
-59 -1
6 -14
-3 5
20 -85
-7 30
-26 -16
-5 0
213 -74
123 -274
10 -10
-5 -3
-13 -26
10 42
-23 -10
-1 -14
-48 27
-151 -4
-5 11
-4 3
79 48
-7 -6
-2 5
5 -7
-172 -79
17 -134
-12 3
7 14
-9 62
0 16
5 3
-20 6
-70 103
-17 -24
-16 3
8 1
87 36
-17 1
-16 11
7 -16
-77 78
271 417
-6 6
-4 -12
-37 2
-75 -5
9 19
-1 9
104 -66
49 81
-1 -11
-8 -2
2 -6
45 -26
-1 3
-15 2
36 40
-189 -72
8 -11
-9 -20
-11 -19
0 27
-8 0
3 6
116 -101
-106 64
15 1
-2 -12
-7 -31
0 16
18 -18
-7 1
-89 -68
-6 7
-17 -5
10 2
2 -1
-17 64
0 -13
7 -16
57 -22
34 3
8 7
10 -7
-16 77
2 -23
1 13
2 -15
10 7
220 30
-3 7
15 17
-14 2
-12 40
-3 7
-12 -2
-73 98
11 104
-12 -11
-3 -8
21 -103
-1 -14
11 17
3 -9
20 -114
60 -240
-5 11
-2 0
7 -12
54 2
-5 5
-6 1
-90 23
-95 19
0 -9
0 -4
-13 -35
-18 2
-19 -10
26 0
31 -175
52 -28
0 2
-11 16
-5 11
0 -75
20 16
1 -5
-43 68
79 -50
-8 -25
-7 3
-32 18
3 -22
-22 -18
-7 2
-77 -124
131 76
9 -9
-10 -6
-8 6
-9 -47
-7 -12
-15 -11
-67 51
68 -82
3 23
-13 11
9 10
-18 27
-8 10
-12 4
80 100
-201 -93
-17 2
-8 -23
10 -2
-9 48
2 -25
-9 5
-37 -20
24 -90
-3 -1
2 0
-55 103
14 22
10 -2
7 -7
190 385
107 119
0 -1
2 -1
-7 3
-5 0
-1 1
2 2
2 3
-5 4
1 2
1 -5
-2 2
0 -3
0 4
5 1
8 -7
-7 -9
-2 -2
-2 2
-3 9
0 4
-1 10
0 4
3 1
3 5
-3 0
-3 -2
6 -7
1 -1
-6 -12
-3 0
0 -20
-5 17
2 -3
0 -3
7 -8
3 -11
8 -3
2 -2
-5 -10
4 -7
-1 -2
-2 0
-8 3
3 0
-2 0
-3 -1
22 -5
-15 -13
0 1
-4 2
-5 -4
0 -2
3 -2
-2 -2
0 0
2 7
-3 -2
0 -6
-3 -7
5 5
11 -1
0 0
24 2
-25 -30
2 0
-3 6
6 -1
1 -5
-7 -1
-3 -6
-5 0
-9 5
1 0
1 5
0 3
-7 5
-4 -5
-5 -1
3 0
-5 -2
1 3
-1 -1
8 3
5 5
-9 -7
-1 1
-6 -1
-4 -9
0 -3
2 3
1 0
-5 2
-13 3
3 0
-3 -13
0 -32
-5 0
-4 -3
-6 -3
6 -4
-1 -2
-3 -3
0 -12
7 -1
0 -1
-1 -4
-11 -9
0 -6
11 8
0 -1
-9 -10
9 -11
-3 -4
0 -3
-1 1
-3 0
5 0
0 -1
6 7
0 0
8 1
-6 -1
-3 -1
2 -6
0 -2
-4 -3
4 -32
-7 -2
3 -1
-5 -9
-9 -3
-5 4
-1 0
-3 -1
1 9
0 8
0 -3
0 3
9 -1
4 -3
-3 -2
0 -3
-14 1
15 -9
-3 5
-8 5
0 -7
-1 -7
-2 0
3 -2
-1 2
-8 0
5 -2
8 -3
1 12
2 4
0 4
0 -3
14 9
-10 1
-6 1
7 0
1 3
0 4
-4 -1
-7 -2
0 -1
3 -1
-3 -1
-1 -3
0 0
-7 3
4 -3
-1 0
-1 12
4 -9
0 5
5 -7
-3 0
-3 -8
-4 -5
-2 1
6 5
6 1
-3 1
-1 2
-2 -7
-4 -4
-4 3
0 0
6 21
54 12
-3 -2
-5 0
-10 6
0 6
-3 -1
5 0
-6 -1
-6 -8
3 0
0 -3
10 1
-8 -7
-4 7
-1 0
-10 3
-2 30
-2 -8
-1 3
0 3
0 -8
-2 6
-2 -1
-5 -2
-12 -4
-2 -4
-2 -4
0 1
-5 -3
0 -3
0 1
-28 -4
-9 20
4 -3
5 -9
1 -5
-10 5
7 -2
0 4
7 13
-3 0
-2 2
-3 6
-3 -1
3 4
-2 -4
0 -1
-17 6
9 4
0 0
-4 0
-8 -12
1 8
3 -2
3 -1
-7 -13
0 -2
-3 2
-5 -1
2 0
8 3
5 -3
-3 -1
7 33
247 -6
-7 1
-5 1
-4 2
16 -8
-3 1
11 -2
9 -8
-5 -1
-6 -11
7 4
-4 8
-6 12
-9 12
-7 0
7 -2
18 -13
2 2
13 -5
-1 3
4 -14
5 -4
-6 -5
-14 -7
6 8
-3 8
-7 -8
-10 0
2 9
1 6
-5 1
-18 13
6 -5
0 -4
-2 -3
-3 -3
-14 24
-2 -3
2 0
-1 14
14 6
5 -2
0 8
-4 -4
-3 -7
-1 14
9 2
-7 -9
3 -16
2 5
-9 6
2 3
15 3
12 2
7 1
-11 3
-26 -1
3 4
-7 3
5 -2
3 -3
-1 -6
-2 -10
17 23
38 -10
1 5
5 7
0 0
0 -9
-1 -1
-6 1
-11 3
16 6
-2 5
-7 -12
4 -5
2 -1
3 -16
-5 -6
10 -22
-13 -12
-4 -1
-10 1
2 -10
-6 6
1 -2
1 -4
-13 -4
0 12
-11 -9
8 4
-10 -4
-8 4
-2 3
1 6
16 12
14 -10
-3 -11
1 6
-5 -1
4 6
-6 5
-1 3
1 2
4 14
-2 -3
6 -1
9 7
2 8
1 -5
-3 -1
5 26
14 -15
1 5
6 -1
-7 -4
3 -8
-12 -6
0 -1
1 -8
-15 3
4 2
-4 0
3 -2
8 -1
6 -8
7 0
-3 -34
-42 1
1 4
4 -5
2 2
-1 7
-1 -6
-1 -1
4 -11
-4 -10
0 -2
3 -3
-3 3
8 -4
7 5
1 2
-19 6
-23 12
3 -3
2 -2
8 -5
-13 14
8 8
-5 3
8 15
7 -11
-4 0
1 -1
2 10
5 6
-3 -3
-8 -2
2 -27
14 22
2 -4
-2 -8
-7 0
2 -2
4 -3
-1 -2
-3 -8
-15 -21
5 7
-13 -3
-4 3
2 -1
5 0
-4 -4
2 -1
4 14
3 -9
-3 4
-3 -1
-11 -22
-4 -2
2 -3
12 -5
4 8
-9 -4
2 -2
-14 -3
-15 -5
2 2
2 1
-42 1
-87 4
-1 -4
-8 9
0 1
-6 -3
-3 4
2 0
1 -2
6 1
-5 -5
-6 4
1 -1
-7 -4
-3 -7
-1 -1
1 9
4 10
-6 10
-5 -2
-6 3
12 -1
2 -16
0 -2
23 0
6 -14
8 -2
-8 -3
8 2
4 5
9 1
7 -3
-15 -13
-16 30
-4 5
-2 -7
-3 0
14 -12
-10 0
2 0
-4 -8
-17 -24
-2 -6
7 1
8 -8
-17 -10
-8 4
1 7
3 -3
-17 11
-2 1
2 -3
2 2
-6 2
-13 2
-5 0
-13 17
-4 6
10 10
-7 2
-6 4
1 -6
-2 -13
-2 1
55 -19
256 133
1 -1
4 2
-6 6
-47 -1
1 -3
-1 -11
-4 -19
9 -44
-2 -1
-4 3
-1 -34
0 0
-1 -1
6 5
-21 0
-27 -4
-3 5
2 6
-6 0
-22 -8
0 -4
0 -3
-6 -3
-46 -49
-5 1
-1 4
17 27
-2 -3
-1 -9
-2 3
17 -33
0 -13
1 -4
-5 -1
1 -10
63 -24
-7 0
0 2
5 -14
29 71
-8 3
3 2
13 11
7 -4
-1 -2
-1 3
65 14
-3 -13
3 5
9 -10
-3 16
0 12
-7 3
-1 3
15 -4
30 17
-1 1
8 -4
-28 21
0 -11
1 0
-9 6
47 31
52 -99
1 3
4 -7
-12 -10
9 4
2 2
-5 4
-21 17
7 -3
2 -4
7 -3
2 6
10 -9
3 -3
-3 0
-4 -22
12 14
2 -2
-3 1
-1 -22
8 -27
-1 0
0 -3
1 72
-17 13
-2 -1
-1 -1
-11 -32
0 -5
-4 3
8 -7
15 -9
-103 5
-6 -6
-5 -7
-1 16
-18 22
-3 -7
0 -3
12 -44
33 9
7 -8
-6 -11
-27 -11
-8 10
-5 0
-2 -4
59 -49
-3 -50
-4 -8
-15 0
1 13
-9 12
-4 -3
-2 -12
-49 -38
9 -19
-1 -4
-6 9
15 11
-10 5
0 -4
-1 -9
-87 -40
-154 -71
-5 -5
4 0
10 0
26 6
0 -5
-8 0
15 -16
1 19
-7 1
3 8
-26 21
0 3
0 0
4 -4
0 17
57 -2
0 6
4 -6
3 -2
3 -7
9 1
0 0
-9 -38
25 9
-7 1
4 -3
-4 -24
-1 6
-3 -2
-3 3
-33 40
1 21
-2 -5
-3 -1
-10 2
-32 0
0 -2
0 1
8 38
-24 -57
-3 -1
5 1
7 -2
4 -10
-1 -2
-14 2
-73 34
-49 40
-4 -5
-4 -10
23 -6
6 2
-5 -2
-7 3
20 14
-12 -1
0 -7
-5 -6
4 -5
-8 -1
2 0
0 -4
-31 -115
85 141
0 5
-5 -8
4 1
-21 -6
0 0
0 0
-17 1
-16 -25
7 2
2 -10
-7 -29
0 0
4 1
1 -3
-21 -8
23 -6
3 0
4 9
-19 -6
-20 -14
-7 0
-3 0
-26 -57
8 3
4 5
3 1
-6 7
6 -4
7 0
2 -2
29 42
9 -30
-3 -7
1 3
7 8
21 7
-3 0
3 -7
11 21
-7 4
-3 -6
-14 0
24 5
4 -3
0 0
8 -5
-48 4
-18 48
5 -1
-6 0
11 0
-5 5
7 0
-1 -3
54 18
-7 5
4 6
2 -2
4 8
-1 7
-9 -10
-1 5
-116 262
137 -66
-1 -1
21 8
-6 -7
-7 -4
-2 -1
-3 -2
11 6
-45 36
-8 -3
1 -4
-36 -23
-25 1
-9 8
-5 -3
18 9
64 8
3 8
2 8
-9 19
1 4
5 1
4 12
-1 7
16 44
5 5
-7 2
-13 -5
-24 1
3 -7
-4 0
73 -52
50 -16
7 1
-11 -3
13 4
-7 -1
13 -1
-2 -10
2 -9
25 -85
6 0
-2 4
31 -1
-7 -6
-4 6
-6 -6
12 20
-54 -21
1 -13
7 1
-8 18
23 4
0 0
12 -11
-3 -48
-14 -2
-6 -4
1 -3
0 -21
7 -1
5 -4
-1 -6
-17 83
121 82
-4 -4
-9 -4
-7 -2
-35 1
-4 -3
5 3
-57 20
-28 -68
-3 2
-2 8
4 27
-2 -29
9 -8
6 9
35 75
41 -6
-6 -5
-3 2
14 -39
-27 -15
-6 1
-9 -1
31 53
-6 -21
-5 -8
5 4
-7 0
-2 -8
-10 6
1 8
-49 22
-13 15
-7 -4
2 -5
2 -2
24 12
-14 -1
-4 1
39 -58
16 20
-8 -5
8 -1
-6 0
34 27
-4 -1
3 -10
19 -49
-104 64
2 10
-2 -2
16 7
3 24
2 -6
-3 6
-50 -67
39 9
1 6
-1 1
13 -7
-10 14
6 3
-2 3
1 -123
150 -1
-2 1
-4 -9
-1 0
25 -16
2 -2
-4 5
13 -18
64 -48
-4 7
-8 -7
-1 -1
6 -19
-8 5
-4 11
32 -24
19 18
-6 -9
-2 -6
-24 -9
1 -10
-10 0
4 2
26 -27
-69 -44
-7 -4
-1 -1
-42 -9
16 0
-5 -18
5 1
10 67
-21 15
7 -1
-17 0
2 12
-18 36
6 -5
3 -6
-49 45
-15 87
1 5
2 8
19 19
1 6
1 -5
1 -11
-100 20
21 17
-4 -3
-2 -12
7 -26
-21 -6
-6 5
-5 -12
-21 33
12 -6
-10 2
-1 -8
25 12
3 -1
4 1
3 3
12 -70
-135 -99
-5 -3
5 -10
-13 1
12 -2
-1 2
-6 -9
36 10
-45 69
1 -6
-3 -5
-29 -27
-1 -5
1 1
0 -7
-46 -35
8 -41
2 3
-4 8
2 20
0 1
11 -3
1 2
-22 17
18 53
11 -4
-4 -1
16 -4
-12 -9
-8 13
-7 -3
-18 -9
-96 -2
-1 8
6 -1
8 -15
12 -36
-6 -1
-13 5
-16 0
23 -62
2 -2
-3 -5
34 17
-28 -6
-1 6
-9 5
16 -7
106 -27
2 -4
-3 1
-11 20
22 12
4 -9
0 4
28 7
-32 -11
-4 3
1 -2
-55 0
4 3
2 -4
-2 1
28 1
170 232
-4 -7
17 2
8 -1
-1 -8
7 -3
-1 -4
-11 -5
2 3
0 -3
-3 -2
5 6
-4 6
-8 -4
-5 4
1 13
-14 13
-2 4
-12 4
-1 6
-4 1
2 0
-2 2
5 -5
-9 -1
2 -5
-7 -6
2 0
9 10
2 -3
0 0
-11 -6
9 0
2 2
-5 8
0 3
3 -1
-12 0
2 2
1 1
7 3
-3 3
3 3
-12 -9
-4 -7
3 4
-3 -2
-3 17
0 -4
3 1
-1 10
-5 -7
0 -4
2 -2
-2 -5
-1 5
-1 7
-4 0
5 0
-2 5
-2 -7
-7 -11
0 2
0 20
-1 -24
3 -4
-13 -10
-9 -3
4 0
-3 6
0 -4
-9 0
-2 -13
1 -3
0 -2
1 -4
2 -1
1 -8
-3 -1
-4 -14
-1 -13
-5 -4
0 -9
-2 4
3 -1
-6 -4
0 1
5 -10
5 0
2 -1
1 1
-6 -6
-7 -2
-2 0
2 -7
10 16
0 -30
-1 -1
11 -9
0 -10
-6 1
11 -4
-1 0
2 -8
-10 -2
1 -3
0 -5
2 4
0 0
-1 4
0 0
4 8
1 0
-1 0
2 2
0 0
-2 -4
-1 4
9 0
4 1
5 -5
-7 -1
-5 0
0 1
6 6
-1 4
-1 4
-12 -39
-39 -23
0 0
2 -7
4 3
-2 -2
-3 0
1 0
5 7
-5 -10
-3 5
1 2
-6 0
5 1
4 8
1 2
-4 -16
-19 12
3 0
10 -7
4 -5
4 -1
12 -4
-3 -2
-8 5
-3 -2
-4 -2
3 -1
1 1
-1 -6
4 0
-2 1
-10 -12
-12 -13
5 0
-5 0
-3 0
-9 0
-10 1
-4 -5
-4 3
1 6
0 -5
-3 -3
-3 -11
-4 5
-4 -1
-3 1
7 12
1 0
-1 3
0 5
5 8
-6 -1
-4 -4
-1 -1
2 -7
0 6
0 -6
-3 -1
2 -10
1 -1
-3 2
-2 -5
-39 -42
-13 8
-6 -1
3 0
-3 -3
-1 5
7 0
4 -1
4 -1
1 0
-2 -5
5 0
15 -5
0 -9
-14 0
-1 -7
-3 -11
11 -1
-3 -4
-16 3
-1 0
6 3
-8 9
7 0
11 0
-6 0
-8 0
-3 0
0 -7
1 7
-2 -2
1 4
10 40
21 21
-9 -2
-2 -1
0 5
4 -8
-2 -1
-7 1
-4 8
1 0
3 3
0 -1
-3 10
-2 5
7 1
0 0
-11 -25
-7 8
5 0
3 -4
-2 -6
-12 -1
8 -7
-2 -3
-6 -8
3 -5
0 1
-3 1
-2 6
-5 -1
1 -6
0 -1
15 21
146 54
0 2
-4 -2
-2 -3
-3 -4
-5 5
3 4
-14 -3
0 -15
-2 1
9 4
-6 12
6 12
3 -10
1 2
6 -3
5 7
5 0
3 -7
-9 3
6 8
1 -4
-4 4
2 0
0 3
0 -1
-1 -5
-1 -2
-7 -6
0 1
-2 2
-13 33
-34 9
-2 -5
3 2
6 -4
-4 -2
-2 -5
-2 -5
4 -1
-9 11
-2 -1
-8 -1
-3 -8
-6 -2
1 14
-1 4
0 8
7 2
1 0
4 -5
5 -8
-6 -8
-6 7
0 -4
-10 2
3 -3
0 -6
-1 3
7 -5
6 4
-6 2
0 0
6 30
-1 -37
-2 0
8 -3
-1 1
-2 7
3 -3
-8 1
-4 -4
-5 -25
-3 -2
2 -4
10 3
2 1
-2 6
-2 -5
-3 -9
-8 -2
-8 1
1 1
-6 2
-4 -2
1 -3
2 -10
3 0
18 16
-4 4
-2 -3
5 4
10 -3
4 0
0 -1
4 -17
8 -5
-1 1
-12 1
-7 0
1 2
2 6
7 0
3 -8
1 -2
-1 1
2 7
-9 -2
-4 -2
-4 -9
-3 -1
12 -19
21 -5
1 -3
-12 -3
1 -4
-1 -3
-3 -4
-5 2
18 13
3 4
3 -1
-2 -5
-6 0
-10 3
4 -5
-1 -5
26 -12
6 12
-3 -1
-3 -3
0 -4
4 4
-6 -1
-2 -9
1 -1
-7 4
1 -4
-6 0
-4 -10
-8 -1
1 -3
-5 -2
-23 -2
1 -5
-4 -1
-2 1
-1 -2
-2 8
-6 6
0 -1
2 1
-6 -12
-2 1
6 1
-12 -9
0 0
4 2
-3 1
-8 -5
-9 -26
-2 -2
4 -5
-3 -4
-3 -7
6 -5
-3 6
-1 4
-2 -3
-1 -1
-10 -4
13 3
4 -4
-3 2
7 -1
16 -8
-5 5
-2 1
-4 3
0 11
4 -2
1 -9
0 -6
-8 -1
-8 -9
-1 1
-2 9
1 6
-3 -1
-4 3
3 5
-27 24
12 41
-1 2
-1 1
-4 1
1 -7
-2 4
5 4
-2 8
11 11
-1 1
6 2
-4 -8
6 -9
-8 -1
-4 4
-14 -2
-15 4
0 1
-5 -2
-1 4
3 -4
-3 2
-2 7
-2 -15
-13 5
5 -1
-3 1
-5 -3
-8 -8
3 -1
0 -4
14 -30
19 2
1 -2
1 5
1 -1
-4 -6
-2 -6
-1 -7
-8 13
-11 -10
-8 0
-1 -6
1 5
-4 14
1 -3
-5 2
-4 12
-6 12
3 0
4 -3
0 3
-5 0
-2 3
1 -3
5 -4
0 0
1 -2
-3 -1
9 -8
3 4
0 -8
0 -1
-5 -18
-365 295
-3 -2
20 -23
6 -21
-3 -69
0 -6
-7 -2
0 -38
59 -125
1 6
16 -5
1 -5
15 -11
-9 3
-1 -3
-142 28
139 -45
-13 1
3 -14
-4 -39
-16 -14
-1 -6
-14 -2
10 75
36 42
2 -2
2 0
40 2
-12 -38
5 -4
-11 -6
24 61
-246 -27
-8 7
-12 -1
-6 13
17 -22
5 -11
14 0
50 -31
7 82
0 -2
-6 -9
19 23
20 0
0 0
3 -4
36 -101
-128 34
-9 -8
10 -4
11 -1
9 11
-5 -8
6 2
26 67
-90 -23
0 -8
10 -3
-51 -70
-11 0
14 -24
0 1
-98 -399
-187 -50
3 -7
-9 -16
-3 -9
-8 30
-2 5
-3 17
0 78
-75 31
-4 2
0 3
-41 -29
-38 -4
-2 -12
4 4
93 38
-27 -13
13 -7
-11 4
0 9
-9 -38
-1 4
-3 -5
-10 -25
25 -18
6 2
-7 -3
-6 5
17 5
-2 20
0 0
-54 -85
40 30
11 -1
2 12
-6 16
2 41
-14 4
8 -16
-69 -80
-43 -103
-9 -3
-5 1
-24 10
5 16
-8 1
8 -2
-50 7
72 57
-4 -7
-19 1
15 18
-22 -1
2 3
-11 3
-5 -15
91 51
-12 0
-2 -5
46 45
-15 26
-20 20
1 1
-255 -96
134 249
-3 -4
20 -19
-6 4
45 -5
4 0
-5 10
82 17
5 85
4 3
9 -3
34 14
4 -4
8 0
-14 -10
116 -2
-91 60
2 2
9 -5
0 -18
-10 -15
3 -2
-3 4
62 66
-70 -114
13 2
4 5
14 -62
21 22
12 0
-5 -6
136 152
73 -148
-9 2
11 21
12 27
31 49
-2 -3
13 0
-51 35
-4 82
0 -7
-3 8
-20 -13
-21 -10
12 -12
5 -4
-37 -89
65 -128
1 -4
3 0
27 39
44 4
-1 2
-2 -6
-165 -92
7 -4
6 -1
3 -5
-41 20
-14 20
-2 7
-4 -1
120 -91
185 12
6 -4
-12 -3
-1 -15
24 -18
2 0
3 4
-45 -37
-54 -118
0 8
-3 -13
-19 -23
-9 25
-12 0
11 9
-111 138
-27 -125
0 -8
-14 -1
-8 -19
-4 3
-1 -2
-2 0
25 41
42 127
0 -6
-5 -9
13 42
-1 -31
9 -2
-5 3
-19 163
84 138
1 0
-11 -6
-13 4
-36 -42
1 -2
-14 -22
-1 -85
79 20
-7 0
-5 -3
15 54
3 -7
-19 10
-1 -5
51 -108
-2 92
-14 0
-5 4
-41 -28
-12 14
6 -4
0 6
109 -11
-120 -18
-9 0
-4 -2
-28 -46
0 -5
-1 -30
3 0
234 610
475 -323
-4 -8
-24 -23
-19 -3
26 36
0 3
9 0
-22 34
-66 34
1 -2
10 -6
-12 3
-15 -12
0 -2
-8 -12
27 131
-1 -178
-4 0
-1 9
4 -20
-2 16
8 6
-1 -9
-10 23
23 21
-5 -6
10 -7
6 35
7 -5
-16 3
-11 -1
59 72
-57 -3
-12 4
9 -16
-17 -20
10 -8
-6 8
-9 2
-20 -40
21 -89
-14 -4
-7 -12
6 -4
-1 -24
-12 12
-13 -5
-93 -120
115 47
-3 -2
6 -18
0 -7
-48 37
-2 -2
8 3
40 -74
-25 -27
11 12
0 5
9 -43
-11 -23
-6 13
-9 -2
179 59
-171 122
8 1
7 23
20 26
-85 15
-2 -9
1 0
-22 41
-75 21
0 -4
-8 5
10 9
4 12
9 -9
-9 2
50 -44
-95 -51
-4 2
-2 -2
3 30
5 -53
-4 -15
-11 -2
-17 107
-30 -14
-12 10
-13 0
-37 33
1 -2
9 -6
-1 3
186 2
39 -111
4 -7
-6 -1
-21 0
28 0
-3 -2
-3 5
78 -72
44 16
8 -9
-3 1
-38 -18
-8 32
9 -14
21 7
-3 70
134 -21
7 7
-18 6
0 -14
48 -10
-11 6
6 -1
-65 -76
60 4
3 -11
-15 -12
13 -29
7 14
-2 -17
1 -1
-171 200
516 -327
-1 -5
8 11
21 -9
-14 -34
-4 -6
5 3
23 11
10 -14
-6 1
-5 4
5 5
5 -29
-9 -3
-15 -7
-38 -92
-15 214
-7 -12
15 16
23 -12
-43 3
-5 -10
0 -9
25 -51
-105 21
-15 4
4 4
-17 30
33 -13
2 -4
4 -6
-98 -153
54 17
-1 -6
16 5
-10 -1
-12 28
-5 0
-1 8
-37 13
57 -18
-4 1
11 17
49 -25
-10 -18
-5 -5
1 -5
21 118
-108 -46
-5 -8
3 -4
-14 16
42 -27
-12 -11
10 -4
13 64
55 19
5 8
-3 0
-33 -5
-20 -13
13 -43
2 -10
146 186
-269 173
-5 6
-4 -2
3 7
19 -23
-3 -3
-7 -8
-18 -7
-34 22
-2 -7
-6 -15
-20 -12
-12 25
5 0
-7 9
51 99
-58 9
7 11
-3 -13
3 7
-10 9
1 2
-2 5
-2 15
-32 -5
-3 4
-12 -3
17 -14
-1 7
-5 25
-20 12
-194 -56
45 97
-9 5
-31 -9
-8 5
42 -4
5 8
2 6
-31 8
34 -23
1 -14
-3 -8
-19 -7
-7 15
0 -1
10 0
-103 -40
70 -13
8 2
-1 11
3 -19
-34 22
8 12
3 -1
-8 -83
-34 4
4 -9
7 1
66 17
-17 5
-20 24
9 -1
-206 -328
96 142
-9 -1
-9 -1
-1 1
-9 0
-5 -2
-10 -4
-11 0
-7 0
-1 -1
2 2
3 -16
2 -13
7 0
1 0
7 6
14 1
-1 -1
6 0
7 -4
-3 2
0 2
-2 3
2 0
-1 -8
-11 -3
-3 -4
3 0
-2 -6
-3 8
1 4
-6 0
-4 9
2 -3
2 2
-4 -8
-4 2
0 -1
-1 -2
9 4
-8 -4
4 -2
-3 -4
-1 6
10 7
7 5
4 -2
6 1
4 -4
0 -3
0 3
-8 6
-8 3
-5 0
1 -1
-9 -5
14 5
7 1
1 9
0 -2
1 11
2 0
0 5
-16 28
22 26
3 3
1 6
-6 -1
-9 0
-2 0
8 4
2 0
16 -4
-8 6
-5 0
-3 0
0 -3
-13 -4
-9 2
-1 9
-2 2
0 0
0 4
-7 0
-7 -8
-4 0
-5 -5
-2 -4
1 12
0 1
0 2
-6 9
-7 -6
-5 -7
-2 -7
11 -7
3 -4
-2 0
-2 -5
5 1
3 -2
2 -9
2 0
20 -2
10 8
0 2
-1 0
5 -3
2 -1
-2 -9
-4 -4
-8 12
7 7
2 -4
-5 -8
4 2
8 6
0 2
1 -1
-14 22
6 5
-2 1
3 -9
-3 -14
1 -7
6 5
0 -4
-32 17
-1 7
0 -2
0 0
6 -10
3 6
0 0
0 -5
-1 8
-9 0
2 -7
6 -2
3 -2
-3 0
2 -2
2 0
0 -2
-5 -2
-3 2
-3 2
0 -11
2 0
-5 -3
-1 -2
-2 0
-2 -13
6 3
5 5
-7 -5
-1 -7
7 -13
1 0
11 -19
-29 9
0 1
1 0
-7 10
0 -1
-3 5
2 5
-10 -11
-1 10
-8 0
-3 -4
-2 3
0 -3
-5 5
2 0
10 5
-2 -8
-1 -3
-2 -11
-3 -2
-1 0
-2 2
-1 -6
2 -9
-1 -12
1 -4
-4 -3
6 6
0 -8
-5 5
-1 1
1 -4
-2 -20
-1 0
-11 3
3 1
9 -3
-1 -3
-3 0
-1 -8
-5 -10
0 5
-5 7
-6 3
3 -14
0 1
0 -1
-5 -15
-3 -4
4 -1
1 0
2 2
9 -6
-3 1
0 0
0 -3
-8 -6
-3 8
0 -2
0 -2
-8 -6
1 5
0 -2
11 -2
17 -7
0 -4
5 -2
-2 -1
-9 2
6 -1
-2 -5
-14 2
-1 0
0 -8
0 -8
0 -9
-1 8
-2 -1
-5 -2
-1 -4
-13 4
-4 0
1 -4
-1 2
-8 18
0 -8
-4 3
1 -13
-7 -11
4 -7
-3 8
6 3
2 7
-3 -3
0 1
14 -61
209 46
0 1
1 2
6 4
-3 1
3 3
3 4
2 -1
1 -17
3 -3
0 6
-9 -2
7 -1
0 -1
5 2
11 -2
-11 -2
-4 -8
-9 12
6 -8
3 1
1 0
4 0
2 -3
12 0
-2 1
-4 2
-4 -2
7 -8
-6 -6
2 2
11 -3
19 22
-1 5
-5 0
-6 6
-9 -4
-4 2
-11 -6
6 -1
2 4
-2 5
3 -7
2 0
-6 -2
8 -1
-1 -6
-3 -5
-2 -9
-1 -3
-7 -14
3 -6
-14 -7
-3 3
-2 2
-3 0
-2 -4
-2 -3
1 -1
8 2
-1 -5
-5 -3
3 2
19 -14
19 -41
1 -2
-9 -6
0 -5
3 -9
1 -4
6 -2
-2 13
-6 1
-2 -2
-13 1
6 0
-1 -5
-1 1
0 2
3 4
10 -12
5 7
1 0
-1 1
5 -8
1 -1
-4 0
-6 3
5 0
-3 -4
-4 -6
-3 -5
-10 -2
9 5
-4 -2
-19 11
-12 -29
2 -1
12 -5
2 3
-3 2
-2 -2
-2 5
5 -11
6 -4
2 -1
4 6
-10 3
-1 9
-6 -7
-2 -1
-4 0
-4 0
-5 4
4 -1
-3 1
-1 9
3 0
-7 0
-9 3
-4 2
-1 -2
-4 -4
2 -7
1 -2
-12 4
-5 -2
5 -6
-34 -8
-6 -4
-7 -3
-2 12
5 -10
-2 5
-4 1
-6 2
-10 4
-3 3
2 -7
-5 -6
-7 12
3 8
-3 -3
3 6
3 5
-3 0
0 -4
2 -2
-9 0
-3 7
7 3
1 -3
-13 3
5 -9
4 6
7 1
3 -10
-14 1
-2 -2
5 11
-21 11
2 -2
-8 5
5 -2
1 1
-2 -12
-5 -10
-5 1
3 0
-2 1
-2 -1
4 -2
-1 -4
3 -7
-1 1
-6 -4
-19 7
2 4
2 1
-5 3
11 4
4 -3
0 0
-2 -9
2 -2
1 2
0 -4
-3 10
2 15
17 -2
-3 -3
-7 -18
36 6
-4 4
1 4
5 -13
-3 11
-2 1
-2 -5
0 2
-3 8
7 -4
-1 5
-9 -7
6 -7
1 -5
5 -1
-9 5
17 7
-3 -4
2 3
1 -15
-4 5
-6 7
-5 -6
2 -2
4 0
-8 -1
-4 -1
-12 2
-6 1
-8 -6
2 1
-14 -3
-11 -1
1 0
3 -4
-6 14
0 -4
-1 1
-2 7
-7 -2
-11 3
-3 7
2 -3
6 7
5 9
4 0
-3 -2
6 -13
4 3
-7 -6
-3 0
5 7
-5 -4
-3 -8
2 5
-3 1
3 -2
0 1
4 1
0 -9
9 -7
-10 0
1 3
-25 41
-312 312
11 4
0 -5
9 -2
40 -1
-6 -10
-4 13
2 -12
-1 -7
4 -7
1 -2
11 -13
1 17
-5 -5
-1 -10
28 -28
81 -94
12 9
2 -4
-1 -3
-2 13
10 -11
4 5
-8 -69
-13 -46
0 0
-2 4
-14 -9
-13 -3
9 7
3 0
68 1
19 -92
-4 -1
13 -4
-7 23
-43 1
-6 6
-17 -13
-43 47
-26 33
-5 3
7 6
-5 -33
-25 18
10 2
-9 1
-57 9
-27 58
7 -2
0 6
-27 2
31 -18
3 -6
3 2
1 29
0 13
1 0
-6 6
53 29
1 -17
4 2
3 2
-4 32
26 52
-9 -4
-8 16
0 -3
7 7
8 4
6 -8
78 -33
-47 -3
3 2
-12 -1
14 9
4 -40
-2 -2
2 -5
41 -48
40 22
-10 -7
-7 0
5 7
-7 21
-1 6
-6 0
35 -57
25 57
-7 0
-1 -12
-8 -39
0 20
-10 -15
-8 -12
-22 63
-5 -4
-6 -8
-7 -3
20 -27
20 -15
-1 1
3 0
-57 24
7 -77
5 -7
-1 -7
5 29
18 -7
-5 -3
1 5
-2 16
-9 57
-9 7
5 -8
0 -2
-18 22
5 5
-4 -1
-17 28
-24 -30
3 1
9 -9
-59 12
4 -4
-1 -1
-5 0
189 -147
167 -58
0 5
-4 0
-8 0
-20 -6
0 1
0 -8
-11 -8
51 -2
-6 2
-5 1
24 -29
-42 37
-7 7
-9 0
23 25
-11 17
2 -4
0 4
-8 -20
7 -7
0 -16
7 -2
24 31
12 -10
-1 0
-12 -1
57 41
-5 -14
0 1
2 -2
-39 -34
-9 -6
-7 10
16 0
-5 3
1 2
0 5
-4 -7
22 -10
-29 32
5 2
-2 0
-15 25
1 -32
9 0
-5 7
-30 32
8 -8
-10 -3
1 6
-7 -4
20 -11
5 3
-2 -6
-25 -41
6 -16
-2 -8
0 -1
-63 -12
22 -4
-25 1
1 6
2 0
-77 98
2 -16
-3 -1
7 3
27 4
-11 -2
-8 -3
-13 -21
10 39
0 -10
0 0
-1 12
23 -16
-9 -8
2 -3
-49 0
-50 -13
1 2
-6 -4
23 16
-8 -16
-8 5
-4 9
-35 4
-14 20
-8 5
4 -2
8 -19
-14 12
-2 1
-8 -10
-96 46
-65 46
-1 -3
-12 -10
-11 -11
-35 15
0 0
0 3
32 40
27 13
-1 -8
6 -5
-36 -44
5 24
-5 -6
2 0
75 -83
29 -109
5 -2
5 -12
-24 23
13 -26
-4 -13
9 -7
-5 20
-24 -27
-1 -7
3 10
29 22
-18 -3
14 -3
3 -4
22 133
324 219
-2 2
-19 -3
-1 6
16 6
0 -7
2 2
-26 20
-43 -12
-2 -2
-5 1
3 0
-1 -10
1 -4
3 0
25 -1
-22 43
-3 -4
-10 -3
3 -1
34 11
6 3
9 1
-50 22
21 6
5 1
2 -6
-24 -1
17 9
10 10
-3 -2
23 12
28 63
3 9
9 1
-8 -7
-21 -25
8 1
-8 -3
40 -26
-5 -8
-1 5
-4 -5
0 -7
-5 -18
-7 4
-4 5
14 9
-1 -12
-8 2
-5 -5
-5 17
-11 -5
-1 11
-1 3
15 -34
-3 -14
-5 1
1 -9
16 10
-4 -9
-4 -8
4 1
-39 70
-118 -5
-5 -5
0 0
12 1
13 -19
-12 8
-3 -2
-7 -2
-28 10
-2 -5
-4 -4
-7 -12
3 8
0 -9
3 -5
-7 37
56 25
3 4
3 3
-1 -8
-10 12
-8 -11
-12 -9
-9 18
5 2
-4 -1
-14 4
-21 -14
-18 -17
-8 -4
-1 -1
-43 -44
20 8
-3 -4
-8 -10
-7 2
-4 -7
-10 -9
-2 0
14 -7
-6 -11
1 -1
0 2
11 16
-8 0
-3 -5
-3 -4
-3 17
-48 -1
4 -5
1 -3
2 0
-1 -5
3 1
-10 2
0 -18
-19 -12
3 -4
-3 4
2 -6
12 0
-7 -2
-2 -4
11 -34
-14 -157
-1 2
3 6
9 -15
-1 -14
11 0
2 6
-11 -8
45 -8
4 -6
-5 -4
-2 -14
-5 14
-2 -8
-5 2
-4 -10
-57 -31
-13 0
-4 4
1 4
21 -18
-4 -10
-1 4
8 -30
-11 -12
-5 -6
4 -9
4 10
6 -16
6 -5
5 -5
-8 16
31 -37
-4 -2
7 -11
3 1
-24 6
-8 9
4 7
-22 10
2 31
-6 0
7 -6
-12 -7
-2 9
4 -4
-6 -5
-19 -14
-9 -26
-11 -3
1 5
-6 -3
-21 29
-2 -5
-13 1
-3 24
1 27
0 -8
0 0
12 -3
-12 3
-15 1
1 -2
57 -79
45 -31
-1 0
-3 22
-13 0
2 29
-8 -8
-9 -13
-6 9
0 10
-5 0
0 1
-12 -2
13 -13
-7 -6
8 0
-15 -68
21 28
11 -3
7 -4
-2 -8
-10 -17
-1 11
1 -8
-13 10
2 -8
4 6
-7 5
-27 1
8 15
-6 -6
-2 0
2 5
-4 -86
9 0
-8 -1
-4 -3
-18 4
9 2
1 -4
23 -2
-16 -2
0 1
-3 6
18 -8
-11 3
-2 10
-3 4
37 -19
36 10
0 5
-1 5
10 21
12 -1
2 7
10 -3
-17 27
11 -2
-11 0
6 0
25 -6
0 -13
9 9
-7 -4
-73 -33
-40 260
1 -2
4 -2
0 3
0 3
-7 0
-6 10
18 0
4 -3
1 -2
0 -2
-1 7
-2 -2
5 -2
-1 -9
-26 0
-35 -6
-8 -7
4 5
4 -6
-2 -2
8 -4
-8 -4
-15 -1
-19 -4
5 -5
8 -4
-2 10
-4 -3
-5 13
4 0
42 -44
10 14
-3 0
-3 8
0 -1
-4 5
-9 4
-4 5
-15 -2
5 5
2 10
-11 -4
-2 -8
10 6
9 0
-1 -3
-6 10
0 -13
-3 0
2 -5
12 -1
-1 -8
-3 -5
-2 -6
13 2
9 -5
-1 3
0 4
5 -13
0 -7
-3 -7
3 4
-78 -33
-53 -32
0 1
1 0
0 -3
5 2
5 -4
6 -7
-25 11
27 -13
-1 0
-1 -6
1 -1
-12 -8
-12 0
-4 2
21 -9
0 -33
5 0
-4 -7
-3 0
8 6
-2 5
-9 3
4 -10
-5 -6
-7 -2
-4 -4
0 2
4 8
3 -1
-5 -2
17 -26
16 -30
4 1
1 -4
3 2
-4 -6
0 2
9 -1
3 -22
-12 13
-7 -4
-1 10
6 0
-6 -1
2 -9
0 -3
-1 11
17 6
-4 -3
0 5
-9 -1
7 4
0 4
5 6
1 2
-3 -10
11 0
2 -11
19 0
-4 -2
6 6
-9 0
133 -29
27 -24
0 1
-2 5
13 0
2 -9
0 0
-4 -4
-12 -12
-18 -13
0 1
-1 -2
6 -3
1 2
-6 1
-5 4
9 -7
-23 6
-2 2
7 -9
-7 -1
-4 9
0 -6
-3 -6
-26 17
5 -8
-5 -1
-6 11
-4 5
-3 -2
0 3
4 -3
19 -10
1 -12
-7 1
0 8
-4 3
1 2
0 -6
5 -9
15 10
1 5
4 0
0 4
0 3
-2 -2
0 -2
7 -3
-29 14
12 8
4 -2
-7 0
-17 -21
-1 -1
0 0
4 -1
10 -3
-10 13
-6 1
-5 0
-3 0
1 1
-9 -5
1 1
-2 -57
19 24
13 -1
-2 -4
-11 -3
-9 -5
-5 -2
0 4
15 -6
-6 3
-7 0
-7 -7
-10 6
-6 -1
0 -10
0 -3
9 -25
20 9
2 0
0 0
11 7
2 -1
-4 -6
2 2
-7 9
-1 0
4 0
3 -10
-4 3
-4 0
-2 0
-8 -2
-12 68
19 38
0 -5
-1 0
2 -10
9 -5
-1 6
-6 4
6 -1
19 -6
4 -3
2 1
2 -6
4 4
-4 0
-8 3
-23 18
-33 10
-9 -8
7 0
-6 13
3 -9
3 3
-2 0
-2 16
-9 5
0 -3
5 0
-4 -11
-1 -7
0 0
-3 -2
-4 82
145 66
-1 8
-17 -6
-11 -1
1 -12
3 2
0 -1
-4 5
-12 5
-1 -1
-4 -1
-3 2
6 -10
3 4
4 4
-11 -17
27 -5
-4 0
-12 1
5 -16
0 6
-1 4
1 -3
-10 -10
2 2
0 0
-3 -2
5 -4
-6 -9
2 -5
-1 5
11 15
21 -13
1 0
10 5
-3 4
1 -4
-2 -1
-5 -4
-11 -10
2 2
5 -2
2 -1
-1 1
-1 10
-6 -5
-4 -3
-11 7
5 -19
-4 -5
8 1
1 8
-3 0
-7 -8
-2 -2
3 -1
-12 5
-2 -1
3 3
-5 11
8 10
1 8
0 -2
3 -46
6 29
1 -5
1 7
-5 -1
6 -11
-7 0
-1 1
-8 -1
-10 11
-5 0
0 -6
-5 1
-6 7
-2 0
-1 -1
9 13
-21 10
3 3
10 -7
3 -4
-13 9
1 7
-1 0
-3 -5
-7 -6
-2 -5
2 -3
1 -1
-4 3
-2 0
1 -5
10 12
-9 8
-1 -2
-11 -7
-1 -5
10 -7
2 -8
0 2
-20 0
-16 -1
-2 2
-3 1
3 -13
5 -2
-2 -3
1 -1
11 -2
-11 -6
-1 0
-11 7
-4 0
5 -8
0 -1
-3 -1
-10 -11
-11 -8
-1 -1
-7 1
9 23
0 -5
2 1
-6 -2
-22 18
11 -9
-1 2
7 -6
13 0
-2 6
-6 -1
-2 -2
5 -2
7 12
2 -2
11 3
5 -9
-9 9
-5 1
-3 -1
7 -4
3 15
0 -2
4 0
6 3
2 -8
-1 -4
-2 3
-1 -6
13 -7
0 -4
6 -5
-8 -1
5 7
-10 1
-1 -2
-10 2
-42 -2
-3 -2
-4 4
-6 5
-13 0
-3 -4
0 -1
20 4
-3 3
-1 1
-13 -4
-8 6
-5 -8
6 0
0 -1
-7 -29
13 5
3 1
-5 -5
-13 0
-2 -2
6 0
1 -1
-11 20
1 4
0 -1
-5 -2
5 -24
-10 -7
-3 -7
-3 4
39 20
1 -15
-3 0
-3 -7
7 -3
-10 13
0 -1
4 2
6 -1
16 -19
-1 3
1 5
0 2
1 -16
3 6
2 -1
-1 5
-16 -1
-6 0
-11 5
0 -6
0 -4
-1 1
-5 -4
8 4
8 7
-1 2
-2 4
-1 -3
0 -11
5 -1
-3 -3
-35 -18
5 -6
6 0
3 -2
-7 9
1 -1
1 4
-3 -3
9 4
1 -2
1 -2
-3 -2
-6 11
-2 4
-4 -2
-1 -3
-10 12
4 -12
-4 -4
0 -10
5 -7
0 8
-6 -9
2 0
8 3
8 0
0 0
0 -3
-7 -15
2 8
-8 -1
0 -5
-11 14
-3017 3916
2 -22
-19 11
-29 15
-67 -42
-3 -3
7 9
-11 -97
78 -136
28 4
17 -21
26 4
51 67
-1 0
-32 -4
-26 113
-176 250
15 -23
12 -9
-14 13
-16 73
0 -3
12 13
-181 -18
-45 -143
-2 -3
16 -10
-1 -134
32 -50
19 -8
-13 -24
-149 -215
155 -121
-22 9
31 -17
35 0
-46 -129
10 5
-17 -24
-73 6
-64 -120
-19 -11
-11 40
-41 22
-28 -27
-7 -1
-3 3
11 -39
-123 34
-22 6
-3 7
55 -2
-45 6
3 -8
14 1
-16 -53
-160 101
9 -2
-3 -6
-79 72
54 31
14 34
0 19
128 147
352 -335
-9 -8
-32 26
31 -38
48 53
13 -8
14 -24
84 5
50 198
6 -15
-11 -13
-14 6
15 64
9 14
8 18
11 -44
183 -152
-3 -9
-28 20
-52 5
8 -3
-18 -8
8 6
248 -19
191 61
-3 20
-5 -31
70 45
3 42
2 -11
-15 5
-15 170
-156 81
12 19
17 -14
-8 8
75 53
-1 6
-26 14
32 48
12 35
1 -2
-1 8
13 14
-44 -21
-17 -23
15 -6
5 121
-26 -15
0 10
9 -17
-37 -31
4 -120
13 -2
3 -37
-56 -54
31 -26
-6 -6
-11 23
-24 46
-29 -39
-41 -15
20 -4
350 -322
476 -644
-11 -31
-71 25
-9 -23
105 -144
-1 0
23 0
56 -88
166 36
14 -3
3 -19
-30 -3
53 -14
4 19
-20 -11
221 -169
28 22
16 -13
-8 38
-31 5
30 59
-14 -3
8 12
132 -39
61 24
-4 3
18 -19
44 -41
-12 46
26 -12
-10 -11
-139 237
-134 118
0 0
29 -23
47 19
24 33
9 0
-24 -2
-103 19
-180 -114
-13 -10
0 29
-31 -56
-41 -70
-17 -3
17 0
-93 -96
56 -325
-2 16
-6 12
28 1
-4 -77
-4 -9
2 -19
26 -51
-29 -28
-3 -6
-26 7
-17 41
30 1
-41 39
7 12
412 -123
171 -144
-19 16
26 1
44 6
-67 66
-3 -4
-3 -40
104 61
-22 58
-1 -19
-22 16
8 65
5 94
-16 0
7 30
-92 175
-14 149
-22 -12
-35 -8
2 -17
-71 -19
-14 -3
28 6
-46 24
24 55
2 10
-1 -16
-25 7
33 -15
36 0
-10 19
-212 12
-59 16
9 5
19 -21
-54 -12
-5 -41
0 1
-4 20
-61 32
63 -91
-6 -1
4 -6
12 22
-20 -38
-13 -24
-4 -25
169 -39
-64 235
4 7
30 -37
45 -24
13 0
23 -2
-11 -14
-157 59
-70 60
-3 -7
5 22
-55 -4
-30 -28
-20 -9
26 -11
314 -531
551 -2145
15 -4
13 -42
38 -6
-70 10
2 6
-4 10
-82 -6
-73 72
0 10
-9 0
0 -79
26 37
-11 -23
-11 6
-129 30
-47 82
-17 -18
-42 -32
23 16
-56 -17
-15 -6
-21 -6
-105 102
-85 29
16 7
7 3
-94 11
47 -30
2 2
4 4
16 46
-73 -242
-8 24
16 25
-25 -5
-34 55
11 -13
13 -9
-113 45
42 -58
-2 -7
2 -6
-1 22
-21 -16
-7 8
-7 -13
-36 -250
143 186
-16 -8
23 4
42 -2
17 20
21 4
10 7
80 58
-26 114
-18 -10
6 -16
-27 25
-19 -4
22 -13
-18 1
-111 -217
-7 52
7 -15
1 14
-31 -2
104 -72
12 14
19 24
117 -33
49 29
-2 -11
-11 -20
-9 -27
-46 -37
-8 0
-4 -15
106 101
-55 -246
15 -14
15 23
-23 -1
-16 -54
-12 7
0 -6
116 -153
128 7
9 -8
-19 -4
47 -90
26 32
-30 -17
-11 -1
-17 -151
5 226
0 4
-17 -16
9 -9
44 22
-14 -4
-20 -15
30 -81
-30 -23
-9 -1
2 16
83 36
-14 21
24 17
14 1
-8 187
-129 -187
-6 16
-2 8
-42 72
12 10
-2 -1
5 11
-42 -15
-50 -118
-23 -8
-14 -14
35 41
-28 -6
-24 13
-8 -5
-203 271
-280 21
8 -9
-4 -14
-42 8
-39 -109
10 14
3 24
2 -27
-109 -58
-1 3
-6 -9
-49 -20
8 -31
-23 -1
-29 -13
-29 -264
-19 123
2 -23
-16 4
21 -47
-30 -66
1 12
-3 3
59 -141
-36 104
16 -10
-1 2
-41 -45
44 30
29 -11
3 -5
183 116
103 102
-19 3
6 3
3 7
11 70
-3 -11
1 -18
-22 49
-133 -116
-8 -10
2 10
-46 64
-34 -37
11 26
9 -12
-14 57
-19 -85
-12 9
18 18
23 4
31 48
0 11
5 19
5 -75
-67 14
-6 1
-12 -22
-12 -89
-15 12
26 22
-15 5
-363 -61
-196 -118
13 9
16 26
8 -13
77 104
10 3
20 8
38 -11
98 67
-1 -12
-6 -20
54 -72
-13 17
-10 -6
4 -5
127 65
12 -113
6 -17
4 6
-16 29
-3 -28
-2 5
5 -7
32 156
122 10
-16 -10
-10 -4
-22 -20
-17 -34
-31 -34
-18 6
59 -23
79 -144
-3 9
-25 -24
-37 10
-61 -36
-15 -20
-30 -14
-79 30
57 -18
9 17
7 7
46 60
-2 42
-18 -3
5 5
-109 -73
81 185
-6 17
-8 -7
12 11
0 29
15 -23
8 5
-88 179
-8 -43
-19 -8
-4 -7
24 98
-7 -33
11 -11
7 -9
103 -121
215 -55
-4 -2
-5 -10
8 -4
-5 3
-3 1
-3 2
-4 0
5 -21
-5 0
-12 -1
-2 -8
7 -4
0 -3
-2 -1
11 -1
-27 -5
0 0
-8 4
5 -15
-6 -6
0 -2
3 1
-4 -8
17 8
-5 -3
-2 -3
6 7
3 -12
-8 -2
0 -6
-7 -7
-37 -26
-5 0
6 5
-9 3
7 11
1 -5
1 -3
7 -2
-8 -3
0 0
3 -3
1 -2
-13 5
2 3
-1 -2
-10 -22
-7 1
0 0
-1 -1
-4 11
3 -1
2 0
-1 -1
1 1
10 -15
1 1
2 4
-10 3
-3 4
-3 -1
0 2
-15 -16
-1 41
2 0
0 -4
-4 1
-13 17
3 0
0 -4
-3 -3
4 -11
4 -3
1 -4
-1 -15
-3 1
7 4
0 0
5 3
7 0
-3 1
2 -1
1 -5
-4 -4
1 4
-2 1
0 -8
18 3
0 -2
-1 -7
-1 -2
5 4
10 4
0 3
-9 -1
21 21
1 -2
-3 -5
5 0
0 -12
-3 3
-3 1
-2 -5
-13 -7
0 0
-3 4
14 10
-3 5
-9 -6
-1 0
4 -2
-2 2
0 2
4 3
-2 6
7 0
-10 0
-1 -2
-1 -3
3 -2
-1 -2
0 1
-5 -2
-1 0
-7 -1
0 -4
-21 -13
47 -10
1 -6
6 10
-8 3
13 -14
-4 -5
-1 0
-3 -3
-2 14
1 2
4 0
8 10
-1 0
-1 0
-2 0
-1 12
23 -4
6 0
0 0
0 20
1 9
-1 2
-5 0
0 2
-14 -1
-1 -1
1 6
-6 -8
2 4
0 -4
1 1
7 1
2 -25
2 0
-9 0
-4 -12
0 -5
0 0
1 -2
0 9
-7 0
-3 -3
5 -2
-13 -4
0 -6
0 0
0 -2
-2 2
0 10
-7 0
-1 -4
-8 -19
-13 -5
4 -2
0 0
-5 -10
-10 1
4 1
-8 -3
9 3
-4 -5
3 -3
-3 0
15 33
-24 17
-4 -1
-7 -2
17 -1
-10 -15
1 -3
-2 -3
0 0
11 14
-1 -2
-5 5
-5 5
13 0
-2 -2
0 3
-15 3
-2 -9
4 -2
-4 2
2 -9
5 0
-1 -6
0 -3
3 9
-21 11
0 -7
0 -7
4 -8
2 -6
2 1
0 -4
0 -14
5 8
-10 0
9 -4
-10 7
4 5
-5 0
3 3
-1 4
-1 -3
0 2
-1 1
-11 -7
-5 4
-4 1
-1 -1
15 18
-11 -10
1 -2
1 -4
1 8
-14 0
-2 1
2 -2
-5 -2
8 2
-4 5
3 5
1 1
1 -2
-6 -2
1 1
-9 11
229 -156
0 3
8 2
-6 -3
19 3
8 -11
-5 -3
8 -14
-2 23
-2 15
6 -1
-6 14
4 -3
-4 -7
-2 -6
-7 11
-24 -18
1 -7
2 1
3 -12
-5 -1
-5 15
-1 -6
16 2
-6 0
-13 0
3 6
0 5
-8 4
-9 4
-5 2
42 11
72 -53
-1 -5
-7 -5
-3 -9
-5 11
6 7
-3 -1
-5 9
-5 -1
1 -3
-3 2
5 -9
-10 4
14 0
-1 3
28 -42
-3 20
2 6
-2 -6
2 4
16 -7
-11 -12
9 -4
-12 -11
-7 -3
-5 -2
2 4
-17 0
-4 -5
7 -6
-2 -3
48 45
-73 68
2 -2
0 -2
6 13
-18 18
-11 9
10 2
-7 -19
27 14
-4 -3
-7 -1
-4 -6
5 -12
-13 1
-2 -3
14 23
18 -20
0 5
-1 6
-9 2
-8 10
13 -9
-5 -1
-1 11
-14 -14
4 5
-8 -6
13 -3
15 -2
2 2
5 -1
-40 -35
14 14
-6 2
6 -3
-6 8
17 -16
-4 -15
-2 4
10 0
-23 -4
1 -2
8 -9
1 1
8 8
-1 -2
3 3
-10 -16
-12 -1
-3 -14
1 2
4 -11
-13 -1
-1 20
-4 6
-26 -7
24 2
3 -2
0 -3
-6 7
-2 3
-5 -9
-6 0
-48 17
23 53
3 3
-9 3
-2 2
2 -10
-4 3
-7 -1
2 3
6 -7
-8 -3
-5 2
8 1
-20 -10
8 0
-2 1
9 23
7 -7
-3 7
-8 -4
-3 0
-9 -2
-10 -26
7 -5
-14 -3
14 2
-4 4
-8 1
-6 -1
9 4
-5 10
5 4
-6 31
-15 66
-8 -6
-1 0
-3 1
10 12
-7 9
5 -1
0 1
-10 -16
-1 -9
3 6
7 0
-9 -8
3 3
1 0
-16 5
-14 -19
6 2
0 -1
-6 -5
0 0
6 -13
-2 2
23 -17
-16 3
10 4
-5 -4
0 6
2 -8
5 -16
2 3
16 48
-16 -60
0 2
-3 -8
3 -2
-10 -7
5 -5
1 3
-11 10
5 -22
8 9
-2 -2
-4 1
4 0
-4 -11
2 1
-34 0
37 23
2 -5
-1 9
9 -5
2 -14
6 13
1 2
14 14
-9 13
-9 1
3 5
3 -12
-16 -8
0 -2
-3 -8
-6 -27
-38 15
1 -1
-3 -4
-5 1
8 -6
5 2
-10 2
-17 -5
16 7
7 -1
-4 -6
-1 3
-1 13
5 -1
-8 -2
0 18
-15 -21
-6 -6
0 -6
-9 13
3 9
-19 17
-6 -2
6 -17
-12 0
-2 -7
3 -1
2 1
6 8
-6 3
2 -4
-48 -224
229 267
3 2
0 -2
4 -5
14 13
3 1
-9 -7
-34 1
-5 -29
-12 -5
2 3
-12 16
1 2
0 4
-4 -10
15 -17
-34 45
1 1
-9 -8
3 -2
0 13
2 3
-1 -3
-24 6
16 0
0 -5
-19 8
1 -3
-13 -5
0 -7
10 4
-5 44
88 36
-3 -5
-13 2
-14 6
-20 -16
-1 3
2 -6
23 -16
-13 -24
-2 -8
5 -10
2 -31
-4 4
-9 -11
6 5
63 0
-3 39
-8 -2
-2 -2
6 -5
-2 2
-2 7
-1 -5
-27 -47
-3 1
0 -14
-8 -2
15 14
3 -5
5 -1
-2 0
-115 114
-161 -37
0 1
2 -4
2 -1
-18 -4
-5 -6
-2 12
3 23
0 -55
7 1
2 0
-12 0
1 1
4 -1
0 7
48 -10
-19 5
5 -1
9 2
-6 3
-28 2
-5 -5
3 5
-11 -12
-32 -24
0 11
19 -7
-37 19
5 3
-2 1
-9 -6
36 7
-14 -3
-4 -1
6 2
0 -5
21 0
0 -8
0 -7
-2 -5
19 41
-4 4
-1 1
18 3
0 -16
1 7
-12 -11
-41 -35
-22 19
8 1
-8 0
11 -8
8 -5
0 -8
2 1
-11 2
37 10
-1 1
2 1
3 -24
-2 7
-9 -3
0 -8
165 32
21 147
-10 -4
0 2
-14 1
-19 3
-2 8
-1 0
4 -13
9 31
6 -2
0 -7
-2 -14
2 1
-1 -8
8 1
-64 7
-7 -10
0 -2
3 0
0 -17
-4 -19
-6 5
-5 -5
12 0
-9 7
0 5
-5 2
-8 -23
-3 -3
-1 6
-6 -3
40 -24
58 44
-7 -8
-10 -1
6 14
0 -7
1 -5
-1 -3
0 -11
-3 5
7 -9
-12 3
2 1
0 5
-7 0
9 11
-37 14
4 -35
-4 -5
-1 0
11 21
-6 -6
0 -5
0 -3
33 22
2 -14
-1 0
4 -9
3 4
-4 4
2 -8
-7 0
-70 42
-39 -135
0 8
0 -10
6 -12
36 -5
-5 -5
0 2
11 18
11 21
-8 7
13 -5
2 11
13 -10
4 6
-12 -7
-21 14
46 -47
2 3
0 -5
-1 0
5 13
1 2
-1 10
39 17
26 7
0 -5
1 -6
12 -9
2 -4
-7 5
8 0
1 -72
-1 -29
4 0
6 2
-8 10
-6 3
1 0
4 -4
-13 -6
-38 -25
-9 1
1 -7
-15 11
-2 -1
5 -8
-3 -8
18 -5
4 31
-2 0
-8 6
-7 -13
-5 2
0 4
-6 -9
-31 -3
-28 -7
5 -7
-5 9
3 6
0 -5
4 -3
8 0
42 -263
-24 -394
3 -4
2 -16
2 -8
-51 -15
-3 -10
-8 6
7 -21
7 -73
-5 2
9 1
29 59
19 0
-7 -4
0 2
-44 -25
-55 14
2 -5
2 -6
-3 -23
-2 -61
3 3
4 4
13 -82
-54 -53
-3 -5
-2 4
-11 -22
-3 9
-4 2
4 -3
-44 -73
-6 -133
5 -5
-8 11
-6 9
-19 24
-3 -4
9 -8
-17 46
16 78
5 -6
3 3
-21 -21
-10 30
-2 -6
6 -11
-9 58
31 65
5 -5
4 -7
3 -16
11 2
8 -1
-3 -10
43 89
81 37
-6 -1
-1 2
10 4
-19 -3
-2 9
5 -5
-73 -110
-82 -27
-9 4
-6 -9
4 -4
72 -18
5 7
2 -6
49 -12
8 1
-5 0
-7 5
-18 -39
-16 -22
6 5
-4 2
-2 -7
-41 37
-9 1
-7 7
-10 13
12 42
-6 -3
0 -6
-5 2
-24 -29
-7 -7
6 -5
10 -10
14 -2
1 -6
-2 8
23 -5
26 72
0 2
3 -1
8 15
-24 19
-6 -2
-15 10
-17 -4
-53 26
4 8
-1 -8
37 14
1 -29
-2 -4
-12 1
-54 -73
16 -5
-3 4
-7 -2
-22 -10
-18 -5
-4 2
2 6
2 23
-31 -20
6 12
-1 -8
-43 13
19 21
1 -11
-11 0
27 59
13 185
-1 5
4 -6
-15 -9
-17 7
3 2
2 5
-22 1
-49 38
-4 4
-5 7
-19 8
-9 -15
-8 9
8 9
21 -46
1 -93
-3 0
-4 3
-4 -1
-13 18
9 1
2 1
9 0
21 65
3 -2
-7 4
4 7
-15 -29
-8 1
3 12
59 39
18 29
6 3
5 7
10 -16
49 -31
6 0
-9 -7
8 8
58 -54
2 3
1 4
-10 -11
-6 15
-3 16
2 -6
31 28
46 -4
3 1
-9 -7
29 25
8 35
-1 2
-2 2
-59 6
-43 -21
3 7
-1 0
0 -12
5 -4
3 -3
7 8
-18 52
63 -46
-3 -3
-19 -11
-4 11
-20 33
-6 -11
-1 -3
-9 14
-11 -17
4 -1
-1 -8
15 5
29 3
5 -18
-7 -7
77 28
-49 -32
-5 1
7 2
-15 -21
1 -28
-5 -1
-1 -10
40 -32
21 14
-13 -10
4 -3
-40 -18
6 30
-5 5
-2 -16
-26 89
50 10
-1 -6
-3 -6
-9 10
-25 -3
-14 -2
1 11
-30 13
18 -25
-1 -2
4 -5
20 29
-10 6
4 -9
-9 -2
-19 25
-25 5
-4 -9
-1 1
-6 -14
-14 -21
2 -4
-7 1
-30 -43
21 -6
-2 3
-11 -6
21 6
-1 -4
7 5
-7 -4
180 -173
193 64
1 -1
1 -5
-3 -8
-7 -7
-3 6
2 -1
-3 -4
-9 -3
1 0
-5 -5
-5 -6
2 2
2 0
0 0
0 -21
-15 11
1 0
22 5
3 -1
-1 -4
3 -5
0 0
-5 0
3 -2
2 -2
-1 -5
-8 1
5 -1
8 1
0 -9
-4 -1
-29 19
2 -1
-11 -9
6 -6
-1 0
0 3
1 2
8 -6
7 0
0 -7
0 -4
3 -1
-6 0
-5 -4
-10 2
6 1
0 -8
-5 1
-8 12
0 9
-1 -7
-5 1
3 3
-1 0
1 5
2 -2
-2 -3
6 3
0 0
-9 2
-2 0
-47 13
-6 -40
-5 -4
5 9
-3 10
-2 -7
0 -2
-5 -7
2 9
1 3
-2 0
5 -2
-4 -6
0 -3
-7 8
4 -3
-9 -3
0 -7
0 0
-9 -3
0 -5
5 7
1 -1
-4 -6
-9 -2
-9 -3
-6 -3
1 0
-7 2
2 8
-6 -2
3 2
22 -24
33 -6
-1 2
-20 -2
-6 0
4 0
-4 3
0 5
-3 -1
-5 7
0 5
-1 2
7 -2
0 -1
12 -4
1 1
-12 -8
0 9
4 -2
9 -3
5 -4
-10 -1
2 -9
-5 -3
-3 8
7 -1
2 0
0 3
-2 -6
-3 -9
6 -2
1 1
3 3
-15 24
-2 -6
0 -9
-4 -10
-2 -1
0 1
-3 -8
0 0
2 -2
2 0
5 -4
11 0
1 9
-1 -8
-1 -2
-3 7
-19 -9
-1 -4
-6 1
0 7
-4 -8
-12 4
3 5
14 -2
3 1
-5 3
-6 -10
-2 -9
0 3
-6 -10
3 -3
1 14
-4 -2
0 -6
13 0
6 4
4 0
2 -5
-7 1
-7 -1
-8 1
-1 -4
4 3
-15 0
0 3
0 13
-2 1
5 8
2 5
3 1
1 6
-5 -6
6 -2
7 0
0 3
0 3
-3 4
-9 0
0 10
4 4
-1 -6
2 -2
-1 3
-18 30
8 -16
0 5
-16 0
-4 2
8 15
-7 3
1 -5
2 0
-3 -20
0 2
0 0
-5 -8
-5 -12
1 -3
-2 -1
10 5
6 -4
-1 -2
3 4
4 0
5 0
2 -3
-3 -8
0 -7
5 -4
0 1
2 -2
-4 -5
-7 -13
-2 1
0 -2
7 0
13 10
-1 4
-5 -7
-6 -5
-14 -6
9 -3
3 0
0 0
0 3
4 -5
-6 0
6 8
9 8
-2 0
-2 0
-8 -6
-4 6
-2 1
-1 -3
0 5
-9 4
-10 5
4 -1
-2 -6
1 -9
4 -3
0 2
-1 7
14 9
0 5
-1 -2
86 -29
178 -78
-6 -1
7 -7
4 -9
10 2
3 2
-4 -3
2 8
-6 7
-3 -3
1 -8
0 0
-5 -2
-6 -1
0 -1
1 8
11 7
1 1
-4 -2
-4 -7
4 12
-2 4
-1 -7
4 -5
-2 1
-8 6
-2 2
-5 6
4 2
-5 4
-2 5
-20 9
4 26
1 -2
-4 -1
-10 5
-2 -9
2 2
3 10
-11 7
10 1
-1 -2
-1 1
4 -6
6 7
3 1
5 -1
4 -16
-12 -2
1 -2
-13 -6
8 5
3 -5
-1 -7
-4 -6
3 5
-13 -5
-4 -3
-3 -5
11 3
-5 -3
-8 -2
1 -1
22 14
21 -15
-1 0
0 7
-7 8
-2 -13
-2 4
1 -7
-4 11
-4 16
0 2
-3 2
-2 10
0 -13
-2 1
-5 3
-7 6
-3 3
-1 0
2 8
3 7
-7 -8
-5 0
3 6
-3 6
-2 9
7 -2
3 7
-7 -8
-4 9
8 -5
2 -5
2 -20
-19 -6
-5 2
2 -5
4 -12
8 8
-1 -6
-7 -5
7 5
9 -6
0 -1
-1 -8
-2 -9
-1 1
-2 -5
-5 -1
11 16
14 -3
-2 0
11 1
-3 -4
1 -3
0 6
-2 0
-4 -7
-11 1
-1 -1
0 2
9 -2
-2 -6
5 1
0 1
-3 -5
-30 -17
2 3
-6 -7
-11 5
0 8
0 3
0 7
-4 -13
-11 -13
-4 0
10 5
7 -4
-5 2
-5 -10
0 -5
-3 7
4 8
-3 1
-2 -7
-6 10
-11 -12
4 -5
-7 -4
-2 5
1 11
-3 4
-7 -10
8 6
2 -15
-4 -9
3 -2
-11 -19
-26 -2
2 -1
-4 4
-1 -1
1 1
-5 5
5 -3
6 -7
-9 -12
-3 -1
-8 2
-11 3
-7 -2
6 6
-1 0
-6 -12
-1 -2
2 -4
0 2
-6 -14
5 10
-7 7
-2 5
5 -8
4 -9
1 -7
1 1
-16 -6
-3 11
12 1
1 0
-7 -14
32 -10
-5 -3
4 -1
8 -8
-9 -2
0 -12
-5 -2
-1 -5
-2 -2
-4 -2
-9 -3
-5 -18
-2 -1
-4 5
-1 1
-3 -13
-10 -11
-1 1
-2 5
-1 1
0 -3
2 -3
4 -3
-6 -1
9 -9
-1 -3
1 7
-10 -6
1 -2
-6 5
-3 -1
18 1
8 -18
1 -2
3 -2
-8 6
1 -3
2 -3
1 2
-1 -6
-11 -4
6 0
5 0
7 4
-7 0
5 2
1 1
-1 18
17 -2
5 1
-7 -1
4 11
-4 3
-1 -5
-6 -1
0 -5
-1 6
-3 1
2 -5
-1 0
-2 3
-6 -11
0 -2
-13 18
-194 121
-4 0
-15 -26
-4 7
-31 1
8 4
-1 -4
43 22
36 80
3 6
6 -10
39 3
15 -5
5 4
-1 9
157 50
15 12
-20 -1
-12 -3
-4 -4
-19 -6
-1 0
-12 -3
62 -8
-36 -91
10 -1
-1 -3
-3 -29
-9 5
11 -5
-5 -6
-17 -109
-346 -35
-1 1
-11 -21
19 35
29 9
1 -13
12 -11
-61 -32
-55 22
0 -4
2 -5
-18 17
12 33
3 -5
4 -13
-140 82
49 -154
-11 0
-4 -3
6 25
-46 -28
1 1
2 11
-83 -40
75 66
-5 -7
1 -11
-64 22
-20 2
1 -7
-5 3
-55 -249
321 263
-2 -6
7 7
-12 -24
-35 -30
-4 -7
3 16
-19 22
24 -107
-4 0
-13 3
-40 -15
1 -25
-8 0
-1 -4
6 16
88 -47
5 -14
7 2
8 -8
9 -9
-9 1
-4 -4
-38 54
-19 -35
5 -5
-2 3
1 1
35 -18
9 1
5 4
-47 -169
-122 8
18 3
13 8
-23 -14
7 15
-2 4
-2 -5
33 19
52 93
-16 0
3 7
39 30
-15 -13
-19 3
-3 0
-37 48
-99 66
4 -5
0 4
-10 -26
14 12
-4 -13
0 -5
-18 -52
10 15
-10 1
-8 0
30 -63
4 20
-11 -5
0 -4
123 264
529 -160
-6 -16
11 -11
-17 10
1 0
4 -4
5 7
-2 -8
-13 50
3 -4
5 -14
-6 -21
16 -2
3 2
-5 -12
-130 17
40 110
-3 5
4 0
-29 9
-28 -7
-2 16
-3 10
51 58
53 30
7 -6
-2 6
-30 -12
0 -31
4 1
-8 0
-14 168
96 -181
-5 -4
1 16
1 8
-10 -23
-6 3
9 -5
-37 -79
-53 -82
-7 0
0 0
-29 9
-6 5
-13 -1
-1 -22
109 -206
-10 -28
0 -5
0 -1
3 -6
5 2
1 4
11 2
53 34
5 11
-6 8
-1 -7
41 10
-5 -16
-6 23
-3 -1
337 152
62 246
14 8
-8 -9
0 -1
30 -43
5 -11
4 1
-17 -15
32 56
-3 4
-4 2
16 17
-25 -17
4 0
7 15
39 -19
-151 152
-7 -11
-6 1
17 0
6 -19
-3 -12
-7 -9
-54 -84
-76 -29
0 -9
1 -7
-11 -10
10 6
7 -14
0 1
-69 -1
72 -111
3 0
-3 -9
18 -9
16 36
-2 -6
-16 -15
13 65
0 10
3 1
0 -4
51 -20
5 27
4 3
1 3
63 118
46 -124
0 6
-4 2
-18 -4
-8 29
0 -5
-1 8
50 -16
3 10
-4 3
-9 -1
-10 29
-5 18
4 -40
-1 4
-439 191
418 -1468
-9 0
-3 8
-8 18
-2 -40
-2 -2
12 -7
-16 -28
-55 21
17 -1
6 -3
-6 2
20 -36
8 3
-9 -9
-106 -6
22 100
-11 2
26 20
-23 -2
-22 20
4 3
3 -6
16 -72
-85 -4
-11 -3
-5 0
1 30
38 -7
-5 -1
-14 -6
-81 1
45 -350
-7 -3
3 -12
-8 28
26 49
-5 6
-1 6
25 -12
-6 17
-7 -3
-7 4
-20 -3
-7 -15
2 -4
-9 -6
96 -15
28 5
0 10
0 -1
32 -11
31 0
-2 6
12 4
22 121
53 -61
15 -1
9 11
-49 30
-9 19
-2 8
-9 3
268 -41
-104 286
7 -3
6 -2
29 -18
-18 28
-5 -5
-10 -4
74 12
168 -42
-15 0
-3 -4
-28 8
-2 35
-4 1
-6 6
36 139
76 113
0 -2
-9 -18
2 -6
-18 -12
-4 -13
-13 -6
-15 -25
51 36
2 12
-6 -4
19 -14
-31 -20
6 12
8 6
-38 28
20 -71
7 3
-18 -2
0 -25
12 -45
1 -2
-3 3
-68 80
-29 -18
0 -6
5 -6
18 -25
-11 13
-5 -9
18 9
-102 -90
-136 -42
0 -12
-14 3
-7 16
-35 5
-12 -6
1 -3
30 -59
-40 48
-7 -8
-11 -4
3 -33
-6 -3
-20 -27
3 -11
-68 97
17 580
4 -10
-1 27
-1 3
-70 10
-5 0
-3 -5
15 -21
-145 68
-3 -12
-13 0
-32 4
-13 2
-10 -4
-17 -5
-9 -64
-76 -73
5 2
19 7
3 -44
-20 -7
-3 2
-5 -3
-72 90
-16 -55
-9 9
-9 4
-7 27
10 -7
-10 20
-1 3
-33 71
71 10
-5 -9
-5 0
-19 2
54 27
-3 15
1 12
40 -22
73 -85
-12 1
0 14
-11 -5
-23 50
-11 -6
3 1
130 -1
118 69
11 -8
-19 -3
-5 -16
45 -38
-2 6
4 -7
11 -59
57 58
1 2
0 0
-6 -33
-15 19
-15 -3
5 -2
-83 227
-191 -48
-3 10
20 -19
26 24
24 -54
-6 -8
-10 -6
-93 57
38 -26
-1 7
1 -14
21 -9
-1 -18
13 -4
-6 7
-110 -144
-49 -186
-10 4
-1 -16
-6 42
-22 54
-7 -11
1 3
67 -69
-35 -43
10 2
-3 3
-16 61
0 -9
12 -7
-9 4
-2 -185
-41 184
-9 2
-18 1
-1 0
-15 -27
11 -8
4 -7
-2 -76
-56 89
-1 -10
2 -10
32 -31
16 -44
2 -6
5 -11
52 161
70 23
1 1
17 4
14 -4
-6 -1
3 6
3 -1
-11 110
-19 3
-1 -11
7 -1
39 -21
-6 -10
1 -12
-7 -5
-240 -107
216 38
0 1
-3 3
-5 -7
4 7
-3 4
0 4
-4 1
-2 6
-2 -7
3 -11
2 0
8 7
-9 -7
-2 -3
0 -8
21 17
-5 0
0 -3
-1 -9
9 -1
-2 -5
-4 -3
-8 1
-13 -2
2 1
-1 1
-7 8
3 0
-2 -9
1 -5
-7 0
-2 18
0 0
0 -5
-2 4
-14 0
-1 -7
1 5
1 -2
1 8
-3 5
-1 7
6 -8
-4 -3
4 -7
1 0
4 -2
-7 -3
-4 -4
-9 -1
-3 2
2 -6
0 7
0 -6
-11 19
2 -8
-5 -4
2 -3
4 -3
0 -1
0 10
1 1
36 18
-26 -25
-2 -2
3 7
6 0
-3 -6
-2 4
-3 -6
2 -1
-16 -5
2 3
-1 3
1 5
-3 -7
3 15
0 1
-10 -7
-19 -2
0 0
5 0
-3 -2
3 -6
-4 0
-1 4
-1 -6
-1 0
1 7
1 0
-5 7
-6 -5
0 -1
-1 0
4 5
-8 -25
5 0
-5 1
-4 1
-7 -4
0 -2
3 -2
-12 9
2 -5
-2 -8
-1 -7
5 -3
-3 2
-9 7
-4 -2
0 3
3 -10
1 1
-2 0
-6 -10
1 9
6 -8
-1 1
10 -7
-1 5
4 -10
1 0
2 -5
7 2
-5 -5
-1 -1
-8 -51
0 13
-4 0
6 -2
-4 1
-2 0
0 -5
-3 6
-2 3
-1 -4
-4 5
-1 1
-4 -2
-6 7
4 -11
2 1
-10 1
0 22
2 1
2 -1
3 9
-15 5
-2 12
-6 0
9 -5
3 10
-6 1
-2 -7
0 -5
-6 4
0 3
0 -3
-14 -13
-16 -11
-2 -3
-1 1
0 -8
13 0
4 0
4 -5
0 -2
7 -9
3 -3
-1 5
-5 1
5 -11
1 -1
-1 -5
6 -15
-1 1
-5 -6
-3 0
0 -3
3 -2
-4 -4
0 -1
-10 4
-3 -2
1 0
-2 2
0 -3
-7 -7
4 -1
2 1
-29 3
30 8
5 -1
-4 2
-5 9
4 5
0 -1
0 0
0 -11
4 3
0 -2
0 0
-10 6
5 -3
-3 7
0 0
9 14
0 -9
1 0
2 -1
-2 10
-9 12
1 1
-3 -2
6 -12
2 -10
11 -3
8 6
1 -5
-2 4
-2 3
-3 0
14 -1
6 -14
0 0
7 -9
3 -13
1 2
-2 -7
0 -1
7 -1
-1 0
-5 3
-3 -5
5 -6
-1 -3
0 -7
-3 5
-8 12
15 8
2 0
-5 -1
6 -3
0 -14
-3 3
-1 -2
3 1
-6 -6
-6 3
-3 -9
-6 6
-4 2
6 -8
-2 -2
-3 4
187 -122
4 -5
-7 -5
-1 3
6 -8
7 3
-3 4
-1 3
-4 -5
-7 -1
-15 -8
-6 -7
-10 -5
-3 -2
-2 -1
0 7
8 -12
-5 5
-9 6
-6 4
1 -3
0 -5
5 6
-4 -8
-2 6
3 -3
5 0
6 1
-1 -2
-14 12
2 -7
8 10
19 -12
2 5
9 1
5 -1
-10 7
-2 -5
1 -1
-5 5
0 13
4 -4
-1 4
-1 -8
4 -7
-5 -3
-4 0
-7 1
-11 6
-6 -2
-3 3
-4 4
3 6
0 8
-4 3
-3 10
-9 0
-4 2
-3 -6
-5 0
-3 1
5 -9
0 -3
6 10
-1 -22
-2 -2
-13 1
2 -2
0 -7
-3 2
-7 -7
4 -2
-10 13
1 -2
3 3
-3 -3
-3 9
-3 -4
5 -5
2 -13
5 2
7 -3
7 -6
5 -11
-20 -3
0 -1
-3 -12
4 -4
-3 -6
-3 -6
-8 3
-8 5
-5 1
-12 0
0 3
-28 -26
-25 7
0 -5
-4 -3
6 -1
0 0
-1 3
-2 8
-2 -2
0 -11
-1 5
0 -2
2 14
-1 -2
15 -11
-4 2
11 -13
5 -7
3 4
4 3
0 7
12 -4
3 -1
5 7
-6 -6
-2 -8
-1 -6
4 1
4 -10
4 0
-3 4
-3 7
-12 -20
-43 -25
0 2
-3 9
-1 10
1 7
3 -8
2 1
4 8
0 -5
2 -5
-5 3
3 -1
8 -2
-4 0
0 0
5 7
17 -18
-3 0
-7 4
1 4
1 -1
0 -2
-5 -2
-10 1
1 6
-7 -4
-13 -5
3 -9
-3 -3
5 -3
1 -1
-34 11
-8 22
1 6
6 -1
-3 -1
-2 -13
-5 9
-7 8
-1 -2
0 -1
0 2
17 -2
-10 2
-2 8
-8 -4
1 -5
-14 6
1 11
-5 -1
-1 -12
-7 -11
-2 7
9 2
2 0
1 -11
-3 -5
1 10
5 3
0 5
9 -8
1 -7
-4 1
-28 1
9 -13
0 0
-3 -1
-8 2
-3 1
-4 -1
-7 -10
7 4
5 -2
-3 0
-4 -6
-3 0
4 -8
11 -7
-3 -3
-11 0
-13 7
5 3
3 -2
-1 2
3 -1
-2 0
-3 2
2 8
18 6
-7 1
7 -8
1 -1
-6 2
-12 10
-5 -1
20 1
-8 0
-4 -10
1 0
6 -11
2 6
-2 -2
8 -1
0 -7
-1 -8
7 -1
-3 9
0 1
7 -8
-8 3
0 8
39 1
-1 -7
-2 5
1 8
-2 4
-6 7
-2 1
3 -2
-1 0
-2 -1
-1 -3
-6 1
-4 -1
-1 -1
9 -4
-2 -3
62 37
571 384
9 5
-15 4
1 0
-29 -21
-2 -3
11 6
70 -4
28 -59
-2 10
-5 -5
5 -5
-11 -10
-3 5
-3 0
-3 -49
-88 -32
8 1
-13 -12
20 -12
18 7
-1 -10
4 -1
14 -4
-2 -29
3 1
4 -10
12 -25
20 2
3 4
8 0
-6 -20
19 -7
-3 2
6 -5
14 -16
12 11
0 0
-9 0
-13 48
-30 26
7 -1
4 -2
-31 24
1 -17
12 1
5 3
75 25
18 43
-3 2
0 -7
-9 13
-25 18
5 0
-6 5
-58 12
52 26
0 0
7 -6
-35 -16
3 14
-21 0
0 -3
-31 -145
-34 -84
-7 -6
0 -1
-1 21
3 -15
-2 8
-5 -11
-34 1
32 -54
-2 -8
-2 1
26 -10
-27 24
-4 -5
-5 -8
-5 45
2 -85
-4 -2
-4 12
7 12
-23 0
-2 0
5 -1
-42 83
6 -36
-5 0
-15 6
15 42
-7 -19
2 -6
-11 0
-6 0
-21 -4
-3 -6
8 5
-25 -3
-1 12
5 1
-1 2
55 -51
-6 63
-4 -5
-2 1
15 -24
-11 3
-10 1
-4 0
31 -1
21 19
3 -4
8 -3
-25 -13
49 -37
0 -3
1 -8
-25 -67
-22 15
0 -2
-4 -2
-4 -11
8 -10
19 -7
0 -3
-29 53
-293 -109
0 2
-8 -8
3 -10
9 -3
-4 5
-2 0
-1 -11
-30 8
0 -1
-1 7
-5 4
20 -8
0 -3
0 2
-37 -31
35 -15
-14 0
2 0
-7 29
-34 16
-7 2
-2 0
0 -112
31 18
-3 1
-4 -2
-6 -25
-21 16
-12 -1
-5 0
-4 65
59 104
-11 9
0 -15
14 -17
19 -10
1 3
-16 -5
-60 31
5 -18
2 -10
3 1
13 -13
0 19
-3 -3
-2 -3
7 -41
-50 -3
-6 6
4 1
-19 0
11 -36
2 1
-3 0
83 68
-47 -6
-1 -12
-4 6
28 27
-9 -6
-5 2
-5 2
29 -40
57 -42
-1 -10
9 8
-11 19
-45 13
-2 1
-6 -2
6 -15
35 34
-3 -3
-1 -2
-22 9
-18 -1
-1 0
-3 -1
-64 -1
51 17
10 -7
-6 -2
6 -8
24 -12
4 -2
2 -4
-9 -12
-1 2
-5 5
0 -3
-9 -1
12 10
0 -6
0 -5
45 15
-21 57
12 -6
-8 7
-14 -28
27 -12
4 -15
18 3
27 11
-35 -39
4 0
0 -2
-14 27
14 -36
9 0
5 2
-63 10
-48 19
-2 -2
0 -11
35 -8
-20 36
-10 -4
-1 -5
46 31
17 -12
1 -4
9 -5
-34 -18
0 -4
1 5
6 -6
-46 148
-32 -377
8 -1
-1 4
0 -10
8 -24
-4 -1
1 3
13 9
-2 -1
3 -3
-2 -1
16 6
-16 -11
-8 2
-12 -5
-6 -60
21 4
-3 -9
-13 8
-5 4
-28 -13
1 -16
-4 -6
14 -24
-7 46
-4 8
-1 -6
25 12
-1 -21
2 -4
-7 -12
53 16
27 72
-1 -1
-2 -5
-6 -7
3 15
1 -9
-6 8
-21 10
16 -38
2 5
-1 -13
-15 -2
3 -6
-3 -14
-7 -4
4 34
-90 18
4 -8
-4 2
-7 -15
7 8
-2 3
-14 3
-16 35
-13 -12
1 -2
4 4
-11 -13
-7 10
-10 2
0 -3
-60 -49
-15 0
-1 -1
0 8
5 3
-22 2
1 10
-5 -6
-22 0
33 -16
-1 -7
-4 1
-14 -6
-3 -6
-5 3
8 -4
18 -29
-25 -62
2 4
9 -9
3 4
8 -12
3 9
4 -5
-51 49
-14 -7
0 -3
-12 5
-38 21
-3 -2
-1 -5
1 1
66 4
-22 14
-5 7
0 -4
-5 5
10 -15
-8 6
4 -1
23 -3
1 23
3 -4
0 6
-7 -17
-3 21
4 12
6 13
23 19
-17 -37
-10 4
-4 2
4 7
12 25
6 -6
13 11
14 -42
16 8
-6 -6
0 -7
45 -15
-8 -18
-2 8
-6 4
141 -8
26 -20
9 -7
-9 0
-1 -10
-7 10
11 -2
-3 -5
26 22
-29 17
-7 1
-3 -3
2 -3
9 9
-1 -10
7 -8
-10 55
22 -2
6 3
11 -5
2 -2
12 -1
-12 3
-6 -9
26 -21
13 -17
4 0
-11 1
-6 -4
-3 9
5 3
10 0
-23 -69
-60 -41
4 2
-3 -2
-6 2
-20 -10
-4 7
1 -3
-18 -20
-4 4
-8 5
0 3
8 10
-5 -7
-4 -1
3 -8
-57 -44
38 14
-5 10
4 -1
4 10
12 -15
0 8
-1 1
5 17
9 12
-6 -9
2 4
-16 -12
7 1
-6 6
4 -3
-43 -31
58 -68
-2 3
19 5
1 0
0 3
-6 5
-2 3
10 -19
-55 43
4 -11
4 -5
-13 -15
-2 12
-2 1
-9 7
6 8
43 17
2 -11
-1 0
5 -8
-36 15
9 -4
-7 4
14 -32
-8 9
0 3
2 -6
24 12
-15 -13
-13 -10
-9 -2
-56 24
7 13
-12 -5
-16 0
-2 1
16 14
3 -9
4 2
-11 16
21 -34
-1 0
2 -3
-4 0
19 -10
8 2
-7 3
-33 14
36 -1
-1 1
-5 2
0 -4
-4 -13
-5 -2
2 -2
-4 23
4 -24
-6 -3
4 1
-37 -2
1 0
7 1
-16 2
85 213
181 231
-6 6
-5 7
5 4
0 -10
8 0
2 -3
-23 -6
0 7
-1 0
2 -13
8 1
0 1
-5 -1
0 0
7 10
5 6
-1 2
-5 0
-3 -16
-1 0
-4 0
-2 8
3 10
-6 -1
-8 1
-6 9
-3 -2
-9 7
0 1
0 2
0 -14
-62 36
-6 -1
2 0
-10 5
3 5
0 -4
6 -7
18 -8
23 -1
1 2
1 3
-8 7
0 -5
1 -5
9 -15
-12 0
-8 -44
-1 -8
-16 3
1 -14
-2 -8
-1 5
-6 1
-14 23
-1 7
-4 0
-11 -13
7 8
1 -9
0 -1
4 -1
-40 -45
108 52
5 -6
4 2
2 -3
-13 -1
-8 0
-6 3
-6 -15
10 0
3 0
-12 3
0 0
1 -3
-4 -3
-6 5
-14 6
12 14
3 1
19 -8
-3 14
0 11
1 -9
0 -4
4 12
-18 8
3 1
6 -4
-3 -9
1 -2
-4 1
-3 -1
-49 10
21 -17
4 -2
-5 -2
7 0
12 -9
0 5
-4 -4
2 -4
20 1
1 -3
9 -5
10 6
3 -1
1 4
-5 5
-14 -22
-28 -5
-8 1
-1 2
-12 8
0 -6
2 5
3 -5
-16 14
4 0
-1 -3
7 13
4 4
-1 -2
-1 -3
0 -1
-16 24
16 -121
1 2
6 3
-13 -6
6 1
-3 0
8 5
13 7
2 4
0 2
10 -2
-4 -1
-9 0
-5 -3
1 -2
9 -5
3 14
-1 0
-5 2
0 -10
0 -1
-7 6
-7 10
-8 -11
1 -14
2 0
0 -16
1 9
6 0
0 5
-1 -1
33 13
-12 -50
1 -1
0 -3
13 1
-7 -1
-3 0
-3 -1
-23 6
-18 3
-1 -8
-9 21
12 -10
-3 0
3 -5
-8 0
-8 0
8 -6
-3 -10
6 -5
-5 1
2 4
0 -1
-3 -5
4 -10
-2 -8
12 -5
6 -10
-5 -9
0 -5
4 5
-4 4
91 -85
-7 31
-1 -6
-3 5
3 -3
-9 10
2 2
-4 -12
0 0
-20 -13
0 5
-5 -13
-8 -3
8 1
2 0
6 2
11 8
0 19
0 2
-1 4
-2 -8
3 3
0 -7
3 -6
23 -14
2 -8
-7 5
-6 8
2 -18
-7 -4
-2 -9
2 -4
-17 35
-10 -23
0 1
8 -9
-14 3
3 -12
6 -7
9 -2
-19 6
0 2
1 -1
4 3
1 8
-9 2
-6 0
0 -5
29 -5
5 9
0 -2
-13 0
3 8
-2 -8
1 6
-5 4
13 -23
3 10
-6 -3
-11 3
0 -5
-5 -1
5 2
3 -1
-44 12
213 -96
1 2
0 2
8 -9
-1 1
0 -1
0 1
12 2
-10 -6
-3 -2
4 -9
-10 -4
1 -5
-2 -5
-4 2
7 -8
-8 -14
0 1
6 -8
-6 -9
-14 -8
4 -2
0 0
-11 12
6 -10
0 -5
-1 -6
2 0
-4 -5
-7 -1
-1 -2
24 -17
-12 8
-3 2
-5 2
2 7
8 6
-1 -4
-2 -1
-6 -13
6 0
-1 -3
-4 5
-3 3
-1 9
1 -5
1 -5
16 3
-9 -22
-3 0
-4 5
1 3
-1 -6
-3 1
2 -5
3 4
-3 -6
2 2
-9 -3
5 -3
-1 3
-8 -2
1 -3
37 17
27 -53
0 -1
4 -6
7 -5
0 6
3 0
2 -3
1 -2
-6 -1
5 1
1 7
-9 1
1 3
1 8
2 0
-7 1
9 -17
-2 -1
-11 6
-2 -5
-5 -1
3 4
-3 2
3 -1
5 -15
-3 0
7 6
-2 -12
5 3
3 -1
-2 3
-17 7
17 -18
4 -5
-5 5
1 5
6 10
-8 2
-4 2
-11 -2
5 -10
1 -1
-6 -7
0 1
-8 -5
-4 -4
-4 -1
-1 2
-8 8
-1 -3
3 -8
6 2
1 -9
-7 -5
1 -3
2 -4
-1 -5
-4 0
3 -1
3 7
-2 -2
-6 1
0 0
21 13
14 20
-1 -2
2 -7
-15 2
-5 -8
-7 1
0 0
-15 1
6 -17
-1 -1
-7 -2
3 2
3 -3
4 -2
1 0
-4 -3
0 21
4 1
7 -2
-1 -2
2 -3
2 0
-1 -1
-6 -4
-7 10
-1 -2
-10 -5
-3 10
9 -3
-6 -8
-2 -4
-10 18
20 -7
1 1
2 -6
6 -1
-9 -3
-4 -4
1 -2
13 3
-2 4
0 2
1 -4
-3 -2
-5 0
-6 9
-1 -2
2 17
7 1
-5 1
-1 2
-4 -1
-1 10
-1 0
-4 6
-8 2
-3 6
-3 -1
-6 0
2 -8
-11 8
10 4
1 2
-44 16
-31 64
-4 -1
-3 4
-5 -6
-5 -7
-2 -2
-7 -1
4 -5
-3 7
-3 -1
-2 -3
7 -4
0 -13
-2 -11
-3 -4
-10 -1
1 15
-5 -3
1 -5
-4 -4
9 -1
-3 -13
0 -5
-3 -3
-3 9
-4 -2
3 2
-2 2
-6 -11
3 0
-7 -2
1 -19
-29 4
-4 0
-8 1
0 0
-1 -3
3 4
0 3
5 -6
-5 3
-1 1
8 7
-3 -1
2 7
7 2
-1 4
-20 -28
3 16
3 1
-1 6
-3 0
-14 7
-1 8
-2 -2
0 7
1 -1
5 1
0 -2
-13 -2
0 -2
-5 8
2 1
-43 -25
656 884
-4 -3
22 22
-13 33
-109 16
-9 -14
-1 -5
60 -116
63 37
5 7
-4 -2
30 -16
-32 7
15 1
-10 -14
214 -83
126 -4
-8 -8
35 -28
1 44
-28 36
-5 4
7 -11
-1 -15
-54 -78
-2 -7
4 7
-25 -92
14 -15
5 -18
6 -1
60 283
-45 -70
-7 -5
-9 0
4 -42
-45 -103
18 14
-1 2
-70 -7
10 126
-9 -7
2 6
-35 -11
32 29
-17 2
-20 0
-19 -75
-105 78
12 -2
-6 3
36 -6
-46 31
-8 -9
9 11
85 -86
-85 -19
6 13
4 -6
-21 19
15 6
12 32
-9 1
-125 -154
-87 335
18 -3
-28 10
21 -13
63 45
-7 -17
-15 -5
4 42
81 -27
-18 2
12 -18
-5 57
-1 10
9 2
-4 5
-150 136
28 75
-6 4
-15 4
-26 -5
48 38
-15 -2
-12 0
-44 -26
112 27
3 15
5 -15
48 68
-37 17
0 -15
4 -11
-41 -158
-103 -88
-5 12
-1 -5
9 -21
53 -9
12 3
3 0
56 30
-31 -20
7 -13
-23 2
32 -19
-26 -45
-12 0
15 10
76 -104
-15 -212
15 -12
-4 2
-52 -27
27 -75
8 -9
11 -15
-120 115
67 10
-6 -4
-1 5
-41 59
1 -16
-19 -19
-3 -4
99 308
-548 188
0 -12
-9 9
-12 -17
34 -16
-15 -19
-3 -1
54 5
115 -100
-13 4
5 3
-63 19
37 -4
21 10
-9 -21
70 -1
26 76
-8 4
-7 1
9 12
10 25
-18 0
-10 -2
165 -29
-53 -122
1 6
5 1
51 39
-63 11
8 -6
16 -3
38 -77
119 -95
0 -10
-3 5
11 -13
-17 -40
16 2
-2 6
22 83
-132 -68
-2 -12
-12 -4
-9 -46
40 -28
-29 13
3 23
-153 175
-136 91
24 -7
-27 22
-5 -25
16 -20
-10 -13
5 -8
17 -18
-45 -86
-2 8
-6 0
41 11
8 -12
-22 17
-13 -2
78 -36
255 -8
3 4
-12 -5
43 0
-46 56
-1 0
-8 -1
-4 -22
-2 80
-9 0
1 -10
32 46
-6 48
-12 -3
-17 5
50 -198
88 -115
2 -8
-9 -14
-20 -2
-39 48
-6 -9
5 12
-162 23
124 51
3 16
9 -6
-66 16
33 -10
27 -5
-10 -1
7 203
-130 64
-17 7
41 -15
-33 2
39 -38
10 6
12 -12
-77 -48
16 78
0 -22
-3 10
-19 -31
-23 -18
-10 -29
6 -13
29 -68
-20 56
0 -3
14 -20
63 -11
-28 -61
19 -2
1 -3
-68 59
-24 68
-2 -12
-1 -1
-48 -61
5 3
-10 23
3 0
225 204
261 543
-2 3
-1 15
14 -24
35 -93
-4 10
-8 -4
2 -55
-25 -129
5 -4
-2 2
-44 -24
-51 57
-6 -12
1 2
102 0
71 -249
-5 -6
1 -13
26 -21
4 -18
7 -8
0 -10
66 -49
1 -23
4 6
-19 -4
58 -54
17 -16
15 16
-9 5
173 8
-171 263
-6 -1
-14 -3
3 19
63 -67
9 -12
2 7
51 -39
-122 104
2 12
1 12
-14 26
-10 -25
16 16
5 -1
-94 0
52 167
-12 6
-26 -1
-20 -15
-9 -47
-3 2
-4 0
-71 130
-71 -41
0 -18
20 2
18 -7
-16 21
15 -22
-7 -5
-239 -2
-35 29
-6 7
-2 -20
14 -18
-51 11
-6 11
-15 10
-72 15
78 60
-7 -9
6 -9
26 -8
28 3
-12 -6
4 1
5 -19
-165 -195
14 1
7 5
-9 30
-11 31
-11 9
1 3
-30 -9
13 32
10 -3
-5 0
-46 -12
-19 28
-19 11
4 1
-66 109
72 256
6 -1
8 3
-27 -12
-34 85
-5 0
9 -11
-71 71
37 -93
-12 4
-2 2
-12 16
-7 -15
-20 -21
2 -5
93 59
84 22
-6 -15
3 3
24 31
26 -36
6 0
-18 -1
25 -162
33 113
-13 -9
3 -4
47 87
19 -11
-23 30
4 -16
-205 -101
235 -257
-2 3
-15 -30
4 15
99 -13
2 10
-17 1
57 -38
-74 -39
4 -11
0 -8
36 35
57 23
2 7
-7 2
19 -59
132 117
4 8
-12 -8
-52 -10
-15 66
2 7
0 0
-36 104
51 -74
1 3
-8 -6
56 -60
-6 -13
1 -12
-2 6
53 -23
-89 -212
-16 -4
2 -21
20 15
15 -5
0 -13
9 -4
14 81
94 -18
1 5
6 -2
29 13
7 -42
10 6
1 -4
-40 -68
-152 -109
-4 -5
-11 1
2 15
-10 -11
-1 23
-14 -3
-93 32
30 8
-7 -7
12 -8
8 18
19 12
-16 11
0 -2
158 -25
51 -79
-1 7
-1 14
-16 -28
-64 3
-3 1
-11 6
-53 -39
-47 13
-9 8
8 8
-40 -4
-35 5
-13 -5
15 2
0 189
-68 224
1 -3
-11 -6
-1 1
22 -52
-5 -8
0 0
14 -102
-9 28
11 -20
1 9
-12 38
-13 1
14 -2
-3 -6
220 71
120 -99
10 -6
16 15
7 -6
1 -35
0 -6
6 -15
47 -72
-91 57
-5 7
-14 -3
-57 16
-9 20
-23 4
-6 -4
-192 -185
127 -41
-9 -6
5 -5
-5 -46
-28 10
-4 -31
-9 0
64 48
-83 27
-13 0
4 -11
-77 -27
10 13
11 -11
-4 -10
-186 -305
29 63
0 -5
-6 8
-2 2
-8 -6
4 0
0 2
-2 10
9 9
-3 -1
1 4
9 -3
0 -6
5 -3
1 -1
-21 2
13 -5
-3 3
-1 -5
-11 8
-4 -1
2 5
0 1
-2 4
-9 -2
2 2
1 8
-9 -5
-7 4
12 6
1 -2
-3 -7
13 -23
0 -3
-3 0
4 -4
12 1
-8 -1
2 1
-7 -5
9 -3
-2 -1
-3 -5
-6 9
2 2
-1 -12
-5 -2
1 5
4 -19
0 -5
-4 -6
-1 -11
-1 1
-7 -1
-2 0
0 -11
-3 10
-2 -4
-4 -2
1 3
1 -8
-1 -3
-1 0
-21 1
7 2
2 2
0 -8
-11 -1
2 -19
-1 1
1 -2
-3 -1
-3 -6
4 0
1 5
3 7
4 0
-9 4
4 0
-5 -10
14 16
0 -3
-2 6
-3 -1
0 7
0 2
0 -2
-6 -5
-15 -4
2 -1
3 -5
5 -7
-5 -1
-6 -8
0 1
9 2
-2 -4
-2 -2
10 -2
8 -1
-2 1
4 -8
-6 -2
1 1
-1 3
-2 -3
-1 -2
-8 -4
-1 6
-1 0
0 0
-11 8
-1 -1
-2 7
0 -4
0 -2
-1 -11
0 0
0 0
-4 0
0 5
-1 1
-4 -1
-3 -1
4 0
10 3
-1 3
-19 27
-13 41
-3 0
0 -2
1 -4
-4 4
-6 -5
4 0
5 0
1 -5
-3 0
-3 -7
-17 -8
2 -2
8 3
1 0
-2 -16
-28 25
-3 -8
2 -1
2 -8
4 -6
4 -4
3 3
-4 4
-6 -5
0 -2
2 -1
-4 10
1 -3
-8 -2
-3 -1
-5 -3
4 18
0 1
-1 -2
-5 3
-2 0
2 1
0 -3
-4 -5
4 10
0 0
-2 5
11 -1
-3 0
-2 6
0 -2
-2 3
-3 2
-3 -3
0 11
3 10
-5 7
8 -2
-2 -1
17 2
1 3
-4 0
-5 -2
2 -7
0 8
-6 -10
-1 -1
-25 -43
-49 -30
3 -2
3 -4
-1 -7
0 11
-1 -3
-3 0
2 0
-12 -11
0 1
0 4
4 -2
-11 -8
-7 -8
-4 -1
17 -4
-3 -9
-3 6
-4 -12
2 3
9 -8
-14 -2
-2 0
-4 0
14 -12
-1 -5
1 3
0 4
5 3
-2 0
3 2
38 23
1 -19
0 -3
-8 9
0 0
-5 -2
-2 1
-2 -1
9 4
2 -1
0 0
-2 -8
5 -5
-1 -4
5 2
0 -2
0 -10
-3 8
3 -4
5 0
-7 -1
-1 4
-4 2
1 1
5 13
-2 3
4 2
2 -4
-3 -7
0 0
0 10
-1 -3
24 -38
58 -23
1 -5
7 -5
5 -11
1 3
5 -4
-2 4
-4 6
-17 -13
-1 9
1 -6
-4 1
2 -1
-5 5
-6 -10
5 -3
-6 9
-1 3
-2 -5
0 -10
5 5
-9 2
-1 -4
-9 -3
12 1
-7 -10
6 0
-7 -8
-6 -5
-7 -13
-4 3
-9 25
-8 45
2 0
4 5
-5 0
-6 -5
0 4
-1 7
-3 -1
2 -17
-5 4
-7 1
-4 7
-5 5
-15 -5
-2 -7
-7 23
-25 0
-11 5
-7 5
-3 3
2 0
2 -12
2 1
13 -3
-4 -3
2 -4
2 -2
13 4
-5 -8
5 2
4 1
-17 10
-21 -11
-4 3
-1 3
2 4
4 -6
-5 -4
-1 -5
10 -1
-3 -9
2 -14
11 2
-1 2
4 -4
2 -2
1 10
-13 5
1 3
1 -8
8 -7
7 1
4 -2
6 4
0 3
-7 11
11 0
0 7
-5 2
-6 6
5 12
4 12
-6 -3
8 14
-20 -24
-1 -5
-5 -1
-9 2
-2 5
0 -3
-2 -4
-3 -14
4 -5
9 4
-6 -4
8 -7
-5 -10
10 11
3 0
-3 -4
16 -14
7 -6
-6 3
-4 1
-6 0
5 -3
1 -2
13 2
-21 6
-10 9
-2 -3
-8 -7
-1 2
-8 2
1 1
72 -16
-74 -50
-9 1
1 5
-5 -6
-3 -7
-4 2
3 1
9 -2
-9 15
3 -7
-1 -2
-5 6
2 -1
-9 1
-3 1
-8 4
7 10
-3 2
8 -9
-3 -6
-16 -6
0 0
-9 -5
6 -3
1 -6
3 -6
0 -5
-5 7
-9 -7
1 4
1 9
-14 -14
-42 -44
-1 1
-9 6
-4 -7
-6 12
0 2
0 0
-9 9
13 9
-5 -5
2 5
5 1
2 0
-15 1
5 5
11 -23
17 -13
-3 4
-6 3
5 2
17 -8
2 0
6 -7
-7 -2
-8 10
4 8
-12 4
2 -11
7 -3
-4 4
1 2
-48 -37
66 67
0 -4
3 -7
-2 7
-13 8
6 -9
-1 2
-4 -4
12 14
-1 3
-5 -9
-4 -7
-4 -8
8 0
-5 -7
3 -11
-9 23
-3 -1
-6 -4
-6 -5
6 15
4 -1
0 4
-11 1
-10 -15
0 -10
6 -2
-7 3
-4 7
-10 0
-2 -5
8 11
20 -15
5 -3
2 4
1 4
10 -14
-3 6
3 4
3 1
-22 1
-5 8
-3 1
4 1
0 5
7 -4
-7 -8
5 -13
9 15
0 1
3 6
2 -2
-12 -2
-5 -9
-5 3
-3 -1
15 -4
-6 0
-2 -4
-1 -6
-9 -1
14 -8
4 1
36 77
-443 15
-2 -10
-7 4
-6 -6
23 -9
8 9
2 2
19 -11
-4 46
2 -14
-2 8
5 19
-2 5
-12 -6
3 3
-49 -9
27 41
-3 -6
3 -5
2 6
51 -9
-10 -3
0 -1
26 -42
-13 -8
-2 -9
-1 -7
-15 -4
-2 6
10 -2
-8 -6
61 -58
-167 57
7 -4
0 -14
-4 -4
-49 7
0 4
-6 12
-42 24
8 -10
1 -12
2 -3
-8 -5
4 -3
5 -6
-8 -5
-56 -36
2 -40
8 -5
-4 -2
-13 -20
-16 6
0 -1
-2 -6
30 52
6 2
1 -3
-6 0
-26 -7
-1 0
-2 0
-7 -4
-96 -169
161 27
-1 8
5 -4
-1 -8
37 5
-1 -9
-4 -12
16 -16
-15 72
-5 10
-3 -4
-18 -3
10 4
3 0
0 2
-63 -16
-12 34
-2 6
3 4
-7 6
1 -20
4 0
-1 -3
0 -22
41 17
-2 4
6 4
20 -8
-6 -8
-18 -4
8 5
0 -54
-7 -27
-6 1
-6 10
-11 -9
-11 -18
-1 -11
0 0
-17 36
-9 -74
2 5
-2 2
2 4
8 -2
-8 0
7 3
9 -18
25 -39
-5 4
-1 -10
21 -5
-3 -6
-2 0
-3 -1
23 10
-63 4
-9 -8
0 -2
-3 -1
0 -4
7 1
1 2
166 11
76 -195
7 -1
6 -8
-11 7
-16 5
5 0
1 -10
-14 34
-5 -30
-2 -3
4 0
8 -7
-7 -11
3 4
1 0
59 20
12 -33
2 0
-8 6
10 0
-3 -13
-1 -5
6 -10
14 55
-4 -4
-1 12
-4 7
4 -5
-10 -4
2 -10
7 0
-1 72
-8 -47
7 -4
2 2
3 -1
12 -1
-3 1
-1 -7
7 -59
0 28
0 5
-9 -3
7 -29
-4 19
-4 -2
-12 -7
-6 7
-4 4
8 0
4 0
-13 27
-13 5
-2 2
-5 -4
-45 -58
2 -10
0 0
-5 -3
21 -1
-3 2
3 12
5 -9
57 85
84 92
-11 2
-15 1
7 -9
21 -4
-1 4
0 9
20 0
-4 -38
0 -5
3 0
2 1
7 -4
5 1
3 -2
59 2
-80 42
-7 -1
3 -6
12 -24
15 -6
1 5
-1 1
-15 -22
-42 -10
0 -5
6 -6
-16 -2
10 -5
-4 0
-4 4
-93 56
38 -35
-8 -1
6 -5
-22 17
-40 27
-1 -6
-1 8
-17 6
28 33
-5 -12
2 -1
8 28
0 -10
-3 8
2 0
-21 72
30 -21
-5 3
-11 -2
-5 1
-6 4
-6 -4
-2 2
34 13
15 8
-1 0
0 -4
-18 -9
-2 5
13 -7
-13 0
146 125
535 -32
-2 -1
2 19
-2 4
14 8
10 0
-1 -1
-60 -3
28 40
-9 6
5 1
-2 -6
-11 18
-1 -3
2 7
19 71
1 -44
-11 16
9 -3
2 -8
14 -5
-18 5
-4 8
-15 48
6 9
2 9
-7 0
-12 2
-16 -11
1 -13
-6 10
-29 12
127 -155
0 8
5 -4
-10 1
-18 -2
5 -1
-1 0
36 -12
-21 37
3 -2
-3 3
4 11
13 8
0 -8
-2 4
-37 -75
118 -6
-8 -4
-8 13
17 -4
-2 -27
-5 2
8 2
-18 -70
-6 -28
-5 -1
4 1
50 1
-2 -7
4 14
-5 2
135 31
-84 59
5 -10
-3 -7
-6 -1
27 6
-3 1
5 1
31 -18
-47 43
-1 -1
-3 -5
-14 -1
18 -23
-6 6
-6 1
-2 -31
47 -11
9 -15
4 -4
-6 17
4 19
13 -3
-3 2
17 -39
32 37
7 -6
2 1
-38 -16
0 14
-10 -2
2 -5
-80 23
-8 -34
-2 -6
-13 3
9 -4
-14 18
3 -3
-2 -9
-35 26
8 -52
-6 -5
2 6
30 25
2 5
1 12
8 -19
-18 23
35 -21
8 -2
-2 -10
-9 -13
-18 4
1 -2
-3 -12
-3 23
-46 -5
-17 -3
-3 -1
-6 -1
5 -7
2 -11
0 1
21 93
-207 -38
-6 -5
6 0
-7 -9
-18 -13
-4 -2
-5 6
17 8
34 -23
-4 -2
-2 -7
-26 -4
12 14
-6 1
-11 3
-4 -15
-36 48
-9 -8
-5 -2
-1 -8
-8 -6
-4 4
-2 5
-5 10
12 -48
4 4
-2 3
18 7
-12 1
-4 -3
-5 1
-40 -39
67 81
-6 3
-10 -6
8 1
0 -13
-3 4
0 -9
-2 -10
-29 16
0 -2
-8 1
-4 -5
-6 -20
-4 1
-9 -2
91 50
-96 -5
-4 -3
-3 1
4 18
7 -6
9 -6
4 -5
-3 -4
13 28
1 -1
-2 -6
-19 -14
6 1
8 11
-15 -4
-33 24
-97 105
5 -2
1 -1
-1 3
-10 -14
12 1
5 0
-47 -1
54 -84
-3 -2
-3 0
30 18
-18 -15
6 2
6 -3
-55 20
-64 -21
4 1
-3 -4
-4 -11
7 -16
1 0
-4 3
-1 50
-27 -28
2 -4
2 -1
38 10
-6 -10
-5 -4
3 7
0 -120
-58 41
4 5
8 1
-7 5
6 16
-6 -10
-8 -2
44 -32
-9 66
0 -1
1 -2
-43 -21
10 11
2 -9
8 -3
60 15
-55 9
0 7
3 -4
-6 -19
1 17
-8 1
1 -1
3 -21
22 12
-14 3
0 -8
0 9
-9 -1
-2 -4
8 2
-267 -36
42 70
5 2
-3 -5
0 0
8 -2
-6 2
-2 -1
-2 -2
-1 -6
0 -4
-1 -5
-3 -1
-12 2
5 -6
4 1
7 0
-6 20
-7 3
-9 -13
-2 -3
-1 -2
-2 -10
-3 4
9 0
-4 5
7 0
-6 -3
0 -3
-1 -3
7 -1
-2 -1
8 21
10 -5
2 0
1 9
0 0
-2 0
4 5
3 -4
-11 2
-7 -2
3 -5
8 0
0 -7
-2 -7
-6 -12
-5 -5
23 -2
1 -5
-6 -1
-9 -10
-7 5
2 7
-5 6
4 2
1 -15
-4 -7
-1 -2
-6 1
-1 -3
-3 -3
0 -1
-1 -5
1 62
-17 1
-5 -2
14 -9
-1 -2
4 9
2 -8
-4 4
2 2
-4 -5
-4 4
-5 6
12 2
1 -3
3 11
-2 1
-6 0
8 -9
2 -4
12 8
5 5
2 -10
8 2
3 -1
0 -13
8 -3
-1 -1
0 6
-7 -13
0 -1
-3 -6
0 2
21 -11
-4 -22
1 0
-8 -4
-9 -6
-4 -1
-6 -1
-4 -5
-15 8
-5 8
-3 -1
1 -2
-6 0
3 10
-11 3
3 4
-17 12
5 24
2 4
-1 14
-5 -11
0 -6
-2 -9
-6 0
6 -6
-11 5
0 -4
4 -8
0 3
0 6
-1 -7
-2 0
8 -51
39 22
-4 -2
9 7
-5 -7
-1 -8
9 -1
3 -4
-9 10
-4 -13
3 -5
-11 5
-4 0
-5 2
-1 -4
-6 0
-19 7
0 5
-1 -1
-7 -7
-5 13
3 5
-2 -3
-4 0
16 11
-10 0
-6 1
-5 0
-5 -4
1 6
9 6
-2 0
-17 -34
-5 4
0 -5
-6 0
10 0
1 -6
-8 0
-5 0
2 -6
19 0
-1 2
4 -5
15 -6
-3 -8
-7 6
-4 0
-7 3
-7 -6
0 0
-3 14
-1 0
1 -11
6 6
5 -1
-8 6
0 0
-10 -2
0 -9
11 0
-2 1
-5 5
4 0
-111 17
-16 -17
3 -2
-2 -8
0 8
-6 1
-7 1
4 6
8 3
7 -4
-2 -2
12 0
-6 1
0 0
6 -1
6 -10
5 -25
-3 -15
-3 -3
10 -7
4 -7
-2 2
-1 0
-2 0
-14 2
4 5
8 -4
5 3
-2 10
-8 0
0 -5
0 -1
40 -17
-2 4
-2 2
1 0
-9 -6
-3 -5
5 4
1 -6
8 -3
-10 -9
0 -1
0 -3
3 1
5 0
0 -3
1 2
-14 0
-3 9
-4 7
-7 -9
9 11
-2 -3
-10 -2
-1 1
11 0
11 2
0 0
-4 0
-15 -15
3 -4
5 3
-5 -1
-8 -19
-29 19
-1 -5
-9 3
0 -4
1 5
-1 -10
-7 -4
6 -14
10 0
2 -1
-9 0
3 1
1 4
1 3
-1 -5
13 5
-13 12
2 -1
-2 10
-1 0
-1 -2
1 1
2 -6
1 -2
3 -2
-9 -5
2 -11
3 -4
1 1
3 1
-1 2
-12 -4
16 13
2 -3
15 -9
2 -5
-2 3
5 5
-1 6
4 -4
-6 -12
-7 2
-3 -3
1 -1
0 -3
-11 -4
-3 -2
-5 -11
-1 2
-1 2
-6 -1
0 0
-7 4
-1 -3
-5 0
-1 3
3 -1
5 3
-2 8
-10 0
-4 -7
-2 3
-5 1
1 -17
28 7
-3 1
-8 3
1 6
-3 11
-6 4
4 -5
8 -9
5 -5
-1 -1
5 5
2 -6
1 0
1 0
-4 0
5 7
5 0
-3 -1
3 -8
-10 -1
0 -4
-3 4
0 1
2 10
4 4
3 -1
4 -1
-2 -1
-7 -2
0 7
-2 -3
-3 4
-7 -26
-3 0
-2 -3
-5 1
-6 -10
0 -8
0 2
10 -5
5 3
3 0
-8 2
-3 1
-2 0
7 3
0 -1
-5 4
4 -1
-1 -2
6 0
-5 0
1 -4
0 -9
3 -1
-3 2
-1 -1
-4 4
-5 0
-13 -4
4 -4
-3 -5
3 3
-23 30
-12 -57
-3 1
3 5
5 -7
5 -10
-7 6
-4 2
-5 9
-4 9
-3 -2
2 -6
-7 0
-8 8
-3 -4
5 2
3 3
3 -9
-3 2
-8 7
1 -6
-2 6
-6 -3
-6 -2
-3 0
-8 -1
-3 -5
-3 3
6 -4
-3 12
4 7
-1 8
-21 -9
-27 11
0 -2
-1 1
-2 -4
2 1
-1 6
3 1
-22 13
-2 -2
-1 -5
5 -6
-3 1
2 -16
-4 -5
3 1
0 -7
-7 -12
2 -4
1 -12
2 3
2 -5
-1 3
4 -1
0 -17
-5 0
7 -3
-2 -1
4 8
6 -8
-10 -4
-1 0
44 -13
22 17
-1 0
-3 0
-9 3
-1 -3
5 -8
-2 -3
-11 2
-5 1
2 1
-5 3
11 7
-5 9
-1 8
-7 -1
-9 2
2 6
-6 3
4 2
-5 7
-1 -2
-3 -5
3 -4
-4 -1
-7 2
-3 6
0 -3
6 0
0 7
1 -4
3 -2
9 8
7 5
2 -5
-3 -4
2 -7
4 4
0 2
0 5
1 -4
-2 -5
-3 0
-3 3
-9 -5
2 -8
-12 -7
-7 -6
21 10
-12 1
0 0
-3 8
-1 -3
3 -8
1 -2
-8 -3
-11 -9
-2 -10
0 -1
2 -1
0 1
-5 -3
11 4
-1 -1
-10 26
-516 612
-5 -7
26 -12
7 -26
81 -14
-5 5
2 3
-56 29
-90 96
5 0
0 -15
-27 12
-13 -17
-18 4
-9 -1
60 -140
116 -74
-6 -5
37 -14
-14 0
46 -26
-3 -9
1 -9
-54 -60
-56 -124
-3 4
0 7
-5 66
-13 12
-2 -10
-21 -2
-60 95
175 -48
-5 1
-12 21
-10 -2
-17 78
6 0
-1 12
-4 -20
-7 -118
3 1
-1 -2
-6 13
-18 15
-3 -5
15 -5
78 -9
52 107
2 -1
3 4
-10 -38
51 10
0 -5
13 -6
-99 70
56 23
2 -11
10 -6
21 24
18 -9
-9 0
0 3
117 78
80 54
-2 6
-3 -19
-10 -5
34 -20
0 -4
-14 4
81 17
-42 -57
-8 -4
11 0
14 -29
0 -25
8 -10
3 5
-41 134
-146 -12
4 -6
-26 -2
16 6
-26 -5
1 11
-5 5
76 78
-58 53
13 3
-6 -10
14 -65
-15 3
-3 9
5 -4
75 351
239 3
9 0
-16 -12
8 5
-35 -27
-1 -3
11 -15
-16 -6
86 158
-8 -2
-16 1
-13 -29
46 -33
0 8
7 0
69 -157
77 -16
-8 -6
-6 8
15 39
-41 18
1 -6
-22 2
-6 -58
-85 -70
-9 -7
-5 0
11 -24
-19 17
12 14
4 -8
-91 -218
1 -11
-10 -6
29 10
-6 -31
-81 50
0 0
-7 4
-41 -49
-86 -189
-4 -6
-1 -1
18 17
-46 24
8 4
-12 -6
-23 -59
24 -130
2 3
-2 -24
-4 -28
-15 -47
-11 -1
3 -7
-34 -31
53 66
12 7
1 7
7 -12
13 13
6 -11
-11 0
86 -304
-211 138
-4 7
5 22
10 -1
24 13
4 -10
10 5
-1 -71
85 -9
-1 -1
0 3
-11 -6
5 24
6 -14
3 0
-18 191
33 67
3 0
-12 12
-19 10
-20 19
1 -2
-9 -10
116 68
43 96
-5 -6
1 -2
-42 -59
-25 0
13 0
6 -3
-23 158
49 -128
1 1
-22 -19
3 0
28 21
-2 3
-11 2
36 80
5 153
2 7
2 -13
-23 -52
19 -22
-8 4
21 6
58 75
92 -85
1 -4
-4 6
0 -29
37 23
6 6
6 8
-44 -14
-78 -66
9 -8
-2 -20
19 63
8 11
-5 5
-7 -1
-7 -116
-226 118
0 -8
2 0
-13 42
-40 -29
4 -2
0 -20
2 16
-39 -57
-13 1
-4 2
5 24
-33 -22
-18 15
2 -7
-127 -150
-14 3
-9 -2
10 -7
13 14
32 -26
-10 -13
-15 1
-92 -3
26 -83
-9 5
11 0
16 4
1 -18
3 5
2 0
50 -508
-361 310
-4 -2
-32 -5
-18 -10
-21 19
0 1
1 1
23 36
66 -43
-2 5
2 3
29 21
24 9
-16 4
1 3
16 -40
32 46
0 -11
-25 3
22 -14
43 -31
-1 -4
-2 -5
12 -13
28 -11
1 1
7 -15
-73 0
-9 29
5 -18
1 3
111 40
-80 84
-1 -3
5 -10
-1 -17
-44 14
-15 3
-8 -6
-32 -16
-36 16
-5 -3
-4 -8
4 -4
3 23
-6 -4
-6 -3
-17 59
-134 3
-9 11
-16 -9
7 29
-4 -34
-10 -5
-6 5
-16 -13
18 -17
-4 10
-14 -4
11 -31
11 16
0 -12
-6 -2
-197 36
62 66
1 4
2 20
7 28
12 -58
4 -11
4 -1
-41 -27
-46 56
-8 -6
-4 -3
5 -11
-4 -14
11 -9
-5 -9
-56 -129
-52 -119
-3 2
13 5
-6 11
-34 47
6 -1
-3 -6
8 -60
-45 -36
-15 -3
4 0
28 18
16 -30
-6 12
-3 0
-59 2
-77 122
-3 -2
17 -5
-27 -1
18 -1
-2 5
0 8
16 28
66 -1
7 -8
-5 5
15 12
-24 -25
-3 12
1 3
69 31
50 -48
9 -3
8 -6
-33 -58
-4 2
10 1
5 -9
-3 96
1 62
11 -4
-7 1
-17 14
3 -32
6 5
2 -2
81 -197
-157 -70
3 3
-28 -16
13 13
14 31
1 -11
10 0
0 35
29 24
-2 -4
3 -1
-10 -7
0 34
13 1
4 -9
35 127
108 9
-13 0
-3 7
18 40
26 3
-9 -7
6 -4
-30 49
75 32
-13 -5
2 -3
4 11
2 6
9 -2
-5 -7
-82 -25
-104 -80
-5 -8
0 -7
-5 6
10 -33
-12 -2
-6 4
24 -54
-71 -52
5 2
5 -12
-34 -31
-35 -3
5 -8
-7 -5
-64 -53
-20 17
2 4
7 -5
-20 -9
-15 20
1 -3
7 4
25 -51
-64 -32
-2 5
-6 8
24 -11
-13 -33
-4 0
-1 -11
-20 -105
264 -257
-3 8
14 21
-10 -14
-69 9
-4 -3
-8 -3
31 -43
-2 9
-2 -3
-13 8
15 10
10 -22
-10 4
-11 5
4 25
42 111
2 0
-4 -1
2 -28
-18 -32
6 -4
-11 -5
-44 10
-74 -5
-7 6
-2 -6
-33 -31
13 18
-2 4
-5 11
92 136
13 -55
4 -8
-5 -4
1 -14
1 46
6 15
3 2
16 42
13 16
3 -7
0 4
14 7
20 -1
-14 -1
10 2
-15 -82
-10 -15
-2 -1
-1 7
9 24
0 -29
-13 2
0 3
-2 -47
101 -34
9 2
-6 1
0 34
4 18
-12 -16
4 -2
549 25
12 43
-1 -6
3 -2
6 0
-2 -9
-2 -3
2 1
-2 -4
7 0
0 -4
-1 4
14 2
-3 8
1 1
-2 1
4 5
-4 11
-2 -5
-1 -1
4 8
-7 0
2 -3
-1 -7
10 -1
5 -5
0 -5
-4 2
0 -12
-6 -5
-7 -3
-1 -1
-5 -15
14 5
0 1
-10 4
0 0
12 -1
1 -2
0 2
0 -1
2 -3
-2 6
-5 -3
-14 12
11 3
-11 0
-2 1
13 -8
0 5
6 -3
8 -9
-5 -5
0 -1
-1 4
3 -2
0 -5
2 0
-3 5
-4 -4
6 15
-8 -10
-10 -1
-2 -1
-9 -3
-10 4
0 -1
-3 3
5 0
1 7
5 -3
-5 -8
0 -10
5 -11
1 -5
4 0
-2 -9
-2 -3
10 2
3 -3
-5 8
-1 -1
0 0
-2 12
9 -3
-6 0
-2 -3
-1 0
8 0
6 8
0 2
5 3
-3 -7
1 3
9 8
1 0
-3 12
-7 -14
-2 1
10 -3
-13 0
-6 3
-3 7
2 2
1 -6
-6 -1
-6 -5
0 -6
1 9
0 -8
1 -4
0 0
4 15
0 5
-7 2
-3 -6
-6 9
-1 -5
-9 -5
-2 -5
10 8
-3 -10
0 -1
-3 2
-3 5
3 -2
-4 0
-2 1
20 -5
-32 -14
-8 0
-10 6
-4 -1
5 0
1 -1
-2 5
-2 3
-10 -4
-3 -3
-4 0
0 -3
8 -14
-4 0
-4 0
9 -11
-10 -3
-3 -6
3 1
1 -11
9 -3
0 1
0 0
-10 -1
-6 -4
-5 -7
-3 0
-9 5
0 -12
2 -2
1 0
6 -6
9 -5
-1 -3
-5 3
0 -1
-14 -2
-1 1
-10 2
-9 -3
0 11
3 0
-3 -2
2 0
3 10
4 -7
4 -4
7 8
0 -8
1 -2
0 0
-1 -3
-15 9
-2 -5
1 5
-2 1
-1 0
0 1
0 0
0 -6
8 16
6 5
0 2
10 -3
0 7
4 1
14 -4
0 -11
-10 -10
-4 0
6 0
8 11
-5 14
-6 -3
-5 -7
3 -12
-5 2
4 0
-4 6
-17 -6
-2 -7
-2 4
4 -2
-3 0
7 -9
-2 -6
-2 -6
-14 6
-9 0
2 0
0 1
4 -2
-2 2
-4 -10
-3 -4
-11 5
7 3
1 6
-7 3
-1 6
3 0
2 -6
5 1
-5 -5
12 -7
0 2
2 4
-1 4
1 -3
-10 2
-3 1
-15 -8
-9 -3
2 -1
0 -4
-11 0
1 7
2 2
-1 -3
-13 -6
-2 3
0 0
0 -10
0 -8
-15 -21
-8 7
4 -2
-6 -1
-6 61
-1 -3
4 1
-11 5
-2 6
-4 -1
1 -1
-6 -3
-3 3
-6 -1
4 -3
2 4
0 10
-2 -4
-1 7
-9 2
7 -21
-5 -2
3 -12
-3 4
-6 -4
-1 7
4 1
0 1
-4 4
2 6
-1 6
-1 -3
14 5
8 -2
-1 -3
9 -2
3 4
0 -2
-12 -1
0 -8
-3 -2
0 -4
3 -3
-2 -3
-8 0
3 -5
-6 6
-7 1
2 -13
-3 -10
3 0
-8 -6
-9 -1
2 -5
0 -4
3 -10
10 -2
-4 -6
-4 2
-4 5
-2 3
-5 8
-8 -4
-10 1
-10 5
1 0
-5 1
-10 -16
-16 -36
-5 0
10 -2
2 8
2 8
-4 1
-1 4
2 -9
-13 -13
3 1
0 1
0 -3
0 3
4 12
0 -3
10 5
-8 -1
0 0
3 9
7 1
5 6
-5 1
-4 5
5 -12
10 -10
1 -11
5 0
1 -2
-2 -12
-15 1
2 0
4 1
-3 14
3 3
-5 9
-6 4
-7 -14
2 -6
-11 -7
-5 -6
-11 2
-7 3
-3 -9
2 2
-12 7
1 2
-1 1
2 4
4 -3
1 3
-8 2
-4 -3
-13 -1
6 1
-1 -7
1 -16
3 -8
2 -3
4 0
-6 9
-2 -2
3 -14
0 3
12 -7
13 42
2 -2
-10 -3
8 -12
2 -10
-2 7
9 4
-2 5
3 4
2 2
-3 0
-11 -13
0 -4
-5 1
4 3
1 1
8 5
0 5
-1 4
4 -11
-2 1
0 1
3 5
-1 -7
0 -4
-4 5
-4 1
-8 1
-1 9
1 -3
-1 -1
5 3
-11 19
-1 6
7 -11
-8 9
2 4
0 1
-2 -4
0 9
-3 2
0 -2
1 0
7 4
3 -2
1 -5
-5 -9
-5 -2
2 4
-10 -8
3 -8
-1 8
-4 -1
0 1
-6 5
-3 14
-5 7
-4 -4
-4 -5
14 -3
3 -6
-25 0
4 -2
2 9
26 -31
-3 -4
-2 -9
3 4
2 0
4 -7
-2 -4
-2 5
9 5
0 2
-4 -5
3 2
-4 4
0 -1
1 9
0 -8
-4 0
3 0
-4 -4
5 5
-10 -10
-5 1
1 -5
-4 5
-4 3
10 -8
7 4
0 0
1 -5
11 -2
-1 -3
-20 -8
-2 -12
1 -3
-3 11
1 1
4 9
-4 -4
-5 0
10 0
10 3
-1 -2
0 1
-8 -1
1 -2
0 -5
-1 0
-3 4
-1 -4
-1 0
4 1
-2 -5
4 -1
4 6
-1 -7
-4 0
-2 -3
-4 4
-8 -4
2 -5
1 10
-2 8
-6 1
10 -3
-173 84
0 4
8 2
11 -13
4 29
0 -8
-8 -3
-40 74
-4 -114
3 -10
-4 0
-3 22
-30 31
0 -5
-2 -5
-48 -17
-46 6
4 1
-5 9
3 -6
-10 11
2 -3
2 3
-29 35
3 37
-6 -3
-9 0
-39 -30
0 -13
-6 3
-3 5
-33 120
45 26
0 0
5 9
22 -3
10 -28
-14 1
-1 -18
17 -73
25 35
-1 4
-4 3
20 20
12 -52
-9 -3
-11 -1
118 -1
-48 59
6 -5
-3 3
19 -4
-13 16
0 3
-8 -2
80 -39
-27 -31
-9 5
-1 -6
8 -42
24 0
-7 -12
3 0
-58 141
81 -233
-5 -11
-4 -1
-25 18
3 11
2 -2
7 0
-55 -44
-16 39
0 1
1 0
22 -32
4 -4
4 4
5 -9
29 -21
-68 26
-8 -1
9 -10
-20 3
37 -14
0 -6
-2 1
-3 13
-45 12
0 -5
0 1
28 41
-28 -1
6 -7
0 -12
119 95
105 30
-3 -3
-8 -10
-1 0
-44 -9
1 9
-5 2
39 13
10 -29
5 -2
12 -9
-18 2
-12 55
8 0
1 0
-86 -54
21 -9
-10 11
0 -1
-21 -11
23 -6
0 1
8 0
-26 -15
12 -35
8 1
3 2
19 -2
-17 -10
-1 18
-4 5
68 20
-170 195
4 1
-23 9
11 -1
48 27
-1 -12
3 -1
39 -18
-5 79
-4 -3
-18 -6
7 3
5 -48
-6 -2
-4 -1
29 -13
21 -82
2 -10
-8 5
2 9
-28 27
6 -15
-6 -6
45 -45
-9 66
-1 -8
-5 -9
-59 -26
7 9
12 -5
7 -3
31 -93
-148 82
-2 -6
-2 -1
0 22
-32 -5
-9 4
-4 -10
-29 27
2 -68
-2 5
2 -7
10 -5
17 -4
-2 -2
-2 7
-101 31
56 -46
-3 -3
-15 -3
-30 12
13 -21
6 -2
2 2
-26 54
3 -69
-2 -5
2 -7
24 28
-1 18
1 -12
2 1
-202 -150
73 -164
0 -9
5 -3
-14 -7
-28 -5
-4 -2
-5 -7
62 33
-41 -54
7 -5
1 8
-4 -12
0 7
6 -5
0 -4
24 36
31 -50
-3 5
11 -2
23 -10
8 1
-9 5
-3 3
1 -23
41 37
-7 2
-3 11
46 -26
-15 -30
-19 -1
-6 -8
18 -99
-17 39
-3 11
0 -13
0 -35
40 -9
2 2
2 13
-57 17
21 -24
3 -3
1 -2
9 33
-3 0
-5 1
-8 0
-22 -68
2 96
0 -1
15 0
-10 -2
-22 26
-5 -2
9 -8
-35 5
-22 -6
5 2
-3 6
-74 -17
23 -11
-11 6
-1 1
270 72
-59 34
-5 -5
1 -10
6 2
5 -18
0 2
0 2
-16 -13
-29 15
7 -5
-3 -6
9 8
-1 -12
4 5
1 -3
-6 23
21 -1
-3 2
-8 -3
-7 -8
-6 -3
-10 -11
-9 -5
-9 3
-13 -11
8 -4
2 5
3 -13
-3 -7
-9 0
4 0
22 -29
-39 -38
-7 1
-9 5
-9 10
5 15
-11 10
-8 -7
10 9
3 -10
-7 -5
8 -5
-1 8
11 7
3 -9
2 1
-13 17
9 26
1 0
-3 -3
-3 -12
-4 -11
-11 -5
-9 -1
6 -21
10 22
-1 6
-4 6
1 9
-10 8
-10 -15
0 4
47 -52
116 -63
-2 1
-5 5
2 -10
28 16
5 -9
2 3
4 9
-13 -4
-9 7
-8 4
-4 -14
0 -5
-4 -6
0 5
20 7
-12 11
-6 -3
0 1
-8 10
27 -9
0 3
9 3
26 -52
4 -12
-3 0
0 -9
0 5
7 -4
8 1
-2 -3
-44 22
-45 47
8 -1
4 -10
10 -6
-41 -13
8 1
5 2
-34 16
-3 -10
-4 0
-9 -2
2 -9
-8 1
3 6
-10 -6
-29 1
33 -5
-1 -1
2 3
-1 8
-24 13
6 4
-9 -2
0 12
-4 -20
-1 -9
-6 -9
-6 9
3 -8
-7 5
0 -4
-108 -3
-99 115
-4 -3
-10 -1
1 8
-17 -5
-4 6
3 -3
-8 4
-9 -6
5 -2
4 4
1 2
0 -7
-2 1
5 1
28 -38
9 -53
4 -3
5 -9
-1 -4
8 16
3 -1
7 1
-16 9
-6 6
-2 3
-4 9
-10 -14
-1 2
-1 8
-3 -2
23 35
-17 51
-3 6
-1 8
-4 -2
20 -29
-2 -9
-12 -1
23 -1
-3 16
-4 5
1 -4
6 -2
-4 -11
-8 -5
4 3
-4 16
8 8
-1 -13
-2 -3
-3 7
-10 -3
6 15
2 0
-32 14
2 8
1 7
-6 -7
24 6
11 -3
0 -2
-1 2
-10 33
91 -63
-3 0
3 -5
2 -4
14 1
2 -4
1 3
3 -20
19 -17
-4 -1
-6 -6
-6 -7
-1 13
1 0
-3 0
-1 -22
-34 -6
-6 10
0 9
-9 4
1 2
-12 -13
-5 -6
9 21
2 -5
-2 -4
-3 -3
-8 -3
-8 -1
-3 -10
0 1
33 -3
33 -5
0 -10
-6 -3
-2 2
-20 -2
0 9
-1 -5
-1 1
-13 23
-1 -6
6 -4
-8 3
9 8
5 -3
-3 -5
-12 -18
-1 -18
-2 2
-5 1
8 -8
-2 2
-2 -3
-9 -1
-11 -8
-10 11
-1 -16
3 6
-12 -6
1 -1
-8 -3
1 -8
106 -25
-16 -33
-5 -1
-4 -8
5 -2
1 -4
3 -9
-1 -3
21 -23
-4 0
0 -4
5 -2
4 11
3 -11
-4 12
3 7
1 3
-7 -28
2 -13
-5 -11
9 -9
0 -2
3 8
2 -10
17 -6
-9 -16
-6 0
0 -2
14 -5
8 1
-5 6
-3 -4
-27 -2
32 -68
-4 3
0 0
5 7
-13 -1
4 -7
1 -4
3 18
-12 33
-16 5
-6 -3
-15 2
-2 -4
1 -1
8 3
13 10
41 25
2 3
1 0
-4 -4
-1 13
7 -2
2 7
-4 9
3 -8
-1 -3
1 -11
-12 7
-7 9
-5 -2
-3 5
-35 30
-9 -30
0 1
-3 4
1 7
9 -8
-7 3
0 3
17 -11
-12 29
2 -3
-5 -8
7 -5
-3 3
-1 -1
-9 -14
-35 0
0 -26
-8 2
4 3
11 22
-7 -6
-5 -4
-5 -4
-5 -3
14 -10
4 -3
-12 2
9 11
-3 -10
5 5
-2 -1
88 11
33 23
2 0
1 7
-6 1
6 5
-5 4
1 8
0 -8
-27 -27
9 0
6 7
0 1
-3 3
4 -4
0 0
7 20
-19 -3
-2 -4
-1 4
-10 -15
-1 -3
-1 -3
-5 -5
39 15
-21 10
-4 11
6 3
-19 -12
8 -6
-4 -2
4 -6
23 -112
-175 179
-2 1
6 -2
-5 -12
15 -2
4 0
2 -2
-8 8
3 -34
-8 -12
-12 -7
19 4
-9 -20
-1 -4
-10 -4
-18 -12
-6 -17
0 -7
-4 0
-6 -16
-1 -1
-2 -4
-7 3
-6 2
13 0
13 -12
0 -10
-17 -6
-11 7
0 10
-8 5
16 -3
5 6
-5 -3
-3 0
3 10
-20 16
-7 7
1 3
-17 -18
0 9
-1 1
-2 -9
0 4
11 10
-2 -8
0 -11
42 -38
1 17
0 5
0 3
12 -7
2 -7
-6 -1
3 10
-27 -12
-7 -12
3 -5
1 -1
4 8
0 -6
-8 -6
-4 1
-43 -16
13 -5
7 4
-10 10
-3 -4
-10 -4
0 -14
-7 5
-11 2
34 -13
4 3
6 -4
-17 -14
-6 -2
-2 1
3 9
6 17
8 22
1 0
3 -4
10 0
3 11
6 -2
3 -14
-23 -12
-2 17
-13 0
-9 7
5 -3
10 1
-2 -12
0 -3
-4 9
-27 37
-2 1
3 -6
-8 -4
12 -15
1 -4
0 -8
3 6
2 17
-7 8
2 13
0 4
-4 -16
0 -6
3 3
-42 -11
-12 -36
1 -2
4 3
-36 0
6 14
0 -2
3 0
0 6
2 -2
-2 5
1 1
11 6
-2 -2
-1 6
0 -6
91 48
13 67
-2 -7
1 4
-5 6
2 0
-2 -3
-4 0
-6 6
0 11
0 -5
3 -1
5 5
-9 9
-5 -9
-1 -1
-7 11
21 10
1 2
7 6
-3 20
11 4
0 -4
0 -4
19 -4
-15 7
1 1
-1 -3
-5 0
2 9
-10 -1
1 0
-20 14
-19 60
-6 -4
-2 -6
1 -12
-14 -14
-2 -1
1 -2
-5 2
6 9
-1 1
-2 6
-7 -4
3 -12
0 1
-1 0
-6 5
-9 9
-4 -3
-6 -5
-9 -10
-6 -3
8 0
-1 -2
-1 -1
-6 5
0 4
-3 5
12 -7
-10 -5
4 -7
-7 -4
1 40
-3 14
0 4
0 -6
5 2
3 -18
-3 1
-2 -1
-10 10
-15 8
-2 0
4 3
3 4
-2 -8
-4 0
-1 1
-22 -1
3 19
1 -5
-3 -2
0 4
6 1
-9 -8
-3 -1
-18 1
-11 12
-2 -6
4 0
10 8
0 0
-3 -4
2 -3
17 -23
-6 -23
0 0
0 7
-6 5
-4 12
-1 3
-2 3
12 14
3 10
-5 -1
-3 -3
-10 -11
6 -4
7 6
-1 -1
-6 13
21 -9
-1 1
-3 -2
-4 -14
-13 13
3 5
1 1
-4 -14
-1 2
-2 -5
-5 -2
-8 -11
0 1
-4 -2
2 3
-26 -28
8 -36
-6 0
-11 2
-3 -8
-5 9
1 -6
1 -8
12 -3
-7 -9
1 -1
-4 -3
-4 -6
1 -4
-5 6
-1 6
1 21
0 -4
-1 -1
-3 -2
4 -14
-9 -4
1 8
-4 -1
-2 -1
6 -11
-4 -6
-5 -6
-4 1
-18 -10
10 -1
-2 1
-11 -23
-43 9
3 2
5 -2
-1 10
0 -6
1 1
0 1
-5 -14
15 -14
2 5
-2 -4
5 0
5 14
-8 -9
-2 -3
-1 -6
-9 -14
-3 -3
1 5
5 5
9 -6
-3 -6
1 1
13 7
2 -7
-1 0
-1 1
-9 1
18 1
-6 6
1 -5
-16 0
37 -21
1 -1
-1 5
-10 0
9 12
0 3
-3 3
-3 -14
-15 -7
-5 -5
0 -2
-3 8
-13 9
-5 2
2 -2
14 -23
-23 0
1 4
1 -1
-5 5
-8 -3
-6 5
-1 1
-16 -7
15 -20
1 6
2 3
-11 1
-2 7
-6 3
0 0
9 7
13 -44
-3 -5
-7 -7
9 -18
-6 -2
-2 -6
0 -4
-4 -2
-2 2
2 -2
-2 1
6 -3
4 -9
5 -6
-1 0
18 0
8 -6
-1 0
-2 1
-1 1
14 -10
7 -3
-2 -5
13 -12
-6 4
-3 -1
0 1
8 7
-5 -10
6 -2
-2 2
14 -16
6069 3691
-2 5
9 48
23 100
-274 -91
-3 7
-3 14
219 -36
4 11
19 2
7 -15
-146 -136
128 -62
0 -40
5 -11
-350 302
538 86
-16 5
-12 -7
29 -100
-4 -149
18 8
-13 2
-258 -243
-167 146
4 -41
19 -1
-67 57
120 -34
-31 14
20 -17
423 190
-930 168
5 -8
21 -22
-64 -26
26 69
7 -20
19 -25
-227 203
-25 -387
-19 10
-4 22
124 26
-139 39
41 12
-47 5
31 -118
-241 -177
-11 -8
18 4
138 175
-47 146
-18 13
15 17
267 114
132 40
11 16
-6 -13
-212 -100
-27 -39
44 -62
-5 9
-812 -336
-1066 -796
24 -28
3 16
4 98
58 238
-18 -15
16 -1
214 85
399 132
8 16
-6 -28
-70 -182
-47 -53
36 -27
0 -7
-167 -391
158 -331
-8 11
0 58
84 18
-218 32
1 22
-13 0
474 -187
216 237
1 -1
5 -27
-136 20
55 -46
-62 -52
12 -16
-51 466
105 216
3 4
-8 -50
-63 -92
187 -76
3 -15
-22 0
-215 0
-172 -58
-12 -8
-10 19
237 118
-42 81
-8 70
3 11
167 -115
-316 378
11 -25
-1 -25
-115 81
126 -16
-33 -11
20 -16
-90 190
-41 -318
0 14
-12 1
50 -81
-66 12
21 -61
-26 16
-757 -617
-1963 -682
2 -21
-19 47
-11 105
-80 -39
-9 2
13 1
240 -3
370 185
14 11
5 -7
-216 -188
28 -126
27 -32
-12 -29
-176 -52
564 -363
-3 11
-8 54
95 -52
-80 -117
4 32
-8 9
102 -288
88 328
8 -34
6 -9
-119 20
88 -6
-38 -2
36 -26
143 135
-164 338
4 -28
4 -57
-66 -63
234 43
9 -26
-8 -13
-373 103
-160 -218
-21 0
-15 25
185 34
-82 16
23 65
-12 19
98 -313
-512 -191
4 -14
1 2
61 162
32 112
-39 2
16 7
205 226
53 -288
12 33
-22 0
-102 -143
-49 9
38 -34
-27 22
-1248 -336
-1457 -211
24 -9
38 -8
0 79
-21 282
-18 -23
19 -12
111 215
166 -238
-1 16
-10 -5
102 -70
-89 67
22 -16
-19 8
-135 -200
18 -8
-12 -6
0 16
93 101
-172 111
-3 13
-1 4
301 7
229 150
0 2
3 -23
-205 -87
11 -115
-4 -94
0 0
-193 287
238 111
-14 23
-2 -21
-80 -137
-2 -178
20 -8
-18 2
-168 -111
-276 -81
-3 -22
15 8
92 212
22 59
-32 23
0 -10
488 361
-100 397
10 -13
0 -45
-102 -25
190 -69
-8 -27
29 -8
-289 128
-172 -127
-3 7
-9 14
180 -21
-22 19
31 5
-3 12
-2490 -1336
