724303872 0
279117824 -36372480
164495360 -9109504
167903232 -19857408
81002496 -22020096
17235968 -3735552
-19529728 14024704
-46989312 9633792
-49414144 11927552
-35651584 27525120
-19202048 6684672
-6225920 -12779520
10027008 -131072
22937600 786432
24576000 -30277632
21299200 -24117248
11665408 4456448
-5308416 -5832704
-12648448 4784128
-16515072 26673152
-13172736 26476544
-4587520 12648448
-13631488 458752
983040 -7077888
16056320 -23199744
6291456 -24248320
2883584 -11337728
12713984 -7208960
8912896 3932160
-7733248 23265280
-11272192 18153472
-5373952 7471104
-851968 8323072
-4980736 262144
-2686976 -18743296
3604480 -16908288
4128768 -5373952
-65536 -7471104
1048576 2031616
3276800 6619136
-196608 2293760
-1441792 9240576
-1114112 8781824
262144 2752512
131072 -851968
-3670016 -655360
-3735552 -7012352
-2228224 -11534336
-1376256 -6750208
393216 262144
4784128 393216
4063232 4849664
2424832 9568256
-393216 6160384
0 1376256
-2097152 1441792
-4063232 -3080192
-655360 -9437184
-196608 -5701632
-1310720 -2228224
-720896 -2228224
1507328 3473408
2359296 3407872
262144 2162688
393216 2228224
1638400 720896
-131072 -1441792
-1769472 -524288
-2424832 -1703936
-3801088 -3080192
-2752512 -1572864
-1441792 1376256
262144 1769472
2883584 327680
5046272 1572864
3342336 1245184
-327680 -1245184
-589824 -1507328
-2424832 -393216
-3801088 131072
-2359296 -720896
-786432 -851968
196608 131072
1245184 65536
1245184 -196608
1572864 -327680
1703936 -393216
524288 -65536
-1114112 -524288
-2031616 -262144
-1769472 1245184
-1703936 -65536
-1572864 -393216
327680 -327680
983040 -131072
1179648 -327680
1179648 -131072
589824 -65536
393216 -262144
-524288 -458752
-1507328 -393216
-1376256 -851968
-1376256 393216
-983040 720896
131072 -65536
655360 -720896
589824 -589824
131072 -589824
458752 262144
655360 786432
-131072 720896
-720896 -65536
-917504 65536
-786432 -262144
-851968 -1572864
65536 -1507328
655360 -458752
262144 -458752
524288 262144
196608 786432
-589824 262144
-1114112 327680
-1245184 458752
-851968 -655360
-262144 -851968
0 -196608
-196608 -65536
327680 -720896
917504 0
327680 393216
-131072 -262144
65536 -196608
-196608 524288
-786432 262144
-1179648 -851968
-1114112 -720896
-589824 -589824
196608 -1114112
524288 -589824
262144 131072
655360 131072
65536 1179648
-786432 1179648
-786432 -131072
-917504 -393216
-720896 -262144
-131072 -1048576
655360 -1114112
524288 -589824
131072 262144
589824 262144
720896 393216
131072 -262144
-917504 -1048576
-1376256 -720896
-1376256 524288
-1507328 0
-524288 65536
393216 -131072
589824 -327680
1114112 -196608
1179648 0
983040 -196608
327680 0
-1572864 131072
-1638400 -327680
-1769472 -1507328
-2031616 -65536
-1114112 196608
524288 -196608
1703936 65536
1572864 0
1245184 -196608
1245184 -393216
196608 -458752
-786432 524288
-2359296 393216
-3735552 -458752
-2424832 65536
-589824 1179648
-327680 917504
3342336 -1572864
5046272 -1966080
2883584 -589824
327680 -2162688
-1441792 -1703936
-2752512 1245184
-3801088 2686976
-2359296 1310720
-1769472 196608
-131072 1179648
1638400 -1048576
393216 -2490368
327680 -2621440
2424832 -3801088
1507328 -3866624
-720896 1835008
-1310720 1835008
-196608 5242880
-655360 9043968
-3997696 2686976
-2031616 -1835008
0 -1769472
-393216 -6553600
2424832 -9961472
4063232 -5242880
4784128 -786432
393216 -655360
-1376256 6356992
-2228224 11141120
-3735552 6619136
-3604480 196608
131072 524288
262144 -3145728
-1114112 -9175040
-1376256 -9633792
-131072 -2686976
3276800 -7012352
1048576 -2424832
-65536 7012352
4128768 4980736
3604480 16515072
-2686976 18350080
-4915200 -655360
-917504 -8716288
-5373952 -7929856
-11272192 -18612224
-7733248 -23724032
8978432 -4390912
12713984 6750208
2949120 10878976
6291456 23789568
16121856 22740992
983040 6619136
-13565952 -983040
-4587520 -13041664
-13107200 -26804224
-16449536 -27066368
-12582912 -5242880
-5308416 5439488
11665408 -4915200
21364736 23592960
24576000 29818880
23003136 -1245184
10092544 -327680
-6225920 12386304
-19136512 -7143424
-35586048 -27983872
-49348608 -12386304
-46858240 -10223616
-19464192 -14483456
17301504 3276800
81002496 21495808
167968768 19267584
164495360 8585216
279183360 35782656
397672448 -242286592
-163381248 87359488
-49807360 40239104
-81985536 21757952
-53346304 21823488
-12779520 -19202048
-3538944 -30867456
9306112 -9175040
27590656 -12779520
31850496 -24051712
10813440 7340032
6356992 20250624
1966080 7471104
-8978432 12845056
-11075584 25231360
-11599872 3145728
-22937600 -19988480
-19005440 -8716288
-5963776 -12713984
13238272 -15007744
17235968 -7798784
19398656 -720896
30670848 11862016
6488064 18350080
-16842752 15532032
-11141120 6881280
-14090240 -327680
-24182784 -7077888
-14876672 -13434880
7077888 -14221312
13697024 -5767168
15335424 65536
13893632 2228224
11403264 1179648
3080192 4980736
-6750208 8847360
-13697024 6094848
-13172736 5242880
-8716288 -1703936
-7733248 -1638400
-4456448 -3866624
5701632 -13565952
14680064 -7798784
11534336 -2555904
7667712 -1900544
6356992 4063232
-4587520 11010048
-13631488 11468800
-9240576 8323072
-6488064 1310720
-7340032 -5242880
3670016 -10223616
8388608 -11075584
5570560 -6488064
4980736 -1507328
5767168 2949120
1703936 5898240
-4915200 7995392
-3997696 5308416
-4063232 3538944
-3932160 1245184
-131072 -5111808
131072 -6225920
-786432 -6553600
1179648 -6291456
1638400 -589824
1048576 3407872
2097152 1703936
2555904 3276800
-327680 5242880
-3670016 2883584
-2228224 -131072
-2031616 -1179648
-2097152 -1507328
-589824 -4194304
1114112 -3997696
2097152 -917504
1245184 655360
1966080 1245184
1441792 1507328
0 1835008
-393216 983040
-1966080 196608
-2424832 -393216
-1376256 -851968
-393216 -720896
-65536 -1245184
131072 -2097152
786432 -851968
983040 65536
65536 393216
393216 1048576
262144 851968
-1048576 917504
-1048576 655360
-524288 -131072
-196608 -589824
-262144 -589824
-65536 -917504
458752 -1966080
327680 -1310720
-262144 -589824
-131072 -327680
262144 1310720
196608 1703936
-262144 917504
-720896 393216
-1114112 0
-1048576 -655360
-262144 -983040
327680 -1048576
589824 -917504
720896 -524288
393216 393216
393216 917504
131072 393216
-655360 131072
-720896 65536
-458752 -851968
-262144 -786432
-917504 -458752
-917504 -1179648
-65536 -393216
0 1048576
65536 131072
917504 131072
917504 983040
0 655360
-196608 -458752
-262144 -786432
-1310720 -917504
-1310720 -1179648
-393216 -655360
-131072 -196608
393216 458752
1376256 983040
655360 655360
-196608 196608
65536 -786432
-720896 -1179648
-2228224 -524288
-917504 -655360
0 131072
-786432 1048576
0 327680
1179648 262144
851968 524288
720896 -655360
720896 -1048576
-196608 -458752
-720896 -262144
-524288 -720896
-786432 -393216
-1179648 -589824
-1376256 -393216
-655360 458752
786432 1048576
786432 393216
720896 0
589824 -262144
-65536 -983040
-524288 -1048576
-720896 -458752
-1179648 -327680
-524288 393216
-65536 917504
0 1048576
65536 262144
786432 0
786432 -655360
-589824 -1310720
-786432 -1703936
-393216 -1638400
-786432 -65536
-655360 1310720
196608 327680
262144 720896
-196608 2359296
-262144 1245184
0 -524288
917504 -524288
0 -1245184
0 -3670016
-589824 -3473408
-851968 196608
-327680 1048576
-786432 2555904
-65536 3080192
1048576 1048576
2097152 196608
131072 -1245184
-1245184 -3080192
524288 -3145728
-1376256 -1376256
-4194304 -1114112
-3211264 -917504
-1900544 2097152
524288 6553600
3342336 2621440
5308416 196608
7340032 1900544
1310720 -3866624
-2883584 -5177344
-5308416 -1310720
-8716288 -2752512
-5636096 -4521984
-3080192 2949120
1638400 7405568
7929856 3538944
11730944 4063232
7667712 851968
1966080 -7274496
-3145728 -9502720
-11010048 -7208960
-13828096 -2293760
-5177344 7077888
-393216 9175040
-393216 10878976
11730944 4587520
14745600 -3145728
1572864 -4849664
-1507328 -18284544
3735552 -15400960
-5177344 2359296
-17694720 5636096
-11206656 7995392
-2883584 20185088
3211264 18219008
8388608 -3014656
14680064 -10092544
13893632 -15663104
5636096 -21561344
-11010048 -9764864
-17956864 5111808
-11272192 3604480
-10616832 13959168
-1900544 24903680
10747904 15204352
25821184 -8847360
23920640 -12451840
196608 -1114112
-6684672 -26214400
-20709376 -24969216
-33554432 12255232
-15925248 11337728
1114112 262144
10223616 21430272
36765696 23461888
35127296 -5963776
15466496 -7667712
6750208 -14483456
-10944512 -22544384
-61079552 -11337728
-95617024 13565952
-69992448 51838976
-128843776 44433408
-150208512 -45678592
29163520 18874368
-28770304 -25296896
-23724032 -11862016
1441792 -15532032
-13500416 917504
6619136 11993088
21168128 -1638400
0 -3342336
-10354688 16449536
2424832 2555904
-7077888 -10813440
-11730944 -6553600
4521984 0
1376256 -14614528
-6160384 -8650752
12517376 16908288
8650752 14221312
-4063232 8323072
327680 4259840
5439488 65536
-5505024 -6684672
-18743296 -16515072
1441792 -6422528
9830400 1769472
-2555904 1310720
2359296 3866624
9437184 4325376
3014656 2424832
-262144 4587520
-262144 2686976
-5898240 -2621440
-2490368 -6750208
-4980736 -524288
-11927552 -327680
-2490368 -6750208
10485760 -2424832
6619136 -327680
2686976 1703936
9371648 -524288
4194304 5570560
-6160384 13172736
-7602176 1245184
-5898240 -4521984
-8978432 -3604480
-6291456 -8781824
4063232 -6553600
8060928 -393216
6881280 262144
8323072 2555904
6225920 7077888
-4390912 4653056
-5898240 1245184
-5439488 1572864
-6225920 -393216
-4653056 -5177344
-917504 -3145728
2555904 -3670016
2555904 -2359296
4849664 196608
5505024 2097152
3211264 1966080
2555904 65536
-1441792 2949120
-7012352 3014656
-7143424 -1638400
-3473408 -1245184
-1572864 -655360
65536 -4194304
3407872 -3997696
5832704 -458752
3145728 1048576
1769472 2555904
327680 2228224
-2490368 1638400
-4063232 1703936
-3670016 1114112
-1703936 -1376256
-393216 -2097152
1835008 -1245184
2424832 -1966080
1048576 -2031616
1376256 -589824
786432 524288
-1179648 1114112
-1179648 1703936
-458752 1376256
-1114112 589824
-1638400 -65536
-655360 -589824
720896 -1048576
589824 -1179648
65536 -720896
393216 -1048576
65536 -327680
-196608 655360
196608 589824
458752 458752
393216 393216
-131072 327680
-655360 -262144
-1114112 -393216
-1441792 -393216
-720896 -589824
262144 -524288
327680 -917504
458752 -983040
131072 65536
-589824 917504
-196608 1179648
393216 1310720
-65536 786432
131072 0
983040 -458752
-131072 -917504
-786432 -1572864
-262144 -1835008
-1048576 -851968
-1310720 327680
-131072 393216
1179648 524288
720896 1572864
262144 786432
458752 -458752
-327680 -131072
-1376256 -983040
-1310720 -1769472
-851968 -524288
-393216 65536
327680 262144
786432 1048576
393216 917504
720896 -65536
917504 0
-458752 -720896
-917504 -1245184
-262144 -458752
-917504 -196608
-1507328 -327680
-720896 0
131072 393216
-131072 589824
851968 0
1638400 -262144
327680 458752
-458752 0
-393216 -262144
-851968 0
-1179648 -524288
-655360 -589824
393216 327680
851968 -196608
1179648 -917504
196608 -589824
-655360 -524288
-524288 -196608
-524288 655360
-655360 589824
-458752 196608
-524288 327680
-65536 327680
-458752 -458752
-65536 -524288
524288 -524288
65536 -524288
458752 -131072
1179648 -327680
458752 327680
-196608 589824
-1310720 -524288
-1048576 -655360
-1703936 0
-2162688 327680
-655360 -327680
983040 -65536
1179648 262144
1966080 -720896
2293760 -1376256
1245184 -262144
-458752 262144
-1966080 458752
-3211264 786432
-4718592 1245184
-1835008 2293760
1507328 720896
2424832 -1245184
5177344 -3014656
5373952 -2818048
786432 -3014656
-3014656 -2949120
-2555904 589824
-5505024 3604480
-7536640 3801088
196608 4194304
4390912 4194304
2818048 589824
4390912 -3604480
3276800 -8060928
-2621440 -7208960
-2883584 -4718592
-4456448 -2555904
-4325376 7012352
-851968 11141120
4849664 8454144
4194304 6422528
1048576 589824
4128768 -10485760
65536 -12648448
-6488064 -7929856
-3342336 -6750208
-983040 327680
-5242880 10616832
-1245184 12451840
8912896 11010048
6422528 5898240
2555904 -8192000
5898240 -11862016
0 -10289152
-15335424 -5898240
-11862016 -917504
-2949120 2228224
-1966080 13434880
1966080 6946816
10420224 -2949120
14811136 1048576
8912896 -720896
-196608 -7798784
-11599872 -3735552
-11730944 1966080
-9895936 -1900544
-13041664 4587520
-3932160 7143424
17367040 -6291456
17825792 -2162688
5701632 8454144
6619136 -4390912
1114112 -6619136
-7798784 3407872
-15466496 4980736
-8978432 -327680
2555904 -10485760
-4325376 10158080
7405568 9437184
12648448 -10878976
1376256 -6422528
2031616 1966080
2293760 -8388608
-17432576 -11599872
-9109504 9109504
8585216 16711680
1245184 6094848
-3407872 -2490368
6553600 1703936
-17891328 -9764864
-14876672 -26935296
4128768 5570560
-131465216 62128128
20578304 -66191360
-23855104 -45875200
-3538944 -26804224
-5373952 6422528
11993088 16384000
11599872 -1572864
917504 7208960
-1638400 12713984
-9961472 -11141120
-8847360 -6881280
3145728 10092544
-458752 -3866624
-11272192 -19726336
2490368 1114112
4325376 13303808
-5046272 -5570560
11993088 2293760
16056320 13697024
-262144 5439488
-10027008 -9568256
-13762560 -3211264
-3473408 4521984
-6422528 -8126464
-3211264 -5570560
10616832 2949120
13369344 -2686976
6094848 3211264
327680 11206656
-2490368 -1179648
-3932160 -7274496
-4849664 1376256
-9633792 -262144
-3538944 -9043968
6619136 1310720
2162688 9830400
-1703936 -983040
5570560 -851968
5767168 -1900544
-4259840 -2949120
-2818048 -983040
1048576 -2228224
-2424832 1769472
-4784128 1900544
-917504 3014656
-196608 3145728
-393216 -983040
4325376 -1114112
6029312 -1179648
589824 -5898240
-2949120 -2686976
-1114112 2555904
-5177344 1376256
-3866624 720896
524288 2949120
1376256 983040
3801088 -1835008
3407872 1572864
1245184 -262144
-1441792 -3145728
-983040 -524288
-1900544 -655360
-4194304 -655360
-917504 -1310720
2162688 -589824
786432 1966080
1572864 2031616
2686976 -131072
720896 -65536
-1441792 -720896
-3276800 -1703936
-3145728 -1114112
-1769472 -917504
393216 1179648
720896 1507328
851968 327680
2621440 0
1900544 786432
524288 -262144
-786432 -1638400
-1245184 -655360
-1114112 196608
-1638400 -589824
-1048576 -196608
-196608 393216
262144 393216
589824 -196608
851968 -262144
786432 -196608
655360 -262144
-327680 -458752
-393216 -65536
-524288 -655360
-1245184 -131072
-1179648 524288
-458752 917504
-131072 524288
458752 196608
917504 -458752
983040 -1441792
327680 -1835008
0 -1048576
-1114112 -262144
-1638400 458752
-851968 786432
-65536 1114112
-327680 589824
0 196608
327680 327680
65536 65536
196608 -1114112
524288 -1179648
-458752 -720896
-720896 -917504
786432 -131072
458752 851968
-655360 655360
-131072 589824
65536 655360
-524288 0
-655360 -1048576
-393216 -1703936
-262144 -1179648
-262144 -327680
-131072 0
-65536 851968
131072 851968
327680 851968
327680 720896
-196608 -393216
0 -917504
0 -196608
-983040 -524288
-851968 -1310720
131072 -327680
-524288 196608
-393216 -327680
1114112 458752
983040 589824
-196608 -196608
-655360 327680
-524288 196608
-851968 -655360
-983040 -655360
-458752 -655360
-458752 65536
327680 589824
851968 524288
327680 458752
393216 65536
524288 -196608
262144 -327680
0 -1179648
-262144 -1638400
-983040 -458752
-1703936 -65536
-1114112 -65536
-196608 851968
-196608 983040
524288 589824
1179648 524288
1245184 0
327680 -851968
-917504 -1114112
-655360 -786432
-1114112 -851968
-1703936 -131072
-655360 65536
-65536 327680
720896 1245184
1048576 1179648
1900544 262144
1835008 -655360
-131072 -1376256
-1572864 -1703936
-2228224 -1572864
-3407872 -262144
-2031616 1245184
0 1638400
1114112 1376256
3145728 327680
3604480 131072
2359296 262144
-327680 -1900544
-1376256 -1966080
-2424832 -917504
-5570560 -524288
-3604480 -393216
327680 2949120
3145728 4194304
3145728 -1376256
4194304 -3604480
3080192 -2162688
-2818048 -3342336
-4259840 -1966080
-1966080 2883584
-3473408 2883584
-1441792 3801088
589824 3670016
-786432 524288
2949120 -2359296
3932160 -5308416
1376256 -5439488
-65536 -4587520
983040 131072
65536 5242880
-6160384 7536640
-1507328 6225920
1703936 1900544
-1966080 -3080192
-1048576 -7602176
3932160 -5570560
131072 -2555904
-3342336 -2621440
4128768 3407872
4456448 7602176
-5242880 -1114112
-3014656 589824
5505024 2621440
-720896 -2621440
-3342336 1048576
-786432 -3014656
-3276800 -3014656
-3997696 1703936
-1310720 -196608
1245184 -4915200
7340032 -2490368
14155776 2424832
-1179648 2621440
-12058624 5505024
-196608 3211264
-2818048 2097152
-16056320 3997696
-327680 -5046272
17301504 -12058624
2031616 -1966080
3538944 2686976
7405568 -458752
-2752512 -2031616
-13107200 4390912
-6488064 17170432
3276800 -4456448
262144 -9502720
8978432 6356992
10485760 -3735552
-9306112 -16449536
-7536640 -3276800
5505024 7012352
-10944512 -7274496
-9306112 6094848
14876672 20971520
3145728 6488064
-2490368 -10551296
17367040 -8781824
-27394048 -35979264
-23330816 -33161216
-140247040 -165806080
-9175040 -42270720
25296896 12451840
-1245184 26279936
15204352 11468800
10682368 -6881280
-8454144 7929856
-11337728 -9437184
-10420224 -24248320
-7012352 5701632
2818048 3080192
4259840 -15728640
4063232 4128768
5767168 21299200
-2883584 2424832
-4849664 -5308416
3145728 11337728
-7536640 -7012352
-7405568 -15204352
-1179648 -5505024
1114112 917504
9437184 5636096
1507328 8126464
655360 8781824
9961472 262144
1441792 -3407872
-10223616 65536
-5308416 -6094848
3538944 -8192000
-2949120 2359296
-6356992 2031616
-393216 -3735552
7602176 1179648
3932160 7602176
2031616 327680
4325376 -4521984
393216 1703936
-6291456 -1048576
-7143424 1572864
-5308416 327680
-4194304 -5701632
1114112 -1048576
4063232 -458752
6094848 -786432
7012352 655360
2752512 4587520
-1769472 4784128
-3604480 -786432
-6488064 -2883584
-7012352 -327680
-1048576 -2686976
1179648 -2883584
3342336 1310720
5505024 1245184
5373952 -1507328
917504 1114112
-3866624 3211264
-1769472 -1572864
-2228224 65536
-2752512 1835008
-1572864 -1441792
-262144 -131072
720896 -589824
1638400 -1835008
1638400 -1376256
1376256 -1048576
917504 -1048576
786432 1245184
-1441792 2359296
-3080192 786432
-1703936 -524288
-1638400 262144
-1179648 851968
458752 -1966080
1835008 -1703936
2293760 720896
983040 131072
917504 -655360
-655360 589824
-1376256 917504
-1245184 -65536
-1376256 65536
-262144 196608
458752 -655360
196608 -917504
393216 -720896
262144 -786432
327680 0
65536 524288
-655360 524288
-393216 720896
-851968 -196608
-1114112 0
-262144 -327680
-65536 -655360
524288 -65536
917504 -65536
589824 -458752
262144 -393216
65536 131072
-393216 -131072
-786432 -655360
-524288 65536
-655360 327680
-786432 196608
65536 -65536
196608 -524288
-458752 -851968
65536 -262144
524288 196608
65536 786432
-131072 589824
-196608 458752
-262144 589824
-589824 -262144
196608 -1245184
393216 -1114112
-327680 -1048576
262144 -393216
196608 196608
-327680 -65536
-393216 327680
-851968 917504
-851968 327680
262144 0
589824 0
-196608 -65536
-131072 -917504
458752 -1048576
-327680 -524288
-917504 -393216
-262144 -196608
327680 917504
131072 1507328
65536 262144
196608 -262144
0 -131072
-262144 -1441792
-393216 -1703936
-917504 -720896
-524288 -524288
-524288 917504
-655360 1900544
65536 720896
524288 327680
327680 327680
196608 -720896
851968 -1376256
262144 -917504
-1179648 -196608
-851968 262144
-262144 720896
131072 655360
524288 -393216
524288 -1048576
131072 -655360
-983040 -589824
-786432 -720896
-327680 -131072
-786432 327680
-262144 196608
262144 131072
0 720896
458752 655360
-196608 327680
196608 65536
262144 -851968
-458752 -1245184
-786432 -1507328
-983040 -524288
65536 786432
458752 196608
327680 720896
1048576 851968
262144 -327680
-393216 0
-65536 589824
-1376256 -1441792
-1835008 -1966080
-983040 -196608
-1310720 65536
-262144 -720896
2228224 1572864
3866624 2949120
1769472 -851968
-196608 -1835008
-393216 -262144
-3670016 -196608
-3932160 -720896
-1114112 -196608
1638400 327680
1179648 -720896
851968 -458752
1114112 196608
131072 -65536
589824 -393216
917504 327680
-2949120 -1900544
-1900544 1048576
917504 4915200
-3276800 1900544
-851968 524288
4063232 -2359296
786432 -5832704
-1769472 -5308416
1376256 -851968
2686976 851968
-2949120 2883584
-917504 6815744
1048576 5439488
-2293760 458752
-2162688 -4128768
2752512 -4521984
2490368 -3211264
-1638400 -4587520
-1310720 -2490368
-131072 6750208
-393216 3145728
-1114112 2424832
2228224 3866624
4259840 -5898240
3997696 -2162688
-3145728 1114112
-8912896 -3276800
-1048576 -1376256
-131072 3670016
-6553600 2097152
-2424832 -4521984
13238272 -2031616
9895936 -655360
-4259840 2490368
-1114112 2228224
3670016 196608
-10158080 2359296
-14024704 3932160
1900544 -4587520
524288 -4587520
5505024 -3670016
9371648 6094848
5505024 3342336
2359296 -13828096
655360 11337728
131072 12845056
-12255232 -17891328
-6488064 -3670016
6553600 17301504
2162688 -2883584
-2555904 -16842752
8912896 4521984
-2686976 -7405568
-16908288 -15269888
-2949120 10747904
11010048 12451840
1114112 -6029312
3407872 31260672
-10420224 5242880
-197656576 -256835584
20512768 34603008
22937600 20905984
26935296 7864320
8454144 -9895936
-14024704 -1048576
-1114112 -11468800
-9175040 -15794176
-9895936 13893632
11075584 2359296
196608 -8192000
-6225920 6029312
655360 2359296
-6160384 -11730944
720896 2686976
14417920 10747904
-1835008 -7667712
-10354688 -4194304
-3801088 3342336
1703936 3145728
-1114112 3276800
-3080192 -1835008
16056320 1114112
8585216 2359296
-11862016 983040
-4128768 -2359296
2031616 -3407872
-6750208 -1638400
-4849664 -655360
6684672 -4259840
5373952 -589824
3604480 5570560
-786432 6160384
-3538944 262144
-1638400 -3211264
-1310720 -3014656
-5308416 -4980736
-1835008 -851968
4390912 -3276800
2752512 2359296
-131072 8323072
786432 -1507328
851968 -1114112
-2031616 3276800
-2621440 -1703936
524288 -4456448
-1048576 -786432
-2031616 0
1572864 -458752
2621440 1441792
-2490368 1769472
1638400 -327680
3407872 -131072
131072 851968
-3276800 -655360
-2031616 -589824
-983040 -851968
-3473408 524288
-786432 -720896
2752512 -1376256
2097152 -327680
2621440 -655360
1966080 2031616
-458752 1245184
-1835008 -1245184
-1376256 262144
-2555904 720896
-2621440 -2555904
655360 -2293760
2031616 -262144
196608 458752
1507328 524288
1048576 262144
-851968 1245184
-1245184 1245184
-1114112 0
-655360 -65536
-983040 -262144
524288 -1048576
196608 -1245184
0 -196608
1441792 -131072
851968 -262144
-458752 196608
-131072 327680
-983040 65536
-1114112 327680
-786432 65536
131072 -196608
0 -589824
-131072 -655360
393216 -262144
393216 -524288
-393216 131072
524288 393216
-196608 0
-131072 131072
-65536 131072
-262144 65536
-262144 65536
458752 -262144
65536 -917504
-458752 -1245184
-524288 -327680
-262144 65536
-393216 65536
0 131072
-655360 327680
-1048576 262144
-262144 655360
196608 458752
589824 -131072
1114112 -393216
131072 -458752
0 -589824
-131072 -851968
-1048576 -393216
-1114112 393216
-262144 65536
655360 327680
589824 786432
327680 -524288
393216 -1048576
-131072 -131072
-1048576 -589824
-917504 -917504
-524288 196608
-589824 1179648
65536 786432
1048576 393216
786432 65536
196608 -786432
-65536 -1114112
-524288 -1048576
-720896 -589824
-589824 262144
-786432 983040
-393216 983040
589824 131072
720896 -262144
-262144 -393216
327680 -1572864
458752 -1048576
-1048576 262144
-1703936 65536
-720896 524288
0 1572864
65536 786432
655360 -262144
1310720 -524288
393216 -524288
458752 -786432
589824 -917504
-262144 -1310720
-1441792 -1114112
-1507328 -131072
-1114112 1048576
-393216 1835008
458752 1179648
1048576 0
524288 -589824
393216 -1376256
-655360 -1441792
-1245184 -720896
-196608 65536
-262144 720896
-458752 1376256
786432 786432
524288 458752
0 327680
-65536 -589824
196608 -1900544
-589824 -2555904
-1310720 -1310720
-851968 524288
0 917504
851968 983040
1507328 1966080
393216 917504
-458752 -983040
-262144 -589824
-2031616 327680
-1638400 -1507328
-458752 -2490368
720896 327680
1114112 1048576
851968 589824
1507328 1048576
1638400 851968
1507328 -262144
-1966080 -1835008
-4194304 -1703936
-1114112 -917504
-1900544 1572864
-1966080 2162688
1638400 -262144
3145728 -2228224
1835008 589824
65536 -2883584
-851968 -3014656
2031616 2883584
-1179648 2293760
-2752512 1179648
-2621440 4128768
-1900544 1507328
262144 -6029312
786432 -4194304
3211264 655360
3211264 -4587520
786432 -327680
131072 7274496
-327680 4653056
-2883584 -655360
-4521984 1114112
524288 0
1966080 -3932160
-1179648 -4849664
-589824 2359296
4653056 -3604480
1441792 -2359296
-3145728 7864320
-4259840 -4587520
3145728 -3735552
6815744 8978432
-4325376 2555904
-4521984 -4063232
1966080 1572864
-2162688 1638400
-10485760 -6750208
1441792 -3866624
12255232 -4325376
3932160 -1835008
-3014656 8978432
4128768 5767168
786432 -2621440
-11796480 7208960
-4325376 7602176
-1638400 -4063232
3211264 -13172736
10747904 -2621440
4980736 8716288
-4325376 -15532032
-1769472 786432
3670016 21037056
-8126464 -2490368
-983040 -10027008
11927552 9830400
1835008 -1703936
-11665408 -16580608
-4063232 -1376256
-10354688 -5570560
-8912896 -7929856
10092544 7667712
11206656 9240576
23068672 21692416
31129600 42008576
-53739520 -181993472
20119552 36044800
-8781824 -3473408
7667712 -9961472
-12779520 589824
-12451840 -18022400
-2949120 -13172736
4980736 12976128
9437184 -5308416
3538944 -720896
8716288 17956864
-2162688 4849664
-14352384 -9043968
1245184 5832704
1572864 3407872
-11927552 -19660800
4915200 -7274496
8978432 7077888
-3997696 6356992
-4128768 1638400
4194304 7077888
9371648 6553600
-9371648 -8192000
-8585216 -6356992
7274496 327680
-393216 -3211264
-5767168 1310720
3670016 5373952
4325376 -1966080
-1114112 -458752
1376256 6225920
-2031616 -851968
458752 -6881280
4194304 1966080
-2949120 2621440
-6422528 -5701632
1900544 327680
1114112 655360
-4521984 1048576
2490368 0
6094848 -1572864
-65536 3801088
-2424832 1507328
262144 -1638400
-2424832 -1769472
-5373952 -2162688
983040 -1179648
2818048 131072
-917504 196608
1441792 2293760
5505024 3014656
-2555904 1048576
-3538944 -983040
-983040 -1966080
-2228224 -2818048
-1769472 -2162688
1048576 1769472
2555904 917504
1310720 983040
1376256 2424832
-131072 720896
-1900544 196608
1179648 -2162688
1048576 -1769472
-2228224 -262144
-1900544 -1441792
-65536 -1572864
-589824 1441792
-65536 1179648
1441792 -327680
1245184 -131072
-720896 262144
65536 131072
-1310720 -262144
-2621440 65536
-458752 262144
-196608 -131072
196608 -524288
917504 -524288
1376256 196608
983040 327680
0 327680
-65536 -327680
-720896 -524288
-1638400 -196608
-1114112 -65536
-458752 393216
196608 327680
393216 -655360
524288 -851968
786432 -327680
196608 -196608
-393216 131072
-393216 65536
-1048576 262144
-786432 393216
-589824 393216
-131072 196608
327680 -196608
655360 -720896
720896 -1048576
262144 -1048576
-720896 -655360
-1048576 131072
-393216 1179648
131072 917504
65536 65536
196608 -393216
-720896 -262144
-1114112 -458752
-393216 -196608
-458752 0
-327680 -262144
1245184 262144
1179648 786432
524288 196608
524288 -393216
-131072 -393216
-1441792 -327680
-1507328 -786432
-655360 -851968
-393216 0
-393216 262144
786432 131072
1114112 655360
262144 65536
65536 -393216
-65536 -262144
-1048576 -196608
-917504 -131072
-458752 262144
-983040 196608
-393216 -65536
1179648 131072
720896 -196608
262144 -851968
1114112 -524288
262144 0
-1310720 65536
-1245184 -327680
-589824 -131072
-1441792 655360
-720896 65536
786432 -589824
720896 131072
196608 65536
393216 -131072
196608 262144
-524288 -196608
-917504 -262144
-196608 524288
65536 524288
655360 -327680
655360 -589824
-262144 -1310720
-851968 -917504
-655360 -131072
-589824 131072
-131072 458752
-131072 524288
-196608 196608
-458752 655360
327680 65536
524288 -458752
-524288 -655360
0 -655360
655360 -1310720
-720896 -196608
-917504 655360
-327680 458752
524288 131072
196608 458752
-262144 131072
196608 -786432
-131072 -786432
-786432 196608
-393216 -524288
-524288 -1376256
-327680 393216
65536 1572864
-262144 786432
655360 589824
262144 327680
327680 -589824
-720896 -1572864
-1245184 -917504
327680 -720896
983040 1048576
458752 1572864
-655360 -983040
1048576 -655360
327680 458752
-3801088 -983040
-720896 -2490368
2490368 327680
131072 1179648
-1507328 65536
-1441792 -655360
-851968 1966080
131072 -262144
-393216 -2424832
2097152 327680
589824 -65536
196608 -262144
0 3276800
-2424832 3342336
-393216 -2555904
0 -4063232
-917504 1441792
458752 -1769472
3080192 -2490368
-327680 2162688
-1835008 3342336
2949120 655360
-1900544 -196608
-4653056 -2359296
3604480 -1835008
3735552 -3407872
-5505024 3473408
-1900544 1310720
3080192 -5832704
0 5898240
-5308416 2555904
131072 -7274496
9043968 -1769472
1245184 1966080
-5636096 -1507328
-3276800 -262144
983040 5701632
-2097152 2621440
-5111808 2818048
851968 -1835008
9502720 -10616832
4063232 -3473408
-3932160 7274496
786432 -2293760
-2752512 -327680
-3145728 10223616
-3538944 9961472
524288 -12255232
2228224 -14221312
4194304 16121856
2097152 -6488064
-3473408 -17498112
4128768 13107200
524288 3276800
-11075584 -15597568
-393216 11599872
7077888 14548992
-2490368 -7274496
6553600 5832704
6750208 -5701632
-12648448 -20185088
-15925248 -2752512
-14155776 -2752512
23396352 27066368
36110336 -140312576
-18284544 1376256
-524288 3473408
-12845056 -7733248
-4718592 -15794176
6815744 6684672
262144 14811136
5111808 -9437184
-3080192 5308416
-1179648 7929856
-3670016 -16056320
786432 -7405568
9306112 12124160
-1179648 -5505024
-8388608 -12189696
5308416 12058624
-4784128 4653056
-7077888 -3735552
3145728 1835008
6356992 4325376
2686976 -3801088
-8585216 -7536640
-1966080 -1441792
3735552 -1179648
-5439488 1900544
-2293760 6619136
8257536 393216
7864320 655360
-1638400 7274496
-4390912 917504
-3211264 -7536640
-524288 -2752512
-4456448 720896
-2424832 -6881280
6619136 -4653056
4980736 6553600
-2162688 3538944
655360 4521984
2686976 1376256
-3932160 -2293760
-3604480 -1048576
-1966080 -4128768
-983040 -3407872
-131072 -1769472
1114112 1310720
2031616 2883584
720896 589824
-131072 1769472
1572864 2293760
393216 -1966080
-2949120 -2293760
-851968 1048576
-1179648 -983040
-2097152 -2228224
-983040 1310720
-65536 2490368
2883584 -1769472
2686976 1835008
1572864 1966080
-1048576 -1966080
-1245184 -262144
-983040 720896
-1703936 -327680
-458752 -1900544
720896 -2555904
-131072 -917504
131072 851968
983040 1572864
851968 1376256
262144 131072
-1048576 -917504
-1638400 -1376256
-2555904 -1900544
-983040 262144
917504 1376256
262144 393216
1310720 262144
1179648 1114112
0 393216
-458752 -393216
-524288 -65536
-327680 -524288
-655360 -1179648
-458752 -1114112
-65536 -327680
131072 524288
262144 851968
589824 327680
524288 -131072
-131072 -65536
-1179648 -196608
-720896 -196608
0 -720896
-655360 -1048576
-786432 -655360
-196608 -262144
-65536 458752
327680 1114112
917504 1048576
983040 327680
589824 -589824
-65536 -917504
-1048576 -655360
-1507328 -655360
-1048576 -262144
-262144 0
-65536 -393216
65536 -458752
393216 196608
131072 851968
196608 655360
458752 262144
-524288 262144
-1376256 -458752
-262144 -720896
131072 -327680
-327680 -655360
327680 -589824
524288 0
262144 196608
196608 131072
65536 -262144
-589824 -131072
-851968 262144
-720896 0
-655360 196608
-393216 -196608
196608 -458752
524288 -196608
262144 -393216
262144 -720896
458752 327680
-393216 983040
-786432 65536
65536 131072
-131072 262144
-786432 -786432
65536 -1048576
655360 -655360
131072 -720896
-851968 -393216
-655360 327680
-327680 589824
-327680 720896
-65536 393216
65536 65536
0 -458752
0 -458752
-65536 -262144
-393216 -458752
-589824 -65536
262144 720896
720896 262144
720896 -589824
393216 -655360
-786432 -589824
-851968 -458752
-327680 -65536
-1245184 -393216
-983040 -327680
65536 393216
458752 720896
524288 720896
524288 196608
655360 -720896
-65536 -589824
-720896 -393216
-786432 -1179648
-851968 -327680
-65536 786432
-655360 393216
-65536 196608
1114112 131072
-131072 524288
-262144 -65536
851968 -1179648
-589824 -1245184
-1310720 -131072
-458752 0
-589824 -327680
-458752 458752
655360 1572864
1441792 1048576
-1048576 -196608
65536 131072
1769472 -589824
-1703936 -1048576
-1769472 -2097152
1441792 -851968
1507328 1310720
-1572864 720896
524288 -589824
2162688 -327680
-2490368 393216
-1900544 -196608
458752 -917504
-1441792 -327680
196608 524288
458752 -458752
-2293760 655360
1376256 983040
1310720 -2883584
-1507328 -65536
-983040 1703936
2621440 -65536
1507328 262144
-2555904 4390912
655360 655360
0 -4915200
-3080192 -1245184
-524288 -1769472
3473408 -4521984
-131072 1310720
-2818048 3997696
5177344 2293760
2883584 3801088
-5963776 655360
-2686976 -2883584
2949120 -5701632
-1376256 -1310720
-1703936 1572864
-786432 -5636096
2228224 2621440
1572864 6225920
-5242880 -327680
65536 -1769472
7536640 -2097152
2424832 -720896
-7274496 2949120
-1310720 3145728
1900544 -5242880
-5111808 1900544
-6815744 6553600
3866624 -9175040
7536640 -9895936
2097152 10027008
5177344 3735552
327680 -4849664
-2686976 -1048576
-5701632 11665408
-8388608 1966080
-1900544 -17170432
6946816 6553600
8323072 4259840
-2359296 -16318464
-851968 3735552
-524288 12189696
-7143424 -4784128
1048576 3014656
11993088 7602176
-1048576 -9895936
3866624 -1572864
-7274496 -14221312
-23789568 -3997696
-13303808 17694720
6750208 -7929856
14155776 -84934656
-8519680 5046272
8060928 -2162688
-655360 -27459584
5701632 -8781824
3342336 16056320
5111808 -4915200
-4194304 8585216
3080192 6815744
-7405568 -11206656
-10747904 589824
9175040 3801088
-2424832 -15663104
-3211264 -3538944
12451840 12648448
-1835008 -1114112
-5701632 1245184
4784128 6094848
1507328 327680
-7536640 -4587520
-6946816 -5570560
9699328 -1114112
-262144 1179648
-9371648 6422528
4390912 2031616
7143424 131072
-3735552 4063232
-3342336 -1638400
3670016 -8323072
1114112 -1769472
-1507328 2424832
-2228224 1114112
851968 0
3342336 2621440
-1966080 1900544
-3538944 -1966080
1441792 -851968
2293760 -3735552
-851968 1638400
851968 1638400
-983040 -6553600
-1835008 -262144
-1441792 4128768
1048576 917504
2490368 196608
589824 2490368
-196608 1376256
-131072 -1835008
-2555904 -1441792
-3670016 -1114112
1114112 -2818048
917504 -1900544
0 1769472
1114112 2031616
2097152 1638400
786432 2555904
-2686976 2752512
-1441792 -2424832
-983040 -3342336
-1769472 -1638400
-458752 -1638400
1638400 983040
1900544 917504
1572864 -131072
1769472 851968
-393216 196608
-2162688 -720896
-327680 458752
65536 393216
-1769472 -1441792
-786432 -1900544
-851968 -917504
-1179648 1114112
262144 589824
1507328 458752
1703936 786432
65536 131072
65536 -655360
-786432 131072
-1507328 589824
-589824 -458752
-327680 -655360
0 262144
786432 -65536
131072 -524288
-131072 -262144
393216 -262144
524288 -458752
-327680 -262144
-917504 196608
-262144 524288
-327680 -65536
-524288 196608
393216 -458752
-131072 -851968
-196608 -65536
0 262144
-196608 131072
131072 196608
327680 131072
65536 196608
0 -458752
-131072 -589824
-262144 0
-393216 65536
-65536 -458752
-196608 -262144
-786432 -327680
-917504 -327680
-458752 196608
131072 851968
393216 327680
458752 131072
589824 327680
-196608 -458752
-262144 -655360
65536 -262144
-655360 -720896
-720896 -65536
0 917504
262144 0
262144 -262144
131072 -131072
-327680 -917504
-196608 -786432
-131072 -65536
-655360 131072
-720896 131072
-65536 720896
262144 917504
0 0
131072 -589824
655360 -458752
196608 -327680
-720896 -851968
-655360 -524288
-458752 458752
-262144 196608
262144 262144
458752 327680
524288 -786432
65536 -393216
-589824 327680
-720896 -655360
-720896 -655360
-851968 131072
-917504 589824
196608 393216
917504 524288
589824 589824
524288 131072
524288 -196608
327680 -393216
-262144 -1310720
-524288 -1441792
-655360 -589824
-1310720 262144
-983040 196608
196608 655360
65536 1179648
65536 589824
655360 -458752
983040 -589824
262144 -851968
-1048576 -327680
-1114112 -131072
-393216 -262144
-458752 393216
-131072 65536
131072 -327680
1179648 0
327680 131072
-262144 262144
393216 -983040
-262144 -720896
-983040 131072
-458752 -65536
-1245184 -393216
-720896 196608
393216 589824
65536 393216
327680 -720896
720896 -327680
1835008 1310720
65536 327680
-1441792 -1179648
196608 -786432
-1048576 917504
-2818048 -393216
-1179648 -524288
3538944 1245184
2949120 -524288
-262144 -1441792
524288 -327680
-1114112 -589824
-2949120 -917504
-1048576 1114112
-1441792 -196608
-655360 -458752
1966080 1048576
-1114112 786432
-65536 393216
1900544 -1900544
589824 -2097152
-1310720 -589824
327680 1114112
2031616 393216
-2490368 851968
-1507328 4390912
1835008 2359296
-589824 -1900544
-3407872 -3342336
2686976 -3538944
4259840 -2949120
-4718592 -589824
-524288 2490368
5963776 4653056
-1900544 851968
-5242880 2293760
2097152 -1376256
1179648 -7536640
-393216 1769472
-2555904 -720896
-3997696 -3997696
3014656 917504
2818048 4915200
-4456448 1835008
-720896 -2490368
10878976 -2097152
-524288 -720896
-9371648 3342336
327680 -2097152
2359296 -3342336
-8847360 10813440
-2228224 3932160
11272192 -12845056
2490368 -3342336
2097152 4849664
2097152 196608
-4653056 -5701632
-5177344 8716288
65536 16187392
-1572864 -16318464
-851968 -1966080
6422528 7012352
-3211264 -14876672
-1179648 -2555904
9043968 11206656
-2228224 -8454144
-8847360 -2490368
2818048 9502720
-6291456 -2883584
3604480 2293760
5832704 -1572864
7536640 -10944512
-15663104 -24117248
42795008 -57933824
14745600 -13631488
6553600 -20381696
5111808 2228224
-8323072 9895936
458752 -13565952
-2818048 10223616
2555904 4849664
3866624 -18808832
1900544 4259840
4980736 6619136
-10158080 -11665408
-1441792 4718592
3276800 12779520
-9895936 -9175040
4587520 -65536
13959168 5308416
-4587520 -4063232
-7929856 -7733248
1179648 983040
5505024 5373952
-10616832 -1769472
-3014656 1441792
10616832 1769472
-196608 851968
-5046272 3014656
3604480 -2097152
1441792 -5636096
-4456448 262144
-327680 1245184
327680 -2949120
3473408 -655360
3735552 7340032
-3211264 3801088
-2752512 -4063232
2555904 -917504
-1441792 -1507328
-4259840 -1310720
3080192 -4653056
3342336 -2818048
-1638400 5636096
-1376256 1835008
1769472 1048576
-720896 2752512
-2293760 589824
2097152 -3145728
-393216 -3866624
-3932160 -1441792
1966080 851968
3866624 393216
-3342336 1376256
-458752 1376256
2097152 196608
-1376256 0
-1703936 262144
524288 -917504
65536 -2883584
-2031616 -393216
589824 1179648
655360 589824
262144 2228224
2490368 -196608
1179648 589824
-786432 917504
-851968 -2097152
-655360 -1572864
-1179648 1048576
-1376256 -1310720
655360 -2293760
1441792 0
-65536 655360
393216 196608
262144 851968
-655360 1572864
-720896 -196608
-1769472 -917504
-1114112 -262144
-786432 0
589824 -327680
1179648 -720896
851968 -196608
1114112 0
589824 393216
-589824 458752
-524288 196608
-524288 262144
-917504 0
-1114112 -196608
-393216 -393216
589824 -524288
589824 -458752
720896 -327680
917504 -851968
-131072 -196608
-524288 655360
-917504 983040
-589824 524288
-262144 458752
-393216 131072
-196608 -458752
262144 -851968
262144 -1048576
262144 -1048576
65536 -655360
-196608 65536
-65536 851968
196608 458752
-262144 458752
-655360 262144
-655360 -65536
-917504 -196608
-589824 -458752
262144 -589824
0 -65536
655360 393216
1114112 131072
524288 0
65536 262144
-458752 -327680
-458752 -393216
-458752 196608
-786432 -524288
-393216 -786432
-65536 262144
-327680 131072
131072 -327680
720896 0
-65536 393216
-262144 -65536
65536 -196608
-196608 65536
-655360 -65536
-458752 -196608
-458752 -65536
262144 327680
655360 0
196608 -65536
131072 393216
589824 -655360
0 -1310720
-983040 -196608
-851968 -524288
-196608 -393216
-393216 917504
-524288 524288
-65536 131072
327680 655360
131072 327680
393216 -655360
262144 -786432
-655360 -262144
-524288 -65536
393216 393216
655360 327680
131072 -393216
-196608 -589824
-131072 -393216
-589824 0
-917504 196608
-393216 0
-131072 196608
-131072 0
-65536 -458752
-262144 -262144
262144 131072
458752 196608
262144 524288
131072 -262144
65536 -589824
-262144 -720896
-1310720 -196608
-589824 196608
196608 -589824
65536 262144
524288 786432
65536 -393216
-393216 -131072
655360 983040
-327680 -262144
-1638400 -1441792
-393216 -327680
-524288 720896
-917504 -458752
-458752 -262144
1966080 1441792
2424832 851968
-131072 131072
-262144 -589824
-655360 -327680
-786432 131072
-1835008 -786432
-589824 -851968
1376256 -1572864
458752 -327680
0 851968
393216 589824
851968 -589824
1900544 458752
-2424832 -1310720
-3932160 -917504
851968 786432
-1507328 917504
-1638400 2555904
2490368 1572864
2031616 -2031616
-458752 -3211264
-196608 -851968
2293760 65536
-2097152 -720896
-1835008 3604480
1638400 4456448
983040 1114112
-3014656 -2228224
-2555904 -3211264
3014656 -2621440
655360 -1835008
-1703936 -2555904
2424832 2162688
3276800 393216
-1245184 2424832
-3080192 6356992
-3080192 -3866624
3997696 -3080192
2228224 851968
-7077888 -1245184
-1572864 -4587520
4325376 -983040
-2949120 5373952
-5636096 1114112
7929856 -3604480
7208960 -2031616
-3538944 7733248
-3604480 4980736
983040 -5308416
-2162688 1114112
-8650752 4259840
589824 -8388608
-262144 -5505024
5242880 1638400
7471104 6291456
4128768 -2686976
-1376256 -3866624
-1048576 13631488
-8978432 -6225920
-7012352 -5308416
5767168 7340032
1835008 -5177344
1703936 -5308416
8257536 131072
-8585216 -4456448
-6815744 5570560
7798784 6029312
-3080192 4456448
16711680 327680
-5767168 -22216704
-35913728 -12582912
47972352 -100925440
3080192 -14221312
17694720 2555904
-3014656 22872064
917504 -2949120
-3211264 12320768
3538944 -1966080
-3407872 -19988480
-3145728 2097152
6684672 -6422528
-4718592 -9568256
2883584 16777216
5111808 8257536
-8192000 -6619136
4390912 9764864
3014656 -1966080
-7995392 -12058624
-3997696 -7471104
2752512 -393216
2031616 2752512
-6881280 2490368
4718592 6160384
7733248 1245184
-7340032 3473408
-3276800 1310720
5111808 -7077888
1966080 -3145728
-5046272 3211264
-1703936 -524288
2359296 -1703936
2883584 5505024
-3801088 4784128
-1507328 -6225920
4915200 -4390912
1703936 4063232
-2686976 -1376256
1507328 -917504
1507328 -786432
-4390912 720896
-3080192 1245184
-262144 -2031616
786432 1114112
1835008 1507328
2555904 -65536
1441792 -1900544
-2752512 -3145728
-2424832 458752
851968 1835008
-851968 -262144
-1507328 983040
3604480 2359296
-65536 -917504
-3014656 -917504
196608 917504
589824 -1507328
-131072 -3932160
-196608 524288
196608 1310720
-983040 917504
131072 2949120
589824 1835008
-983040 -65536
65536 -2555904
655360 -2424832
-262144 -393216
65536 -720896
655360 -1376256
393216 983040
-327680 1441792
-851968 327680
-131072 393216
-655360 0
-262144 -655360
-131072 -1310720
-1048576 -1769472
-524288 -262144
-327680 1441792
524288 983040
983040 131072
1048576 917504
393216 -65536
-1179648 0
-917504 -196608
0 -786432
-458752 -983040
-458752 -524288
65536 -393216
458752 196608
327680 655360
131072 983040
262144 -131072
131072 -393216
-655360 -65536
-720896 -393216
-1114112 -983040
-393216 -327680
-131072 0
65536 131072
327680 -65536
786432 720896
1048576 393216
655360 0
-458752 -393216
-851968 -524288
-1310720 -262144
-1179648 65536
-262144 -327680
458752 -786432
0 -524288
-65536 65536
458752 131072
65536 786432
-458752 786432
393216 131072
-262144 524288
-655360 196608
65536 -983040
-196608 -917504
-720896 -262144
-131072 -524288
524288 -720896
524288 262144
196608 393216
0 -65536
65536 655360
-458752 262144
-1245184 -458752
-917504 -327680
-327680 -196608
-131072 -327680
393216 -262144
327680 -131072
327680 -262144
655360 196608
0 458752
-393216 65536
-65536 65536
-393216 0
-851968 0
-524288 -589824
131072 -917504
-393216 -327680
-196608 -196608
655360 -524288
262144 0
-720896 262144
-589824 655360
0 851968
-327680 262144
-720896 -327680
0 -131072
131072 327680
327680 131072
917504 -393216
851968 -917504
0 -1114112
-917504 -589824
-1048576 131072
-589824 458752
-327680 458752
-65536 589824
65536 131072
196608 -327680
65536 -524288
-262144 -196608
0 -524288
196608 -589824
131072 262144
-458752 131072
-983040 327680
-131072 524288
131072 131072
131072 393216
655360 -720896
131072 -1441792
-655360 -327680
-655360 327680
-589824 -589824
131072 -65536
393216 1507328
-196608 458752
-196608 -1114112
-851968 458752
196608 458752
-458752 -1703936
-1114112 -393216
1245184 458752
1507328 0
-327680 327680
-262144 1376256
1900544 0
-393216 -1179648
-3276800 -262144
-196608 -2162688
-131072 -1900544
-851968 2097152
851968 1638400
196608 -1638400
589824 720896
1310720 65536
-2359296 -2293760
65536 1900544
393216 1310720
-1310720 -983040
-2162688 1179648
131072 1703936
786432 -4325376
-1703936 -2621440
2424832 3604480
3473408 -1179648
-720896 -2555904
-393216 3080192
851968 2621440
-2359296 -262144
-6160384 1507328
1441792 -524288
3997696 -3801088
-589824 -3342336
-720896 2752512
1441792 -1835008
1114112 -2359296
2949120 7405568
-5046272 -983040
-1572864 -4718592
7340032 1572864
-3932160 3014656
-9961472 -1441792
2162688 -2883584
6160384 1245184
-6094848 655360
65536 1179648
9175040 -6225920
1245184 -1638400
-3932160 7929856
1310720 -2162688
-1703936 -5767168
-11010048 10944512
-655360 4194304
2555904 -5898240
4521984 -7012352
7929856 2949120
2424832 -4980736
-8388608 -7798784
851968 20316160
1376256 1048576
-8192000 -3735552
7995392 9306112
2031616 -10354688
-9043968 -9764864
8847360 2621440
-2097152 -7471104
-6160384 2359296
11272192 1572864
-3866624 -655360
2031616 6225920
-20971520 8978432
19333120 -92078080
17694720 27262976
-6160384 14155776
3866624 -15597568
3342336 2031616
-524288 458752
8060928 -17956864
8585216 4980736
-3407872 -458752
-12386304 -4718592
5505024 17563648
3407872 -1769472
-7602176 -14024704
14286848 1966080
1114112 -8716288
-13041664 -6029312
3473408 2097152
3080192 5177344
-9043968 8781824
-6160384 1245184
11665408 524288
2293760 196608
-9633792 -196608
4456448 -5242880
4784128 -3670016
-6881280 4128768
-3866624 -65536
5111808 -3145728
2883584 4653056
720896 6750208
-1114112 -1507328
1572864 -5832704
393216 -1245184
-4718592 -262144
-2162688 -3997696
3473408 65536
1835008 -917504
-1245184 4063232
458752 2752512
-655360 -2883584
0 2621440
65536 1703936
-1048576 -4784128
131072 -4718592
-917504 0
-655360 2424832
-65536 983040
-655360 3080192
1114112 2228224
2621440 -1507328
-1638400 -2162688
-1114112 196608
0 -655360
196608 -1507328
-458752 -524288
-1245184 1572864
327680 -1048576
-65536 983040
-458752 1900544
196608 -1048576
262144 -851968
0 -917504
-983040 65536
851968 1310720
393216 -458752
-327680 -917504
720896 262144
-131072 65536
-1114112 65536
524288 196608
-196608 -65536
-589824 -262144
-524288 -1769472
-524288 -1310720
-524288 1048576
-720896 851968
524288 -65536
851968 1048576
393216 851968
-458752 -1114112
-1245184 -131072
-393216 -65536
393216 -655360
0 -393216
196608 -65536
458752 -589824
-262144 131072
-589824 786432
-65536 -65536
-65536 -720896
-131072 262144
-458752 196608
-131072 -524288
-262144 -524288
393216 0
65536 -65536
-393216 65536
-131072 524288
131072 786432
-262144 65536
262144 -196608
458752 -786432
0 -720896
-786432 -589824
-589824 -327680
0 131072
262144 65536
0 -327680
-65536 -393216
-655360 -65536
-851968 458752
-327680 262144
65536 327680
-655360 131072
327680 0
1048576 -65536
196608 -393216
65536 -720896
196608 -393216
-458752 131072
-655360 458752
-262144 0
-262144 -65536
-393216 0
-65536 -196608
196608 -393216
262144 -720896
196608 -393216
65536 196608
-327680 196608
-262144 65536
-196608 393216
-655360 655360
-720896 -196608
458752 -458752
393216 -393216
-327680 -851968
262144 -589824
720896 -262144
0 65536
-655360 458752
-131072 262144
-524288 65536
-786432 65536
-131072 -524288
-131072 -524288
-458752 -458752
-131072 -262144
262144 131072
327680 262144
-262144 393216
0 983040
589824 786432
851968 0
327680 -720896
-327680 -1310720
-786432 -1310720
-720896 -589824
-983040 65536
-327680 0
0 0
393216 851968
262144 655360
-196608 327680
262144 -65536
131072 -589824
-1179648 -524288
-327680 -720896
65536 -589824
-589824 0
-720896 851968
1114112 851968
983040 -262144
-131072 327680
196608 0
65536 -1441792
-983040 -589824
-131072 196608
-458752 -393216
-1048576 -524288
65536 262144
65536 786432
-131072 393216
-458752 589824
1376256 589824
1048576 -983040
-1441792 -917504
-1310720 -1179648
589824 131072
720896 983040
-917504 589824
655360 -65536
2031616 -1114112
-2228224 131072
-1507328 65536
327680 -655360
458752 262144
65536 -65536
-851968 -1638400
-589824 327680
1572864 720896
-655360 -1179648
1179648 458752
-262144 720896
-917504 -786432
-851968 196608
-589824 3932160
524288 0
-983040 -4521984
65536 -393216
983040 -589824
-786432 -2359296
-1310720 524288
-983040 4849664
5046272 3145728
655360 720896
-3801088 -917504
-524288 -1966080
1114112 -5308416
-2031616 1179648
-786432 1703936
1310720 -6619136
5570560 2228224
-3473408 6553600
-6160384 524288
6684672 -4194304
5111808 655360
-5701632 1507328
-5046272 -3276800
3670016 -1376256
-3080192 1769472
-4390912 3211264
3276800 -4980736
7405568 -6488064
1179648 4784128
-2686976 4325376
720896 -3407872
-4784128 6356992
-4521984 6750208
-2293760 -1245184
-1703936 -11010048
2293760 2621440
6160384 5177344
1966080 -11403264
7864320 8912896
655360 393216
-11206656 -5177344
5177344 6488064
-1966080 -1048576
-5898240 -4456448
13893632 -4718592
-5111808 -8060928
-1572864 -1245184
1245184 -7471104
-4980736 5177344
12320768 25165824
58720256 -64749568
9502720 23920640
-13041664 917504
-1769472 -524288
3342336 6356992
3670016 -21364736
-1835008 8585216
4980736 -1245184
-2228224 -7733248
4456448 14483456
262144 -2359296
-131072 -6553600
8847360 8126464
-10551296 -15007744
-9371648 -5963776
5242880 8781824
-589824 4128768
-2752512 1310720
3932160 3670016
6750208 327680
-9895936 -4980736
-4849664 -1638400
8454144 -3997696
-1835008 -2293760
-5308416 6029312
3211264 1638400
2293760 851968
-1179648 5701632
1048576 2818048
-720896 -8060928
1441792 -6356992
1441792 2228224
-5046272 -65536
-65536 -2293760
5898240 4456448
-1703936 2293760
-5373952 917504
2752512 -3538944
1769472 -1703936
-1114112 4194304
589824 -2359296
1769472 -4456448
-2097152 458752
-3014656 1966080
393216 -393216
-720896 983040
-983040 2949120
3801088 131072
1572864 -1572864
-3997696 -720896
393216 -1048576
1245184 -1441792
-2031616 393216
196608 589824
1376256 -1179648
-196608 -524288
-1769472 2686976
0 589824
0 -1310720
-131072 -262144
65536 -1835008
-720896 196608
-131072 1900544
1048576 196608
1310720 327680
0 917504
-1441792 -1441792
-786432 -1376256
0 1048576
0 196608
851968 -1900544
458752 -1441792
-262144 458752
-851968 196608
-1703936 327680
65536 1310720
524288 786432
-65536 -720896
-655360 -1179648
-393216 -196608
327680 -327680
-65536 196608
458752 524288
1114112 -524288
65536 -196608
-851968 327680
-983040 -196608
-655360 -131072
-131072 65536
-196608 -65536
65536 -131072
65536 -393216
196608 196608
851968 65536
-65536 -524288
-393216 -393216
-458752 -65536
-983040 589824
-524288 655360
-196608 327680
327680 196608
720896 -524288
458752 -1245184
65536 -983040
-196608 -393216
-65536 131072
-196608 327680
-524288 131072
-720896 196608
-851968 393216
-458752 327680
65536 0
65536 -327680
524288 -393216
65536 -458752
65536 65536
327680 262144
-262144 65536
-393216 262144
-196608 524288
-196608 -65536
262144 -393216
65536 -524288
-524288 -786432
-262144 -589824
65536 -196608
-458752 524288
-131072 327680
262144 0
65536 458752
-65536 196608
-262144 -786432
-262144 -524288
-65536 196608
-589824 -262144
-327680 -327680
327680 458752
196608 196608
65536 196608
524288 131072
589824 -851968
-524288 -655360
-720896 -65536
-524288 -524288
-917504 -196608
-458752 262144
-196608 393216
196608 262144
524288 131072
65536 196608
-131072 131072
-327680 65536
0 196608
458752 -65536
655360 -720896
327680 -917504
-655360 -327680
-720896 -65536
-262144 -196608
-458752 327680
-262144 0
-524288 -393216
0 262144
589824 0
-327680 -196608
-327680 131072
458752 -458752
-65536 -196608
-720896 -65536
-65536 131072
720896 0
-524288 393216
-65536 720896
589824 -983040
-720896 -720896
-524288 851968
720896 -393216
-262144 -1179648
-589824 -196608
327680 196608
-655360 -458752
-1376256 -262144
131072 1376256
1507328 1245184
-655360 0
-589824 -131072
1638400 -1572864
-1048576 -851968
-3014656 327680
65536 0
2818048 -262144
458752 917504
0 458752
851968 -1835008
-1441792 131072
-851968 1114112
0 -1179648
-1245184 -1310720
851968 0
458752 -393216
-2555904 1114112
1572864 2228224
1835008 -2686976
-1048576 -1900544
-524288 2228224
589824 589824
-917504 -1966080
-1966080 2686976
1310720 2162688
-1703936 -3145728
-2555904 -1048576
983040 720896
2752512 -1835008
1114112 -851968
-1638400 2752512
2555904 327680
1507328 393216
-3670016 1966080
-3080192 851968
1572864 -4587520
2949120 -1507328
655360 2752512
-6422528 -5111808
2359296 -1048576
5046272 3473408
-5308416 3080192
393216 -983040
7995392 -3407872
-1703936 786432
-8781824 3538944
1310720 -1179648
196608 -4718592
-4784128 5570560
-327680 2031616
4718592 -10223616
2359296 0
1638400 7929856
2228224 -6160384
-7602176 2490368
-3145728 7012352
-2686976 2949120
-3735552 -5373952
7077888 1966080
12648448 -131072
-6881280 -16056320
2490368 7012352
2162688 3735552
-10158080 -4390912
9306112 12582912
4063232 -2031616
-7733248 -6553600
9699328 -4587520
-9699328 -4194304
-131072 -5111808
-19464192 -2228224
6160384 23920640
49676288 -23986176
-34340864 131072
7405568 -65536
8847360 17563648
13959168 -21757952
5439488 9568256
-2293760 5242880
-13959168 -7798784
1900544 18022400
3145728 -7798784
-2293760 -12320768
10223616 4259840
-4587520 -13893632
-4784128 3342336
6225920 10223616
-3014656 458752
-2621440 3145728
5308416 -1769472
5242880 -6619136
-10682368 -4063232
-3866624 1245184
7864320 -2162688
-4521984 3801088
-5111808 4980736
5046272 -4980736
2162688 1966080
-3342336 8257536
524288 -2359296
3342336 -6684672
2621440 786432
-5505024 1507328
-4849664 -5439488
4849664 1179648
1638400 8192000
-3014656 -655360
2424832 -3080192
2818048 -1769472
-4325376 1179648
-458752 1114112
2424832 -4521984
131072 -1572864
-983040 458752
-720896 1310720
-1245184 1310720
-1245184 2359296
1572864 2490368
2228224 -1966080
-2359296 -4194304
-1114112 -1638400
2490368 131072
-1769472 131072
-1441792 1441792
2490368 1966080
131072 131072
-1507328 -524288
-1048576 1310720
327680 -1572864
-1114112 -1638400
786432 720896
327680 -589824
-1572864 196608
-65536 655360
524288 1245184
393216 1572864
851968 -786432
786432 -1966080
-65536 -131072
-1441792 327680
-655360 -589824
589824 -393216
196608 65536
131072 -65536
-1048576 -983040
-1179648 -131072
786432 655360
-131072 393216
-655360 -196608
-327680 -262144
524288 327680
-458752 0
-851968 393216
655360 131072
458752 -196608
-327680 0
-262144 -524288
-327680 -786432
-196608 -196608
-131072 524288
0 589824
196608 -131072
0 -393216
-65536 65536
0 -262144
-262144 -458752
-131072 -262144
-524288 0
-589824 -131072
-327680 -327680
65536 327680
524288 458752
393216 262144
262144 65536
327680 -393216
-327680 -524288
-786432 -327680
-655360 0
-131072 -262144
131072 -393216
-65536 -524288
-393216 -524288
-327680 262144
-131072 524288
0 262144
-458752 524288
131072 524288
196608 -196608
-131072 -393216
65536 -196608
-458752 -720896
-262144 -589824
131072 262144
-131072 0
196608 -196608
524288 262144
-327680 196608
-458752 0
-196608 -262144
-655360 -131072
-786432 -327680
-131072 -327680
65536 -196608
393216 0
458752 65536
65536 0
196608 196608
-131072 131072
-786432 0
-589824 327680
-65536 -327680
196608 -655360
0 -327680
65536 -917504
262144 -655360
-131072 458752
-524288 131072
-458752 65536
-262144 327680
-720896 589824
-262144 131072
196608 -524288
-393216 -393216
-458752 327680
655360 327680
851968 65536
589824 -65536
262144 -720896
-131072 -786432
-720896 196608
-851968 -65536
-720896 -524288
-327680 131072
-131072 262144
-131072 -458752
393216 0
786432 131072
-262144 -65536
-458752 262144
0 -327680
-196608 -589824
-720896 327680
-720896 393216
131072 -393216
0 -458752
-65536 524288
458752 -196608
262144 -589824
0 65536
0 196608
-655360 -524288
-1048576 -786432
-589824 -65536
-262144 1048576
-65536 -131072
-262144 -589824
1310720 589824
1114112 196608
-1835008 131072
-851968 -458752
983040 -65536
-458752 131072
-2031616 65536
2031616 -327680
2097152 -1179648
-1310720 196608
-327680 262144
-131072 -1114112
-524288 -131072
851968 655360
-1835008 0
-1900544 262144
1441792 -65536
-327680 -589824
-65536 1376256
589824 -524288
-131072 -2097152
-262144 -1048576
65536 2359296
1310720 -786432
-2686976 -1638400
-786432 3670016
1507328 3145728
0 -1638400
-1835008 -2097152
1703936 -2359296
2949120 -3276800
-4849664 917504
-2752512 3276800
5242880 1572864
1769472 0
-1966080 3735552
131072 -2293760
-262144 -7340032
1507328 2949120
-3866624 655360
-2293760 -3604480
4784128 -262144
-917504 4128768
-4718592 1245184
1703936 -3145728
7274496 -1703936
-1966080 3211264
-3342336 1966080
-1048576 -4915200
-2031616 2555904
-4849664 5505024
917504 -8650752
5373952 -6356992
2359296 6488064
2162688 -2424832
-2621440 589824
-2424832 5898240
196608 7405568
-4718592 -6815744
-65536 -2686976
7471104 4980736
-7864320 -11534336
7077888 5570560
6684672 2752512
-11599872 -2490368
9830400 4194304
-10616832 -7471104
-2424832 3342336
18939904 -5505024
-12845056 -4784128
4587520 3801088
-4784128 3866624
7667712 51970048
-6225920 -9109504
5767168 6750208
12124160 -14286848
-655360 -4784128
-3997696 7208960
-3407872 -10878976
1835008 21561344
786432 -4456448
2686976 -9437184
7798784 8126464
-8716288 -19005440
-2883584 524288
5963776 13369344
-5505024 458752
2359296 1638400
7733248 -1310720
-2490368 -4653056
-12058624 -7602176
4718592 -917504
5308416 786432
-7208960 6815744
1703936 655360
5111808 -655360
-6422528 6225920
-5898240 -131072
3211264 -6619136
2818048 -1835008
262144 393216
-1900544 -1245184
2162688 -1638400
3080192 5636096
-4259840 5308416
-2293760 -2293760
3997696 -2818048
851968 -2228224
-2228224 1507328
1376256 -1114112
131072 -4128768
-327680 3407872
-524288 1179648
-2686976 -2752512
-458752 196608
1900544 3670016
2097152 131072
589824 -3145728
-786432 -589824
-1114112 0
-1310720 -589824
-2883584 983040
720896 1835008
1769472 -524288
-196608 -1179648
-393216 655360
-262144 131072
983040 -2359296
393216 -262144
-589824 589824
-983040 -786432
-655360 1048576
-589824 1441792
-786432 1114112
720896 -262144
589824 -1048576
786432 -786432
983040 -262144
-262144 -655360
-262144 -589824
524288 589824
-393216 1048576
-786432 393216
-786432 -1048576
-196608 -262144
131072 262144
-983040 -1114112
0 -1310720
196608 131072
-196608 851968
-589824 393216
458752 983040
786432 327680
-458752 -131072
-1114112 65536
-262144 -524288
-65536 -851968
0 -262144
-131072 0
196608 -196608
327680 -327680
0 262144
-65536 393216
262144 -262144
-327680 65536
0 -65536
-524288 -589824
-524288 -327680
-458752 65536
-262144 458752
-131072 196608
131072 65536
393216 65536
655360 -131072
65536 -393216
-262144 -524288
-655360 -131072
-589824 65536
-196608 65536
65536 -196608
0 -524288
0 -524288
-196608 -262144
-393216 -65536
-589824 131072
-65536 327680
-196608 589824
-262144 524288
393216 0
524288 -589824
65536 -589824
-327680 -196608
-65536 -262144
0 -131072
-524288 196608
-393216 65536
0 0
-131072 -65536
-131072 -196608
131072 -393216
-262144 -196608
-262144 65536
262144 -65536
-524288 -65536
-589824 0
327680 65536
-262144 0
-327680 262144
393216 -131072
131072 -327680
-262144 131072
0 -262144
327680 -983040
-327680 -131072
-655360 196608
-131072 -262144
65536 -65536
-524288 -65536
-720896 -65536
0 0
-131072 65536
-327680 0
262144 -131072
-65536 196608
-327680 917504
655360 655360
851968 -458752
0 -851968
-524288 -786432
-262144 -983040
-262144 -196608
-458752 327680
-458752 0
-524288 262144
196608 720896
0 -196608
-458752 -393216
65536 65536
327680 -393216
131072 -262144
-327680 65536
-196608 -327680
131072 -655360
-786432 458752
-262144 917504
196608 -655360
-131072 196608
524288 851968
65536 -983040
-983040 -1507328
65536 262144
589824 393216
-851968 -720896
-786432 -327680
262144 851968
65536 -131072
-1507328 -196608
-262144 1114112
1638400 65536
393216 327680
-589824 0
-131072 -1769472
131072 -786432
-1310720 983040
-524288 458752
786432 -1572864
393216 131072
917504 655360
-1048576 196608
-917504 -131072
2031616 -983040
-327680 -1769472
-2883584 196608
1310720 65536
-1048576 -1114112
-1376256 2293760
1441792 2686976
589824 -1572864
-655360 -3145728
655360 65536
1441792 655360
-2949120 -65536
-1179648 2228224
1966080 1310720
524288 -131072
-3145728 -983040
-3014656 -2162688
3342336 -2162688
2424832 1900544
-720896 786432
1507328 327680
1245184 -1114112
-1900544 1507328
-2883584 2097152
-2686976 -3932160
6356992 -1048576
983040 131072
-6422528 196608
1703936 -3342336
917504 -655360
-3735552 6488064
1114112 1179648
7340032 -7274496
-458752 1572864
-3342336 5963776
-2621440 -5570560
-851968 -2752512
-2818048 10027008
-1376256 -4325376
720896 -8454144
2424832 8912896
6619136 -983040
-1966080 -5963776
-2883584 4259840
393216 7798784
-10420224 -5505024
-1769472 589824
14286848 6488064
-6422528 -15204352
8192000 2752512
6684672 -2228224
-14811136 -2490368
8912896 11599872
-8585216 4587520
7864320 -3342336
3407872 -8781824
-3342336 -10289152
4390912 -30539776
16908288 34799616
15269888 -16711680
-2228224 1966080
3407872 -5177344
-11141120 17235968
-5767168 -13828096
4718592 16711680
7798784 -6488064
4653056 -16187392
8585216 7536640
-10747904 -12713984
-4325376 14548992
3473408 10813440
-9830400 -7077888
5439488 1441792
8192000 -2686976
-1638400 -8388608
-4849664 -2555904
4980736 3866624
-2949120 851968
-7864320 6750208
6094848 -1179648
2424832 -5963776
-5767168 3670016
65536 -1441792
3276800 -4849664
851968 2031616
-589824 1769472
-4587520 -2555904
1900544 589824
2097152 7208960
-5242880 1638400
2293760 -6029312
6291456 -851968
-3276800 655360
-3997696 131072
3997696 -4128768
917504 -131072
-2228224 5373952
65536 -2228224
327680 -1114112
-983040 4063232
-720896 1769472
1441792 -3342336
-524288 -2883584
-655360 -720896
1572864 -2162688
-1835008 786432
-3145728 3604480
3538944 1441792
1703936 65536
-2097152 196608
-589824 -1638400
393216 -2686976
-458752 -917504
-589824 1179648
1048576 -917504
-458752 -720896
-1179648 1769472
-720896 131072
-917504 1245184
1114112 655360
1048576 -720896
524288 720896
-196608 851968
-786432 -1835008
-65536 -1114112
65536 851968
-786432 -196608
65536 -1245184
524288 196608
917504 851968
-65536 -786432
-786432 -589824
327680 196608
-720896 -393216
-1572864 -65536
-589824 131072
131072 196608
262144 -262144
-131072 196608
-65536 -458752
327680 -524288
458752 393216
65536 524288
196608 -262144
-196608 65536
-720896 -65536
-917504 -65536
-327680 -327680
-196608 -65536
0 393216
851968 65536
524288 -458752
65536 -262144
65536 -524288
-524288 -196608
-917504 65536
-720896 524288
-524288 327680
131072 327680
393216 -196608
458752 -458752
327680 -786432
0 -589824
-65536 -65536
65536 65536
-65536 -131072
-196608 -131072
-720896 -196608
-917504 0
-524288 65536
0 131072
-327680 65536
131072 65536
589824 65536
196608 -65536
0 -196608
65536 -262144
-327680 -196608
-393216 196608
-65536 262144
131072 0
-196608 -327680
-327680 -262144
0 -131072
131072 -720896
-262144 -458752
-131072 65536
-131072 131072
-262144 262144
-65536 262144
-262144 0
-720896 -131072
196608 -65536
393216 -262144
-262144 -327680
65536 262144
524288 0
65536 -131072
-589824 262144
-262144 -327680
-131072 -720896
-393216 -262144
65536 -262144
65536 -655360
-524288 -458752
-589824 393216
0 589824
131072 262144
-458752 196608
-196608 262144
262144 327680
131072 196608
458752 -196608
458752 -983040
-65536 -851968
-458752 -393216
-720896 -524288
-655360 -65536
-262144 458752
131072 458752
-196608 589824
-131072 196608
393216 -524288
-65536 -589824
-327680 65536
-65536 -327680
327680 -589824
0 196608
-655360 393216
-196608 -458752
0 65536
65536 1245184
327680 0
-262144 -1638400
-327680 -589824
-65536 458752
-786432 -327680
-917504 -393216
786432 786432
524288 327680
-1114112 -1245184
-1179648 196608
917504 983040
196608 -655360
-983040 786432
851968 0
786432 -1310720
-1048576 655360
-1507328 1703936
458752 -655360
851968 -1507328
393216 786432
983040 -1179648
-786432 -1703936
327680 1179648
1179648 917504
-1703936 -589824
262144 -262144
1441792 -1245184
-3276800 -524288
-655360 1835008
-131072 0
-1179648 -1048576
196608 786432
1638400 1835008
-196608 -2818048
-2686976 -1441792
2228224 2228224
1638400 -393216
-2490368 -131072
-983040 1572864
1703936 786432
-786432 917504
-3538944 917504
3735552 -3473408
3538944 -3866624
-2883584 -851968
-720896 2359296
1179648 -393216
458752 1245184
3014656 5570560
-4849664 -1703936
0 -3538944
3604480 -2490368
-4587520 851968
-3342336 -2621440
3342336 -2621440
851968 5177344
-4587520 4653056
3080192 -4521984
4259840 -3080192
-2293760 6750208
-2031616 -589824
917504 -6684672
-4521984 8323072
-6094848 2031616
1638400 -10551296
4128768 3080192
6619136 0
1245184 -3801088
327680 -1245184
0 12255232
-6160384 65536
-2621440 -4390912
6160384 3801088
-12517376 -12058624
11075584 458752
3473408 -1507328
-4259840 7077888
14352384 4718592
-15597568 -131072
10289152 -1638400
-13303808 -6619136
-12124160 -19857408
6291456 -30343168
-18284544 10747904
12320768 -3801088
-3342336 19070976
6160384 -10878976
-589824 13631488
2621440 1900544
524288 -19070976
0 12255232
-11141120 -16908288
-1966080 6881280
4980736 13631488
-3080192 -2949120
8454144 1310720
4128768 -5373952
-9961472 -6684672
-2949120 458752
8716288 1966080
-3604480 786432
-4128768 6750208
9895936 -3604480
-1245184 -2490368
-6029312 3211264
1900544 -8716288
1966080 -3473408
-3407872 6160384
-1048576 983040
589824 -1835008
1572864 6291456
-4063232 6029312
-3080192 -5111808
6160384 -5373952
1769472 1376256
-3604480 -2818048
1966080 -1179648
3145728 1245184
-3670016 4784128
-1114112 2490368
1114112 -3473408
-327680 262144
-65536 983040
1376256 -2097152
1376256 -2883584
-589824 -655360
65536 1441792
-589824 -393216
-4063232 1048576
-65536 2031616
4325376 917504
-786432 -1310720
-393216 -983040
2162688 -1441792
-1376256 -1703936
-1966080 0
65536 1572864
655360 -1048576
-786432 589824
196608 2097152
-786432 0
-1245184 -524288
1179648 -983040
131072 65536
-655360 786432
393216 -983040
1179648 -327680
589824 1638400
-458752 589824
-458752 -983040
327680 327680
-65536 589824
327680 -786432
-458752 -1769472
0 -786432
786432 -196608
-983040 -65536
-1114112 262144
196608 393216
393216 1114112
-196608 393216
-720896 -131072
196608 -851968
-65536 -393216
-393216 262144
65536 -196608
524288 -327680
-393216 524288
-327680 -262144
65536 -196608
196608 -65536
-458752 393216
131072 393216
327680 -65536
-196608 -65536
196608 -131072
262144 -1114112
-393216 -393216
-393216 -196608
-393216 131072
-196608 0
-131072 655360
65536 524288
524288 65536
262144 -196608
-262144 -65536
-262144 -655360
-327680 -262144
-65536 0
131072 -131072
-196608 -458752
-393216 0
-196608 -196608
-327680 65536
-393216 196608
262144 0
0 -131072
-196608 524288
393216 327680
131072 -262144
-458752 -262144
-327680 65536
-65536 -65536
0 -262144
196608 -262144
327680 -262144
65536 -65536
-131072 0
-196608 196608
-327680 0
-262144 -65536
-393216 0
-262144 -262144
-196608 -196608
65536 65536
131072 65536
-458752 65536
131072 131072
589824 0
-196608 -196608
-65536 393216
327680 65536
131072 -589824
-524288 -262144
-458752 65536
-131072 -458752
-196608 -458752
-196608 -393216
-131072 131072
0 0
-196608 -65536
-196608 327680
-65536 262144
-786432 0
-655360 524288
589824 327680
983040 -65536
786432 -196608
131072 -720896
-262144 -1114112
-589824 -393216
-786432 0
-720896 262144
-524288 327680
786432 458752
458752 131072
-524288 524288
458752 -262144
393216 -720896
-393216 131072
-262144 -65536
-196608 -851968
-262144 -131072
-589824 851968
-65536 458752
131072 -458752
196608 65536
655360 -327680
-458752 -786432
-851968 65536
655360 327680
196608 65536
-1179648 -262144
-393216 -327680
327680 196608
-524288 655360
-1245184 458752
655360 196608
1376256 -1572864
-458752 -786432
-1310720 -65536
-393216 917504
1572864 1245184
1114112 1835008
196608 -65536
-196608 -2228224
-1376256 -1441792
-1179648 -327680
-983040 131072
1572864 65536
1966080 -1310720
-786432 393216
-327680 786432
720896 131072
-2555904 -917504
524288 131072
196608 -65536
-2818048 327680
-1441792 -589824
1769472 2359296
1048576 262144
-1441792 -2162688
1900544 -1900544
2097152 -327680
-458752 524288
-2162688 917504
-458752 2818048
2752512 2949120
-3473408 -327680
-2621440 -3080192
1703936 -2883584
983040 -3014656
2031616 1900544
2228224 1835008
-131072 -3342336
2490368 1703936
-6619136 4653056
-2883584 720896
6029312 -6029312
-262144 2686976
-4587520 2097152
-1376256 -8585216
393216 -458752
-3407872 8781824
1835008 -3538944
4915200 -7536640
3604480 9699328
-655360 3604480
-1638400 -10289152
-2883584 7929856
-3407872 6946816
-4325376 -12124160
458752 1376256
8388608 -655360
3080192 -4259840
-131072 -917504
6160384 9961472
-9633792 -3014656
-8454144 3145728
4849664 8126464
-11534336 -10223616
16318464 720896
-2097152 -10551296
65536 -1048576
4653056 4784128
-12255232 7274496
24117248 6750208
-22151168 1048576
-33423360 -40763392
3211264 32964608
-5898240 14024704
-1638400 -10420224
7667712 -5308416
-589824 7471104
4915200 -23068672
5636096 19595264
-3932160 -6422528
-8323072 9633792
4456448 10092544
-1245184 -12582912
5111808 458752
3735552 -5111808
-2752512 -8847360
-1507328 3670016
3932160 8912896
-6094848 131072
-524288 3604480
7536640 -4653056
-6422528 -4653056
-2883584 720896
4849664 -5308416
-2359296 1769472
-3473408 3735552
131072 -1179648
-1114112 196608
-65536 4390912
-327680 1179648
2293760 -5242880
5111808 -1310720
-2686976 2883584
-3670016 -2162688
983040 -524288
589824 1376256
-2686976 3538944
1441792 -1703936
1245184 -4194304
983040 3932160
524288 655360
-327680 -4259840
327680 -1638400
-917504 1769472
-851968 262144
-458752 -983040
-1441792 3014656
851968 1507328
1114112 -1310720
-1703936 -1048576
851968 -1114112
917504 -2621440
-1179648 -786432
-720896 2228224
-65536 1769472
983040 -589824
-393216 1507328
-1048576 -262144
-917504 -2883584
458752 -589824
655360 0
-655360 0
262144 -131072
-524288 196608
-393216 1835008
393216 1507328
65536 -524288
589824 -983040
786432 -262144
-589824 -327680
-327680 -589824
-65536 -851968
393216 458752
-196608 458752
-1048576 -1048576
65536 -655360
327680 655360
-393216 196608
-589824 -458752
393216 393216
393216 -458752
-1114112 -458752
-720896 524288
131072 196608
196608 0
131072 196608
393216 -524288
0 -786432
-720896 0
-327680 458752
196608 -65536
-65536 -65536
196608 327680
327680 -262144
-131072 -393216
-65536 131072
0 -131072
-393216 -393216
-589824 -393216
-524288 262144
-327680 196608
0 393216
393216 262144
720896 -262144
589824 -458752
-131072 -458752
-655360 -196608
-393216 0
-65536 -65536
65536 -327680
0 -524288
-524288 0
-327680 131072
196608 -131072
-458752 65536
-458752 131072
131072 -131072
131072 -65536
0 131072
196608 131072
65536 -262144
-262144 131072
0 196608
393216 -196608
-262144 -524288
-327680 -196608
65536 -196608
-65536 -327680
-524288 131072
-262144 196608
65536 -131072
131072 262144
196608 65536
-131072 -262144
-393216 -65536
196608 65536
-524288 -131072
-917504 0
65536 131072
327680 -262144
131072 -131072
589824 196608
851968 -458752
0 -393216
-589824 131072
-458752 -131072
-720896 -327680
-1048576 -393216
-524288 327680
524288 262144
262144 -524288
-262144 -327680
0 262144
-65536 458752
0 851968
524288 589824
589824 -458752
0 -917504
-458752 -393216
-786432 -393216
-524288 -393216
0 -196608
327680 0
-393216 0
-65536 65536
458752 131072
-196608 851968
-262144 327680
196608 -655360
262144 -655360
-327680 -393216
-983040 -65536
-65536 -131072
-196608 196608
131072 589824
589824 -262144
-131072 -262144
-65536 524288
589824 131072
-327680 -720896
-786432 -851968
196608 -393216
-262144 -458752
-1638400 196608
-327680 1376256
2031616 655360
65536 -65536
-1048576 524288
262144 -1572864
-720896 -1441792
-1310720 983040
-196608 983040
1769472 -786432
1638400 655360
65536 983040
-1245184 -1245184
-1638400 -65536
1048576 393216
393216 -983040
-1048576 -458752
786432 -1048576
-851968 -1048576
-1966080 1245184
2883584 1900544
458752 -1638400
-1114112 -1179648
1114112 1179648
-65536 1441792
-3014656 -1638400
-917504 983040
2031616 1507328
-2555904 -1376256
-1245184 -1441792
3211264 -786432
2293760 -1638400
-1703936 131072
-1114112 2818048
2883584 1507328
-2686976 1703936
-2293760 1638400
1572864 -1048576
-1114112 -5177344
1835008 -1572864
2228224 1048576
-5242880 -3473408
5177344 720896
1638400 5177344
-5505024 4325376
2752512 -6356992
3604480 -1703936
-4980736 4128768
-3735552 -3670016
3473408 -4456448
-3604480 7864320
-2621440 3538944
5505024 -10354688
5439488 393216
-458752 7471104
327680 -10092544
-2752512 3538944
-5636096 12124160
-5898240 -6488064
-1048576 -458752
4980736 851968
2097152 -4521984
3342336 -7077888
6029312 5439488
-9568256 655360
1638400 8323072
7602176 4587520
-14745600 -7864320
15532032 -327680
-13893632 -9175040
11403264 2883584
3342336 8192000
5177344 -3670016
65536 655360
-31784960 -37093376
13565952 7405568
-12451840 12648448
9109504 -9895936
-4915200 19595264
9633792 -22675456
-9437184 18284544
-3342336 -8388608
2228224 -458752
9437184 11468800
-4390912 -10223616
7405568 2162688
5373952 -2293760
-10158080 -5767168
-4718592 3014656
4849664 6946816
-6750208 -983040
1769472 2031616
8192000 -6094848
-6291456 -2686976
-1179648 -196608
4128768 -7602176
-2555904 4980736
-655360 6029312
458752 -1900544
-1114112 1703936
-1507328 4653056
-4587520 -3080192
2883584 -6029312
6684672 1376256
-3211264 196608
589824 -4194304
3670016 2490368
-4784128 5832704
-4194304 3014656
4980736 -3932160
131072 -1835008
-1769472 3145728
1900544 -4915200
1048576 -2883584
-458752 2949120
-786432 1310720
-327680 -2031616
-2359296 1376256
-851968 2686976
3276800 -2031616
-65536 -917504
-2162688 720896
2555904 -1966080
-458752 -720896
-3473408 1572864
-65536 131072
1048576 -917504
720896 1441792
196608 1310720
1441792 -2621440
262144 -1638400
-131072 720896
-1114112 -786432
-1572864 851968
0 262144
-458752 -786432
-655360 983040
-393216 1441792
196608 -786432
1638400 393216
917504 1048576
-720896 -1966080
-458752 -1638400
-196608 917504
-65536 1179648
-393216 -262144
65536 -327680
1179648 65536
-458752 -851968
-1048576 -720896
-393216 196608
65536 0
-458752 -393216
-65536 524288
589824 131072
-131072 -327680
-458752 393216
-65536 393216
327680 -524288
196608 -589824
-393216 0
-589824 -262144
-393216 -65536
-131072 589824
196608 65536
262144 -589824
0 -65536
-196608 393216
-327680 131072
-131072 -393216
-65536 -196608
-196608 65536
-458752 -65536
-262144 131072
0 196608
262144 196608
589824 -262144
196608 -786432
-262144 -196608
-327680 65536
-262144 262144
-65536 327680
196608 -327680
131072 -524288
-262144 -720896
-589824 -393216
-524288 262144
-65536 196608
-458752 262144
-262144 589824
327680 458752
458752 -327680
131072 -655360
0 -131072
131072 -65536
-262144 -65536
-458752 196608
-65536 196608
-65536 65536
-262144 -131072
-196608 -196608
131072 -458752
196608 -327680
-131072 65536
-131072 -65536
-65536 -196608
-131072 -65536
-196608 131072
-524288 196608
131072 65536
196608 131072
-458752 131072
-327680 196608
327680 -65536
458752 -720896
-65536 -458752
0 -196608
393216 -393216
-327680 -196608
-655360 262144
-65536 327680
-327680 -131072
-851968 65536
196608 0
262144 -786432
-786432 -131072
-589824 983040
262144 655360
524288 65536
917504 0
262144 -720896
-196608 -917504
-65536 -65536
-196608 196608
-655360 -262144
-524288 -393216
-262144 -262144
-458752 262144
-327680 262144
589824 -196608
458752 -131072
458752 131072
196608 -196608
-327680 -262144
-589824 0
-851968 589824
-327680 262144
131072 -524288
-65536 65536
262144 131072
196608 -393216
131072 -458752
458752 -393216
131072 -196608
-524288 -262144
-720896 131072
-65536 327680
-131072 0
-1048576 524288
458752 131072
917504 -917504
-1179648 393216
-720896 327680
720896 -1441792
786432 -655360
-1703936 1376256
65536 0
1572864 -917504
196608 1245184
0 327680
-262144 -131072
-262144 -393216
196608 -983040
-1638400 -393216
-393216 -458752
589824 -196608
-65536 983040
1638400 1048576
-524288 -262144
-1900544 -1572864
917504 -2031616
786432 1376256
-1048576 -262144
-2686976 -589824
917504 2686976
-131072 2031616
-917504 -1900544
-196608 -2359296
2293760 -1441792
589824 -1900544
-2621440 1900544
1966080 3538944
2031616 1441792
-2031616 720896
-131072 2818048
-2031616 -3997696
-327680 -6029312
3801088 2490368
-3670016 458752
3014656 -4456448
2818048 786432
-5767168 8126464
-983040 -4194304
5177344 -3473408
-196608 7929856
-3604480 -720896
1310720 -8781824
-3014656 4587520
-3014656 4849664
720896 -10682368
3670016 -1310720
2293760 9306112
-1769472 -8716288
65536 2686976
1048576 10813440
-6488064 -7340032
-3932160 1114112
5570560 3866624
-786432 -6356992
-196608 -4390912
10158080 7995392
-4521984 -4784128
1507328 6881280
589824 3801088
-6946816 -3735552
13500416 -1114112
-14024704 -3080192
23855104 -2031616
-23789568 -4587520
4325376 10354688
-17563648 -18808832
-33554432 131072
15728640 -15990784
-4456448 14876672
11010048 -15532032
1572864 11862016
-983040 8912896
-7929856 -1900544
1835008 10354688
1769472 -15138816
3014656 1507328
3014656 -2097152
-3407872 -3997696
1114112 6619136
-589824 7208960
-8847360 -6225920
7077888 1114112
9043968 -3473408
-8716288 -4259840
3866624 -1638400
1703936 -1245184
-8454144 7405568
-655360 786432
1966080 -4128768
-2883584 2686976
1179648 -589824
1048576 -5570560
3538944 131072
-393216 5308416
-4784128 -720896
1900544 -786432
-393216 2883584
-5177344 -720896
1703936 -1114112
4390912 -1441792
-983040 1179648
1769472 1507328
1507328 -4521984
-3145728 -131072
-589824 2162688
-65536 262144
-983040 -589824
-655360 1769472
1638400 917504
786432 -2752512
-2293760 -1048576
851968 -851968
2686976 -1572864
-3407872 589824
-1048576 2031616
2686976 917504
-983040 851968
-1179648 1245184
262144 -917504
458752 -3145728
-65536 -524288
1310720 327680
-851968 -1245184
-1179648 524288
524288 589824
-1310720 720896
-1310720 589824
327680 -917504
589824 -327680
393216 1900544
0 0
393216 -2097152
524288 65536
-589824 524288
-589824 -327680
-196608 -65536
983040 393216
1310720 -131072
-851968 -851968
-786432 -458752
0 -131072
-327680 0
-786432 -131072
65536 262144
458752 -131072
-524288 131072
-196608 131072
393216 -262144
-131072 -327680
-327680 524288
65536 196608
131072 -393216
-327680 -131072
-393216 -65536
-262144 -655360
0 -196608
-393216 393216
-262144 524288
196608 0
589824 -65536
262144 -393216
-65536 -458752
-524288 -524288
-524288 0
-327680 262144
262144 393216
196608 262144
65536 196608
65536 -262144
-131072 -458752
-327680 -65536
0 -196608
393216 -262144
262144 -65536
-458752 -655360
-589824 -262144
-262144 262144
-327680 -327680
-589824 -65536
65536 786432
65536 393216
-131072 -327680
327680 0
393216 -131072
-262144 -851968
-589824 -196608
0 262144
131072 65536
-131072 262144
-65536 131072
65536 -131072
65536 -262144
0 -196608
-393216 -458752
-131072 -393216
-65536 131072
-262144 196608
-524288 65536
-262144 65536
524288 0
131072 0
0 65536
327680 -196608
-65536 -131072
-327680 327680
-327680 524288
-65536 -524288
-131072 -589824
-131072 0
524288 -393216
524288 -720896
-327680 -196608
-524288 262144
-262144 0
-655360 262144
-851968 458752
-327680 -65536
-65536 131072
-65536 786432
393216 327680
524288 -786432
720896 -720896
65536 -262144
-524288 -524288
0 -262144
65536 196608
-524288 196608
-524288 196608
0 327680
196608 -65536
-262144 -393216
0 -458752
131072 -262144
-196608 -327680
-131072 131072
65536 262144
-65536 -524288
-393216 327680
-131072 851968
-131072 -589824
-524288 -65536
524288 327680
327680 -589824
-917504 -524288
-65536 327680
851968 131072
-327680 -524288
-720896 -262144
196608 -262144
0 -851968
-1048576 851968
0 1572864
917504 -589824
262144 393216
-131072 917504
-1245184 -1310720
-327680 -1507328
-131072 917504
-196608 65536
1179648 -1507328
983040 720896
196608 262144
-1179648 917504
-655360 1507328
1048576 -1572864
-1114112 -917504
-917504 458752
851968 -1638400
-2555904 -1441792
655360 1638400
2162688 1048576
-1048576 -524288
131072 -1638400
2555904 589824
65536 -131072
-4063232 -131072
589824 1703936
851968 720896
-2490368 -589824
-2031616 -262144
917504 -1441792
2097152 -2621440
524288 1441792
1245184 1441792
524288 458752
-655360 393216
1572864 4063232
-3342336 196608
-2359296 -4456448
5767168 -1245184
-5373952 524288
-1441792 -3473408
6553600 -4063232
-3080192 7733248
-3342336 3145728
6488064 -5636096
2359296 2359296
-6225920 2621440
983040 -8192000
-1507328 983040
-3866624 8781824
-131072 -5636096
3604480 -4521984
2228224 7208960
655360 -8388608
1703936 -2555904
524288 9633792
-9699328 -1245184
-1835008 3670016
1900544 4456448
-1179648 -4259840
5439488 -4259840
7471104 -1638400
-11403264 -3670016
9306112 9895936
-8454144 -720896
-1179648 3407872
11599872 327680
-8126464 -12582912
16449536 -8650752
-7798784 9502720
-31719424 11730944
7798784 -16973824
-458752 -5898240
-6422528 4784128
-7143424 -2686976
-3670016 10092544
7405568 -12976128
2818048 17301504
589824 -9109504
524288 -2293760
5177344 3342336
-7405568 -1245184
-1441792 1703936
6815744 4718592
-4390912 -2490368
3538944 1507328
5242880 -5439488
-9306112 -851968
4784128 -655360
393216 -5636096
-6881280 6684672
3211264 3604480
851968 -2818048
-2555904 1179648
1179648 -1114112
-3538944 -6160384
786432 -655360
1572864 4653056
-2097152 -458752
1769472 655360
-983040 4784128
-3145728 0
1638400 -2490368
2490368 -2883584
-720896 2097152
1638400 -655360
327680 -4521984
-1376256 4194304
-655360 2883584
-2359296 -1441792
393216 196608
1310720 1310720
983040 -2293760
917504 -3407872
-524288 1572864
196608 327680
-196608 -786432
-3473408 1441792
-393216 786432
458752 -1048576
-458752 524288
983040 1179648
917504 -1441792
720896 -2424832
-589824 1376256
-983040 786432
-720896 -1179648
655360 917504
262144 327680
-1441792 -851968
458752 -1179648
-262144 -131072
-589824 1245184
196608 1048576
65536 -655360
524288 -720896
524288 655360
-983040 262144
-655360 -262144
-65536 262144
786432 786432
196608 -655360
-458752 -1703936
589824 -393216
196608 393216
-851968 -131072
-458752 -131072
524288 720896
-458752 -196608
-1441792 -65536
131072 131072
65536 -393216
-327680 -131072
393216 262144
524288 -327680
-131072 -65536
-327680 196608
65536 -196608
-65536 -655360
-327680 0
-262144 524288
-458752 196608
-65536 196608
589824 196608
393216 -262144
65536 -655360
-393216 -851968
-458752 -65536
-393216 327680
-720896 393216
-327680 327680
393216 458752
524288 131072
131072 -262144
-196608 -589824
65536 -393216
0 -65536
-196608 -131072
-131072 -458752
-196608 0
-327680 0
-327680 -131072
-262144 262144
65536 0
-262144 -458752
-196608 0
262144 458752
65536 -65536
-393216 -327680
-393216 196608
65536 131072
-65536 0
-262144 -196608
393216 -327680
393216 -327680
-393216 -65536
-458752 196608
65536 -131072
0 -65536
-589824 327680
-262144 -131072
65536 -262144
65536 0
65536 0
-393216 -262144
-131072 -262144
131072 -196608
-262144 65536
-262144 524288
196608 262144
524288 -327680
-196608 196608
-327680 -65536
0 -786432
-262144 -327680
-131072 -65536
65536 -655360
-327680 -589824
-589824 458752
-131072 393216
0 -196608
-655360 262144
-655360 327680
65536 -65536
327680 327680
524288 589824
196608 -196608
196608 -720896
196608 -524288
-458752 -458752
-393216 -524288
-393216 -65536
-65536 458752
196608 393216
0 0
-65536 -393216
0 -131072
-327680 0
-393216 -131072
-131072 -393216
262144 -458752
-327680 196608
-524288 -196608
-327680 -327680
131072 1114112
524288 524288
196608 -786432
-65536 -524288
196608 327680
-327680 196608
-786432 -786432
196608 -327680
327680 65536
-983040 -196608
-1114112 327680
786432 -131072
393216 -524288
-131072 655360
655360 -327680
131072 -983040
-589824 655360
-1048576 2097152
-65536 -524288
196608 -1507328
-458752 262144
-196608 -1114112
-786432 -655360
1179648 0
1638400 655360
-196608 1572864
65536 -524288
-327680 -786432
-2162688 393216
-65536 -196608
-1114112 -720896
196608 262144
1638400 1310720
1048576 851968
-851968 -3538944
-655360 -1441792
1638400 589824
-1507328 -851968
-1572864 1179648
262144 3670016
131072 327680
-1966080 -262144
-1769472 1179648
2686976 -4653056
458752 -3735552
-983040 2097152
2031616 2293760
786432 -1310720
1703936 3997696
-2097152 4128768
-5111808 -4980736
5636096 -3407872
-1376256 2949120
-2686976 -1966080
4063232 -7733248
-1769472 6881280
-4587520 5111808
2818048 -6815744
4325376 1179648
-1572864 6881280
851968 -7929856
-524288 -983040
-1835008 8781824
-4325376 -7012352
-917504 -6422528
3735552 8257536
-1507328 -7602176
-917504 -786432
5046272 10354688
-5373952 -4063232
-2424832 4128768
786432 2752512
-2883584 -8454144
3342336 -1245184
6291456 65536
-4128768 393216
10485760 11730944
-12648448 3932160
9306112 -327680
-2031616 -8126464
458752 -14811136
2949120 -21823488
-23134208 -19267584
15007744 -39714816
-16711680 6160384
7864320 5701632
-6488064 25821184
-1310720 -10878976
-3538944 5505024
8716288 -10092544
1572864 -4194304
3342336 6881280
-3276800 -524288
-2490368 5636096
2359296 6356992
-7274496 -9109504
5963776 -2621440
7471104 0
-9240576 -2031616
7077888 589824
-327680 917504
-10682368 5832704
1703936 -4521984
1638400 -2883584
-786432 1441792
3997696 -4390912
655360 -5046272
-65536 5373952
-4456448 5046272
-3407872 -2490368
3276800 1835008
-2949120 2228224
-65536 -5242880
5242880 -1245184
0 2228224
-1835008 2818048
2883584 -3014656
-2686976 -1441792
-3276800 4325376
917504 -2818048
-458752 -655360
851968 3670016
2555904 -327680
983040 -3538944
-1572864 -851968
-1376256 720896
1245184 -1572864
-1310720 1310720
-2621440 1638400
2162688 -1048576
0 131072
-2621440 1572864
983040 -1310720
1703936 -2621440
655360 -65536
-524288 1114112
65536 -720896
-65536 983040
-327680 2228224
-917504 -589824
-458752 -1179648
655360 -1835008
-458752 -1048576
-196608 851968
-196608 458752
-327680 -393216
327680 1179648
-131072 1572864
-1245184 -1376256
-131072 -589824
786432 1310720
589824 -65536
-65536 -1441792
720896 -65536
196608 131072
-1245184 -786432
-458752 -262144
720896 393216
-131072 -196608
-851968 -196608
-262144 524288
393216 -65536
-655360 -327680
262144 0
131072 -393216
0 -131072
-196608 393216
-65536 -131072
-131072 -327680
65536 0
-262144 196608
0 65536
-720896 -393216
-65536 -65536
262144 458752
131072 -196608
-196608 -458752
131072 -196608
-131072 196608
-524288 -131072
-720896 -196608
196608 -65536
-131072 327680
-65536 131072
262144 -196608
655360 -196608
196608 -65536
-327680 -196608
-458752 65536
0 196608
-65536 0
-65536 -589824
-327680 -262144
65536 -327680
65536 -393216
-655360 -65536
-262144 196608
-65536 65536
-458752 262144
0 262144
524288 196608
65536 -262144
-655360 -196608
0 -131072
458752 0
-458752 -262144
-393216 -458752
262144 65536
196608 262144
-131072 65536
-196608 0
65536 -131072
65536 -196608
-196608 -65536
-131072 -196608
-327680 -262144
0 -65536
-262144 131072
-524288 131072
-131072 65536
327680 -65536
262144 131072
65536 65536
458752 -589824
65536 -327680
-720896 327680
-196608 0
0 -524288
-524288 -393216
-196608 65536
262144 -327680
-196608 -131072
-196608 196608
-262144 -262144
-786432 65536
-720896 1048576
393216 720896
720896 -65536
720896 -131072
262144 -458752
-196608 -1114112
-327680 -720896
-458752 -65536
-393216 -65536
-327680 196608
65536 196608
458752 0
-262144 393216
-393216 0
262144 -458752
262144 -131072
-327680 0
-458752 -327680
-393216 -589824
-458752 393216
-131072 589824
0 -393216
458752 0
983040 65536
-327680 -458752
-1114112 -196608
131072 -196608
458752 131072
-851968 -65536
-720896 -393216
524288 131072
131072 655360
-786432 196608
65536 -786432
589824 -1376256
-720896 -65536
-786432 0
-589824 786432
1114112 983040
1179648 1245184
65536 196608
-983040 -1638400
-917504 -1376256
-655360 -131072
-131072 1638400
1048576 -458752
1310720 -1572864
-720896 2031616
196608 262144
262144 -1114112
-1376256 458752
1179648 -65536
-589824 -1703936
-2359296 65536
196608 65536
917504 589824
-851968 -1048576
-1441792 65536
2686976 -393216
589824 -917504
-393216 -393216
-655360 2228224
-786432 786432
-983040 720896
-2293760 2555904
196608 -2752512
1966080 -3342336
1114112 1245184
1507328 1048576
-589824 -2097152
2818048 131072
-262144 4325376
-7667712 1048576
5832704 -3473408
458752 65536
-5767168 1376256
2621440 -8257536
1572864 1048576
-4521984 7143424
2359296 -2883584
4980736 -1441792
-2883584 6488064
-393216 -5505024
458752 -5439488
-3473408 7405568
-4849664 -2228224
327680 -5701632
3801088 7929856
-196608 -6160384
4653056 -3932160
4194304 8126464
-8323072 -2424832
-1900544 7995392
-1769472 720896
-6029312 -4063232
8978432 2752512
5505024 -9109504
2555904 -2162688
4784128 9437184
-15990784 1638400
12058624 -1048576
-12189696 3145728
8781824 -16318464
10027008 -72286208
-29097984 16252928
-10944512 4718592
3801088 3014656
19464192 -5767168
851968 4718592
-2293760 2359296
-5636096 -8257536
-851968 7798784
-3670016 -1507328
-2359296 -4390912
8192000 5701632
-3997696 -3866624
3997696 3735552
4980736 -3997696
-11468800 -3145728
6356992 4653056
262144 -1310720
-7077888 3997696
6488064 65536
524288 196608
-1245184 -196608
4063232 -3670016
-1048576 -3473408
-262144 1376256
-2752512 2031616
-2162688 -327680
720896 2883584
-3407872 458752
1703936 -3473408
2818048 -131072
-720896 -720896
524288 851968
1441792 -720896
-3473408 655360
-327680 3997696
-262144 -1900544
-2883584 393216
2228224 1310720
3670016 -1441792
262144 -2883584
-589824 -458752
0 1441792
-1441792 -196608
-3276800 1638400
851968 786432
2818048 -1835008
-2162688 -786432
-131072 458752
3276800 -458752
-262144 -327680
-851968 589824
-917504 196608
-1114112 -1179648
-983040 1310720
851968 1441792
458752 -1703936
786432 -1310720
1507328 -655360
-1703936 524288
-1572864 393216
-131072 -1179648
-393216 327680
-786432 1441792
-917504 -196608
131072 -327680
1310720 1835008
655360 196608
458752 -1703936
0 -983040
0 196608
-393216 0
-917504 262144
393216 720896
720896 -65536
-458752 -720896
-655360 -524288
-131072 -327680
131072 -327680
-65536 131072
458752 -131072
-131072 -262144
-393216 327680
-851968 524288
131072 196608
458752 -65536
-131072 -131072
-393216 -458752
-458752 -786432
-589824 -327680
458752 458752
327680 458752
-131072 -131072
-131072 131072
262144 524288
-196608 -65536
-327680 -524288
262144 -393216
65536 -589824
-1048576 0
-524288 131072
131072 196608
589824 393216
262144 65536
-65536 -327680
-262144 -327680
-262144 0
-262144 65536
131072 -262144
196608 0
262144 -524288
-589824 -589824
-655360 65536
196608 196608
-327680 -65536
-720896 131072
262144 458752
262144 131072
-393216 -524288
65536 -65536
589824 -131072
-589824 65536
-524288 131072
458752 65536
0 65536
-393216 -196608
65536 -327680
131072 -458752
0 -393216
-131072 65536
-327680 196608
-196608 0
196608 0
0 -131072
-851968 -65536
-131072 -131072
131072 -196608
-524288 131072
-393216 262144
393216 -131072
327680 -327680
-65536 196608
458752 65536
393216 -458752
-458752 -196608
-131072 0
-65536 -327680
-983040 -393216
-458752 327680
524288 -196608
0 -524288
-393216 -196608
-393216 196608
-524288 589824
-196608 851968
589824 393216
458752 -393216
393216 -917504
0 -196608
-327680 -65536
-393216 -196608
-196608 -65536
-131072 -131072
-524288 -65536
-851968 196608
65536 -65536
589824 524288
262144 393216
327680 -262144
458752 -720896
-524288 -196608
-851968 327680
-524288 -524288
-655360 -327680
524288 1048576
655360 -196608
-589824 -786432
-65536 196608
1048576 -65536
-196608 -524288
-720896 -262144
589824 131072
0 -196608
-1703936 -65536
-458752 458752
917504 -131072
-393216 131072
-589824 458752
720896 -1769472
-524288 -1048576
-196608 983040
131072 1114112
131072 -458752
393216 983040
786432 983040
-1179648 -786432
-1245184 -262144
851968 -262144
131072 196608
-917504 -589824
1179648 -2752512
0 393216
-524288 1703936
1769472 393216
-917504 -458752
-1376256 65536
196608 -983040
-851968 -786432
-1835008 -524288
393216 1966080
1769472 -327680
-2228224 65536
917504 0
2490368 -2162688
-589824 -2949120
-3145728 3407872
589824 2949120
1507328 -458752
-2228224 3997696
-458752 -196608
1179648 -5898240
-1114112 -1441792
1966080 1572864
-196608 -2031616
1245184 -196608
3407872 5242880
-5963776 2162688
1114112 -4259840
851968 -655360
-3211264 2555904
262144 -7798784
1114112 -458752
-3604480 6356992
-917504 -4390912
4128768 -1507328
2293760 9306112
1966080 -5439488
-786432 -3801088
-2228224 10158080
-5767168 -2293760
-2228224 -6291456
3801088 8650752
-917504 -8847360
3080192 -2752512
6553600 7471104
-5111808 -2883584
983040 7405568
-5636096 327680
-3801088 -1376256
4980736 -1835008
-5832704 -12386304
9568256 1310720
786432 10485760
-11534336 7208960
15663104 1966080
-917504 -8388608
27066368 -94765056
1048576 37486592
-6619136 18546688
-12386304 -3014656
2949120 -22609920
4390912 655360
1376256 -4653056
-2555904 11927552
1376256 6422528
-4915200 -4718592
4784128 7274496
-3145728 -12058624
1769472 393216
7536640 4390912
-8716288 -2752512
4521984 1441792
-3538944 1376256
-9371648 4325376
10813440 -2752512
2359296 -1769472
-458752 1179648
4653056 -5373952
-1835008 -1114112
-3604480 5636096
-5373952 -327680
-983040 -3538944
3276800 2228224
-2293760 -2752512
3342336 -3866624
3538944 3604480
-2621440 3080192
-1114112 131072
-65536 -2555904
-4390912 655360
-1114112 1835008
1507328 -3407872
1638400 3080192
3342336 1703936
720896 -2818048
-917504 -1638400
-1310720 1310720
-1179648 -393216
-1179648 -720896
-1376256 3407872
1900544 131072
2752512 -2424832
-2228224 262144
-393216 0
1245184 -2293760
-851968 65536
-65536 2097152
-65536 -1114112
-458752 -917504
-1376256 3080192
-720896 786432
917504 -2686976
2228224 -524288
524288 -524288
-1835008 -1179648
-65536 -524288
-589824 1114112
-851968 1179648
-393216 -196608
-393216 -589824
-196608 524288
-65536 1507328
393216 -131072
1179648 -1048576
196608 -655360
-327680 0
-983040 -131072
-983040 131072
1376256 1114112
1048576 262144
-458752 -1114112
-131072 -917504
-65536 -65536
-1114112 -262144
-786432 65536
917504 327680
327680 -262144
-786432 0
-196608 -65536
131072 -589824
-327680 262144
-65536 720896
262144 -327680
65536 -524288
-327680 -65536
-458752 196608
-196608 -196608
-131072 65536
393216 524288
-65536 -65536
-589824 -131072
327680 0
589824 -393216
-196608 -327680
-524288 -262144
-524288 -327680
-65536 262144
0 589824
-196608 196608
131072 -262144
131072 -262144
-262144 -131072
-524288 -327680
131072 65536
589824 131072
131072 -393216
0 -196608
0 -65536
-458752 -393216
-786432 -262144
-327680 262144
-327680 262144
-393216 -327680
196608 0
720896 327680
131072 -458752
-589824 -262144
-65536 131072
327680 196608
-458752 131072
-458752 131072
131072 -131072
131072 -393216
-196608 -262144
-327680 -65536
196608 -458752
262144 -131072
-196608 393216
-393216 -131072
-262144 -393216
196608 65536
-393216 0
-458752 65536
196608 65536
0 -131072
-524288 196608
-65536 458752
393216 -393216
-65536 -524288
65536 65536
720896 -131072
-65536 -589824
-655360 -65536
-131072 196608
-393216 -131072
-655360 65536
0 -196608
-65536 -524288
-524288 -65536
-458752 458752
65536 589824
393216 196608
655360 0
65536 0
-327680 -458752
0 -589824
-65536 -196608
-327680 0
-327680 -262144
-327680 -393216
-393216 262144
-327680 720896
0 0
524288 -393216
327680 196608
-65536 65536
-196608 -720896
-458752 -655360
-131072 393216
-65536 327680
-589824 -327680
131072 262144
458752 131072
-655360 -196608
-262144 131072
720896 -196608
131072 -262144
-655360 -393216
-262144 -524288
0 -393216
-393216 -196608
-655360 1114112
327680 786432
720896 -393216
-196608 458752
-786432 -196608
-1114112 -1507328
0 -720896
-524288 1048576
0 131072
1638400 -1048576
1507328 1441792
-458752 1638400
-1114112 131072
65536 -1507328
0 65536
-1376256 -196608
131072 -2686976
65536 -393216
-393216 2490368
1900544 -589824
-393216 -1048576
-393216 917504
851968 -196608
-327680 131072
-1900544 196608
-1703936 589824
1245184 -589824
-1245184 -196608
-655360 -327680
983040 -1572864
1900544 -1966080
65536 1835008
-327680 1638400
1179648 -851968
-917504 3735552
-3014656 1900544
-393216 -2031616
196608 -2162688
2490368 -1310720
-1048576 -1769472
983040 -1245184
4718592 786432
-5898240 3604480
1638400 -720896
2490368 -1376256
-4390912 5111808
-65536 -4915200
1048576 -4587520
-4587520 5767168
-983040 -1572864
4325376 -4325376
1441792 7864320
720896 -3735552
1900544 -3801088
-720896 7077888
-6881280 -458752
-589824 -4194304
2293760 8912896
-7077888 -9306112
6094848 -983040
8454144 -65536
-6553600 -5701632
3342336 10354688
-5242880 0
-2228224 4521984
-2424832 1900544
-65536 -11993088
17367040 -2686976
-5373952 14680064
-4390912 6356992
-15597568 -6815744
-2752512 -81526784
2097152 -16711680
12386304 8126464
6750208 9764864
-13762560 8060928
-3735552 -6291456
-393216 458752
393216 7798784
-262144 -10944512
8192000 7471104
-1703936 -5636096
-4390912 -196608
7012352 5046272
-8060928 -4259840
2883584 3604480
-655360 196608
-5373952 720896
8454144 -983040
-2162688 917504
-851968 -1507328
5046272 -5439488
-3670016 -131072
-2359296 3866624
-327680 655360
1179648 851968
524288 2359296
-393216 -5111808
2162688 -3211264
-2031616 2555904
-2752512 -983040
1835008 1179648
-655360 1310720
-2621440 786432
2162688 -327680
-786432 -1114112
-917504 3407872
4587520 -2490368
131072 -2293760
-1769472 1179648
-1310720 -65536
-1179648 327680
-2424832 2293760
-65536 917504
4259840 -3145728
1114112 -458752
-2031616 65536
2228224 -2293760
-393216 524288
-3801088 2490368
-720896 -327680
524288 -1507328
0 917504
-327680 917504
1441792 -1966080
1245184 -524288
851968 1638400
-458752 -524288
-1376256 -131072
131072 -524288
-1441792 -262144
-524288 589824
262144 -655360
-262144 -1179648
327680 851968
-524288 1048576
-458752 -983040
851968 -131072
65536 983040
-524288 -393216
-786432 -524288
-65536 983040
851968 655360
-327680 -1048576
458752 -983040
851968 -393216
-589824 -327680
-655360 -327680
327680 851968
262144 196608
-917504 -196608
-393216 -65536
131072 -655360
-65536 -524288
0 458752
-131072 131072
0 -393216
196608 65536
-65536 393216
131072 -524288
-65536 -524288
-524288 327680
-524288 262144
-786432 -131072
-262144 196608
655360 -65536
524288 -65536
0 -458752
0 -720896
-65536 -327680
-524288 524288
-458752 262144
-262144 -65536
65536 262144
131072 131072
-327680 -458752
0 -196608
589824 131072
0 -65536
-196608 -131072
196608 -65536
-131072 -655360
-458752 -458752
-196608 327680
-65536 65536
-589824 -524288
-393216 131072
65536 851968
131072 -65536
-65536 -524288
0 0
65536 -327680
-524288 -196608
-655360 131072
262144 -131072
393216 0
-131072 262144
-131072 0
131072 -393216
262144 -196608
-393216 0
-524288 -393216
-131072 -458752
0 -65536
-327680 65536
-458752 131072
458752 0
262144 -262144
-262144 131072
-196608 196608
-262144 -131072
-196608 -196608
-262144 458752
0 -131072
131072 -655360
131072 -131072
524288 65536
393216 -589824
-458752 -393216
-524288 196608
-131072 -131072
-327680 -131072
-917504 196608
-720896 -196608
0 -131072
65536 524288
196608 655360
458752 -262144
720896 -655360
131072 -65536
-524288 -65536
-458752 -720896
-196608 -131072
-262144 196608
-458752 196608
-131072 65536
327680 -131072
-65536 -131072
-196608 196608
-65536 -196608
0 -196608
0 196608
262144 0
-393216 -524288
-524288 65536
458752 458752
-327680 -524288
-524288 -131072
851968 196608
0 -458752
-983040 131072
131072 262144
917504 -393216
-458752 -655360
-786432 -131072
65536 131072
-131072 -720896
-196608 196608
262144 589824
-131072 -917504
196608 131072
65536 1114112
-1769472 -196608
-131072 -786432
1048576 720896
-458752 196608
-786432 -2097152
1638400 262144
458752 1179648
-1572864 1441792
1310720 -196608
1048576 -851968
-2752512 786432
-262144 -917504
786432 -2752512
-1835008 786432
851968 851968
1245184 -589824
-655360 131072
-327680 -262144
2162688 -786432
-917504 -1376256
-3801088 1835008
1835008 1048576
-327680 -458752
-2490368 1572864
458752 -262144
1966080 -4587520
-458752 -589824
-655360 2424832
1310720 -1376256
65536 3997696
-851968 4194304
1769472 -1245184
-2490368 -3080192
-393216 -1572864
-262144 -2359296
-393216 -1441792
5505024 458752
-3276800 4718592
65536 -1310720
1376256 -1966080
-2818048 5242880
196608 -4456448
1572864 -5242880
-3735552 7340032
-2621440 -1703936
1179648 -3997696
2424832 7274496
1310720 -4849664
1769472 -6553600
2031616 8323072
-4063232 -2228224
-4784128 -2621440
1572864 13434880
-5177344 -10027008
5505024 -1703936
3997696 -131072
-2031616 -2949120
4521984 8388608
-8978432 -720896
6815744 9109504
-10813440 -3735552
-1638400 -16973824
16121856 -1769472
3538944 15728640
-3866624 26542080
-12910592 -7798784
-28377088 -12517376
7864320 -17301504
21692416 -10027008
-3538944 15859712
-4390912 0
-3211264 10747904
-983040 -11075584
-1048576 6881280
4194304 -7864320
-2555904 -3342336
6946816 13107200
-9043968 -5570560
2555904 1114112
327680 -1179648
-8454144 -1245184
10092544 -3473408
3276800 917504
-1245184 3211264
3407872 -2424832
-5439488 2424832
-3604480 5308416
-2555904 -3670016
3276800 -3866624
3997696 524288
851968 -4325376
2097152 -1507328
-2424832 4849664
-3932160 1900544
-1179648 851968
-1245184 -1638400
-196608 393216
2752512 -1638400
-720896 -2097152
1835008 3866624
2555904 -917504
-4063232 -1638400
-786432 458752
65536 -262144
-1900544 524288
-196608 1638400
3145728 1179648
2424832 -2031616
-1900544 -720896
-1179648 -1245184
917504 -1245184
-2555904 720896
-393216 1048576
2359296 -458752
-1179648 65536
-655360 1441792
196608 262144
327680 -1703936
1114112 -131072
589824 393216
-1835008 -786432
-393216 131072
1114112 327680
-1441792 655360
65536 -786432
1114112 -2293760
-65536 -65536
-786432 1310720
-1048576 -655360
-196608 -524288
196608 2228224
-786432 196608
-458752 -1507328
-65536 393216
458752 655360
589824 -262144
262144 -196608
655360 131072
196608 -393216
-1048576 -393216
-786432 -131072
131072 262144
196608 -327680
-589824 -131072
196608 -196608
262144 -458752
-131072 131072
-327680 524288
131072 -327680
65536 -131072
-196608 458752
-524288 -262144
-131072 -1048576
-196608 -131072
-196608 262144
-131072 -262144
-327680 -327680
65536 524288
196608 393216
-262144 262144
196608 -131072
327680 -458752
-262144 -393216
-524288 -196608
-393216 -458752
-327680 327680
0 262144
262144 131072
262144 196608
393216 -131072
131072 -262144
-720896 -196608
-393216 -131072
0 131072
-131072 -393216
-262144 -196608
65536 65536
131072 -393216
-65536 -393216
65536 131072
-65536 131072
-589824 -196608
-458752 327680
131072 458752
-196608 -327680
-851968 -65536
131072 -131072
720896 -262144
-262144 65536
-131072 -262144
524288 -524288
-131072 196608
-262144 589824
-262144 -131072
-65536 -327680
0 0
-196608 -65536
-327680 -327680
-65536 -196608
196608 -327680
-458752 -65536
-327680 262144
0 -262144
-262144 -131072
-131072 851968
196608 458752
327680 -786432
-131072 -65536
-262144 393216
-131072 -589824
-131072 -524288
0 131072
458752 -327680
65536 -655360
-458752 327680
-262144 65536
-262144 -589824
-720896 65536
-851968 589824
-262144 196608
393216 196608
720896 524288
262144 -196608
196608 -983040
262144 -524288
-131072 0
-589824 -65536
-589824 -196608
-131072 131072
-65536 393216
0 327680
-65536 -327680
-196608 -393216
-65536 131072
65536 0
131072 -589824
-131072 -262144
0 131072
-262144 -262144
-655360 -327680
262144 655360
393216 327680
-327680 -327680
-65536 -393216
0 -131072
-327680 0
-458752 -393216
327680 -327680
196608 -65536
-786432 65536
-327680 393216
720896 -720896
0 -1114112
-786432 1114112
-524288 393216
458752 -655360
589824 524288
-983040 1441792
-393216 -1245184
262144 -1376256
-327680 851968
-1310720 -327680
589824 -655360
2097152 983040
-65536 1769472
-589824 -589824
196608 -1900544
-1048576 720896
-458752 -524288
786432 -2228224
-1507328 851968
131072 1376256
1048576 0
851968 196608
-589824 -1900544
851968 -1048576
327680 -327680
-3014656 1572864
393216 983040
524288 262144
-1835008 262144
-1179648 196608
1048576 -2424832
458752 -1114112
-786432 1441792
1835008 -851968
1966080 2555904
-2293760 1769472
0 -196608
-1966080 -262144
196608 -851968
655360 -1179648
327680 -917504
4784128 -4390912
-4980736 1769472
-1310720 2031616
3342336 -2097152
-2424832 5767168
65536 -851968
3276800 -6094848
-3473408 5177344
-3604480 -1638400
2031616 -3801088
1507328 6750208
-917504 -3473408
2424832 -5373952
2949120 7798784
-6422528 -4521984
-786432 1703936
3211264 9764864
-9830400 -10027008
5636096 2752512
2621440 -7340032
1048576 -917504
4653056 6946816
-7864320 -786432
6225920 11534336
-22478848 2097152
3997696 -15990784
20774912 -17170432
34078720 10092544
34930688 12124160
7929856 12124160
-3145728 -18939904
-21757952 -4915200
5505024 -10027008
-1835008 17694720
2228224 -5505024
131072 1507328
4587520 4325376
-5963776 -9699328
4063232 8388608
-4259840 -5636096
0 5439488
4063232 327680
-5701632 -2359296
6750208 2031616
-2097152 720896
-3604480 -1376256
6684672 -1638400
-2752512 458752
-4128768 1179648
1114112 -1441792
4194304 2162688
-262144 983040
458752 -5636096
2293760 -655360
-6684672 2293760
-2097152 -2097152
2293760 1507328
-1179648 917504
-524288 196608
4194304 -1769472
-1966080 131072
-196608 2686976
2031616 -3538944
-2424832 1114112
-589824 2097152
-1179648 -1572864
-1769472 589824
196608 2031616
2752512 -1310720
2883584 -3014656
-1179648 1638400
-393216 -655360
327680 -983040
-3211264 3276800
-1048576 1048576
1310720 -2883584
-262144 -851968
196608 786432
327680 -1245184
1441792 -1376256
393216 2490368
-1310720 917504
-1703936 -1900544
-65536 983040
-196608 851968
-720896 -851968
2621440 -1048576
917504 -458752
-851968 589824
-196608 -851968
-1179648 -1048576
-917504 655360
-589824 1245184
-917504 -458752
196608 0
524288 851968
589824 393216
65536 -1114112
-262144 -458752
655360 393216
-196608 -262144
-1114112 -393216
458752 458752
786432 327680
-917504 0
-917504 -393216
983040 -458752
-262144 -655360
-589824 262144
458752 -131072
196608 -458752
-589824 458752
-196608 589824
-262144 -786432
65536 65536
131072 393216
-327680 -327680
-589824 -720896
262144 -65536
131072 131072
-393216 -65536
-196608 65536
327680 589824
-262144 131072
0 -131072
-65536 -458752
-262144 -458752
-393216 -131072
-262144 -131072
-458752 196608
262144 458752
589824 -196608
0 65536
-458752 -131072
-131072 -393216
-327680 65536
-65536 65536
196608 65536
262144 -131072
-196608 -393216
-65536 -131072
-131072 -65536
-655360 -262144
-458752 -393216
65536 327680
65536 524288
-393216 -196608
0 0
655360 0
-458752 131072
-720896 -131072
393216 -393216
196608 -65536
-393216 -65536
-262144 -327680
0 -65536
196608 0
-131072 65536
-262144 131072
65536 -131072
196608 -131072
-65536 65536
-524288 -131072
-131072 -524288
-458752 -327680
-393216 458752
-196608 196608
-65536 -262144
458752 131072
458752 589824
131072 -327680
-65536 -327680
-262144 327680
-65536 0
-196608 -655360
-458752 -262144
-65536 0
262144 -589824
0 -327680
-131072 131072
-393216 -327680
-720896 -131072
-524288 786432
-65536 851968
131072 0
720896 -393216
327680 -65536
-262144 -131072
-131072 -524288
-65536 -393216
-262144 -131072
-589824 131072
-131072 -196608
-65536 -131072
0 655360
262144 327680
131072 -655360
65536 -131072
-65536 196608
-589824 -917504
-720896 -720896
0 393216
262144 196608
-655360 0
393216 655360
1114112 -196608
-720896 -589824
-917504 -65536
458752 -327680
196608 65536
-917504 458752
-327680 -131072
589824 -589824
-65536 65536
-524288 655360
-65536 -917504
458752 -1376256
196608 983040
-917504 458752
-655360 -524288
1114112 458752
-327680 1441792
-851968 -393216
65536 -1638400
458752 -393216
-1114112 0
-393216 458752
1376256 -1441792
0 196608
-720896 2162688
1048576 -917504
-655360 0
-1048576 1638400
917504 -2097152
-1507328 -1179648
-786432 1048576
1835008 -65536
720896 -327680
-2359296 -196608
983040 786432
2555904 -1572864
-2818048 -393216
524288 196608
589824 -458752
-3735552 786432
-2162688 2883584
2818048 -1703936
524288 -2359296
-1703936 983040
2228224 -2293760
1835008 524288
-2949120 3670016
2490368 1572864
-1245184 458752
-1245184 -851968
196608 -2686976
-1245184 -2490368
2883584 -3801088
-2555904 3670016
1114112 3211264
1966080 -2555904
-2359296 6619136
0 -2883584
1245184 -7077888
-262144 6619136
-2818048 -2883584
-851968 -3670016
1310720 9043968
-917504 -5111808
2686976 -6488064
4259840 7340032
-4390912 -6750208
-1507328 3407872
-2162688 7536640
-8716288 -5111808
8585216 2752512
-3407872 -10813440
8060928 3407872
-1048576 2097152
-327680 2555904
5111808 16777216
-17367040 6684672
2490368 -24707072
6029312 -35389440
30015488 -21102592
33161216 -21102592
-11141120 7864320
-17235968 11141120
-3801088 -262144
3538944 983040
2490368 -7077888
2949120 6225920
-196608 -11403264
-983040 13697024
-6029312 -3276800
-3670016 589824
7274496 3080192
-7012352 -3014656
8650752 -1310720
4521984 -851968
-4194304 2228224
720896 -851968
-4784128 1310720
-2162688 1441792
1245184 -5636096
3670016 -1114112
2883584 1048576
2162688 -1507328
1441792 1376256
-6553600 1310720
-1900544 -851968
-2097152 -327680
-1638400 -1769472
3473408 1179648
3735552 327680
-2097152 262144
1769472 2228224
-851968 -2162688
-5439488 851968
1179648 -1507328
589824 -524288
-720896 1835008
1769472 65536
2621440 -262144
-65536 983040
-2686976 196608
262144 -3276800
-655360 524288
-2949120 2228224
2490368 -1703936
2949120 -524288
-2097152 1376256
-851968 -786432
327680 -1769472
262144 720896
-720896 1441792
-131072 -1441792
-589824 -1048576
-524288 2031616
-393216 786432
458752 -327680
1966080 -786432
131072 -131072
-65536 393216
-655360 -1376256
-1179648 -786432
327680 851968
-983040 327680
-1507328 -1310720
458752 524288
458752 1310720
-196608 -65536
524288 -917504
917504 393216
-327680 -131072
-1769472 -458752
-196608 524288
851968 851968
-65536 -65536
-131072 -720896
327680 -983040
131072 -262144
-983040 262144
-65536 720896
458752 -327680
-327680 196608
-524288 327680
-393216 -720896
-262144 -589824
524288 851968
-196608 0
-131072 -524288
458752 -524288
131072 262144
-655360 65536
-589824 -196608
-131072 262144
-196608 131072
-720896 -720896
262144 0
393216 0
262144 65536
-65536 -131072
-393216 -327680
-458752 65536
-131072 393216
-196608 262144
65536 262144
0 -393216
-65536 -458752
-524288 -196608
-65536 131072
327680 131072
524288 -196608
196608 -65536
65536 0
-393216 -524288
-720896 -393216
-524288 65536
-393216 327680
-589824 -262144
-65536 -327680
851968 327680
393216 -65536
-458752 -131072
131072 -196608
-65536 131072
-851968 458752
-458752 -131072
0 -458752
0 0
327680 -131072
-131072 -327680
-65536 -196608
327680 0
-196608 196608
-524288 131072
-65536 -262144
131072 -393216
-458752 196608
-131072 0
-327680 -524288
-196608 131072
262144 458752
-131072 -131072
-262144 -393216
262144 327680
393216 65536
0 -196608
-262144 0
0 -131072
-131072 -458752
-720896 -262144
-262144 131072
327680 -458752
0 -655360
-262144 -262144
-720896 196608
-655360 393216
-131072 196608
524288 655360
196608 458752
196608 -524288
262144 -458752
0 0
-262144 -327680
-131072 -524288
-262144 -196608
-393216 327680
-262144 0
-196608 -65536
262144 458752
458752 393216
-196608 -524288
-196608 -851968
0 65536
-196608 -131072
-655360 -655360
-524288 327680
524288 720896
0 -65536
-524288 -196608
524288 -524288
327680 65536
-720896 589824
-327680 -262144
458752 -786432
-65536 -131072
-1048576 196608
0 -327680
524288 -327680
-327680 1441792
-327680 786432
786432 -2555904
-65536 -1114112
-1114112 1376256
-1245184 -196608
1179648 -589824
1114112 1572864
196608 458752
-1048576 -1179648
-524288 -65536
-1245184 0
-524288 327680
196608 -1245184
1376256 -720896
196608 1769472
196608 458752
-65536 -458752
-851968 983040
65536 -851968
131072 -1179648
-720896 196608
262144 262144
524288 589824
-1376256 -786432
393216 -327680
3080192 -1572864
-2359296 -1114112
-1179648 -458752
393216 2228224
-983040 1835008
-2359296 2031616
1114112 -983040
589824 -2752512
-2031616 -393216
720896 -1835008
4128768 1048576
-1376256 2228224
1376256 655360
-1376256 2555904
-1114112 -458752
-1245184 -2555904
-2424832 786432
4784128 -4521984
-1966080 393216
-655360 1572864
1572864 -3276800
-1114112 6750208
-131072 917504
2621440 -4718592
851968 4063232
-4128768 -4849664
-524288 -5373952
1703936 8388608
-2424832 -5898240
3276800 -2818048
3211264 6356992
-5963776 -7667712
1376256 7602176
-131072 4456448
-6750208 -2490368
3735552 4587520
-6225920 -9764864
11993088 65536
-12451840 -3670016
11534336 3801088
9437184 12058624
-11075584 12845056
-13238272 -21037056
23396352 -23920640
3342336 -8192000
-13500416 8192000
7077888 -5898240
-2752512 13041664
4718592 -13697024
-1179648 8454144
-3080192 -10092544
-4718592 7077888
2228224 1179648
-3801088 -917504
7667712 4718592
-4063232 -6684672
3014656 4784128
1638400 -1507328
-5963776 -3342336
3604480 -393216
-2228224 2555904
-2621440 1114112
3145728 -1703936
4063232 4456448
-917504 -1114112
-131072 -6160384
851968 3145728
-5701632 393216
196608 -2752512
1638400 917504
-655360 720896
1507328 0
1310720 -1572864
-2228224 1638400
1441792 1310720
-917504 -4849664
-3735552 2818048
1572864 458752
-2031616 -458752
196608 1638400
3080192 -786432
1245184 -1769472
-655360 0
-1048576 917504
65536 -1441792
-1900544 1638400
-1900544 1441792
2031616 -1769472
917504 -262144
327680 262144
1376256 -1835008
-851968 -1114112
-786432 1507328
-786432 1966080
-393216 -983040
-327680 -720896
0 1048576
-1048576 -589824
393216 -720896
2686976 655360
-458752 1441792
-393216 -851968
-131072 -2424832
-589824 524288
-458752 917504
-983040 -1310720
327680 -851968
655360 1572864
-1048576 0
-655360 -983040
655360 458752
393216 786432
-524288 -393216
-655360 -327680
524288 262144
131072 262144
-458752 -65536
262144 -393216
589824 -327680
-131072 -196608
-917504 -65536
-65536 0
196608 65536
-196608 589824
-196608 -327680
262144 -851968
131072 -131072
-655360 393216
-589824 -65536
196608 0
262144 262144
196608 -262144
0 -983040
-196608 -458752
-327680 262144
-655360 262144
-524288 0
65536 196608
131072 65536
0 -196608
196608 -262144
262144 -262144
-196608 0
-589824 65536
-393216 65536
-262144 196608
-65536 -65536
65536 -196608
0 -65536
196608 -65536
65536 65536
65536 0
-196608 65536
-65536 -196608
65536 -589824
-262144 -262144
-262144 65536
-196608 -131072
-458752 -196608
-196608 458752
65536 458752
-327680 -196608
-65536 -262144
524288 -524288
-327680 -65536
-655360 65536
196608 -262144
196608 262144
-262144 589824
-65536 -196608
-65536 -393216
262144 0
-131072 -65536
-458752 -262144
-196608 -262144
65536 -131072
-196608 65536
-327680 0
262144 -262144
0 -65536
65536 196608
-327680 -131072
-720896 -196608
-65536 0
-65536 262144
-327680 -196608
131072 -65536
524288 65536
720896 -65536
0 -196608
-524288 -262144
-196608 -262144
-393216 -196608
-458752 131072
-65536 -196608
-262144 -720896
-458752 -393216
-393216 458752
131072 720896
0 65536
393216 0
327680 196608
-196608 -196608
-262144 -589824
-65536 -196608
-196608 262144
-327680 -131072
-131072 -589824
-131072 -131072
-196608 327680
-196608 65536
-131072 -65536
327680 196608
196608 196608
-327680 -720896
0 -458752
65536 -65536
-720896 131072
-655360 262144
589824 -196608
262144 -458752
-851968 655360
-65536 0
720896 -655360
262144 327680
-262144 -131072
-327680 -1179648
-196608 -131072
-720896 786432
-458752 589824
524288 -524288
786432 -262144
0 458752
-1048576 -1048576
-524288 -983040
393216 458752
-786432 1114112
458752 -458752
1179648 -786432
-589824 524288
-1769472 786432
-131072 131072
327680 -1245184
262144 589824
-458752 -655360
-131072 -2621440
-327680 1376256
1179648 1900544
786432 -1376256
-983040 983040
983040 851968
-393216 -1507328
-2228224 -851968
327680 -65536
1900544 -131072
-2097152 -720896
-1179648 786432
3473408 -720896
-2359296 -983040
-917504 -327680
3276800 655360
-1179648 -458752
-4259840 2621440
65536 2162688
131072 -1048576
-1245184 327680
1769472 -3866624
4063232 -2555904
-2949120 1638400
2162688 851968
65536 3014656
-983040 2621440
196608 -1900544
-3014656 -720896
851968 -6094848
-1900544 131072
262144 1179648
1966080 -3342336
262144 8781824
1835008 262144
786432 -6356992
-262144 5046272
-2752512 -3014656
-1376256 -5046272
-1376256 9699328
-2621440 -5373952
2686976 -983040
3211264 1769472
-3473408 -7012352
6619136 5177344
-5505024 -262144
-2686976 5963776
327680 3014656
-6881280 -8716288
9764864 1638400
-10354688 -3866624
15007744 -589824
-1769472 12124160
2097152 2686976
61341696 -34340864
-16449536 14942208
-4915200 -9633792
-8781824 8519680
8388608 -6422528
1310720 983040
-655360 -3932160
-5505024 2621440
393216 5570560
-4784128 -6356992
7864320 6553600
-65536 -6619136
-917504 -589824
4587520 3145728
-7405568 2031616
196608 327680
-2621440 -1572864
-1310720 1048576
5046272 -3145728
3932160 1179648
-917504 1441792
262144 -524288
-655360 2883584
-5963776 -2097152
1114112 -2228224
393216 196608
1441792 -1638400
5570560 720896
-589824 -655360
-4259840 1376256
851968 589824
-3407872 -2883584
-3932160 2555904
4915200 -2621440
-589824 65536
720896 3473408
3276800 -1769472
0 -524288
-3342336 1310720
-2031616 -1179648
524288 -1966080
-1376256 3014656
131072 -393216
3473408 -2162688
0 2490368
-851968 1179648
524288 -3080192
-262144 -524288
-786432 1769472
-1703936 -1114112
-65536 -1441792
524288 2031616
65536 1245184
-196608 -2228224
851968 -65536
458752 1114112
-1703936 131072
917504 -720896
655360 -393216
-720896 327680
-524288 -786432
-524288 -983040
262144 458752
393216 917504
-655360 -1048576
-327680 -720896
-65536 1114112
-393216 655360
-720896 -786432
-262144 -131072
1048576 917504
-262144 0
-786432 -524288
1245184 -65536
458752 196608
-1245184 -393216
-196608 -65536
786432 -131072
-524288 -196608
-655360 0
196608 -524288
393216 -393216
-196608 589824
-65536 196608
-65536 -589824
-196608 65536
65536 393216
65536 -393216
-65536 -458752
-131072 -196608
-393216 -131072
-524288 -196608
-131072 -196608
196608 393216
-131072 589824
-131072 196608
327680 -196608
65536 -262144
-327680 -458752
-327680 -720896
-458752 65536
-196608 327680
131072 0
0 131072
65536 65536
262144 -65536
-131072 -65536
-131072 -196608
-327680 -65536
-65536 -131072
0 -327680
-131072 65536
0 0
-65536 -393216
131072 -393216
0 131072
-327680 -65536
-524288 0
-131072 327680
0 131072
-524288 -131072
-262144 -720896
262144 -262144
0 327680
-65536 -131072
131072 -196608
65536 393216
-65536 131072
-720896 -196608
-196608 -131072
131072 -327680
-196608 -65536
-65536 0
131072 -393216
0 -196608
-196608 327680
65536 -131072
-458752 -262144
-131072 196608
131072 0
-589824 0
-262144 131072
262144 0
-131072 -327680
-196608 0
196608 65536
393216 -327680
327680 -327680
-327680 0
-262144 196608
-65536 -458752
-262144 -393216
-524288 -65536
-720896 -393216
-393216 -131072
65536 720896
393216 786432
196608 -65536
327680 -393216
196608 -196608
-458752 -131072
-589824 -327680
-65536 -262144
196608 -65536
-393216 196608
-262144 -65536
-65536 -196608
-65536 131072
0 65536
-196608 -196608
65536 -196608
524288 131072
-196608 -196608
-983040 -589824
-196608 65536
524288 262144
-327680 131072
-393216 131072
393216 -458752
-393216 196608
-786432 327680
327680 -786432
720896 -393216
-458752 262144
-655360 -65536
262144 -262144
0 196608
-131072 524288
393216 -589824
-786432 -589824
-458752 851968
196608 589824
-589824 -851968
131072 -1179648
327680 327680
-393216 -196608
-65536 -851968
917504 851968
65536 1835008
-851968 1507328
65536 -2228224
196608 -524288
-1572864 458752
-458752 -2555904
1114112 -131072
851968 2752512
327680 -720896
-983040 393216
1048576 524288
655360 -393216
-1048576 -1441792
-1769472 -655360
1179648 1638400
-983040 -458752
-2162688 -655360
3342336 -65536
65536 -1114112
-2097152 -2424832
2031616 720896
0 1769472
-2949120 2686976
-65536 2359296
1376256 65536
-1310720 -851968
-2228224 -5046272
2490368 -1769472
-589824 1966080
3342336 -131072
1048576 2490368
-196608 2097152
-786432 -2555904
-3735552 1769472
1441792 -3604480
-1441792 720896
-589824 -458752
1179648 -4521984
-196608 5832704
131072 -65536
2228224 -2883584
1769472 6225920
-3342336 -5701632
-983040 -1835008
720896 7864320
-5701632 -7536640
3211264 2293760
3670016 -327680
-3145728 -6094848
2293760 4521984
-6160384 -1900544
6029312 8257536
-4784128 655360
1572864 -4194304
7274496 -3407872
-11468800 -524288
3276800 3735552
-15859712 17104896
22937600 -26083328
-22216704 -13303808
2883584 1703936
7864320 11665408
3276800 -5177344
-3604480 1835008
-2752512 -6946816
-1048576 9568256
-4259840 -5767168
3538944 5308416
3538944 -3211264
-4259840 -2293760
2228224 3801088
-6160384 -3866624
3866624 2359296
262144 -262144
-1835008 1376256
4128768 -1114112
524288 3080192
-4259840 -1376256
786432 -3997696
0 2883584
-4456448 -720896
4718592 -1310720
2883584 1769472
-589824 262144
1703936 458752
-1769472 -3342336
-3080192 917504
1048576 -393216
-3407872 -3342336
-917504 4915200
4653056 -65536
-2490368 -983040
1376256 1245184
3014656 -2359296
-2162688 -393216
-2424832 327680
-65536 0
-589824 262144
-2293760 2686976
1835008 -1310720
2752512 -1179648
-983040 983040
655360 -1245184
1114112 -1245184
-1769472 1572864
-1507328 786432
-589824 -1310720
262144 -524288
-131072 983040
589824 -524288
851968 -1310720
983040 1441792
-262144 786432
-2621440 -262144
-262144 -786432
-131072 -131072
262144 917504
458752 -1048576
393216 -1048576
1179648 1376256
-393216 589824
-1114112 -2162688
196608 -655360
-917504 1048576
-1507328 -262144
-196608 -327680
1179648 1310720
589824 393216
-1048576 -1048576
65536 65536
917504 524288
-851968 0
-196608 -524288
655360 -196608
-327680 -65536
-1048576 0
262144 131072
327680 -327680
196608 0
-262144 393216
-65536 -327680
65536 -458752
-65536 393216
-458752 65536
-65536 -524288
65536 -65536
-131072 196608
-393216 -196608
-131072 -327680
-65536 196608
131072 131072
-458752 -524288
-262144 -262144
65536 262144
65536 327680
131072 -131072
131072 -589824
-458752 -196608
-458752 -131072
-393216 -65536
-65536 327680
327680 393216
393216 65536
-393216 -262144
-327680 -393216
-196608 -131072
-131072 -262144
-65536 196608
131072 524288
131072 -327680
65536 -262144
0 196608
-262144 -262144
-393216 -786432
-393216 -131072
-196608 196608
-196608 65536
-65536 131072
196608 -131072
-65536 262144
-327680 196608
-131072 -524288
65536 -196608
65536 131072
-65536 -393216
-458752 -65536
131072 262144
-131072 65536
-262144 196608
131072 -262144
65536 -262144
-65536 0
-65536 -196608
-196608 -458752
-458752 0
-65536 65536
-262144 -196608
-524288 131072
327680 131072
327680 65536
-131072 65536
-131072 196608
-196608 -196608
-196608 -262144
0 0
0 -65536
262144 -393216
131072 -393216
0 131072
-196608 -262144
-655360 -655360
-524288 262144
-655360 393216
-524288 65536
262144 131072
851968 262144
65536 -131072
0 -458752
196608 -327680
-196608 131072
-393216 -65536
-262144 -458752
-262144 -458752
-393216 589824
-131072 524288
-65536 -393216
-65536 -196608
327680 -65536
-196608 -65536
-524288 -131072
196608 -196608
196608 0
-589824 0
-131072 131072
458752 -65536
-196608 65536
-524288 131072
131072 -983040
-65536 -262144
-524288 851968
-262144 -262144
524288 -458752
65536 327680
-589824 65536
196608 -458752
393216 -655360
-655360 -65536
-393216 196608
-65536 -65536
196608 262144
327680 327680
-589824 393216
-655360 -1507328
-458752 -589824
-65536 851968
-65536 -458752
720896 -786432
720896 1048576
-131072 2228224
-1376256 -2031616
196608 -786432
262144 3014656
-983040 -2359296
-917504 -2752512
786432 2490368
851968 -655360
-917504 -458752
2031616 1114112
1572864 -262144
-1835008 -1179648
-2883584 -458752
1769472 1441792
-131072 -720896
-3407872 -524288
2555904 262144
327680 -131072
-3407872 -1703936
2424832 -458752
2031616 -393216
-1966080 2097152
-65536 2359296
655360 458752
-2293760 1572864
-2162688 -1507328
3145728 -2424832
-1179648 -983040
2555904 -2818048
1638400 393216
-1179648 2162688
-327680 1638400
-1441792 4456448
983040 -5439488
-2883584 65536
-589824 -1966080
458752 -4849664
-327680 7405568
1245184 983040
2818048 -3997696
655360 6356992
-2359296 -8126464
-917504 -2293760
-524288 6684672
-5505024 -2293760
5439488 3932160
-851968 -3670016
917504 -1376256
655360 1441792
-4784128 -3473408
6881280 8126464
-11665408 196608
4587520 -7536640
-2883584 -7274496
7208960 8585216
3997696 29229056
-23068672 18612224
-9961472 -4456448
3932160 4063232
16842752 -16449536
-5177344 5308416
-6553600 -4915200
-5046272 7733248
786432 -3538944
2097152 2883584
7012352 524288
-3342336 -7667712
2686976 7077888
-8585216 196608
-1310720 1179648
3211264 -3145728
-589824 -1048576
4259840 -2752512
1835008 1638400
-3014656 3538944
-196608 589824
-2359296 983040
-4390912 -3342336
4128768 -65536
851968 1048576
1835008 -655360
4653056 1966080
-2752512 -2293760
-4653056 -393216
1179648 -1048576
-4063232 -2031616
65536 3866624
6291456 -2031616
-1245184 1179648
983040 1966080
720896 -3604480
-4325376 458752
-2752512 917504
589824 -2031616
1114112 -65536
0 2883584
2752512 -1900544
1572864 196608
-2097152 2883584
-1114112 -1966080
-262144 -2097152
-983040 1245184
-262144 131072
0 -1769472
1507328 524288
65536 2031616
-196608 -786432
589824 -1376256
196608 1376256
-2097152 -131072
-1376256 -1507328
1114112 -65536
-655360 1703936
65536 393216
983040 -1769472
720896 983040
589824 917504
-786432 -2031616
262144 -1835008
196608 1048576
-1900544 -327680
-1572864 -851968
131072 1179648
720896 1245184
131072 -524288
65536 -393216
851968 -327680
-262144 -262144
-1376256 131072
-196608 327680
720896 196608
-196608 0
-851968 -458752
393216 -327680
393216 -327680
0 458752
131072 131072
65536 -131072
-327680 -131072
-786432 524288
-262144 -458752
262144 -655360
-196608 262144
65536 131072
262144 -851968
65536 -65536
196608 65536
-196608 -262144
-786432 -196608
-327680 262144
-393216 0
-262144 65536
131072 -65536
524288 -131072
196608 -65536
-393216 -131072
-458752 -327680
-327680 196608
0 327680
0 0
-196608 -196608
262144 -131072
-131072 -327680
-524288 -262144
-262144 262144
327680 196608
196608 -393216
0 131072
0 65536
131072 -458752
-327680 -458752
-524288 131072
-327680 -196608
-327680 -262144
-65536 131072
458752 65536
0 65536
-262144 -262144
-196608 -65536
-196608 458752
-327680 -131072
-65536 -524288
65536 -65536
131072 -65536
-196608 -65536
131072 65536
0 131072
-196608 262144
-65536 -196608
-196608 -327680
-196608 -131072
65536 -393216
0 -458752
-589824 -65536
-196608 65536
65536 -65536
-393216 393216
65536 131072
393216 -65536
-131072 -65536
-65536 196608
-65536 -65536
-327680 -262144
-196608 -262144
-196608 -196608
131072 65536
262144 -393216
131072 -327680
0 65536
-655360 -262144
-786432 -196608
-327680 262144
-262144 655360
-131072 196608
589824 -262144
458752 131072
-65536 0
65536 -589824
196608 -589824
-196608 -196608
-720896 131072
-655360 -131072
-196608 262144
262144 720896
-131072 -131072
-393216 -327680
327680 -196608
262144 -262144
-589824 -262144
0 -131072
524288 0
-655360 196608
-851968 327680
655360 -65536
589824 -524288
-655360 196608
-393216 -196608
262144 -458752
-131072 589824
-720896 -65536
262144 -983040
458752 -131072
-327680 589824
-131072 262144
-65536 -655360
-196608 0
458752 327680
-655360 -917504
-1179648 -589824
655360 786432
327680 1638400
-589824 -786432
0 -983040
-262144 262144
-1638400 -65536
65536 -851968
1179648 -851968
1114112 2424832
-327680 655360
131072 -1703936
393216 1703936
-1179648 -458752
-1966080 -3604480
589824 1441792
1703936 1245184
-655360 -393216
262144 -720896
851968 524288
262144 -262144
-2031616 -1966080
1048576 786432
786432 458752
-4456448 0
131072 720896
1703936 1179648
-2097152 -1966080
655360 -2031616
1441792 -720896
-1048576 917504
0 2162688
1507328 2228224
-65536 2228224
-2555904 -1703936
1835008 -2752512
-1966080 -1048576
1507328 -3407872
983040 1769472
917504 2621440
720896 -851968
-1835008 3080192
524288 -3735552
-2752512 655360
-983040 -720896
1507328 -3211264
-262144 6094848
-196608 -3014656
1114112 -2555904
2293760 8060928
-3538944 -8257536
131072 1572864
-983040 3801088
-4194304 -3407872
4456448 1966080
-917504 -5177344
7143424 2555904
-5242880 -1638400
-3735552 131072
5898240 8847360
-12582912 2228224
-1441792 -6619136
5242880 -12517376
35127296 1507328
-10420224 16384000
23068672 7143424
3407872 -2490368
-12845056 -7667712
-4325376 -6356992
-917504 5373952
-720896 6356992
2555904 -5373952
7536640 6094848
-4063232 -7602176
-2031616 1835008
-4390912 -4784128
262144 3866624
5636096 4063232
-1900544 -1441792
2686976 -393216
-983040 1441792
-6422528 -1441792
917504 -3014656
1900544 3276800
-2752512 -2359296
4325376 393216
1048576 2490368
-1245184 1310720
65536 1245184
-131072 -3801088
-1310720 -655360
1245184 -1638400
-3276800 -2686976
1835008 5505024
3538944 -720896
-3801088 524288
3473408 -589824
131072 -3735552
-5636096 1179648
-131072 983040
2293760 -65536
-786432 2097152
-393216 65536
3080192 -3276800
-851968 983040
-2490368 851968
1572864 -2490368
0 1572864
-1966080 2293760
131072 -1441792
917504 -589824
1114112 1245184
-786432 -1179648
262144 -2031616
720896 983040
-720896 2031616
-1572864 -1048576
-131072 -851968
0 393216
-983040 196608
1245184 -196608
1310720 0
458752 1048576
262144 -131072
-1179648 -1245184
0 -262144
-65536 458752
-1114112 -1507328
-458752 -458752
1048576 917504
65536 393216
-786432 -393216
65536 262144
720896 262144
-983040 -65536
-917504 -327680
589824 262144
393216 327680
-983040 131072
655360 -589824
1179648 -589824
-786432 -131072
-655360 524288
196608 -65536
-458752 327680
65536 65536
393216 -131072
131072 -917504
-262144 0
-65536 327680
-262144 -131072
-131072 -65536
327680 262144
393216 -524288
-393216 -131072
-196608 -196608
-196608 -65536
-393216 -131072
-196608 196608
0 -196608
131072 131072
0 262144
-131072 0
196608 -393216
65536 196608
-327680 -65536
-524288 0
-196608 -196608
262144 -196608
-131072 -262144
0 -262144
196608 131072
0 589824
-196608 196608
65536 196608
262144 -196608
-196608 -720896
-393216 -524288
0 65536
-131072 -262144
-458752 -65536
-65536 589824
262144 327680
-65536 -327680
-131072 -262144
131072 131072
-131072 -393216
-458752 -327680
-65536 458752
0 196608
-65536 -262144
-196608 131072
327680 131072
131072 -262144
65536 -196608
-65536 -131072
-393216 0
-131072 131072
0 -131072
-262144 -131072
-65536 0
393216 -262144
-393216 -262144
-524288 131072
262144 65536
-196608 -65536
-393216 -196608
196608 131072
327680 262144
65536 131072
65536 131072
-65536 -65536
-65536 -393216
-327680 -327680
-65536 -65536
196608 -393216
-65536 -589824
-65536 -262144
-458752 131072
-786432 393216
-196608 262144
524288 524288
65536 393216
-65536 -458752
327680 -655360
196608 -65536
-393216 -262144
-458752 -458752
-65536 -196608
65536 393216
-196608 131072
-262144 -131072
327680 393216
65536 262144
-393216 -65536
196608 -524288
458752 -327680
-327680 131072
-720896 -262144
65536 -327680
196608 589824
-131072 393216
327680 -524288
196608 -786432
-131072 524288
-458752 262144
-131072 -917504
589824 -65536
-524288 655360
-983040 -131072
327680 65536
524288 -196608
0 393216
65536 -458752
-65536 -1507328
196608 -262144
-917504 1048576
-1638400 65536
1376256 -131072
1835008 1638400
-1048576 -196608
-1310720 -2490368
-65536 131072
-655360 1179648
262144 -720896
655360 -1769472
1507328 2031616
-393216 983040
-1114112 -1835008
589824 1179648
196608 1507328
-2228224 -2752512
-262144 327680
2162688 524288
-983040 -458752
-1048576 -1114112
2228224 983040
1507328 393216
-2621440 -1507328
131072 -65536
1507328 -327680
-3866624 589824
262144 524288
1900544 458752
-3014656 -917504
-65536 -589824
2621440 -983040
-786432 -262144
131072 1507328
2293760 917504
-1114112 2031616
-3211264 1114112
3145728 -1900544
-1966080 -917504
786432 -3342336
1835008 -458752
1048576 589824
-458752 458752
-1638400 4325376
786432 -2031616
-3080192 2621440
-589824 -2162688
1703936 -7077888
-1507328 5898240
458752 -2162688
2490368 720896
2818048 6094848
-3932160 -7143424
2097152 1703936
-3801088 -2162688
-3866624 1900544
3276800 3276800
-1638400 -5570560
7077888 2031616
-6553600 -2097152
6356992 -3538944
-720896 6488064
-5177344 13172736
-7077888 -3801088
7143424 -25886720
-10158080 -6553600
17301504 -4849664
4259840 -1441792
-12845056 9502720
-3932160 -9240576
1179648 6094848
7667712 -6225920
2031616 5832704
-2228224 -7733248
-1376256 4194304
-5505024 3342336
-6488064 -2097152
7602176 -65536
1572864 -2424832
1835008 1245184
1900544 720896
-3145728 983040
-2228224 -524288
-1638400 851968
-1638400 -3538944
5046272 2424832
65536 1376256
-196608 -983040
2818048 2752512
-1966080 -2424832
-3604480 -1245184
2424832 -983040
-1835008 -1900544
1114112 4390912
3997696 -2228224
-3538944 2621440
2490368 1048576
-2555904 -4718592
-4653056 983040
1179648 0
1507328 -1900544
524288 2490368
2883584 1507328
1769472 -2752512
-3670016 1507328
-2490368 1638400
589824 -2228224
-1245184 -262144
720896 131072
1310720 -1310720
-262144 589824
1376256 1900544
393216 -327680
-262144 -1507328
-655360 65536
-1310720 589824
-1835008 -983040
1048576 196608
1441792 524288
-1179648 -327680
131072 -655360
131072 262144
0 1966080
-65536 -131072
-131072 -1441792
1376256 0
-786432 327680
-1507328 -1310720
655360 0
720896 655360
-786432 -589824
-131072 -1179648
65536 524288
-524288 655360
-1048576 0
393216 327680
720896 327680
-393216 -393216
-327680 -327680
524288 -131072
-196608 65536
-524288 65536
327680 131072
196608 -393216
-393216 65536
-65536 131072
-327680 65536
-65536 -196608
196608 0
-131072 -262144
-589824 -393216
65536 262144
393216 655360
131072 0
65536 -327680
131072 -589824
-524288 -393216
-720896 -196608
-196608 0
65536 0
-65536 458752
-65536 327680
262144 -262144
393216 -196608
-196608 131072
-458752 -458752
-393216 -262144
0 131072
-65536 327680
-393216 65536
131072 65536
262144 65536
-131072 -327680
-131072 -327680
327680 131072
0 -262144
-262144 0
196608 327680
0 -65536
-458752 -589824
-131072 65536
262144 196608
-196608 -393216
-393216 -65536
131072 262144
131072 -131072
-196608 -524288
-196608 65536
-65536 196608
0 -65536
0 262144
-327680 393216
131072 -131072
0 -262144
-196608 -131072
-196608 -327680
65536 -262144
131072 -131072
-262144 196608
0 393216
262144 65536
-131072 -327680
-393216 -65536
0 -131072
-196608 -393216
-589824 -65536
-65536 65536
131072 327680
-196608 -65536
-65536 65536
393216 327680
393216 0
65536 -196608
-393216 0
-196608 -262144
-196608 -262144
-393216 131072
65536 -262144
65536 -786432
-262144 -262144
-196608 393216
-131072 786432
-262144 327680
393216 -131072
196608 -65536
-393216 131072
-196608 -458752
131072 -327680
196608 196608
-131072 131072
-196608 -720896
-65536 -262144
-393216 393216
-589824 0
131072 65536
655360 327680
131072 196608
-262144 -327680
65536 -589824
0 -131072
-917504 327680
-327680 0
851968 -131072
-65536 -196608
-720896 65536
-262144 -327680
589824 0
458752 458752
-458752 -458752
-393216 -655360
-65536 589824
-524288 327680
-65536 0
262144 -589824
327680 131072
-262144 0
-1310720 -589824
393216 -327680
1310720 589824
-1048576 458752
-131072 -1245184
1441792 -196608
-917504 1638400
-1703936 0
458752 -655360
0 589824
-196608 -65536
-786432 -3407872
1048576 131072
655360 3014656
-131072 -524288
262144 196608
327680 2752512
-1835008 -2031616
-1376256 -1835008
1376256 262144
851968 1179648
-851968 -1179648
589824 -65536
2293760 851968
-1769472 -1835008
-720896 -851968
2490368 458752
-2818048 393216
-1900544 196608
655360 1638400
-1703936 262144
196608 -851968
3014656 -1835008
262144 -1966080
-1441792 327680
720896 2097152
262144 4194304
-1835008 1900544
2555904 -2555904
-2883584 -1048576
-655360 -4325376
262144 -2490368
1310720 1441792
655360 1703936
65536 4259840
1572864 -2359296
-2555904 3211264
-983040 -2621440
-327680 -5177344
-327680 7143424
262144 -6291456
1310720 393216
3604480 2818048
-3211264 -3932160
2162688 3014656
-4390912 -1835008
1310720 5046272
-3014656 -458752
-1048576 -2555904
6815744 -2162688
-9502720 -5570560
2752512 -1703936
4587520 10420224
5111808 14811136
-10813440 -12713984
-2359296 -1703936
-196608 5046272
-2883584 -5898240
3080192 -11468800
-4587520 11403264
2162688 -3473408
4915200 -393216
-2555904 -983040
-6225920 -3211264
-1245184 1441792
1376256 -196608
5373952 7208960
-524288 -3342336
-1048576 -1048576
-393216 786432
-4718592 -1572864
65536 -2686976
3473408 2424832
-524288 -65536
1703936 1441792
131072 2359296
-1376256 -589824
-983040 327680
-327680 -4849664
131072 851968
1376256 983040
-2031616 -1900544
1769472 5963776
3342336 -1835008
-5373952 -1572864
3342336 -1114112
-1572864 -2818048
-4390912 2424832
2752512 -196608
1310720 524288
-1769472 3276800
1769472 -1310720
2031616 -3735552
-3342336 2490368
-1245184 -1114112
1441792 -2097152
-1114112 3407872
327680 917504
786432 -3211264
-196608 917504
131072 2031616
-262144 -1310720
1310720 -786432
65536 1114112
-2097152 -786432
-1179648 -1900544
1310720 983040
131072 1114112
-458752 -589824
1769472 -327680
-917504 1179648
-1507328 524288
-458752 -1245184
393216 196608
1114112 458752
-524288 -1114112
0 -1114112
1048576 983040
-131072 720896
-524288 -720896
131072 -786432
-655360 0
-1245184 -262144
-589824 131072
851968 458752
589824 -65536
-524288 -65536
-393216 -131072
458752 262144
262144 131072
-524288 65536
196608 -65536
0 -655360
-720896 131072
-65536 -65536
196608 -655360
-196608 262144
-327680 655360
0 0
196608 -196608
65536 0
0 0
-65536 -393216
0 -131072
196608 0
-262144 -524288
-458752 -196608
327680 131072
-131072 -65536
-458752 65536
-131072 -65536
0 131072
262144 327680
65536 -262144
-262144 -655360
-524288 -393216
-458752 262144
-262144 327680
131072 131072
720896 327680
262144 0
-524288 -327680
-262144 0
131072 -393216
-393216 -458752
-327680 327680
327680 131072
327680 -196608
-196608 65536
327680 327680
327680 -458752
-720896 -524288
-458752 65536
65536 -196608
-458752 0
-327680 327680
458752 0
196608 -393216
-262144 65536
65536 131072
65536 -196608
131072 65536
-262144 196608
-393216 0
-262144 -65536
-65536 -131072
-262144 -131072
-65536 131072
393216 -196608
131072 -524288
-131072 65536
-65536 262144
-65536 -393216
-589824 -65536
-131072 524288
196608 -131072
-262144 -262144
-262144 65536
0 262144
65536 -196608
-262144 -65536
-65536 262144
393216 -196608
393216 -327680
-196608 262144
-196608 131072
131072 -458752
-65536 -327680
-589824 -262144
-720896 -393216
-393216 0
65536 327680
327680 589824
65536 327680
196608 -393216
0 -327680
-196608 196608
-131072 -131072
-131072 -524288
262144 -131072
-131072 196608
-851968 -131072
-393216 -196608
589824 458752
131072 0
-327680 -327680
262144 0
393216 131072
-327680 -196608
-589824 -393216
196608 65536
65536 720896
-524288 131072
0 -655360
131072 -458752
-262144 131072
-131072 -65536
327680 -327680
458752 0
-458752 131072
-458752 -65536
131072 -65536
-196608 131072
-131072 524288
65536 -589824
-196608 -262144
393216 524288
-458752 -262144
-262144 -720896
327680 -589824
-458752 393216
-655360 -524288
720896 -131072
917504 1638400
-327680 393216
-851968 -1507328
-393216 -327680
196608 1048576
-1572864 -1900544
-131072 -1114112
1638400 2621440
-655360 -458752
-262144 -917504
2424832 2949120
-196608 -393216
-2424832 -1114112
655360 -458752
-262144 327680
-1507328 -1179648
524288 -589824
3276800 589824
-1376256 -1048576
-1245184 -262144
2293760 -524288
-2162688 -65536
-2162688 983040
1703936 1441792
-2031616 262144
-655360 262144
1507328 -1507328
-524288 -1966080
-393216 393216
3342336 786432
1310720 2359296
-2686976 1638400
1900544 -2031616
-3080192 983040
-1900544 -1835008
196608 -1769472
2031616 -1245184
-458752 -851968
1114112 3276800
2949120 -1966080
-3145728 6094848
-262144 -1572864
-524288 -3670016
-1048576 2555904
-2097152 -5308416
1966080 3407872
4063232 -1245184
-2293760 655360
2686976 589824
-6291456 -5636096
3604480 4784128
-5505024 -262144
3932160 2162688
1245184 -327680
-5636096 65536
1703936 -3604480
3276800 2359296
-3342336 -4063232
24641536 -19267584
-4325376 2949120
-11862016 -12124160
-65536 -4390912
4194304 9306112
6094848 -1245184
-3670016 1966080
-2621440 -3473408
-2293760 4521984
-5046272 -6160384
5177344 196608
6488064 589824
-1769472 196608
-1376256 1966080
-3866624 -393216
-1769472 524288
983040 -393216
131072 -1835008
3866624 1900544
-196608 983040
-1245184 -2686976
-655360 2031616
-2228224 -2228224
-2228224 655360
3342336 524288
458752 -786432
1572864 4849664
3670016 -3276800
-4259840 -1114112
786432 524288
-3670016 -3997696
-3145728 1638400
4259840 851968
1114112 327680
393216 1835008
2621440 -458752
-917504 -1703936
-5111808 1769472
393216 -2293760
458752 -1572864
-1572864 2031616
2555904 -65536
1638400 -524288
-1310720 2162688
65536 327680
-196608 -1507328
-458752 -65536
-851968 -196608
-393216 -1441792
131072 -327680
851968 1376256
-65536 917504
-196608 65536
917504 -720896
-1376256 131072
-524288 -262144
-393216 -1441792
131072 720896
917504 1048576
-720896 131072
65536 -131072
1048576 720896
-196608 -393216
-65536 -1507328
786432 -655360
-327680 -262144
-2031616 -458752
-917504 720896
851968 1114112
131072 262144
-196608 -393216
720896 -655360
0 131072
-983040 327680
65536 262144
1048576 -458752
-655360 -655360
-524288 262144
-65536 -393216
-196608 196608
131072 851968
262144 -196608
-131072 -458752
-65536 65536
0 0
-131072 -262144
-393216 -196608
131072 196608
131072 0
-131072 -65536
262144 -65536
262144 65536
-458752 0
-262144 -393216
-262144 -524288
-262144 65536
-262144 196608
-131072 196608
196608 -65536
262144 -262144
-196608 -196608
-655360 -65536
-196608 262144
393216 327680
-262144 -65536
0 -458752
327680 -262144
-65536 -196608
-589824 65536
-65536 393216
196608 65536
-262144 -65536
-65536 0
655360 -65536
-131072 -458752
-655360 -131072
327680 -262144
-131072 -327680
-917504 262144
131072 327680
655360 0
-393216 0
-393216 65536
262144 -196608
-65536 -262144
-131072 -131072
0 -131072
65536 -262144
-131072 -131072
-65536 327680
-131072 393216
-131072 65536
0 -262144
-65536 -65536
-65536 -65536
-65536 -589824
0 -393216
-196608 327680
0 65536
-65536 -262144
-262144 196608
-131072 262144
196608 -65536
-131072 -131072
-458752 262144
65536 0
196608 -524288
-196608 65536
-65536 196608
458752 -393216
327680 -196608
131072 327680
-65536 -262144
-524288 -589824
-655360 -131072
-524288 262144
-262144 65536
131072 -262144
458752 196608
65536 458752
-65536 -327680
0 -524288
0 393216
65536 0
-393216 -589824
-327680 -262144
65536 655360
-196608 393216
-262144 -393216
589824 -262144
0 -196608
-851968 0
0 196608
524288 -65536
-65536 0
-589824 262144
131072 -262144
327680 -393216
-327680 131072
-65536 -393216
0 -327680
-262144 524288
-393216 327680
-393216 -458752
458752 -196608
262144 131072
-65536 -65536
-65536 -65536
-131072 0
-131072 196608
-524288 -327680
-327680 -196608
655360 524288
-589824 0
-393216 -262144
786432 -524288
196608 196608
-655360 -720896
131072 -983040
393216 655360
-131072 1310720
-393216 -393216
-655360 -786432
786432 2228224
-851968 -524288
-1638400 -3473408
1048576 917504
393216 720896
-1179648 -720896
2293760 2621440
1572864 720896
-2555904 -1048576
-327680 -1638400
720896 786432
-458752 -458752
-917504 -1048576
2424832 1114112
-655360 -1179648
-1703936 -786432
2162688 -655360
-786432 -655360
-2293760 589824
1441792 2555904
-1966080 1376256
-458752 327680
1179648 -1900544
-327680 -1572864
-655360 -851968
2031616 -1638400
851968 2424832
-1048576 3801088
2031616 -1572864
-2031616 2818048
-1048576 -2555904
-1114112 -4259840
1179648 -1638400
-1376256 327680
524288 3670016
2752512 -1179648
-1310720 6815744
786432 -5570560
-1245184 -2162688
393216 1769472
-3080192 -3866624
2686976 3014656
458752 -1245184
786432 3407872
-524288 -3801088
-5046272 -2949120
4521984 4521984
-4521984 1048576
6029312 -1376256
65536 -1048576
589824 -983040
-9306112 -3342336
-14417920 14286848
10158080 -35913728
-17301504 -9895936
1310720 983040
2162688 12517376
5636096 -8126464
1572864 1638400
-4325376 -5767168
-786432 1048576
0 1441792
1310720 3801088
262144 1572864
-1507328 -5701632
-1572864 327680
-2162688 -1179648
131072 -262144
5111808 2555904
0 -196608
-720896 2162688
-786432 327680
-1638400 -2490368
-2162688 196608
1441792 -4194304
-327680 1900544
1441792 4390912
-327680 -1769472
1703936 4259840
2424832 -3145728
-5373952 -3670016
2818048 -720896
-1441792 -1572864
-3407872 3211264
3866624 1310720
196608 983040
-786432 786432
1376256 -3670016
-655360 -2359296
-3538944 2752512
1835008 -1769472
786432 131072
-1048576 4128768
1179648 -1310720
-524288 -2293760
-393216 1703936
589824 -393216
-1441792 -1835008
720896 1245184
-131072 720896
-1245184 -1048576
524288 -655360
1441792 1048576
-786432 65536
65536 -589824
1441792 327680
-2228224 655360
-1179648 -1441792
0 -1703936
-131072 1638400
0 851968
65536 -851968
1703936 720896
524288 1441792
-983040 -1310720
-65536 -524288
458752 131072
-1048576 -1048576
-1114112 -917504
393216 524288
589824 524288
-589824 196608
262144 393216
655360 -196608
-786432 -327680
-851968 0
262144 0
-131072 -65536
-393216 0
589824 -65536
327680 -851968
-196608 262144
0 655360
-262144 -65536
-131072 -131072
-65536 327680
-196608 -327680
-131072 -524288
131072 0
-196608 393216
-196608 0
65536 0
393216 65536
262144 -65536
-393216 -524288
-65536 -262144
-131072 -196608
-458752 131072
-262144 0
0 -65536
196608 65536
131072 131072
-196608 -327680
-131072 -131072
131072 65536
-196608 65536
-458752 -65536
0 -65536
131072 -131072
-327680 -196608
-65536 131072
327680 196608
-327680 -196608
-196608 458752
524288 262144
-131072 -524288
-655360 -393216
196608 0
327680 -458752
-655360 -196608
-327680 131072
458752 65536
-131072 262144
-327680 196608
196608 -393216
-65536 -524288
-393216 131072
-196608 65536
-262144 -131072
262144 -65536
196608 0
-327680 131072
-131072 -65536
327680 -131072
-65536 262144
-327680 196608
-65536 -458752
-65536 -262144
-65536 196608
-65536 -131072
65536 -393216
-196608 0
-131072 131072
65536 -65536
-196608 65536
-262144 0
196608 65536
196608 -196608
-393216 131072
-131072 262144
65536 -327680
-196608 -393216
-65536 262144
458752 131072
327680 -458752
196608 -262144
0 -131072
-589824 -196608
-851968 -262144
-458752 65536
-196608 720896
-196608 65536
458752 -458752
589824 262144
131072 131072
-196608 -720896
0 -196608
0 65536
-786432 -262144
-655360 -196608
393216 327680
393216 393216
-524288 -131072
-131072 -262144
524288 65536
-65536 65536
-196608 -131072
-65536 -327680
-262144 -65536
-393216 327680
-131072 -65536
327680 -262144
262144 196608
-196608 -65536
-262144 -589824
65536 0
65536 327680
-589824 -262144
-65536 -327680
0 458752
-327680 458752
131072 -458752
65536 -851968
131072 393216
131072 -65536
-720896 -655360
196608 589824
262144 1114112
-589824 262144
196608 -1376256
262144 -524288
-1376256 -524288
-917504 -851968
1507328 524288
1507328 1835008
-458752 262144
-1507328 -1572864
786432 1245184
-1048576 131072
-2293760 -2883584
720896 851968
786432 1507328
-1179648 -655360
2228224 1114112
2293760 -393216
-1638400 -262144
-589824 -655360
851968 655360
-1114112 -458752
-2424832 -786432
2293760 720896
196608 -983040
-1703936 -393216
2555904 -655360
-1245184 -917504
-2686976 589824
2883584 1441792
-1310720 1179648
-1703936 1245184
655360 -393216
-655360 -2031616
-1245184 -524288
2555904 -1835008
1835008 589824
-589824 2818048
1376256 -1441792
-1114112 3145728
-2555904 -2228224
-2359296 -1376256
2228224 -983040
-1310720 -458752
2162688 2162688
2031616 -2162688
-65536 5308416
-851968 -4521984
-2228224 1310720
1048576 -196608
-4456448 -2686976
3801088 1310720
1638400 -2490368
3407872 5242880
-4784128 -2883584
-1048576 327680
-131072 -2555904
-5832704 4653056
5308416 -3735552
-851968 -4194304
4128768 -851968
-7798784 25755648
-19070976 -19726336
1507328 -8519680
12058624 9240576
0 -196608
-262144 -2359296
-5963776 -2949120
-1572864 -4194304
-2555904 2031616
4390912 -327680
4849664 5177344
-262144 -1245184
-1966080 -2228224
-3670016 -655360
-3145728 -131072
2621440 2818048
1572864 -1835008
1900544 1769472
-524288 -1376256
-1245184 -2031616
-1572864 2490368
196608 -2031616
-2228224 -458752
2228224 3407872
1572864 -2162688
-589824 4259840
1966080 -2686976
-3670016 -1769472
1507328 524288
-2686976 -3145728
-851968 1245184
4915200 2097152
-786432 393216
65536 655360
1835008 -1507328
-3670016 -917504
-3932160 655360
3276800 -1900544
458752 1179648
-589824 2359296
3407872 -2752512
-917504 393216
-2228224 2490368
262144 -1966080
-983040 -1638400
-393216 1966080
-131072 -786432
917504 -720896
1507328 1638400
655360 655360
-1441792 -1507328
-65536 0
-524288 65536
-1769472 -262144
1441792 -1048576
262144 -589824
-524288 1114112
-65536 131072
-720896 524288
1179648 1572864
-393216 -327680
-458752 -1572864
458752 -327680
0 65536
-589824 -131072
458752 0
851968 65536
-65536 -65536
-1507328 -196608
196608 -327680
-196608 -196608
-655360 720896
65536 -131072
524288 -524288
-262144 196608
-327680 0
524288 -65536
589824 -262144
-589824 327680
-196608 0
-458752 -458752
-393216 131072
-262144 655360
262144 -458752
262144 -327680
65536 262144
-524288 -393216
-65536 -458752
0 720896
524288 524288
0 -196608
-196608 -262144
0 -327680
-262144 -458752
-589824 -65536
393216 -327680
-65536 -131072
-327680 458752
-131072 262144
131072 -196608
-65536 262144
0 -196608
-458752 -393216
-327680 -131072
-65536 -65536
0 -131072
-196608 327680
262144 327680
196608 -196608
-327680 -196608
-65536 327680
131072 -196608
-262144 -262144
131072 196608
196608 0
-393216 -524288
-524288 0
262144 65536
65536 -196608
-458752 131072
65536 65536
458752 -458752
-131072 65536
-327680 262144
-327680 -524288
-131072 0
65536 589824
-458752 131072
-131072 -327680
393216 -262144
65536 65536
-327680 -131072
65536 -393216
131072 -196608
-327680 327680
-327680 393216
65536 0
65536 -131072
0 -131072
65536 -327680
-262144 -393216
-458752 -131072
131072 0
65536 131072
-458752 -65536
-65536 327680
393216 262144
-262144 65536
-131072 262144
196608 -196608
-262144 -589824
-327680 -131072
327680 -65536
131072 -458752
0 -327680
131072 -196608
-196608 262144
-917504 524288
-524288 131072
327680 393216
0 327680
-196608 -851968
262144 -655360
458752 393216
-65536 -65536
-262144 -524288
196608 0
-196608 458752
-720896 -131072
-327680 -327680
262144 262144
-65536 327680
-131072 -131072
393216 -458752
-65536 -131072
-655360 0
-393216 -131072
131072 65536
327680 589824
196608 262144
131072 -458752
65536 -524288
-327680 131072
-458752 -262144
-65536 -327680
131072 65536
-851968 589824
-393216 65536
851968 -131072
720896 196608
-262144 0
-524288 -1114112
-262144 0
0 196608
-1114112 131072
262144 65536
1310720 131072
65536 917504
-917504 -786432
-65536 -1376256
-393216 720896
-851968 65536
262144 -1638400
1114112 327680
65536 1835008
-1507328 -1179648
1376256 983040
196608 2293760
-2555904 -2359296
65536 -1245184
851968 1376256
-1114112 -1572864
1245184 589824
1966080 1114112
-524288 851968
-458752 -1441792
393216 327680
-131072 -917504
-2228224 -1114112
1245184 786432
65536 -327680
-2621440 -262144
1638400 -393216
458752 -524288
-1245184 262144
2424832 0
-1572864 1507328
-1638400 1703936
458752 851968
0 -983040
-851968 -1507328
1572864 -3670016
720896 524288
-851968 2818048
1703936 -1048576
524288 4718592
-1900544 -2162688
-1769472 -2228224
655360 -2555904
-2949120 131072
3211264 0
0 327680
1900544 6750208
-589824 -3670016
458752 458752
-1769472 -3932160
-3276800 655360
2621440 -1638400
-589824 -1245184
5111808 5832704
-4194304 -3211264
-524288 196608
-720896 327680
1376256 5767168
-4980736 -6422528
1638400 -3407872
10551296 3538944
-21299200 -21299200
20774912 -4915200
-4390912 1179648
983040 -2293760
-720896 0
-851968 -3604480
-720896 7208960
1179648 -589824
524288 1769472
-983040 -2162688
-655360 -4390912
-1638400 -1310720
-589824 -1769472
3211264 6881280
524288 720896
-1114112 1572864
-262144 -786432
-720896 -4849664
-2818048 -262144
2359296 -1900544
-327680 2097152
-131072 6291456
1048576 -4194304
-655360 2621440
1310720 -2490368
-4259840 -3473408
4063232 1703936
-851968 -393216
-1703936 2490368
3407872 589824
-1310720 -655360
-1441792 393216
1310720 -2949120
-1245184 -1900544
-1114112 1572864
2228224 -458752
-589824 2424832
-393216 2883584
1966080 -3342336
-2621440 -1048576
-589824 1245184
917504 -1835008
-1572864 -327680
1310720 2228224
458752 -1114112
-1572864 -458752
262144 1572864
1572864 720896
-393216 -1048576
65536 -589824
-720896 -262144
-1966080 0
589824 -917504
917504 0
458752 1245184
-589824 -851968
-524288 -327680
851968 1835008
-1507328 196608
65536 -1245184
1179648 327680
-458752 262144
-786432 -851968
1114112 131072
589824 655360
-524288 -196608
-196608 -983040
327680 -327680
-1638400 196608
-786432 262144
720896 -262144
655360 327680
-524288 -131072
-65536 -589824
393216 196608
-262144 262144
-524288 0
393216 -262144
-327680 -65536
65536 262144
-262144 -327680
-196608 -393216
-65536 196608
-65536 262144
-65536 -131072
589824 -65536
-196608 327680
-393216 0
-262144 -65536
524288 -65536
196608 -458752
-327680 -327680
-65536 -131072
65536 -196608
-655360 262144
-131072 65536
-65536 -262144
0 327680
131072 196608
196608 -524288
-458752 -327680
-524288 -196608
-196608 -65536
-65536 262144
-131072 327680
327680 65536
131072 0
-131072 -131072
0 -131072
-196608 -393216
-458752 -131072
-65536 131072
-131072 131072
-65536 -262144
327680 65536
458752 0
-327680 -196608
-524288 -65536
65536 -262144
-131072 -262144
-589824 196608
0 -262144
458752 -393216
65536 327680
-458752 196608
-196608 -262144
327680 65536
-196608 196608
-524288 -65536
-131072 -393216
65536 -262144
-65536 0
-65536 0
-65536 -131072
131072 65536
131072 196608
0 0
-131072 -262144
-65536 -327680
-196608 -196608
-393216 131072
-262144 -65536
65536 -327680
-65536 262144
-196608 65536
-196608 0
524288 65536
131072 0
-131072 65536
-65536 0
-196608 -262144
-327680 -65536
65536 65536
0 -393216
0 -589824
-131072 -393216
-262144 196608
-131072 720896
-196608 131072
131072 -262144
131072 393216
-327680 131072
-327680 -589824
458752 0
589824 65536
-458752 -589824
-393216 -524288
131072 65536
-393216 196608
-589824 131072
327680 327680
524288 327680
-393216 -65536
-262144 -393216
131072 -131072
-262144 -65536
-524288 196608
131072 131072
393216 -393216
0 -196608
-327680 131072
0 -262144
327680 458752
131072 393216
-393216 -524288
-458752 -655360
-524288 524288
-131072 393216
131072 -720896
196608 -458752
262144 851968
0 -524288
-458752 -393216
655360 196608
-393216 327680
-786432 -196608
327680 -983040
327680 589824
-720896 851968
0 -720896
196608 -131072
-327680 -65536
-917504 -1572864
524288 -262144
1376256 2293760
-1769472 -655360
524288 -393216
851968 1769472
-2818048 -1179648
-65536 -1507328
1572864 1572864
-1572864 -524288
262144 196608
2293760 131072
327680 131072
-589824 -2162688
524288 851968
-524288 65536
-3080192 -262144
1114112 458752
262144 -1245184
-2097152 458752
2293760 65536
458752 -1703936
-1966080 -196608
1638400 196608
-1572864 1441792
-1638400 2293760
1572864 1638400
983040 -917504
-1638400 -917504
131072 -4456448
1179648 655360
0 1507328
1572864 -1310720
983040 5308416
-3342336 -1900544
-2097152 -851968
393216 -1507328
-2031616 327680
2621440 -1048576
983040 0
5373952 2031616
-3473408 -2031616
-589824 3342336
-3014656 -3014656
-2621440 3014656
655360 -3932160
2818048 851968
4259840 -524288
-3997696 1114112
1572864 -2686976
-2949120 -1245184
1441792 5701632
-8978432 2686976
15925248 -5570560
-1310720 -24379392
786432 11599872
-5177344 -1638400
4194304 -2818048
-458752 -8454144
1048576 1835008
1638400 4587520
3145728 655360
-3473408 983040
0 -5963776
-2490368 2293760
-3080192 -2031616
1966080 4128768
2818048 -262144
917504 -262144
-1638400 393216
393216 -4653056
-3014656 2293760
524288 0
-720896 -983040
917504 4915200
3538944 -3473408
-3276800 1638400
1114112 -1572864
-3276800 -3342336
1310720 4063232
-1507328 -1769472
1376256 917504
4980736 2228224
-2621440 -1310720
-1900544 -1245184
1310720 -327680
-3211264 -786432
-1048576 458752
4456448 -1245184
-1245184 1966080
-1114112 1507328
2949120 -1835008
-1507328 1179648
-1572864 -196608
-65536 -3801088
-851968 1114112
786432 2490368
65536 -1769472
655360 131072
458752 2162688
-983040 -262144
-917504 -1245184
1114112 65536
-655360 -851968
-851968 -1310720
1638400 196608
-655360 1769472
-393216 851968
65536 -1638400
-655360 327680
-131072 458752
-720896 -1769472
786432 -65536
262144 1769472
-1114112 -196608
262144 -196608
1114112 1179648
-65536 -262144
65536 -917504
196608 -393216
-262144 -524288
-1114112 -655360
-458752 589824
262144 393216
65536 0
-196608 -262144
131072 -327680
-196608 131072
-458752 393216
458752 131072
262144 -458752
-458752 -458752
-393216 -131072
-131072 65536
393216 0
-262144 393216
-393216 196608
-131072 -393216
131072 131072
65536 196608
-65536 -458752
65536 -262144
-131072 196608
-393216 65536
196608 -262144
196608 -65536
-65536 131072
0 -65536
0 -327680
-393216 -327680
-393216 262144
0 262144
131072 -327680
-65536 -196608
327680 -393216
-327680 -327680
-655360 458752
0 524288
196608 196608
-65536 0
-65536 -262144
0 -458752
-262144 -524288
-131072 131072
131072 262144
-262144 0
-65536 65536
327680 393216
-131072 0
-327680 -393216
196608 -393216
65536 -262144
-524288 0
-458752 -65536
131072 -131072
65536 458752
-131072 327680
-65536 -655360
196608 -196608
262144 327680
-458752 -65536
-327680 -196608
131072 -131072
-65536 131072
-393216 131072
-131072 -131072
131072 -262144
196608 65536
0 65536
-65536 -262144
65536 -196608
-65536 0
-393216 0
-262144 65536
196608 -196608
65536 -65536
-196608 131072
-131072 -327680
-262144 65536
-196608 196608
-262144 65536
196608 0
196608 -327680
65536 131072
131072 327680
-65536 -131072
-196608 -262144
65536 -131072
-327680 -393216
-655360 -458752
-327680 -65536
131072 327680
327680 589824
-65536 196608
-131072 -524288
131072 131072
262144 327680
-262144 -524288
-196608 -262144
327680 -65536
-327680 -131072
-720896 -131072
65536 131072
393216 131072
-262144 -196608
-262144 -65536
327680 0
-65536 65536
-262144 65536
65536 -196608
-327680 -196608
-458752 393216
327680 196608
327680 -917504
-65536 -327680
-196608 917504
-65536 -196608
196608 -589824
-196608 65536
-393216 0
0 -262144
-262144 262144
-196608 589824
65536 -65536
0 -524288
327680 262144
196608 -458752
-851968 -524288
262144 -196608
-262144 589824
-393216 524288
524288 -917504
458752 917504
-524288 589824
-131072 -1376256
-196608 -65536
-524288 786432
-786432 -1310720
65536 -983040
1703936 1441792
-1376256 -589824
-393216 -917504
1769472 3604480
-1179648 393216
-1114112 -2359296
917504 262144
-1245184 -1245184
-524288 -589824
2228224 786432
1245184 1769472
-720896 -1310720
196608 393216
589824 -589824
-2424832 -983040
655360 327680
65536 -786432
-2686976 786432
1245184 327680
393216 -1310720
-1376256 0
3080192 -655360
-524288 917504
-1048576 2883584
393216 393216
-1048576 -327680
-1835008 851968
851968 -5111808
655360 0
-393216 65536
2490368 -2031616
2621440 5636096
-3670016 327680
196608 1376256
-1769472 -2621440
-2818048 -1441792
1245184 -2949120
-196608 -524288
4849664 1769472
-589824 3604480
2031616 1769472
-3407872 -4456448
-1310720 1507328
-2752512 -4653056
3801088 2424832
1572864 -327680
-1638400 5570560
-4718592 -6881280
-1245184 3211264
1638400 3801088
11534336 -11010048
30474240 -18087936
-6553600 14417920
7143424 -3997696
-2424832 -8192000
-720896 -589824
-3997696 6094848
4653056 -1900544
-2949120 3801088
393216 -6422528
-1376256 -786432
1835008 -1769472
2031616 6029312
-1703936 2686976
327680 -2162688
-1769472 -917504
786432 -4915200
-3801088 786432
2293760 1310720
2490368 1835008
-2228224 5701632
2752512 -5767168
-2490368 -1245184
655360 0
-3932160 -4653056
2359296 5767168
196608 917504
-262144 1114112
3145728 458752
-2097152 -2818048
-851968 -1835008
393216 -917504
-1310720 -917504
196608 3080192
3014656 720896
-2424832 458752
-65536 327680
983040 -1966080
-2359296 -327680
1245184 131072
1441792 -1769472
-1835008 1179648
589824 1245184
-65536 -655360
-458752 1048576
393216 0
393216 -1507328
-1114112 65536
262144 589824
-65536 -983040
-458752 -262144
1048576 131072
-524288 196608
524288 786432
-393216 -524288
-458752 131072
720896 -393216
-1376256 -1245184
-655360 131072
393216 983040
-393216 65536
458752 393216
851968 655360
0 -196608
-65536 -524288
196608 -196608
131072 -458752
-983040 -786432
-720896 65536
458752 0
-196608 655360
-131072 262144
720896 -589824
-262144 0
-983040 131072
262144 0
327680 -262144
-262144 -65536
65536 -262144
131072 -458752
-589824 196608
-458752 589824
327680 -458752
-131072 -131072
-65536 524288
65536 -262144
-196608 -589824
-131072 131072
-131072 327680
0 0
196608 65536
262144 327680
-196608 -327680
-196608 -262144
131072 -262144
-65536 -327680
-65536 65536
-262144 -131072
-458752 65536
65536 524288
262144 -327680
-327680 -393216
-196608 65536
0 -65536
-262144 0
-65536 196608
131072 131072
262144 -327680
-196608 -131072
-327680 393216
-131072 -196608
-262144 -196608
0 327680
131072 262144
-131072 -393216
0 -393216
196608 131072
-131072 -65536
-327680 -458752
0 -196608
65536 262144
-458752 589824
-262144 -65536
131072 -589824
0 131072
-262144 -131072
-262144 -458752
327680 -196608
196608 196608
-327680 262144
-327680 -131072
0 131072
0 327680
-327680 -65536
-262144 -393216
327680 -327680
262144 -196608
-131072 -65536
-65536 -65536
65536 0
-65536 196608
-262144 393216
-65536 -196608
-131072 -393216
-196608 131072
-65536 -65536
-196608 -65536
-131072 -65536
-65536 -131072
131072 262144
65536 0
0 -196608
524288 196608
458752 131072
-393216 -458752
-524288 -524288
-393216 -196608
-589824 196608
-327680 131072
131072 -65536
720896 262144
131072 458752
-262144 -393216
196608 -196608
131072 393216
-458752 -327680
-524288 -458752
196608 -65536
0 65536
-393216 65536
196608 0
327680 -327680
-524288 -196608
-589824 393216
262144 262144
196608 -196608
-327680 -65536
-131072 65536
65536 -196608
131072 65536
262144 327680
-393216 -524288
-327680 -524288
65536 589824
-262144 -131072
196608 -786432
131072 393216
-327680 786432
65536 -327680
-262144 -327680
-196608 196608
131072 -458752
-262144 -589824
-131072 655360
0 524288
-655360 -65536
524288 -589824
720896 0
-720896 196608
-458752 -2097152
1048576 589824
-720896 1966080
-655360 -327680
851968 -65536
-65536 983040
-1507328 -1638400
-786432 -2162688
1769472 655360
-851968 131072
-720896 -983040
2228224 3604480
-917504 917504
-1638400 -2097152
1572864 458752
-1245184 -851968
-1310720 -786432
1966080 393216
1310720 458752
-458752 -1507328
655360 458752
1048576 -720896
-3145728 -589824
-327680 1638400
196608 -262144
-2490368 1245184
1507328 393216
1310720 -2162688
-2162688 -1310720
1507328 -851968
-1048576 458752
-327680 3276800
1769472 983040
524288 1703936
-1769472 589824
-655360 -5767168
-131072 -196608
-1835008 -1245184
1900544 -2162688
3538944 5373952
-2490368 -589824
851968 1638400
-3014656 -786432
-262144 -196608
-786432 -1048576
-262144 -327680
6029312 -786432
-524288 2031616
-196608 -917504
-6356992 -393216
1048576 -131072
-2883584 -1441792
5439488 2293760
4587520 -1769472
1310720 3473408
-9371648 -524288
-1114112 4521984
-10682368 -18153472
35520512 -24182784
-2949120 -9437184
-1835008 -3538944
1769472 2424832
-1966080 9043968
2818048 -1048576
-393216 -131072
-327680 -4194304
-458752 1048576
-3997696 -720896
1966080 65536
393216 2424832
4653056 -1835008
-3997696 -65536
-393216 -3014656
-2359296 1835008
-262144 2949120
2818048 -2031616
-1638400 4063232
5242880 -4456448
-3604480 -917504
-655360 720896
-2752512 -5242880
65536 6881280
851968 65536
1638400 -917504
3538944 3080192
-3735552 -2162688
-851968 -3014656
393216 851968
-2162688 -196608
-131072 524288
4325376 131072
-2097152 1048576
-327680 655360
1703936 -1835008
-2228224 851968
-655360 -65536
851968 -2686976
-327680 1376256
786432 1376256
-917504 -1769472
983040 1376256
851968 720896
-1966080 -1638400
-1245184 -655360
1572864 524288
-458752 -393216
327680 196608
2097152 393216
-1572864 655360
-1179648 -131072
-524288 -1048576
393216 458752
458752 -851968
-458752 -1769472
1179648 589824
-917504 1507328
-1507328 131072
786432 851968
786432 786432
-655360 -1310720
-65536 -1376256
196608 524288
0 -65536
196608 -524288
1114112 327680
-327680 -262144
-1245184 -196608
0 262144
65536 262144
-720896 65536
131072 -393216
524288 -65536
-589824 -196608
-196608 65536
655360 -196608
-65536 -131072
-196608 262144
-196608 0
-327680 -393216
-589824 131072
-65536 65536
65536 -196608
262144 -131072
196608 0
-196608 -65536
-393216 -65536
-65536 458752
196608 655360
196608 -262144
65536 -262144
-65536 -131072
-196608 -196608
-131072 -458752
-196608 -393216
-131072 0
65536 65536
65536 65536
-131072 458752
-65536 -65536
-262144 -327680
-327680 -65536
-131072 -131072
131072 -262144
65536 -196608
-327680 131072
65536 458752
262144 -65536
-262144 65536
-65536 262144
0 -131072
-196608 -524288
-65536 0
131072 65536
-262144 -393216
-196608 -131072
393216 262144
-196608 0
-589824 -65536
327680 -131072
458752 196608
-196608 196608
-458752 -458752
-196608 -196608
-131072 262144
-327680 131072
0 -196608
327680 -327680
262144 131072
0 0
-262144 -131072
0 131072
-65536 196608
-524288 -65536
-262144 -65536
327680 -65536
196608 -262144
-196608 -131072
-131072 0
262144 -262144
-196608 -65536
-262144 262144
0 -131072
-196608 -131072
-131072 131072
0 262144
-262144 -65536
-393216 -327680
65536 65536
327680 65536
-131072 -196608
262144 -131072
851968 -262144
-196608 -262144
-720896 196608
-524288 -131072
-458752 0
-327680 458752
-65536 -131072
589824 -393216
458752 196608
-196608 0
-131072 -327680
327680 262144
0 0
-786432 -458752
-327680 -131072
196608 393216
-65536 65536
-196608 -131072
196608 -131072
131072 0
-196608 65536
-196608 -262144
-196608 -524288
-327680 262144
0 524288
458752 65536
262144 -196608
0 262144
-327680 -65536
-196608 -851968
65536 -131072
-786432 589824
-393216 -524288
458752 -393216
0 851968
262144 131072
458752 -655360
-65536 65536
-524288 327680
-851968 -393216
65536 196608
524288 524288
-524288 262144
262144 -917504
786432 -720896
-458752 1048576
-1245184 -1048576
1179648 -327680
786432 1966080
-720896 -262144
0 -1376256
65536 917504
-1245184 0
-1638400 -1638400
1179648 458752
-655360 458752
-1245184 -2293760
2883584 2097152
720896 2162688
-1638400 -1114112
1441792 655360
-1441792 -131072
-2162688 -1114112
1179648 -589824
1638400 655360
-65536 -917504
1114112 524288
786432 -851968
-2883584 -983040
262144 786432
589824 0
-1900544 1245184
1114112 655360
-1441792 -1179648
-2883584 262144
3145728 -1835008
0 -262144
393216 2097152
2031616 -1245184
-262144 1769472
-2228224 2228224
-524288 -4128768
262144 983040
-1835008 -1769472
2228224 -2162688
1966080 3342336
-1966080 -720896
1769472 3473408
-3014656 -1310720
1310720 -1310720
-3211264 131072
1114112 -2883584
3145728 -1179648
196608 5111808
2293760 720896
-5570560 2097152
-1441792 -3604480
-1441792 196608
3670016 -6750208
1245184 131072
3670016 2686976
-2162688 5046272
-18612224 7012352
19267584 -22151168
-9961472 -6946816
2490368 2228224
7274496 6291456
-1769472 -720896
2686976 589824
-4587520 -5767168
2228224 -3866624
-2752512 3211264
3604480 4718592
-4784128 3342336
4521984 -2818048
-2293760 -3604480
-851968 -2949120
-524288 720896
-1507328 5046272
6291456 -589824
-4653056 3997696
3604480 -6094848
-2031616 -3080192
-1572864 3014656
-720896 -4718592
655360 6225920
524288 1769472
-655360 -2162688
2162688 1179648
-2293760 -4063232
-65536 -1769472
393216 2097152
-131072 131072
589824 1507328
1114112 1769472
-3211264 -720896
786432 -1179648
1376256 -2228224
-3014656 65536
2031616 -65536
1376256 0
-2228224 2424832
524288 262144
-65536 -1572864
-589824 1966080
524288 -1114112
196608 -2424832
-589824 65536
-65536 917504
-851968 -524288
524288 1441792
1376256 786432
-983040 -1179648
131072 -983040
-983040 -65536
-131072 524288
720896 -589824
-458752 -524288
393216 524288
-1114112 -655360
-786432 327680
524288 1703936
327680 -65536
-131072 -983040
524288 65536
-262144 -327680
-524288 131072
262144 655360
786432 393216
-196608 -1048576
-327680 -589824
-589824 -458752
-786432 -131072
-131072 589824
720896 524288
-65536 -524288
-262144 -262144
131072 65536
-131072 0
-262144 458752
327680 196608
-262144 -589824
-196608 -393216
-131072 65536
-65536 0
-131072 -393216
65536 196608
-65536 262144
65536 -196608
-262144 0
-262144 524288
-262144 262144
0 -131072
131072 -327680
458752 -393216
0 -458752
-65536 65536
-131072 196608
-131072 65536
-458752 -131072
-262144 131072
-131072 0
458752 -196608
131072 -196608
-196608 -327680
-196608 -262144
-65536 65536
-458752 196608
-131072 327680
196608 131072
0 -131072
0 131072
327680 -65536
-327680 -458752
-327680 -131072
65536 327680
-131072 -196608
-327680 -262144
327680 262144
262144 131072
-458752 -131072
-262144 -131072
131072 -196608
-196608 131072
-131072 -327680
131072 -524288
196608 262144
-196608 196608
-458752 65536
-65536 393216
65536 131072
-196608 -196608
-327680 -458752
0 -262144
327680 -131072
-131072 -65536
-196608 0
131072 327680
-196608 262144
-262144 0
131072 -131072
196608 -262144
-131072 -589824
-393216 65536
0 65536
-65536 -327680
-262144 131072
-65536 196608
-131072 -65536
0 -65536
196608 262144
-65536 65536
-327680 -327680
-196608 65536
65536 131072
0 -327680
0 -196608
458752 -196608
-65536 -524288
-327680 65536
-393216 196608
-524288 65536
65536 262144
131072 65536
-131072 -458752
196608 -65536
262144 262144
-65536 -262144
65536 -458752
0 -327680
-655360 0
-655360 65536
327680 131072
393216 196608
-327680 131072
-131072 0
262144 -524288
-262144 -393216
-851968 196608
-196608 196608
524288 131072
0 262144
-65536 -131072
327680 -524288
131072 -131072
-131072 327680
-196608 -196608
-65536 -458752
-655360 589824
-720896 0
196608 -720896
458752 393216
458752 196608
-196608 -720896
-327680 -393216
196608 589824
-655360 131072
-393216 -65536
786432 327680
-524288 720896
-196608 -458752
458752 -1114112
-65536 786432
-851968 -655360
851968 -1376256
262144 983040
-786432 131072
65536 -327680
589824 1310720
-524288 262144
-1835008 -2293760
524288 -786432
-393216 917504
-1835008 -1376256
2490368 1441792
1179648 1900544
-1703936 -196608
1703936 393216
-65536 -1048576
-2097152 -655360
327680 65536
1179648 393216
-851968 -1114112
786432 458752
1114112 -1245184
-2818048 -589824
720896 1048576
1048576 -262144
-3211264 393216
1310720 720896
0 -393216
-2293760 1310720
3080192 -3145728
-983040 -393216
-196608 1376256
262144 -983040
589824 3735552
131072 2490368
720896 -4521984
-786432 720896
-3145728 -3932160
851968 -1703936
524288 3801088
1572864 -196608
3145728 4390912
-4784128 -2686976
2031616 65536
-4718592 -655360
-65536 -3604480
2621440 655360
4587520 1310720
1572864 -65536
-4259840 3538944
-2031616 -4063232
-6094848 6160384
1048576 -3997696
3997696 -1769472
8585216 -9175040
-5767168 18350080
7602176 -4521984
9502720 -65536
7602176 5111808
-8585216 -6291456
3145728 -983040
-1114112 983040
-786432 917504
-6029312 -131072
3997696 589824
1048576 1114112
2621440 -458752
524288 -2621440
-3407872 -1245184
1245184 983040
-6488064 3932160
6684672 -1769472
-2686976 2293760
3932160 -2949120
-1835008 -4194304
-2818048 4259840
1507328 -5242880
-917504 5308416
1048576 1114112
1441792 -3866624
1048576 2752512
-4259840 -2686976
-327680 -1310720
1179648 3342336
-851968 -131072
720896 -327680
2293760 589824
-1966080 -720896
-524288 -262144
1507328 -983040
-2097152 65536
720896 -65536
-327680 -65536
-1114112 2228224
1441792 720896
655360 -2228224
65536 262144
65536 -589824
-1572864 -917504
0 0
1310720 327680
-1245184 -327680
131072 1441792
1245184 720896
-1441792 0
393216 -1114112
-131072 -1703936
-131072 -262144
-524288 -327680
65536 327680
1900544 1507328
-1572864 -262144
-1376256 0
917504 0
-65536 -393216
-720896 -393216
393216 -131072
131072 -65536
-458752 786432
196608 131072
1245184 458752
-131072 -524288
-524288 -262144
196608 -655360
-589824 -196608
-983040 0
131072 -196608
327680 0
65536 458752
-65536 -327680
-196608 131072
-196608 458752
262144 65536
-65536 -655360
-131072 -131072
-196608 0
65536 -196608
-393216 -393216
-131072 393216
-196608 -262144
-131072 262144
65536 393216
327680 0
-196608 -262144
-327680 0
-65536 -65536
262144 196608
-196608 0
131072 -131072
-65536 -393216
-65536 131072
65536 -131072
-196608 -65536
-262144 262144
262144 131072
-262144 -458752
-65536 -524288
131072 -393216
-196608 65536
-589824 327680
131072 524288
131072 65536
-393216 -65536
-65536 65536
458752 -458752
-262144 -524288
-65536 262144
0 131072
-196608 -131072
-131072 393216
262144 327680
-65536 -262144
-262144 -196608
65536 -458752
196608 -458752
-458752 262144
-196608 0
196608 0
0 327680
-327680 -131072
-65536 -262144
131072 131072
-65536 65536
-131072 0
-131072 -131072
-131072 0
-196608 -196608
-196608 -131072
327680 0
262144 0
-393216 -196608
-65536 262144
65536 327680
-327680 -393216
-262144 -196608
65536 131072
65536 -524288
-131072 -131072
65536 393216
0 -196608
-393216 -131072
-196608 327680
-196608 131072
65536 -262144
262144 65536
0 196608
-327680 -262144
131072 -65536
196608 196608
-327680 -196608
-262144 -327680
458752 -196608
-327680 -262144
-524288 131072
65536 327680
-196608 196608
-65536 0
65536 -65536
-262144 -196608
-65536 0
720896 0
262144 -327680
-655360 -131072
-262144 -131072
196608 0
-589824 131072
-262144 65536
524288 -196608
0 0
-393216 131072
65536 -393216
131072 -393216
-458752 458752
-327680 327680
458752 -393216
65536 65536
-196608 327680
65536 -262144
-196608 -65536
-65536 327680
262144 -458752
-262144 -1048576
-589824 327680
-458752 655360
196608 -196608
196608 196608
262144 196608
65536 -262144
-393216 -393216
-65536 0
-393216 -131072
-786432 65536
851968 196608
131072 720896
65536 -65536
458752 -851968
-524288 1048576
-1376256 -458752
917504 -2228224
131072 1114112
-524288 917504
327680 -1572864
851968 393216
-655360 1179648
-2162688 -1376256
0 -65536
262144 1638400
-1769472 -1572864
1769472 -65536
1179648 1245184
-393216 0
1966080 1048576
-786432 -393216
-2555904 -524288
-458752 -65536
983040 -196608
0 -1310720
1441792 786432
786432 -393216
-3342336 -65536
720896 327680
786432 -1048576
-3473408 1179648
2228224 589824
196608 -524288
-3014656 2818048
2490368 -3604480
-1048576 -131072
0 458752
1638400 -1572864
1966080 3342336
-1376256 1048576
-262144 -3014656
-1376256 1966080
-3080192 -4194304
1703936 458752
1114112 655360
1900544 -1507328
2228224 4653056
-2883584 -2228224
851968 1245184
-6225920 1179648
1245184 -2949120
1048576 -262144
4390912 -3342336
720896 4063232
-3145728 1310720
-1048576 -458752
-983040 5373952
786432 -4587520
131072 -7667712
1703936 -65536
2490368 -8257536
16711680 65536
-3407872 -131072
-8847360 3145728
3276800 -3473408
1179648 -3145728
3080192 4521984
-589824 5701632
-1179648 -1179648
-3080192 -3866624
3014656 -2031616
-5963776 -3014656
6225920 1507328
-5373952 3735552
6225920 2424832
-3670016 -786432
720896 -2097152
1703936 -5570560
-4128768 5767168
2686976 -4063232
-589824 4915200
131072 2490368
-327680 -5373952
524288 1310720
-2031616 -3014656
393216 -1245184
983040 4259840
393216 327680
917504 851968
655360 524288
-3342336 -2883584
-327680 -1114112
1572864 589824
-1900544 -65536
2621440 786432
262144 -65536
-3276800 1114112
458752 65536
1048576 -983040
-262144 917504
65536 -1703936
65536 -1638400
-655360 1179648
-524288 1638400
0 -393216
1245184 0
-458752 0
-1376256 -786432
1572864 -589824
-393216 65536
-327680 131072
-131072 -589824
-196608 1179648
196608 655360
-983040 -1310720
983040 -65536
327680 65536
-1376256 -720896
-393216 -131072
393216 655360
-458752 -196608
-393216 327680
720896 786432
655360 524288
-458752 -655360
262144 -327680
196608 -851968
-917504 -589824
-393216 -131072
327680 655360
-196608 262144
-131072 -131072
458752 -131072
-393216 -65536
-589824 262144
327680 262144
131072 -589824
65536 -327680
-131072 -262144
-327680 -327680
-196608 65536
131072 458752
-196608 -196608
-262144 -131072
-65536 65536
65536 131072
-327680 -327680
-262144 -131072
65536 196608
131072 196608
0 0
131072 -65536
0 65536
-65536 131072
-196608 -458752
-65536 -262144
-65536 -262144
-262144 -131072
-196608 196608
393216 131072
262144 -196608
-524288 -393216
-655360 -131072
65536 196608
-196608 0
-196608 196608
524288 196608
131072 -327680
-524288 -131072
65536 0
-131072 -262144
-458752 -131072
0 393216
327680 131072
-196608 -262144
-131072 131072
327680 -262144
-65536 -196608
-458752 65536
131072 -393216
-131072 65536
-589824 327680
-65536 0
262144 0
-131072 -131072
-65536 -262144
131072 -131072
-65536 -65536
-131072 0
-131072 0
-327680 393216
-196608 131072
-65536 -393216
-131072 -196608
196608 65536
131072 -327680
65536 -262144
65536 327680
-196608 0
-393216 -327680
-262144 393216
0 -65536
131072 -524288
-262144 -65536
-262144 -65536
0 -262144
-65536 65536
-196608 262144
65536 -131072
131072 -131072
131072 458752
-262144 196608
-131072 -327680
262144 -196608
-65536 -65536
-655360 -589824
-131072 -589824
-65536 -65536
-65536 458752
196608 393216
0 65536
-65536 -131072
-196608 196608
-262144 131072
-262144 -262144
131072 -393216
196608 -458752
-196608 131072
-65536 0
327680 -196608
-262144 0
-589824 196608
131072 -65536
0 -196608
-327680 196608
0 -131072
65536 -786432
-327680 65536
-262144 655360
393216 -131072
327680 -131072
-196608 131072
-196608 -393216
-131072 -196608
131072 196608
131072 -327680
-589824 -589824
-327680 589824
-196608 655360
65536 -786432
131072 -524288
393216 524288
196608 -262144
-393216 -589824
-262144 720896
-393216 327680
-589824 -196608
851968 -524288
-65536 393216
-327680 131072
327680 -1376256
458752 1114112
-1245184 983040
-65536 -2162688
655360 -262144
65536 786432
-786432 -1572864
393216 -65536
196608 2162688
-1769472 65536
131072 -786432
655360 655360
-2490368 -2162688
1048576 131072
1507328 1900544
-720896 -65536
1966080 720896
458752 -262144
-1900544 -1114112
-262144 -262144
65536 196608
-1638400 -1376256
851968 589824
1638400 -262144
-2162688 -720896
1310720 262144
786432 -720896
-3604480 1638400
1376256 -196608
-720896 131072
-1507328 2359296
2162688 -4325376
-196608 1441792
589824 -262144
262144 -2949120
524288 3604480
-720896 1376256
983040 -1507328
-1507328 2752512
-1966080 -4587520
262144 262144
-1245184 -2293760
3735552 524288
1703936 5242880
-3145728 -1769472
2883584 2162688
-4849664 -524288
1179648 -3932160
-3538944 327680
6422528 -2949120
-131072 6422528
-2162688 -3997696
-1507328 1114112
1769472 -1114112
-4456448 2293760
8126464 0
4259840 -4128768
65536 7929856
-3473408 -5439488
8781824 4653056
-5242880 524288
-1507328 -1769472
-851968 -3932160
6094848 2031616
-5242880 -1835008
4390912 1572864
-5177344 -1638400
3997696 3866624
-6029312 -655360
4128768 458752
1572864 -2162688
-3276800 917504
2031616 -5636096
-5177344 4784128
3735552 -1441792
-1048576 3276800
917504 2293760
2424832 -6094848
-720896 2555904
-2949120 -2293760
196608 -2228224
327680 4849664
-1048576 -655360
262144 -720896
2621440 1638400
-2031616 -2031616
-524288 -1441792
1179648 589824
-1966080 196608
1245184 917504
131072 -196608
-2031616 524288
851968 -262144
-720896 -196608
-65536 720896
917504 -1572864
-327680 -1114112
-196608 524288
786432 655360
-589824 458752
-196608 917504
-131072 -327680
-1376256 -983040
327680 -262144
65536 -393216
983040 65536
327680 -327680
-262144 655360
-131072 393216
-1310720 -131072
589824 -196608
393216 -983040
-655360 -720896
-65536 262144
-262144 196608
-655360 655360
0 1048576
458752 -65536
-262144 -589824
-524288 -196608
65536 196608
458752 0
262144 131072
65536 -524288
-65536 -458752
-655360 65536
-327680 393216
589824 131072
-262144 -589824
-327680 -131072
-131072 -65536
-131072 0
458752 458752
65536 -131072
-131072 -458752
-131072 196608
-458752 131072
-327680 -524288
-65536 -131072
0 393216
65536 -131072
-131072 -327680
196608 131072
-131072 -65536
-524288 65536
-65536 458752
262144 -65536
131072 -262144
-262144 -131072
-131072 -65536
393216 196608
0 -196608
-327680 -458752
-196608 -65536
0 0
0 196608
-131072 131072
131072 -196608
-196608 -327680
-655360 -65536
0 131072
327680 -262144
-196608 -131072
65536 262144
131072 65536
-524288 -65536
-196608 0
131072 196608
-196608 -196608
-262144 -327680
327680 -65536
196608 -196608
-327680 131072
-131072 65536
65536 -196608
-131072 131072
-262144 0
-196608 -65536
65536 65536
262144 -131072
0 -65536
-393216 0
-65536 -262144
196608 -131072
-196608 131072
-196608 0
131072 -196608
-65536 196608
-131072 262144
-196608 -327680
-327680 -393216
65536 65536
131072 -65536
-65536 -458752
-65536 0
-65536 262144
-65536 -65536
-262144 262144
0 -65536
262144 -589824
-196608 -65536
-458752 65536
0 -196608
-65536 -131072
-393216 196608
-131072 65536
131072 -65536
393216 0
262144 65536
-65536 -65536
-131072 -262144
-131072 -524288
-720896 -262144
-589824 262144
-196608 0
196608 -65536
589824 262144
-65536 131072
-262144 -327680
131072 131072
65536 262144
-524288 -196608
-196608 -196608
262144 -327680
-262144 0
-458752 65536
327680 -131072
262144 -196608
-524288 0
0 -65536
196608 -131072
-327680 0
-262144 -65536
-131072 -196608
-65536 458752
196608 589824
131072 -524288
-262144 -458752
-131072 196608
131072 -131072
-262144 -393216
-131072 0
65536 327680
-327680 -131072
131072 0
327680 655360
-327680 -131072
-524288 -786432
-65536 327680
-262144 262144
-524288 -786432
1048576 0
655360 327680
-851968 65536
-65536 -655360
-327680 589824
-131072 1310720
196608 -1245184
524288 -131072
-393216 262144
-393216 -1441792
-196608 -524288
262144 524288
-524288 -524288
0 0
1114112 1376256
-1507328 262144
-524288 -983040
786432 1638400
-2162688 -1245184
262144 -458752
1441792 458752
-786432 -655360
2228224 1114112
1179648 458752
-1441792 -458752
-458752 -196608
-458752 -589824
-2555904 -589824
1441792 458752
2293760 -393216
-2162688 -851968
1703936 -262144
131072 -1441792
-4194304 3014656
2424832 -524288
0 1245184
-1048576 2097152
1376256 -4128768
-1179648 655360
-1310720 -1572864
1114112 -1441792
1900544 3932160
-262144 -524288
1310720 393216
-1179648 1179648
-2883584 -4325376
-1638400 2424832
-1245184 -1966080
5832704 -196608
1179648 3276800
-917504 -2031616
1966080 983040
-6553600 -2555904
589824 2490368
-2162688 -786432
8323072 -3014656
-3604480 7798784
-1835008 -6029312
-4194304 2162688
-2752512 -2097152
15597568 -2031616
24248320 14614528
-10354688 -720896
-3473408 -7012352
6422528 -7667712
3866624 13107200
-3211264 983040
-3014656 3604480
-4259840 -8781824
4128768 1769472
-3145728 -3735552
5046272 3866624
786432 131072
-2359296 2883584
589824 -2752512
-5177344 -1769472
6029312 -3342336
-6029312 4063232
2686976 983040
1835008 786432
-917504 3538944
1114112 -6619136
-1048576 131072
-851968 -1376256
393216 -1900544
-524288 5505024
327680 720896
458752 -327680
720896 1048576
-2097152 -3997696
1114112 -1376256
1835008 1769472
-2359296 -917504
720896 1245184
-196608 1703936
-2555904 -262144
1441792 -1048576
0 -524288
-262144 851968
786432 -1638400
196608 -131072
-983040 1507328
-851968 589824
-851968 -524288
917504 524288
524288 -851968
-786432 -1572864
851968 -196608
-393216 917504
458752 851968
65536 -131072
-720896 458752
-458752 -851968
-720896 -1114112
1507328 655360
0 65536
-393216 -589824
589824 -131072
-786432 -131072
-1507328 131072
196608 524288
131072 65536
-262144 -131072
0 -65536
196608 -196608
-393216 65536
-65536 589824
1048576 65536
589824 -589824
-1179648 -786432
-458752 -524288
196608 262144
-524288 524288
327680 196608
524288 -458752
-393216 131072
0 131072
0 -393216
65536 -131072
-196608 262144
-327680 -262144
-196608 -196608
0 131072
-65536 -262144
-262144 -393216
0 327680
393216 65536
-327680 -131072
-327680 65536
-327680 65536
-458752 65536
0 393216
262144 -131072
262144 -327680
327680 0
0 -262144
-65536 -262144
-196608 0
-262144 0
-589824 327680
-65536 196608
458752 -393216
-65536 -393216
-196608 -65536
196608 -262144
-196608 -196608
-458752 327680
-131072 65536
-131072 -196608
-262144 131072
262144 262144
131072 131072
-262144 -458752
-131072 -262144
131072 -196608
-196608 -262144
-393216 131072
65536 0
327680 65536
-65536 458752
-393216 -196608
-131072 -393216
196608 65536
0 65536
-393216 -458752
-131072 -458752
131072 262144
-393216 393216
-393216 131072
262144 -131072
262144 -196608
-262144 -65536
0 -196608
0 -327680
-131072 65536
-196608 393216
-458752 65536
-65536 -262144
458752 65536
65536 -131072
-262144 -458752
-131072 65536
196608 65536
-196608 0
-524288 0
65536 -393216
65536 -131072
-327680 262144
131072 65536
65536 -196608
-262144 0
0 131072
0 -65536
-65536 -65536
262144 -131072
327680 -196608
-196608 0
-327680 -196608
-786432 -458752
-196608 262144
65536 327680
-262144 -262144
327680 -131072
327680 393216
-262144 -65536
-131072 -196608
393216 131072
-131072 -262144
-655360 -327680
-131072 -196608
196608 393216
-262144 262144
65536 -262144
327680 -458752
-589824 -131072
-393216 -262144
196608 -262144
-262144 131072
-458752 458752
196608 327680
393216 -65536
-65536 -131072
-262144 -196608
-65536 -327680
196608 65536
0 -262144
-655360 -327680
-458752 -65536
393216 393216
524288 131072
0 -524288
131072 131072
-196608 262144
-851968 -786432
-196608 196608
327680 655360
-589824 -196608
327680 -458752
524288 -262144
-589824 458752
65536 -458752
196608 0
65536 851968
65536 -1048576
196608 327680
-786432 589824
-458752 -917504
327680 -196608
327680 -458752
-851968 -1572864
-327680 -393216
1572864 1507328
-983040 1310720
-983040 393216
1245184 1572864
-2162688 -2293760
-458752 -655360
1638400 458752
-1245184 -1179648
2162688 1638400
2031616 720896
-1245184 -1638400
-917504 -524288
-131072 393216
-2686976 -65536
720896 1048576
1900544 -327680
-2293760 -1048576
1441792 -1310720
196608 -1245184
-2097152 3407872
2621440 -1507328
-1769472 1835008
-1048576 1441792
983040 -3407872
-524288 2621440
-655360 -2359296
1572864 -2228224
720896 2162688
-720896 -1769472
524288 1835008
-1114112 655360
-393216 -589824
-131072 3211264
-2686976 -5963776
4980736 2097152
-1048576 2031616
393216 -2621440
-1900544 3080192
-2097152 -1572864
655360 1179648
-2686976 -4456448
11075584 196608
-2621440 4784128
-5242880 -1835008
-8519680 3473408
3211264 -14483456
33947648 -3735552
-12910592 -2490368
-5177344 3866624
-6094848 6488064
7929856 -9568256
4063232 4849664
-327680 -2162688
-3604480 2752512
-65536 -2686976
-2293760 2949120
2949120 -851968
-3801088 -1114112
7143424 -393216
-5963776 -393216
2162688 -1310720
-3276800 589824
1703936 2555904
2031616 -1441792
-2949120 2686976
3342336 -5242880
-1245184 2228224
-1835008 983040
458752 -3211264
-524288 4128768
262144 524288
720896 -2949120
2031616 2228224
-1638400 -1769472
-458752 -1703936
786432 1835008
-2752512 -327680
1376256 655360
851968 458752
-1114112 -851968
1572864 393216
-589824 -786432
-1048576 -65536
0 -917504
-851968 1048576
393216 917504
851968 -327680
-393216 -327680
262144 1179648
393216 -917504
-196608 -1572864
458752 -458752
-1179648 262144
0 1048576
-589824 1048576
720896 786432
917504 -1310720
-1048576 -851968
786432 327680
-393216 -1179648
65536 327680
655360 720896
-851968 -655360
-786432 65536
0 851968
-393216 -655360
-131072 -393216
327680 65536
262144 -393216
-458752 -65536
131072 1114112
393216 -65536
-131072 -327680
65536 -131072
262144 -262144
-524288 -327680
-786432 131072
393216 65536
458752 -131072
-196608 -65536
262144 -196608
-262144 -262144
-458752 655360
-131072 65536
0 -524288
65536 -262144
262144 65536
-65536 -393216
-196608 -262144
-196608 -65536
-196608 131072
-458752 0
0 262144
0 0
-327680 -65536
-65536 131072
131072 131072
131072 -65536
196608 65536
-131072 -262144
-196608 -65536
-65536 -327680
-131072 -65536
-262144 262144
131072 65536
196608 -65536
-65536 -65536
-65536 -524288
-131072 -458752
-393216 -65536
-327680 327680
-131072 196608
-196608 65536
-262144 131072
262144 65536
131072 -262144
-131072 -524288
65536 -65536
65536 262144
-458752 131072
-327680 65536
196608 -131072
-131072 196608
-393216 -65536
327680 -786432
262144 -196608
-262144 393216
-196608 0
65536 -196608
65536 327680
-262144 65536
-655360 -262144
0 65536
262144 0
-131072 -65536
-262144 -196608
131072 -458752
196608 -65536
-65536 327680
-262144 131072
-196608 -262144
131072 196608
-458752 589824
-393216 -327680
327680 -655360
196608 0
-327680 -196608
-131072 -131072
327680 -65536
-65536 196608
-458752 262144
-262144 -65536
-65536 -65536
-131072 -131072
131072 -65536
0 -65536
-262144 -262144
0 -65536
65536 262144
131072 65536
327680 -262144
0 -196608
-262144 0
0 -65536
-851968 -65536
-655360 131072
458752 0
-196608 -131072
-131072 65536
589824 131072
262144 -65536
-131072 131072
131072 -131072
-262144 -524288
-917504 196608
-262144 196608
655360 -131072
0 0
-327680 -65536
458752 -393216
65536 -131072
-524288 65536
-131072 -196608
-262144 65536
-393216 393216
262144 65536
0 -458752
-196608 65536
65536 589824
131072 -458752
0 -655360
-262144 -131072
-524288 -131072
-393216 -196608
196608 655360
458752 524288
65536 -589824
-131072 -196608
-65536 196608
-393216 -524288
-262144 0
-65536 196608
-589824 0
393216 131072
524288 -262144
-393216 327680
65536 -524288
-65536 -458752
-327680 1048576
-196608 -655360
983040 -196608
196608 917504
-524288 -786432
-393216 -1179648
-196608 -327680
-1507328 -196608
-786432 -65536
1703936 983040
196608 720896
-196608 -327680
1769472 1507328
-2555904 -1310720
-786432 65536
1179648 393216
-2359296 -983040
2359296 655360
3014656 65536
-1179648 -786432
-393216 -65536
0 524288
-3604480 -262144
983040 458752
1769472 -1179648
-2818048 -65536
2162688 -786432
-65536 -589824
-2097152 1572864
2686976 -1900544
-983040 2949120
-327680 524288
1048576 -2424832
-131072 3145728
-1048576 -4325376
-196608 -262144
-65536 1376256
131072 -1245184
1114112 4325376
-196608 -851968
-131072 -1835008
-3342336 1310720
-2359296 -4653056
5636096 3014656
-1114112 1310720
3801088 917504
-1966080 983040
-2424832 -2621440
-4915200 1507328
0 -7471104
8388608 1835008
-2162688 1572864
1441792 5832704
-16711680 -2293760
-2162688 -17629184
6422528 -7077888
7864320 18677760
983040 7143424
-11534336 -8716288
458752 -5111808
458752 -3670016
4259840 3735552
-3276800 917504
5767168 4390912
-6619136 -2031616
2949120 131072
-3735552 -4587520
3342336 393216
-327680 983040
-3407872 2818048
4128768 -1900544
-3997696 3080192
1441792 -3670016
-196608 -917504
196608 1835008
2031616 -1900544
-1114112 3604480
-327680 458752
-983040 -3473408
327680 2097152
-589824 -2818048
1048576 -1638400
1703936 4194304
-2359296 -1114112
1507328 -65536
-589824 1441792
-2424832 -1376256
2228224 -655360
196608 -983040
-2031616 -262144
589824 -196608
-262144 1638400
-851968 1507328
131072 131072
1507328 -1769472
-458752 -131072
-1114112 -589824
-262144 -786432
1179648 917504
-720896 589824
0 65536
-1048576 -65536
327680 1114112
655360 -786432
393216 -1572864
1179648 131072
-1179648 -589824
-1048576 655360
458752 917504
-458752 -65536
-262144 -262144
262144 -524288
-65536 -1310720
-589824 524288
196608 262144
-458752 -196608
-393216 393216
131072 786432
65536 -65536
-131072 196608
196608 -262144
131072 -327680
131072 -720896
-393216 -196608
327680 -65536
-131072 0
-458752 262144
65536 262144
-131072 -65536
-393216 262144
65536 -393216
196608 65536
196608 -262144
-458752 -65536
0 -524288
196608 -131072
-65536 0
-262144 0
-393216 65536
-131072 720896
-65536 -131072
-262144 -524288
-65536 -327680
-131072 0
0 -65536
262144 262144
0 65536
-65536 131072
65536 -262144
-196608 131072
-262144 -131072
-65536 -262144
0 -131072
131072 0
262144 -262144
65536 -327680
-393216 -65536
-589824 458752
-327680 -65536
65536 -196608
65536 131072
0 196608
-131072 -393216
131072 -327680
131072 131072
-458752 -131072
-458752 -524288
196608 327680
262144 327680
-393216 65536
-131072 -393216
393216 -131072
-65536 196608
-393216 -393216
-262144 -327680
-65536 262144
65536 196608
-196608 -65536
-65536 -131072
327680 -196608
-196608 65536
-458752 196608
0 -262144
131072 -196608
-393216 262144
-458752 -131072
65536 -327680
393216 0
0 131072
-458752 -196608
262144 -131072
262144 327680
-655360 196608
-196608 -393216
196608 -65536
-262144 -65536
-131072 -65536
131072 -393216
-65536 -262144
-196608 65536
-65536 0
65536 65536
-196608 -131072
0 65536
0 262144
-524288 -196608
-131072 -262144
131072 196608
-131072 -131072
65536 -851968
262144 -196608
-327680 262144
0 -65536
-131072 131072
-524288 655360
0 -65536
-196608 -458752
-327680 -131072
131072 196608
393216 -393216
131072 -393216
-131072 65536
-131072 -131072
-262144 262144
-262144 262144
131072 -262144
-196608 -196608
-327680 327680
393216 -327680
65536 -851968
-720896 -65536
-262144 393216
131072 -65536
-327680 262144
262144 589824
196608 -131072
-262144 -589824
131072 131072
0 -262144
-262144 -786432
-131072 196608
-589824 524288
-720896 -393216
393216 393216
786432 393216
327680 -1048576
-131072 -458752
-393216 524288
-720896 -327680
-524288 65536
0 786432
-393216 262144
589824 -393216
720896 -720896
-524288 262144
-327680 -327680
-65536 -655360
458752 917504
-262144 65536
196608 -720896
196608 65536
-196608 -393216
-983040 -131072
0 65536
-655360 -589824
-851968 -589824
1245184 65536
-393216 524288
-1048576 655360
2686976 1966080
-1900544 -1048576
-983040 0
1310720 -589824
-2031616 -1048576
1835008 786432
2293760 0
-1441792 -720896
-589824 -655360
524288 65536
-2097152 327680
1114112 524288
983040 -196608
-2752512 786432
2490368 -2293760
-1179648 -655360
-1441792 1572864
2686976 -2424832
-1179648 4128768
-720896 655360
1048576 -1572864
-1507328 1966080
-917504 -4456448
1638400 851968
196608 -1179648
458752 65536
851968 4194304
-1835008 -2359296
0 2490368
-3014656 0
0 -4456448
3080192 1114112
655360 -1179648
4718592 1048576
-4521984 524288
-1638400 2293760
-8126464 2359296
3473408 -7602176
7012352 1310720
6750208 1179648
-14155776 9568256
-26214400 -2228224
9043968 -7864320
10289152 -917504
3407872 -5636096
-5963776 10354688
-5701632 -3473408
131072 3342336
-196608 -4718592
3866624 3538944
-1441792 -4587520
524288 1114112
-524288 -720896
-3342336 2097152
3670016 -196608
-3932160 917504
3538944 -1441792
-2949120 393216
2162688 -1048576
1441792 -786432
-2818048 3538944
1835008 -3342336
-983040 1179648
-131072 1245184
917504 -3670016
1572864 2490368
-1114112 -524288
-983040 -2424832
458752 3473408
-2621440 -1638400
1310720 -131072
983040 851968
-983040 -2228224
1179648 589824
-1179648 458752
-262144 -131072
1310720 0
-1638400 262144
-1048576 131072
1245184 327680
262144 131072
-917504 131072
524288 -1900544
131072 -393216
458752 1703936
-524288 196608
131072 -262144
-1179648 65536
458752 393216
393216 -1245184
-327680 -262144
1245184 262144
-786432 -1703936
-720896 1048576
655360 1245184
-393216 -458752
589824 -196608
65536 -589824
-1179648 -1048576
-720896 458752
196608 -65536
-327680 196608
458752 458752
-65536 393216
-720896 -589824
-327680 196608
720896 327680
327680 -131072
196608 -851968
-65536 -131072
-327680 -131072
-1048576 131072
131072 393216
589824 65536
-131072 -589824
-524288 -131072
-196608 0
196608 262144
393216 -262144
196608 -65536
65536 -327680
-589824 196608
-327680 131072
-65536 -131072
-196608 -262144
-65536 -65536
131072 -458752
65536 -65536
-65536 131072
-524288 0
-131072 196608
0 393216
-196608 -131072
0 -327680
-65536 -262144
-196608 458752
196608 -131072
393216 -589824
-131072 -196608
-458752 262144
0 -65536
65536 0
-65536 196608
-196608 -262144
-196608 -655360
-196608 262144
-262144 458752
65536 -393216
-65536 -393216
65536 458752
-65536 131072
-327680 -524288
-131072 65536
65536 524288
-196608 -196608
-262144 -262144
327680 -196608
327680 131072
-327680 131072
-131072 -393216
65536 -65536
-196608 131072
-393216 -65536
-327680 -196608
262144 65536
327680 131072
-458752 -196608
-131072 -458752
327680 -65536
-131072 327680
-524288 -131072
0 -262144
131072 262144
-327680 65536
-196608 -262144
262144 -393216
262144 -65536
-393216 131072
0 -131072
262144 -196608
-589824 262144
-327680 131072
131072 0
0 -262144
65536 -131072
65536 -262144
-196608 -196608
-196608 0
-262144 65536
-131072 131072
-131072 -196608
-65536 0
262144 393216
0 -65536
-65536 -524288
0 -65536
-131072 262144
-327680 -720896
-131072 -655360
-262144 524288
65536 458752
131072 -196608
-131072 131072
0 65536
-327680 0
-393216 -65536
327680 196608
393216 -262144
-131072 -458752
-131072 196608
65536 -65536
-196608 -196608
-524288 0
131072 0
196608 -131072
-131072 196608
196608 -196608
-196608 -655360
-720896 65536
-131072 458752
131072 -131072
-262144 65536
196608 262144
196608 -262144
-524288 -524288
131072 196608
327680 131072
-458752 -655360
65536 -262144
-65536 655360
-786432 -196608
327680 65536
393216 327680
-458752 -458752
-196608 -458752
65536 131072
-196608 -131072
-65536 -65536
524288 196608
-327680 393216
-589824 131072
-131072 -524288
-65536 458752
458752 0
-196608 -1245184
262144 0
458752 65536
524288 -393216
-393216 589824
-131072 -458752
-393216 -327680
-196608 196608
-786432 -458752
-1048576 -589824
786432 262144
131072 1048576
-196608 720896
3080192 458752
-2424832 -1703936
-720896 983040
720896 -65536
-2949120 -589824
1245184 196608
2228224 -458752
-1114112 -458752
1441792 458752
917504 -655360
-3801088 -327680
65536 524288
524288 -262144
-2686976 589824
2555904 -1245184
-458752 65536
-851968 327680
1769472 -2097152
-720896 4325376
65536 -1966080
458752 524288
-262144 2228224
-1048576 -4521984
-327680 1638400
-262144 -2949120
1769472 1179648
1507328 2293760
-327680 -458752
262144 2490368
-4980736 -2686976
-786432 -2228224
720896 1966080
1769472 -2818048
2359296 2228224
-655360 1572864
-524288 2883584
-10354688 -3604480
5242880 -5963776
9961472 -1769472
4784128 11862016
-8454144 -3866624
-5046272 14811136
-6881280 -11665408
-3014656 -6225920
9175040 -1966080
-720896 7143424
655360 786432
-1310720 1245184
-851968 -3276800
-4521984 -2621440
3080192 -65536
-2949120 1245184
5767168 2359296
-3932160 -393216
1835008 -720896
-1441792 -655360
-1769472 -720896
3801088 -2818048
-1769472 4521984
2097152 0
-1376256 851968
-983040 1703936
327680 -4718592
786432 1179648
196608 -1048576
524288 -2555904
131072 4521984
-3080192 -1376256
1179648 458752
1048576 2424832
-1507328 -2818048
2097152 -1048576
-524288 -393216
-1900544 262144
262144 524288
-131072 1048576
-720896 -655360
-458752 -655360
589824 -65536
589824 262144
0 -589824
524288 0
-458752 1441792
-1966080 -65536
393216 -393216
131072 -786432
458752 -262144
196608 -655360
655360 720896
1572864 720896
-1835008 -655360
-851968 589824
131072 -458752
-1245184 -393216
655360 262144
851968 -1114112
-262144 -720896
-327680 524288
-327680 65536
-589824 262144
65536 786432
65536 -327680
-327680 -851968
-262144 393216
-65536 0
-458752 0
720896 720896
655360 -262144
-131072 -1048576
-524288 -524288
-262144 458752
-458752 524288
0 0
131072 -65536
-196608 -524288
-458752 65536
-65536 589824
327680 -131072
196608 -524288
-65536 0
0 -262144
-131072 65536
-65536 65536
-131072 -131072
-262144 -131072
-262144 0
-65536 -131072
0 -524288
-327680 65536
-327680 393216
-131072 -196608
131072 65536
196608 65536
-196608 -65536
0 -131072
393216 0
-65536 196608
-262144 -524288
-131072 -393216
-393216 589824
-131072 262144
131072 -524288
131072 -393216
-131072 196608
0 -65536
0 -458752
-524288 262144
0 524288
-262144 -262144
-393216 -196608
262144 262144
131072 -65536
-393216 -458752
65536 -65536
458752 -131072
-196608 65536
-458752 65536
196608 -131072
65536 262144
-524288 65536
-196608 -458752
131072 -131072
65536 196608
-196608 -327680
-65536 -327680
262144 131072
-262144 196608
-393216 0
65536 -196608
262144 196608
-393216 0
-458752 -131072
327680 65536
131072 0
-524288 -196608
-262144 -131072
524288 -131072
65536 0
-262144 65536
262144 -65536
-327680 -65536
-589824 65536
65536 262144
65536 -393216
-131072 -458752
0 -65536
-131072 -131072
-65536 -196608
-196608 131072
-65536 393216
-131072 -131072
-131072 -65536
262144 393216
-65536 -131072
-196608 -393216
131072 -196608
-65536 -65536
-458752 -327680
-262144 -393216
-327680 262144
262144 393216
524288 -65536
-524288 -65536
-458752 0
131072 327680
0 -262144
-327680 -524288
262144 -196608
65536 -262144
-393216 262144
0 262144
262144 65536
-196608 65536
65536 -131072
196608 -655360
-524288 -196608
-262144 262144
65536 -196608
-327680 -65536
-327680 589824
196608 -65536
0 -458752
0 65536
262144 131072
-65536 -131072
131072 -327680
-196608 -262144
-917504 -196608
-65536 262144
589824 655360
-458752 -327680
-196608 -196608
262144 262144
0 -655360
-196608 -393216
-131072 393216
131072 -131072
-589824 65536
-589824 131072
-458752 65536
262144 458752
589824 -65536
393216 -65536
524288 -458752
-786432 -1114112
-524288 786432
131072 262144
458752 -983040
720896 393216
-262144 -327680
-1245184 -458752
0 720896
-655360 -131072
-1703936 -393216
1179648 196608
458752 -458752
-851968 -327680
2555904 1900544
-2097152 262144
-131072 851968
1507328 -589824
-2752512 -1441792
327680 -1441792
1179648 196608
-917504 393216
1507328 -65536
1048576 -589824
-3080192 262144
983040 -131072
-720896 589824
-1572864 1310720
3080192 -1769472
-1835008 196608
-917504 -983040
1835008 -2359296
-1310720 4980736
1179648 -1441792
1179648 2818048
65536 -589824
-2097152 -3211264
-720896 1769472
-851968 -5046272
1245184 2424832
524288 1179648
983040 196608
-851968 2162688
-3932160 -1310720
1310720 -1441792
-1769472 -1114112
3604480 -655360
2424832 655360
851968 -1245184
-6619136 6815744
-8847360 -917504
3342336 -9502720
21561344 196608
1835008 -12713984
4784128 19202048
-3407872 -1835008
-3801088 -3866624
-2949120 -2949120
2621440 2228224
720896 -3407872
1835008 524288
-3735552 -2621440
2293760 2686976
-2686976 327680
3211264 1703936
-1114112 -655360
-2293760 -1441792
2555904 -1376256
-3080192 1114112
2949120 -262144
-3801088 1572864
1245184 -786432
327680 -786432
-655360 3473408
2293760 -4194304
917504 1572864
-1376256 1048576
-1048576 -3670016
0 3735552
-1769472 -1114112
917504 -589824
1638400 1966080
-327680 -3342336
983040 65536
-1572864 0
-1310720 -196608
786432 589824
-851968 1179648
196608 -655360
1114112 0
-589824 -327680
-1507328 -524288
589824 -589824
1048576 589824
-851968 1114112
-786432 -786432
1114112 589824
-917504 851968
720896 -458752
720896 -1245184
-1310720 458752
0 0
-786432 -458752
786432 1507328
458752 -589824
-655360 -1179648
983040 720896
196608 -131072
-1114112 -786432
0 393216
262144 0
-851968 -262144
-196608 458752
0 -262144
-720896 -458752
0 327680
393216 -196608
-262144 262144
65536 458752
393216 -65536
0 0
-262144 -327680
0 -262144
-458752 -524288
-524288 65536
458752 458752
131072 -458752
-131072 -65536
131072 393216
131072 -65536
-327680 0
-393216 0
-196608 -262144
-131072 -65536
-65536 0
524288 -262144
131072 -393216
-262144 196608
-131072 196608
-327680 -65536
-262144 131072
-196608 -393216
-458752 -393216
0 458752
65536 65536
-65536 65536
262144 -65536
327680 -131072
-131072 -65536
-131072 -524288
-262144 0
-393216 458752
-131072 131072
327680 -131072
327680 -131072
-65536 -65536
-262144 -524288
-262144 -458752
-65536 393216
-65536 65536
-655360 -327680
65536 327680
393216 524288
-327680 -131072
-131072 -458752
393216 0
131072 -131072
-524288 -196608
-262144 -65536
65536 0
-262144 196608
-131072 -131072
393216 -196608
131072 0
-196608 -196608
-262144 -65536
196608 196608
-131072 -131072
-720896 -327680
-131072 65536
0 131072
-65536 -65536
-65536 -393216
262144 -131072
327680 131072
-262144 0
-196608 -131072
0 131072
-393216 65536
-720896 0
196608 -196608
458752 -262144
-262144 -262144
65536 -196608
262144 196608
-262144 131072
-131072 393216
-65536 -65536
-393216 -458752
-196608 0
-131072 65536
0 -262144
-131072 -327680
0 262144
0 0
-65536 -196608
327680 262144
65536 327680
-65536 -327680
0 -393216
-524288 65536
-917504 -65536
65536 -458752
-65536 131072
-196608 327680
655360 -458752
131072 65536
-393216 393216
262144 0
0 -327680
-851968 0
-327680 0
196608 -458752
-131072 262144
262144 196608
655360 -524288
-65536 -393216
-458752 196608
-65536 -131072
-196608 0
-262144 458752
-327680 0
-65536 -393216
0 196608
-65536 0
-262144 -524288
131072 196608
327680 0
-196608 -524288
-196608 -393216
-262144 327680
-458752 524288
524288 65536
393216 131072
-917504 -524288
-393216 -589824
0 393216
-131072 -262144
65536 -393216
131072 458752
131072 -262144
0 65536
196608 393216
-720896 65536
-131072 196608
196608 -524288
-327680 0
327680 393216
65536 -655360
524288 -196608
851968 -196608
-720896 -917504
-131072 -131072
-196608 131072
-1245184 851968
0 458752
-131072 -262144
-1507328 -720896
1179648 -393216
-524288 -131072
-1179648 393216
3211264 1179648
-1179648 65536
458752 196608
1179648 -917504
-3670016 -524288
-262144 65536
1245184 720896
-524288 -262144
2293760 -1048576
1638400 -1310720
-3014656 -65536
655360 131072
-1376256 1769472
-1703936 917504
2621440 -1507328
-1900544 1507328
196608 -1966080
720896 -1376256
-851968 3670016
1638400 -4259840
393216 3604480
65536 -917504
-1376256 -65536
-1114112 262144
-2031616 -2162688
3211264 1638400
-196608 -2555904
2490368 1703936
-393216 2162688
-2293760 -2883584
-2424832 327680
-2031616 -786432
2555904 -1310720
2031616 -1245184
4849664 2490368
-4521984 9502720
-12845056 -3932160
9043968 -15400960
6094848 -6029312
5963776 -10747904
2424832 -6225920
-1966080 3211264
-4456448 9961472
1966080 -3670016
-1048576 -131072
-1966080 -5046272
2031616 327680
-655360 983040
-851968 2162688
2555904 -458752
-3932160 -2031616
2031616 -327680
-4194304 -1245184
5242880 65536
-327680 1572864
-2228224 2424832
262144 -1769472
-2031616 1966080
1114112 -2818048
917504 393216
1048576 1179648
655360 -3997696
-1310720 4325376
-2097152 -851968
1245184 -589824
917504 2949120
-851968 -4390912
1114112 -524288
-262144 655360
-2031616 131072
-65536 655360
-327680 1507328
655360 -1048576
-131072 -2097152
-131072 -1441792
-196608 458752
65536 851968
-262144 1310720
-786432 1114112
-917504 -851968
655360 -720896
-851968 -655360
1048576 196608
1048576 -458752
-393216 65536
196608 655360
-2228224 262144
-65536 1507328
1572864 -1048576
131072 -655360
524288 196608
-131072 -1507328
-1048576 0
131072 1638400
0 -524288
-655360 -327680
131072 131072
-196608 -851968
-524288 -524288
131072 786432
-131072 0
-589824 196608
65536 196608
-196608 -65536
-393216 -196608
589824 0
589824 -65536
-524288 -327680
-131072 0
393216 131072
-458752 -196608
-65536 196608
0 131072
-458752 -131072
-262144 -131072
65536 131072
0 -196608
65536 0
196608 65536
196608 65536
-196608 -327680
-131072 -196608
-196608 -131072
-196608 65536
-196608 262144
-262144 -65536
-131072 -327680
0 65536
-196608 -65536
65536 65536
393216 -65536
-131072 196608
-327680 196608
65536 -327680
-196608 -65536
-393216 131072
-131072 -327680
262144 0
458752 262144
65536 -196608
-65536 -655360
-196608 65536
-524288 327680
-524288 -262144
-327680 -131072
393216 327680
65536 0
-196608 -327680
458752 -65536
196608 196608
-458752 -131072
-458752 131072
65536 0
0 -131072
-327680 65536
0 -65536
196608 -131072
131072 65536
-131072 -131072
-262144 -196608
-65536 65536
-131072 0
0 -131072
65536 0
-327680 65536
-65536 -65536
-196608 0
65536 131072
-131072 -393216
-393216 -327680
262144 131072
65536 0
-458752 -196608
0 131072
196608 262144
-524288 131072
-131072 -131072
589824 -262144
-196608 -196608
-458752 -131072
262144 0
0 -262144
-393216 262144
-65536 131072
-131072 -327680
131072 0
131072 65536
-65536 -65536
-327680 -131072
-131072 131072
-131072 0
-327680 -196608
262144 -131072
393216 0
0 -327680
-65536 -589824
-65536 196608
-720896 720896
-262144 -327680
-131072 -524288
-524288 720896
65536 -65536
327680 -524288
0 131072
196608 196608
262144 -589824
-524288 -131072
-458752 458752
65536 -196608
-65536 0
-131072 327680
196608 -393216
0 -589824
-65536 262144
131072 -262144
-393216 -917504
-458752 393216
-131072 851968
0 -196608
-131072 0
-131072 524288
0 -327680
262144 -524288
131072 -327680
-327680 -393216
-589824 -131072
-131072 589824
-131072 327680
131072 -458752
589824 65536
-65536 0
-589824 -589824
-327680 327680
-327680 327680
-262144 -589824
-196608 -65536
196608 -196608
-131072 -131072
327680 0
-327680 0
-131072 720896
-65536 131072
196608 196608
851968 196608
-327680 -851968
-458752 -720896
-65536 -1114112
-786432 -65536
262144 1245184
851968 -655360
-655360 196608
262144 1048576
-196608 -196608
-2293760 -327680
524288 -131072
-196608 -917504
-983040 -65536
3276800 1114112
-917504 262144
786432 0
851968 0
-3145728 -65536
131072 -1245184
720896 131072
-786432 393216
1966080 -917504
-262144 -524288
-2621440 196608
2031616 -589824
-1310720 1048576
-786432 524288
3080192 -983040
-2686976 2162688
-196608 -3211264
-327680 393216
-196608 1703936
655360 -2818048
1966080 4521984
917504 -3014656
-983040 2293760
-1835008 -917504
-1966080 -3276800
1638400 1376256
-1572864 -655360
5177344 2162688
-2686976 131072
-1179648 262144
-3670016 -327680
196608 -2490368
327680 -851968
4849664 -3997696
5242880 1572864
-7274496 8060928
-10158080 -3145728
16973824 -7798784
-7077888 -16449536
-5373952 2490368
-1900544 6881280
3014656 -1900544
1638400 -2883584
917504 458752
-2162688 -2555904
1114112 1966080
-3211264 -393216
3670016 2686976
-4390912 -2359296
3932160 -983040
-1245184 393216
-327680 1376256
-131072 -1179648
-1441792 -131072
3276800 -1376256
-2949120 2162688
1310720 -983040
851968 262144
-1638400 3407872
65536 -4521984
-589824 2228224
-393216 65536
720896 -1441792
786432 2490368
524288 -2359296
196608 720896
-1114112 -196608
-1376256 -1245184
983040 786432
-196608 983040
196608 -655360
917504 -720896
196608 196608
-1703936 -1376256
-327680 -589824
-720896 1769472
-327680 1376256
1048576 -1703936
1441792 -393216
-1703936 524288
524288 65536
720896 -786432
-524288 1572864
65536 -458752
-1572864 -1441792
-65536 1835008
655360 -131072
0 -786432
1376256 262144
-131072 -1114112
-1114112 262144
-196608 1048576
262144 0
-393216 -131072
458752 -524288
-131072 -1048576
-655360 -262144
65536 458752
196608 -131072
-589824 393216
524288 -65536
-393216 -524288
-589824 458752
-65536 196608
131072 -196608
131072 -65536
393216 -262144
-327680 -327680
-262144 65536
-131072 327680
-65536 -65536
-393216 -65536
-65536 -65536
-131072 65536
196608 -196608
196608 65536
65536 -131072
-131072 -65536
393216 -131072
-196608 196608
-262144 -65536
-458752 -327680
-458752 -196608
0 -131072
393216 -262144
-65536 131072
-196608 -131072
-196608 262144
-65536 65536
-393216 0
-65536 -196608
65536 -262144
-131072 196608
0 65536
196608 -393216
-131072 196608
-65536 262144
-65536 -131072
196608 -393216
-196608 -65536
-393216 -131072
-262144 -196608
-196608 131072
327680 327680
-196608 0
-458752 -262144
262144 -196608
131072 131072
-393216 -196608
-131072 -65536
196608 0
-196608 262144
-262144 131072
131072 -327680
65536 -65536
0 65536
0 -393216
-131072 -327680
-196608 196608
-327680 65536
-65536 65536
65536 131072
-65536 -327680
65536 -262144
-196608 131072
65536 -65536
-131072 -262144
-131072 262144
-65536 65536
-458752 -327680
65536 0
327680 196608
-196608 -262144
-131072 -262144
327680 65536
-196608 65536
-589824 -196608
-65536 -262144
65536 0
-131072 -65536
131072 65536
196608 -327680
-131072 65536
-131072 458752
-327680 -262144
-65536 -262144
-262144 0
-65536 65536
65536 -65536
0 65536
131072 262144
65536 0
-65536 -262144
-65536 -196608
0 -131072
-327680 -393216
-393216 -131072
-131072 524288
65536 0
-327680 -589824
-262144 262144
393216 131072
131072 -131072
-131072 0
196608 65536
-65536 -327680
-786432 -131072
-393216 393216
262144 -196608
262144 -327680
131072 393216
458752 65536
196608 -589824
-327680 -262144
-458752 -65536
-851968 -131072
-327680 458752
458752 458752
262144 -524288
-196608 -196608
196608 196608
65536 -458752
-65536 -327680
-327680 196608
-262144 -65536
-327680 0
-262144 327680
196608 262144
196608 -65536
262144 -262144
-196608 -589824
-589824 -524288
-458752 0
0 524288
262144 196608
-131072 196608
-131072 -458752
-131072 65536
196608 0
-524288 -720896
262144 524288
393216 262144
-65536 -131072
589824 458752
0 -327680
-196608 -196608
-393216 -458752
-524288 -786432
393216 -196608
-65536 -917504
-1245184 655360
458752 1376256
262144 327680
-1376256 393216
1310720 -393216
-1245184 -1376256
-1966080 -65536
3735552 1245184
-1245184 327680
524288 -524288
1572864 -458752
-2752512 0
-524288 -393216
458752 917504
-851968 -65536
1835008 -1114112
589824 -131072
-1048576 -983040
1507328 -655360
-2818048 2818048
-524288 -393216
2031616 -720896
-1572864 3342336
1769472 -4456448
-1114112 1441792
393216 0
65536 -1376256
589824 2555904
-1114112 -3014656
-196608 3014656
-3080192 -2490368
-196608 655360
1376256 196608
786432 -1179648
3604480 65536
-1835008 327680
655360 1638400
-6225920 -458752
65536 -1441792
-65536 720896
5046272 -8781824
3211264 6029312
-9568256 4259840
10027008 -25165824
1835008 -3670016
1966080 8454144
-1638400 5832704
-1507328 -8978432
-1179648 655360
-65536 -6029312
2228224 5963776
-3866624 -65536
3211264 1835008
-1310720 -2359296
524288 65536
-196608 -1441792
-131072 131072
3932160 1310720
-4587520 262144
786432 -1310720
-2097152 -393216
65536 458752
1441792 -983040
-1245184 2490368
1769472 -2686976
-1835008 2686976
-851968 720896
1507328 -2359296
196608 3014656
65536 -2752512
131072 -983040
-65536 1310720
-1048576 917504
589824 851968
655360 -65536
-458752 -1179648
262144 -1769472
262144 -327680
-786432 -262144
0 786432
-720896 524288
-1507328 -262144
65536 -589824
1703936 1114112
-196608 -1441792
589824 -524288
-65536 851968
-1179648 1507328
-458752 -720896
-917504 -1048576
65536 720896
851968 -262144
393216 917504
1114112 720896
-524288 -2097152
-1179648 589824
-524288 1179648
262144 -786432
131072 262144
1310720 -131072
-524288 -1966080
-655360 65536
262144 1048576
-327680 -65536
-327680 65536
851968 -262144
-1507328 -655360
-786432 -131072
262144 65536
393216 786432
0 524288
851968 -524288
0 -786432
-983040 65536
-589824 327680
458752 0
-196608 262144
196608 -65536
-262144 -589824
-327680 65536
-65536 524288
524288 -196608
196608 -393216
-262144 -196608
-524288 131072
327680 -131072
-131072 -131072
0 196608
0 -262144
-65536 -65536
-196608 -65536
-262144 -393216
-393216 0
65536 -65536
-196608 262144
65536 0
-196608 -196608
-196608 327680
65536 65536
262144 -327680
131072 -65536
-131072 -131072
-524288 -131072
-65536 131072
-131072 393216
65536 -262144
-65536 -589824
0 0
196608 262144
-458752 -327680
-131072 -393216
262144 327680
-524288 458752
-524288 -393216
131072 -65536
262144 -65536
-327680 -131072
65536 -196608
458752 -131072
-65536 131072
-458752 327680
-327680 -131072
-65536 -262144
-65536 -65536
-458752 -131072
0 0
327680 0
0 0
-65536 65536
-327680 -196608
65536 -196608
-262144 131072
-196608 131072
-131072 -262144
-65536 65536
0 262144
-262144 -65536
65536 -393216
262144 -262144
-196608 65536
-196608 65536
131072 -65536
-65536 131072
-589824 262144
-262144 -65536
65536 -131072
131072 -262144
65536 -262144
131072 -524288
-65536 -131072
-131072 458752
-458752 196608
-65536 0
-131072 196608
-131072 131072
0 -327680
-131072 -262144
0 -65536
0 -262144
-65536 -196608
-131072 65536
-65536 -131072
0 -131072
-196608 262144
-458752 393216
131072 -262144
-131072 -589824
-983040 196608
-131072 -65536
917504 -196608
262144 -262144
-393216 0
0 196608
-131072 131072
-524288 393216
-131072 -65536
65536 -393216
-131072 196608
393216 -131072
196608 -917504
-524288 0
-131072 327680
0 -196608
-393216 131072
-196608 393216
0 -393216
-131072 -65536
196608 589824
131072 -262144
-65536 -720896
-196608 131072
-262144 -393216
-458752 -131072
-327680 786432
262144 65536
327680 -524288
0 131072
0 -262144
-131072 -458752
-524288 196608
-458752 327680
-65536 -262144
-327680 65536
-196608 -327680
262144 0
786432 262144
-262144 -196608
-131072 262144
-262144 -65536
-196608 131072
983040 393216
-131072 -720896
-196608 -851968
-65536 -851968
-1376256 -524288
-589824 524288
131072 -655360
-196608 524288
1179648 1245184
524288 -458752
-1835008 -131072
327680 65536
-1441792 65536
-1835008 -262144
3604480 -131072
-393216 -196608
1179648 -458752
786432 196608
-2293760 1179648
262144 -851968
-655360 -196608
-1048576 -327680
2621440 131072
-393216 65536
-983040 -458752
1900544 -983040
-2818048 2752512
-131072 -1441792
1245184 -131072
-524288 1835008
458752 -3801088
-1638400 2555904
589824 -2818048
-917504 786432
786432 2031616
1245184 -1376256
983040 3538944
-4849664 -3932160
1507328 1114112
-2424832 -2162688
1245184 1441792
2752512 -65536
1966080 0
-1572864 1114112
-4456448 1310720
1966080 -3080192
131072 -2686976
5570560 786432
-10944512 7602176
-1835008 -22347776
1769472 -1114112
-786432 0
3407872 -4063232
1507328 4325376
-3538944 -2359296
-1376256 851968
393216 655360
1245184 131072
1310720 -131072
-1441792 -3604480
2490368 1114112
-5505024 1114112
2228224 851968
-983040 -2293760
2097152 -131072
-65536 -65536
-1769472 1048576
1966080 -917504
-3407872 2621440
983040 -2293760
-131072 196608
196608 1310720
1245184 -2031616
-458752 2818048
720896 -1048576
-851968 -327680
-458752 458752
-720896 -786432
524288 720896
983040 589824
196608 -1376256
393216 -1507328
-524288 524288
-1441792 65536
131072 196608
131072 851968
-1048576 -589824
524288 -851968
983040 786432
-1572864 -786432
589824 -65536
393216 -720896
-2097152 917504
393216 458752
655360 -786432
655360 1376256
-196608 -786432
-917504 -655360
458752 589824
-196608 -327680
-131072 589824
196608 -327680
-393216 -393216
-131072 1179648
1048576 -589824
-65536 -1245184
-131072 524288
-262144 -131072
-786432 -786432
-393216 589824
327680 65536
-393216 -983040
0 0
0 196608
-589824 65536
-65536 393216
1048576 262144
-65536 -327680
-262144 -131072
-65536 -262144
-786432 0
-655360 458752
589824 -262144
458752 -524288
65536 -65536
-262144 65536
196608 0
-196608 65536
-196608 131072
-131072 -65536
-131072 -131072
-131072 65536
131072 -327680
-65536 -655360
65536 131072
-131072 262144
65536 -262144
-65536 -327680
-589824 0
-655360 196608
65536 -196608
131072 196608
131072 196608
-65536 -327680
196608 -65536
0 131072
-196608 -262144
-262144 -327680
-131072 196608
-262144 393216
65536 -196608
196608 -65536
131072 65536
-196608 -262144
-327680 -458752
131072 -196608
-196608 131072
-720896 65536
-65536 0
589824 458752
65536 -131072
-524288 -196608
262144 -327680
262144 -196608
-393216 262144
-393216 -196608
65536 -327680
131072 458752
-327680 131072
-262144 -524288
393216 -65536
0 0
-393216 -131072
-65536 -131072
131072 -131072
-262144 131072
-655360 65536
262144 -65536
262144 -262144
-131072 0
-131072 65536
-131072 -65536
131072 65536
-196608 196608
-524288 -196608
-131072 -393216
196608 65536
0 131072
0 -458752
196608 -327680
-262144 458752
-458752 196608
-65536 0
65536 -131072
-393216 0
-65536 -327680
196608 -458752
0 196608
-393216 131072
131072 -196608
-131072 0
-196608 393216
131072 0
0 -131072
65536 65536
65536 -131072
-327680 -524288
-327680 -327680
-327680 -65536
-196608 -65536
458752 -65536
65536 524288
-262144 196608
0 -393216
-262144 393216
-393216 327680
65536 -458752
65536 -851968
-655360 65536
131072 458752
458752 -262144
0 196608
0 327680
393216 -327680
-262144 -131072
-458752 0
-196608 -524288
-262144 65536
-131072 65536
-196608 -655360
-327680 0
196608 589824
327680 65536
65536 -131072
262144 65536
0 -327680
-589824 -524288
-589824 131072
-327680 393216
-131072 327680
393216 65536
65536 -524288
-65536 -589824
262144 262144
65536 65536
-393216 -327680
-327680 65536
-327680 262144
-131072 0
-262144 262144
65536 -65536
65536 196608
327680 -458752
-393216 -851968
262144 589824
196608 458752
0 -262144
983040 327680
65536 -196608
-786432 -393216
-786432 -983040
-851968 -196608
393216 589824
-327680 -983040
-262144 65536
1507328 720896
-327680 -327680
-2162688 1310720
1310720 655360
-720896 -786432
-917504 -720896
2686976 -851968
-2228224 -131072
786432 524288
1572864 1179648
-1310720 65536
524288 -1179648
-1179648 720896
-1114112 -1245184
1376256 -131072
-720896 917504
786432 -1441792
1507328 -1245184
-3080192 2949120
851968 -1966080
-917504 2097152
262144 983040
786432 -2490368
-196608 1376256
-393216 -3604480
-655360 3342336
983040 -1769472
327680 393216
262144 2031616
-3407872 -2621440
1310720 1245184
-2162688 720896
3342336 786432
-1245184 -3932160
3801088 327680
-3473408 1507328
-3604480 -3080192
-2621440 -1966080
8454144 -524288
5242880 13041664
6553600 -17301504
-6094848 15597568
-7340032 1376256
5767168 -10354688
4390912 -2359296
-1114112 -720896
-1900544 6881280
-655360 -4653056
2490368 1245184
-2818048 -2949120
1310720 458752
-2293760 -851968
2424832 2949120
-720896 262144
-1703936 -983040
2818048 -1245184
-2097152 -131072
3145728 -1179648
-3014656 1376256
-131072 1048576
-458752 458752
-1245184 1835008
2359296 -2752512
-589824 1507328
720896 -1769472
-524288 -983040
196608 1835008
-786432 524288
-655360 -327680
1245184 196608
196608 -917504
-65536 -1310720
589824 393216
-1441792 327680
-720896 327680
327680 458752
-65536 -2228224
0 -1310720
589824 1048576
-393216 -786432
720896 1114112
-655360 1048576
-1966080 327680
393216 -1048576
-131072 -786432
851968 1179648
655360 -1835008
-131072 65536
0 1572864
-983040 -720896
-458752 1114112
720896 917504
-65536 -1441792
65536 -720896
393216 -393216
-589824 -655360
-262144 524288
393216 131072
-393216 -589824
-327680 458752
458752 -393216
-458752 -655360
-196608 393216
458752 -131072
-655360 -65536
-589824 262144
262144 65536
-131072 -131072
65536 0
262144 -393216
-393216 -327680
-65536 65536
131072 0
65536 65536
-327680 65536
-327680 -196608
0 -131072
-262144 327680
-65536 -196608
196608 -458752
-65536 65536
131072 262144
196608 0
196608 -262144
-262144 65536
-524288 -65536
0 -458752
-65536 0
-327680 -131072
-65536 -393216
-65536 -131072
-262144 393216
65536 196608
262144 -262144
0 65536
-131072 262144
-65536 -131072
-262144 -393216
-458752 65536
-327680 65536
131072 -65536
458752 65536
393216 0
-131072 -327680
-327680 -393216
0 65536
-524288 131072
-655360 -393216
65536 -131072
393216 262144
-262144 0
-65536 -65536
655360 -131072
-196608 327680
-589824 65536
0 -589824
0 -65536
-393216 262144
-131072 -262144
393216 0
196608 393216
-458752 -262144
-262144 -262144
0 0
-131072 -196608
-262144 -131072
-131072 -131072
196608 -65536
-327680 262144
-262144 262144
65536 -327680
0 -262144
0 131072
-262144 196608
65536 -393216
0 -65536
-589824 524288
-327680 -131072
524288 -524288
65536 196608
-327680 -65536
131072 -589824
65536 262144
-458752 393216
-196608 -196608
131072 -458752
-262144 196608
-196608 -65536
131072 -524288
196608 131072
-458752 262144
-196608 -65536
0 65536
-65536 131072
131072 -196608
65536 -65536
131072 -262144
65536 -393216
-393216 0
-589824 65536
-65536 -65536
0 393216
131072 -393216
-196608 -655360
-131072 589824
262144 262144
-131072 -589824
-393216 -131072
-65536 524288
-65536 -524288
-327680 -196608
262144 720896
262144 -196608
-262144 -262144
-131072 196608
262144 -589824
-262144 -262144
-131072 458752
262144 -327680
-262144 -393216
-327680 327680
0 0
-327680 -131072
-262144 196608
524288 -131072
196608 -196608
-131072 -196608
-196608 -196608
-589824 262144
-327680 458752
327680 -262144
131072 -196608
-65536 -65536
-131072 -327680
-196608 -65536
-262144 262144
65536 -65536
196608 -589824
-458752 -327680
-327680 0
196608 0
-655360 458752
-131072 -262144
458752 65536
262144 524288
-524288 -131072
589824 0
327680 -393216
-524288 -524288
393216 0
-131072 -262144
-131072 327680
393216 -131072
-1638400 -1048576
-262144 393216
-262144 -458752
-458752 0
1048576 327680
196608 65536
-1114112 524288
1835008 327680
-1703936 -262144
-1507328 -851968
1310720 -1048576
-1769472 983040
2490368 -393216
1703936 196608
-1114112 -131072
786432 -393216
-2555904 917504
-1572864 -524288
1835008 -131072
-458752 851968
786432 -2293760
983040 -131072
-2293760 2555904
196608 -2293760
-655360 3538944
2162688 -1245184
-655360 -655360
-786432 720896
-524288 -3211264
-851968 2686976
-786432 -2949120
2424832 2818048
262144 -851968
-1769472 -524288
655360 -458752
-1900544 -524288
1048576 458752
-786432 -2228224
6553600 0
-4784128 4653056
-5898240 2686976
-5308416 -6422528
21823488 -2686976
13238272 -16252928
2490368 15925248
10027008 -2162688
-4259840 -2818048
-6946816 -7143424
-65536 4325376
2228224 -458752
2424832 1310720
-393216 -2883584
1114112 196608
-2621440 1900544
-2228224 -1048576
3932160 0
-1376256 -983040
2752512 393216
-3866624 -589824
983040 917504
-1966080 65536
-786432 -327680
2031616 -1507328
-1703936 2752512
2359296 -1179648
-655360 524288
655360 0
-1507328 -655360
-786432 327680
-196608 131072
-131072 589824
1507328 851968
655360 -1245184
65536 -1507328
196608 589824
-2097152 -262144
65536 -524288
131072 1310720
131072 -458752
917504 -917504
720896 393216
-2228224 -1310720
-458752 1245184
65536 0
-917504 -786432
1048576 -262144
131072 -262144
65536 1703936
131072 -851968
-720896 -131072
-196608 720896
-786432 -1048576
-458752 720896
655360 327680
655360 -1376256
262144 196608
0 -65536
-458752 -327680
-65536 851968
196608 131072
-524288 -720896
-131072 131072
262144 -983040
-720896 -458752
327680 655360
131072 -65536
-786432 -196608
131072 196608
196608 0
-589824 131072
196608 393216
327680 -65536
-458752 -393216
-196608 -196608
-131072 -524288
-131072 262144
196608 327680
65536 -458752
-458752 -131072
-524288 524288
196608 -393216
196608 -65536
-65536 262144
-65536 -262144
-65536 -262144
65536 327680
-65536 131072
-131072 -458752
0 -327680
-196608 131072
-327680 -393216
65536 -327680
65536 -65536
-131072 393216
0 131072
-65536 -327680
-327680 131072
-327680 131072
-196608 -524288
65536 -131072
196608 196608
-65536 -196608
-131072 -131072
0 589824
-65536 131072
-65536 -655360
-65536 -327680
-65536 196608
-524288 -131072
-196608 -327680
327680 327680
-131072 262144
-393216 -458752
262144 -131072
262144 0
-589824 196608
-196608 -65536
327680 -131072
-196608 196608
-393216 -65536
0 -327680
131072 -65536
-65536 -65536
65536 -196608
196608 -65536
-262144 -65536
-327680 196608
-196608 131072
0 -393216
0 -196608
-393216 65536
65536 -196608
327680 -131072
0 196608
-327680 -65536
-131072 -65536
262144 -65536
-393216 131072
-327680 65536
327680 -262144
-131072 262144
-589824 262144
327680 -589824
196608 -327680
-524288 196608
-65536 -393216
327680 -131072
-262144 327680
-327680 262144
0 -262144
-131072 0
-65536 131072
-131072 -589824
131072 -327680
-327680 131072
-65536 65536
196608 65536
-131072 196608
0 65536
65536 131072
-65536 -262144
-196608 -655360
-196608 -131072
-524288 262144
-262144 -458752
131072 -131072
196608 262144
-524288 0
65536 262144
851968 196608
-262144 -196608
-983040 -524288
0 196608
-65536 -131072
-655360 -327680
327680 458752
720896 196608
131072 -131072
65536 196608
131072 -327680
-524288 -589824
-524288 -65536
-196608 -131072
-262144 65536
-65536 262144
393216 -262144
131072 -131072
-458752 327680
327680 -262144
393216 -327680
-589824 -131072
-655360 -131072
-131072 393216
65536 196608
65536 -327680
0 65536
-65536 131072
-196608 -524288
-196608 -458752
196608 196608
131072 131072
196608 -393216
-262144 131072
-851968 65536
-131072 -65536
-65536 786432
-65536 -327680
-131072 -327680
786432 524288
131072 -196608
65536 -131072
0 -262144
-393216 -327680
458752 262144
-327680 196608
-131072 -262144
262144 -917504
-1703936 -262144
-196608 983040
-65536 -917504
-458752 -393216
1179648 -131072
-65536 327680
-1245184 917504
2162688 262144
-1114112 65536
-1179648 -393216
851968 -983040
-1703936 393216
2162688 -720896
196608 786432
-262144 -262144
1572864 -589824
-2031616 1376256
-458752 -524288
1048576 -196608
-2359296 1441792
1114112 -2555904
-327680 -458752
-851968 1376256
655360 -1376256
-65536 3145728
589824 -2031616
-327680 1638400
262144 -2162688
-1376256 -1245184
327680 2031616
-327680 -2359296
2752512 2621440
-1245184 -524288
-196608 524288
-2228224 -2752512
-327680 1441792
-917504 196608
3604480 -2818048
5242880 -2293760
-2621440 7995392
-9764864 2097152
1507328 -9043968
12582912 3866624
1572864 -11075584
10551296 -9502720
-3866624 4718592
-5767168 5832704
65536 655360
4521984 -2686976
1179648 262144
-196608 -4784128
131072 786432
-3276800 851968
262144 3211264
-2162688 -2883584
3473408 -1900544
-720896 -1048576
-589824 1310720
1310720 327680
-2686976 1835008
1114112 -327680
-2424832 -327680
1376256 -1441792
-1441792 196608
655360 1638400
589824 -983040
-262144 1507328
-196608 720896
-655360 -1245184
1179648 -131072
458752 -393216
-262144 -1114112
589824 1114112
-1507328 -196608
-851968 -131072
-655360 786432
786432 -589824
1507328 -1441792
983040 262144
-917504 -1900544
-917504 1310720
-1441792 327680
-1638400 655360
1703936 524288
589824 -1179648
-720896 65536
-131072 -983040
-262144 917504
262144 983040
-786432 -1835008
-786432 917504
458752 786432
458752 -262144
458752 655360
524288 -262144
-851968 -524288
-393216 589824
196608 -327680
-196608 -983040
131072 -393216
262144 -524288
-786432 196608
262144 851968
-131072 -262144
-524288 -131072
65536 196608
-65536 -589824
-786432 -262144
0 458752
65536 -262144
65536 262144
589824 327680
65536 -327680
-524288 196608
-196608 65536
-196608 -458752
-131072 0
-327680 -131072
-65536 -327680
-196608 196608
131072 327680
65536 -327680
0 0
-196608 393216
-196608 0
65536 -327680
327680 -65536
-524288 -262144
-196608 -262144
196608 131072
-65536 262144
-393216 65536
65536 -524288
0 -131072
-65536 327680
-196608 -262144
-131072 -65536
-196608 524288
0 0
-65536 -524288
65536 -65536
-131072 327680
-65536 -196608
-65536 -65536
65536 131072
-196608 -131072
-458752 -327680
65536 -65536
196608 196608
-131072 -131072
-131072 -393216
65536 196608
-196608 131072
-589824 0
-65536 -262144
131072 -131072
-131072 262144
0 -131072
262144 -262144
0 262144
-393216 65536
-196608 -327680
65536 -196608
-196608 -262144
-393216 -65536
-65536 131072
262144 131072
65536 65536
-262144 -262144
131072 -196608
-262144 0
-327680 -131072
65536 -262144
-65536 0
-524288 -65536
-65536 196608
458752 -131072
-196608 -196608
-196608 65536
327680 -196608
-65536 0
-655360 393216
-196608 -327680
0 -327680
-393216 327680
65536 -131072
458752 -327680
65536 -131072
-131072 131072
-131072 -65536
-393216 -65536
-65536 0
-327680 -65536
0 196608
-65536 -131072
-65536 -131072
65536 0
65536 -131072
131072 -327680
196608 65536
-131072 -65536
-262144 -262144
-196608 196608
-458752 327680
-393216 -327680
-262144 -65536
131072 -131072
65536 -327680
-196608 262144
524288 -65536
393216 -196608
-786432 0
-589824 458752
-65536 65536
-393216 -65536
196608 196608
458752 -262144
0 -458752
0 -65536
393216 -393216
-524288 -393216
-720896 524288
196608 262144
262144 -196608
-458752 0
-196608 -131072
262144 -262144
-262144 327680
131072 -262144
65536 -655360
-458752 0
-262144 65536
65536 327680
-262144 196608
262144 -131072
327680 0
-393216 -458752
-196608 -262144
-262144 65536
-393216 -65536
-131072 0
131072 -458752
65536 -327680
0 131072
196608 131072
-262144 786432
-393216 -65536
-589824 0
65536 458752
65536 -196608
655360 -524288
65536 -524288
-786432 -131072
524288 -327680
-262144 -327680
-458752 917504
196608 0
-720896 -393216
196608 655360
-720896 -917504
-1245184 -655360
458752 -262144
196608 655360
196608 917504
2162688 -196608
-1245184 458752
-524288 -589824
-262144 -524288
-2424832 1114112
2490368 -720896
-131072 0
327680 -851968
1966080 -393216
-2686976 1179648
-1048576 -1245184
458752 524288
-720896 1048576
1441792 -2621440
-589824 1441792
327680 -262144
-1703936 -196608
65536 2621440
917504 -1376256
393216 1835008
-196608 -3473408
-262144 196608
262144 655360
-2228224 -720896
2621440 1966080
851968 -1507328
65536 524288
-4259840 -2359296
2555904 1900544
-3735552 -1441792
1966080 -4063232
4521984 -2752512
2490368 6619136
-10354688 1769472
18743296 12124160
-720896 -9633792
-6946816 -196608
2883584 -1769472
1572864 3997696
1703936 -2293760
1114112 393216
-327680 -5111808
-1310720 2555904
-3342336 -1900544
3473408 1507328
1179648 1703936
-262144 -786432
-458752 -1572864
-2883584 65536
2097152 589824
-2686976 -851968
2752512 -458752
-1638400 655360
0 524288
-327680 -524288
196608 1835008
-393216 -524288
-917504 -131072
1310720 393216
-589824 -720896
327680 196608
65536 -458752
-262144 -851968
0 1572864
-1048576 -720896
720896 -65536
917504 327680
-131072 -786432
655360 -1179648
131072 1703936
-1245184 -1507328
-1310720 262144
-131072 -327680
-1114112 262144
1900544 655360
1179648 -983040
-589824 589824
-655360 -983040
-720896 -327680
-1179648 1769472
-65536 -327680
720896 0
0 -589824
-262144 720896
131072 524288
589824 -720896
-131072 -917504
-196608 524288
-458752 -65536
-589824 196608
917504 458752
327680 -983040
-1048576 -917504
458752 851968
-262144 -458752
-720896 196608
655360 -131072
0 -655360
-983040 -196608
131072 393216
-65536 0
-131072 1048576
393216 65536
327680 -720896
-393216 -589824
-327680 -65536
-589824 -196608
-262144 262144
131072 65536
327680 -262144
-327680 -262144
65536 327680
65536 -131072
-65536 196608
-262144 65536
-262144 -131072
-196608 -196608
0 131072
-196608 -327680
393216 -327680
0 0
-131072 262144
65536 -262144
65536 -458752
-655360 196608
-458752 196608
-65536 -458752
-65536 0
-131072 131072
262144 0
65536 0
131072 262144
-262144 -131072
-458752 -524288
-393216 -65536
131072 327680
0 0
0 -196608
393216 0
0 131072
-524288 -393216
0 -393216
0 131072
-589824 -65536
-524288 65536
458752 -131072
131072 65536
-262144 65536
65536 -262144
262144 0
-131072 131072
-327680 -262144
-131072 -131072
-131072 131072
-131072 -65536
131072 -262144
0 -65536
-131072 -65536
65536 0
65536 -65536
-65536 -196608
-327680 -196608
-65536 65536
-65536 0
-262144 -262144
-65536 -65536
131072 262144
-131072 -65536
-196608 -131072
262144 -65536
-131072 -196608
-524288 0
65536 65536
393216 -196608
-327680 65536
-524288 -65536
131072 -196608
0 196608
-131072 -196608
131072 -262144
-65536 -262144
-262144 0
-65536 196608
-262144 0
0 -65536
-65536 65536
196608 0
-196608 -262144
-131072 65536
131072 262144
-196608 65536
0 -393216
65536 -196608
-524288 -131072
-65536 -327680
524288 0
-589824 393216
-393216 -327680
262144 0
-327680 458752
-524288 -393216
393216 0
262144 65536
-196608 -524288
-458752 -655360
-65536 589824
0 524288
-65536 -262144
65536 65536
131072 262144
65536 -262144
-131072 -458752
-65536 -524288
-327680 -393216
-393216 131072
131072 -131072
-196608 -262144
-196608 458752
524288 524288
327680 -196608
-458752 -262144
-262144 -393216
-262144 -393216
-786432 65536
-393216 -65536
393216 458752
0 196608
393216 -786432
655360 0
-786432 -65536
-393216 -327680
65536 131072
-393216 65536
-262144 -262144
196608 0
65536 196608
-65536 -524288
-196608 -393216
-393216 983040
-327680 -131072
65536 65536
655360 1179648
196608 0
-65536 -917504
-393216 -655360
-655360 -65536
0 -393216
-720896 -393216
720896 917504
1048576 -393216
-1441792 -65536
262144 524288
-1179648 -851968
-1572864 131072
851968 524288
786432 -196608
65536 -393216
1441792 -327680
-1441792 1245184
-655360 -458752
-458752 -131072
-393216 458752
2359296 -1507328
-1310720 720896
851968 -458752
1245184 -131072
-3014656 1310720
458752 -1769472
-524288 1048576
-720896 655360
917504 -2031616
-196608 1310720
0 -1179648
-983040 1638400
1572864 0
-262144 -589824
-393216 2228224
-917504 -4063232
983040 458752
-1245184 -786432
-196608 1048576
1966080 -1179648
1376256 655360
-262144 983040
-2555904 -2621440
-196608 393216
-2424832 3997696
3407872 -4784128
786432 -1900544
-4587520 -1900544
19202048 -4194304
8519680 1966080
-5046272 3997696
-5177344 -1376256
3014656 -4063232
4063232 1310720
-786432 -2949120
-458752 1441792
-2293760 3538944
-1114112 0
1507328 -1572864
1507328 -3342336
2031616 -65536
-4259840 655360
1900544 2424832
-1310720 589824
720896 655360
-786432 -2686976
-196608 -1114112
-262144 -196608
-1114112 851968
1048576 458752
-393216 458752
-720896 917504
-655360 -1900544
720896 131072
65536 1703936
131072 -851968
589824 786432
-1114112 -65536
-589824 0
393216 -524288
655360 -524288
917504 -589824
-262144 1245184
-393216 -1703936
-720896 1048576
524288 -327680
-1048576 -1310720
851968 1179648
393216 -131072
-524288 0
-65536 -1638400
-1441792 786432
-1376256 2031616
524288 -1114112
851968 262144
524288 -196608
-524288 -1376256
-917504 262144
327680 1310720
-458752 393216
-196608 524288
65536 -983040
-131072 -983040
458752 196608
524288 196608
0 196608
458752 327680
-720896 -851968
-655360 65536
196608 -65536
-262144 -65536
-262144 -65536
524288 -131072
-327680 -720896
-720896 262144
262144 262144
458752 196608
-131072 131072
-196608 -327680
-589824 -720896
-393216 327680
0 131072
196608 -65536
196608 131072
131072 65536
-524288 -393216
-262144 0
0 -131072
-262144 -65536
-65536 -65536
196608 393216
0 -196608
196608 -262144
-131072 196608
-262144 196608
65536 -262144
262144 -458752
-458752 -262144
-262144 -196608
-196608 -327680
-131072 589824
131072 327680
196608 -262144
-196608 -196608
0 262144
-196608 -262144
-196608 -524288
-262144 131072
-327680 196608
-131072 -196608
196608 65536
458752 196608
-65536 -196608
-131072 -458752
196608 65536
-393216 0
-720896 -393216
-262144 -65536
262144 131072
-65536 262144
65536 65536
196608 -196608
0 65536
-262144 131072
-196608 -327680
-65536 -327680
-131072 196608
0 131072
0 -65536
-65536 -131072
65536 0
-196608 65536
-262144 -262144
131072 -196608
-131072 -65536
-327680 0
-131072 -131072
65536 0
0 131072
-196608 0
-262144 -327680
0 131072
0 131072
-262144 -131072
-196608 -131072
65536 0
65536 131072
-65536 0
196608 -458752
-65536 65536
-720896 327680
-131072 -65536
196608 0
-131072 -131072
-65536 -131072
131072 -327680
131072 -196608
-131072 327680
-458752 65536
-262144 -65536
-196608 196608
0 131072
-65536 -327680
196608 -196608
262144 -65536
-131072 -65536
-196608 -524288
-65536 -131072
-524288 524288
-327680 65536
589824 -458752
-65536 458752
-851968 -262144
-65536 -655360
393216 524288
-262144 65536
-131072 -851968
196608 0
65536 655360
-589824 -196608
-393216 65536
131072 589824
-327680 -131072
-131072 -393216
524288 0
196608 -458752
-393216 -131072
131072 196608
0 -262144
-655360 -65536
-131072 196608
-131072 65536
-327680 196608
720896 -196608
393216 -589824
-786432 -65536
-327680 -131072
-65536 -196608
-458752 327680
-196608 196608
786432 0
-131072 131072
-327680 -327680
327680 -131072
-524288 196608
-393216 -327680
458752 -458752
-327680 131072
-524288 262144
131072 0
65536 327680
-393216 -65536
0 -458752
0 851968
-458752 327680
-196608 -65536
851968 -196608
-196608 -458752
327680 -327680
131072 -458752
-262144 -393216
65536 -327680
-983040 -131072
-196608 917504
589824 -524288
-458752 -327680
589824 262144
-1245184 -524288
-851968 65536
786432 -327680
327680 65536
65536 0
720896 -458752
-1048576 1572864
917504 327680
-851968 -655360
-1245184 -262144
1376256 -851968
-1835008 917504
1703936 -1310720
1310720 327680
-1769472 1638400
393216 -2031616
-1507328 1441792
-65536 -458752
-65536 -917504
327680 589824
720896 -1769472
-655360 1441792
-327680 -983040
458752 1310720
655360 1048576
-1572864 -3997696
2031616 1179648
-2031616 0
-1441792 2031616
0 -2031616
3866624 720896
-1900544 -1441792
-524288 -458752
1703936 983040
1966080 1048576
-1376256 458752
-12845056 -851968
9240576 -10223616
2097152 -65536
-2752512 917504
-2883584 3604480
4521984 -2097152
327680 -1835008
-393216 -2686976
-655360 4128768
262144 -1900544
2490368 3801088
-2621440 -2359296
1114112 -1441792
-2359296 -1179648
589824 2293760
-65536 -262144
1245184 -196608
1507328 -655360
-1114112 -196608
-393216 -917504
-1703936 -65536
-917504 1245184
-655360 -786432
1245184 851968
786432 -262144
-786432 -196608
-262144 917504
-262144 -983040
-196608 1310720
-983040 -786432
655360 -327680
1114112 983040
65536 196608
327680 -917504
-65536 720896
-851968 -1310720
-1114112 327680
1507328 -131072
-65536 -786432
458752 1048576
-196608 -1507328
-1376256 851968
196608 -131072
-393216 -720896
-524288 131072
262144 -393216
851968 851968
393216 -262144
-1114112 -655360
-917504 589824
-196608 -131072
-589824 524288
458752 458752
851968 -983040
-262144 -196608
65536 851968
196608 -262144
-589824 0
131072 458752
0 -589824
-327680 -458752
393216 -131072
-196608 -196608
-65536 -131072
655360 -65536
-327680 -393216
-720896 196608
65536 65536
-524288 196608
-196608 589824
393216 -458752
-196608 -458752
-393216 327680
-131072 -196608
196608 65536
196608 327680
-262144 -393216
-196608 -458752
-131072 458752
-65536 327680
-65536 -393216
0 -327680
-131072 196608
-262144 -131072
262144 131072
196608 131072
-327680 -393216
0 -196608
-65536 -131072
-393216 0
65536 -262144
-131072 -262144
-131072 524288
131072 0
-131072 -393216
-196608 196608
-131072 131072
-196608 -524288
0 -262144
-65536 196608
-65536 -131072
-262144 -65536
-65536 589824
327680 196608
-196608 -524288
-196608 -458752
65536 -65536
-327680 0
-262144 -327680
0 0
65536 262144
-327680 131072
0 -131072
65536 -65536
-131072 262144
-131072 -131072
65536 -393216
65536 -65536
-327680 65536
-458752 -196608
196608 65536
393216 131072
-131072 -65536
-327680 -196608
65536 -196608
-131072 0
-458752 -65536
0 -393216
0 -262144
-131072 196608
65536 196608
65536 -196608
0 -65536
0 196608
-327680 0
-327680 -131072
0 -196608
-262144 -65536
-327680 131072
131072 -131072
458752 -327680
-196608 196608
-196608 -196608
0 -262144
-327680 393216
-327680 131072
0 -327680
-262144 -196608
-131072 262144
0 -327680
65536 -589824
131072 262144
-262144 196608
-131072 -262144
0 327680
65536 458752
-262144 -327680
-65536 -327680
131072 0
-327680 -65536
-196608 -458752
0 -393216
-131072 131072
131072 327680
327680 -524288
-196608 196608
-524288 655360
-458752 0
65536 -131072
131072 -393216
-524288 -655360
-524288 -262144
589824 327680
262144 0
-655360 196608
131072 720896
458752 131072
-327680 -327680
-327680 -262144
-131072 -327680
-327680 -327680
262144 -262144
196608 -393216
-458752 131072
65536 327680
327680 131072
-327680 262144
131072 0
131072 -327680
-720896 -393216
-458752 -393216
-262144 0
0 262144
65536 -131072
196608 0
-393216 327680
131072 -196608
589824 -262144
-393216 196608
-262144 -327680
0 -196608
-720896 131072
-655360 131072
196608 65536
327680 65536
65536 -327680
-65536 -262144
-131072 786432
0 0
-65536 0
327680 589824
-131072 -65536
131072 -786432
0 -589824
-262144 -524288
-327680 -917504
-1048576 -65536
1048576 1507328
589824 -131072
-917504 -655360
655360 65536
-1376256 0
-983040 524288
589824 -196608
262144 -393216
196608 -589824
655360 131072
-524288 983040
786432 -131072
-1703936 327680
-524288 393216
1310720 -1179648
-1835008 1114112
2424832 -2228224
720896 589824
-1507328 393216
-196608 -1441792
-1114112 2097152
393216 -1245184
-131072 1114112
1376256 -196608
-720896 -1572864
-1179648 1245184
458752 -1966080
327680 2097152
-720896 -720896
-589824 -1114112
1507328 -524288
-917504 2228224
-917504 1048576
-65536 -2686976
3866624 0
-2228224 327680
-262144 -2228224
-1703936 -1507328
3735552 262144
-3735552 11927552
524288 -4784128
-9240576 4521984
458752 1114112
10092544 -2359296
1441792 1507328
-4456448 -4456448
-2031616 4587520
-524288 -2359296
3014656 -196608
655360 -1441792
1048576 0
-1703936 589824
-1376256 983040
983040 458752
-458752 -65536
1048576 -1245184
-524288 -1572864
393216 720896
-655360 196608
-1048576 851968
0 -393216
-720896 65536
-131072 -1048576
720896 -393216
524288 1638400
-1310720 -1179648
-393216 983040
-458752 393216
-196608 -131072
917504 -131072
1310720 -131072
655360 -589824
-851968 524288
-720896 -1310720
-1310720 458752
786432 983040
720896 -983040
786432 327680
851968 -1507328
-1376256 65536
-327680 -327680
-1048576 589824
-393216 1114112
851968 -1376256
-131072 196608
-655360 327680
196608 -786432
-65536 131072
-327680 589824
-917504 131072
-196608 0
524288 -196608
-196608 -262144
-131072 65536
65536 196608
-589824 720896
720896 -196608
393216 -1179648
-458752 -262144
0 -131072
-262144 -196608
131072 720896
327680 131072
-655360 -655360
0 -131072
65536 -262144
-917504 65536
-131072 327680
327680 -524288
-262144 -196608
-65536 0
65536 -393216
-131072 393216
-327680 786432
131072 -327680
-196608 -458752
-458752 0
-131072 -196608
-65536 -131072
458752 327680
65536 -65536
-655360 -327680
-65536 262144
65536 262144
-196608 -262144
196608 -131072
131072 -262144
-327680 -65536
-131072 -262144
-131072 0
-65536 262144
-131072 -131072
0 -262144
0 131072
-262144 -131072
-393216 -196608
0 327680
131072 327680
-65536 -524288
-327680 -196608
0 262144
131072 -65536
-327680 -262144
196608 0
0 196608
-589824 -131072
-131072 -327680
327680 65536
-65536 -65536
-393216 -196608
196608 65536
-65536 131072
-458752 -65536
-327680 -196608
0 65536
65536 131072
-65536 -262144
-65536 -196608
131072 196608
-196608 -65536
-196608 -196608
65536 -131072
-131072 -131072
-393216 0
-131072 0
196608 -65536
-65536 -131072
-196608 -65536
-131072 -131072
-65536 -65536
65536 0
-196608 -196608
-393216 -262144
0 0
0 196608
-65536 131072
65536 -196608
-131072 0
-131072 327680
-131072 -196608
0 -589824
-65536 0
-131072 0
0 -327680
0 196608
-196608 393216
0 0
-131072 -196608
-65536 131072
-131072 -196608
-196608 -589824
0 -131072
-393216 393216
-196608 -65536
131072 -196608
131072 262144
-65536 131072
262144 -524288
262144 -327680
-393216 196608
-458752 -196608
-262144 -262144
-458752 196608
-131072 65536
327680 -589824
-65536 393216
196608 262144
262144 -524288
-131072 327680
-524288 -131072
-458752 -524288
-786432 327680
-65536 458752
458752 -458752
-65536 131072
262144 393216
393216 -589824
-458752 -524288
-262144 458752
196608 -196608
-393216 65536
-131072 262144
131072 -393216
-458752 -196608
-262144 131072
196608 0
-131072 -131072
327680 -262144
262144 -196608
-917504 -196608
-393216 -65536
196608 524288
-196608 262144
-65536 -589824
262144 -196608
-458752 131072
-65536 -327680
720896 -262144
-524288 327680
-393216 -524288
393216 -458752
-327680 327680
-720896 393216
393216 196608
-196608 393216
-851968 -327680
65536 -524288
393216 524288
0 65536
327680 -393216
720896 65536
-393216 131072
-196608 -393216
0 -589824
-458752 0
-262144 -131072
-720896 -196608
851968 -65536
65536 -589824
-851968 -131072
786432 262144
-786432 655360
-65536 327680
327680 -1048576
-917504 -131072
-524288 -131072
786432 -458752
65536 851968
1114112 524288
-1245184 65536
-262144 -393216
0 -524288
-1638400 1572864
1310720 -3080192
196608 1572864
720896 65536
-589824 -655360
-917504 1900544
-262144 -851968
-458752 917504
524288 -2686976
131072 -65536
-65536 720896
-65536 -983040
327680 2818048
-1048576 -1048576
131072 -1638400
983040 -2490368
327680 2359296
-1441792 589824
65536 -720896
2883584 458752
393216 1703936
-4718592 -786432
-3407872 -4063232
12189696 5570560
-2359296 196608
-6094848 6946816
6946816 -3735552
5505024 -3801088
-2293760 -2162688
-1114112 2949120
-2752512 2818048
1966080 -327680
1310720 -196608
524288 -3145728
-655360 720896
-2097152 -196608
524288 1638400
524288 327680
1966080 -393216
-196608 -1048576
-1703936 786432
-458752 -393216
-851968 -196608
1114112 -917504
262144 -655360
-196608 983040
-262144 -589824
-786432 1376256
-720896 -720896
-327680 458752
196608 -786432
65536 -327680
589824 1245184
131072 589824
-196608 -1245184
-655360 655360
327680 -983040
-1048576 -393216
1572864 917504
720896 0
393216 917504
1114112 -1638400
-2359296 -786432
-1179648 0
-393216 -196608
458752 851968
1507328 -524288
131072 65536
-196608 -589824
-524288 -196608
-1310720 786432
-196608 196608
-65536 -655360
-65536 -393216
-131072 -196608
0 655360
589824 393216
-65536 -589824
-524288 0
524288 393216
-196608 -393216
-131072 65536
393216 -327680
-458752 -65536
-458752 458752
589824 -131072
131072 -524288
65536 0
0 -655360
-655360 -131072
-262144 262144
131072 -262144
-458752 262144
0 393216
262144 -524288
-262144 -196608
-393216 -196608
131072 -458752
0 0
0 327680
-131072 -131072
-131072 -131072
65536 196608
-196608 131072
-262144 -262144
65536 196608
-458752 131072
-262144 -262144
458752 -262144
0 -196608
-327680 -65536
327680 -196608
65536 196608
-131072 458752
-65536 -524288
-196608 -196608
-262144 262144
-327680 -327680
-262144 -458752
131072 262144
0 65536
131072 -196608
65536 131072
-65536 131072
-458752 -327680
-524288 0
262144 131072
-65536 -196608
-393216 -196608
393216 65536
327680 131072
-262144 -262144
-393216 -131072
65536 -65536
-393216 -131072
-393216 0
0 -131072
131072 65536
0 196608
-131072 0
0 0
131072 0
-458752 -262144
-131072 -196608
131072 -65536
-131072 -65536
-131072 -65536
0 0
0 131072
-131072 0
0 -196608
0 -327680
-196608 -196608
-131072 -131072
-131072 0
-131072 0
-327680 0
-196608 196608
262144 -65536
0 -458752
-196608 65536
131072 -196608
-196608 -196608
-393216 327680
-65536 0
-65536 -589824
-131072 -65536
-131072 131072
196608 -262144
196608 -131072
-393216 196608
-262144 0
-262144 -262144
-196608 131072
-131072 0
-65536 -327680
327680 -196608
-131072 131072
-131072 0
-131072 -196608
-65536 262144
0 327680
-65536 -458752
-65536 -720896
-131072 65536
-131072 196608
262144 -393216
65536 -196608
-589824 458752
-196608 -393216
393216 65536
0 458752
-524288 -589824
65536 -131072
0 131072
-720896 -589824
-589824 -262144
327680 786432
262144 196608
-131072 -196608
196608 196608
-65536 0
-262144 -327680
0 -65536
65536 -524288
-393216 -262144
65536 262144
196608 -131072
-393216 -65536
-131072 393216
458752 65536
-196608 -524288
-524288 -786432
0 -131072
-393216 327680
-393216 -196608
262144 65536
65536 393216
65536 -524288
131072 -262144
-524288 393216
-196608 -131072
524288 -327680
-131072 131072
-393216 -458752
-65536 -131072
-393216 458752
-589824 131072
-196608 -589824
-196608 524288
-65536 458752
393216 -327680
524288 458752
65536 131072
-262144 -786432
-262144 -327680
-65536 393216
393216 -196608
65536 -524288
-524288 196608
131072 -720896
-589824 -786432
0 131072
-458752 -196608
0 393216
1376256 458752
-262144 458752
-655360 -327680
-983040 -851968
-524288 196608
262144 524288
196608 -1048576
589824 524288
1245184 -131072
-2031616 917504
-65536 196608
-524288 65536
-917504 589824
1572864 -3014656
393216 1310720
262144 -1310720
-1769472 786432
65536 786432
-655360 -458752
-393216 1245184
1572864 -2359296
1179648 393216
-131072 -1376256
-720896 1048576
-196608 1048576
-1769472 131072
-655360 -1048576
1245184 -1966080
1376256 1835008
-2555904 1507328
1900544 0
2686976 -3276800
-655360 1703936
-6291456 -327680
6488064 -1245184
1966080 5701632
-655360 -1835008
2424832 -65536
-3866624 1245184
-65536 -3670016
786432 1835008
2555904 917504
1441792 1966080
0 -2228224
-262144 -524288
-1703936 393216
-1507328 196608
1114112 327680
1310720 -1114112
1310720 -983040
-1572864 720896
655360 524288
-851968 0
-720896 0
458752 -1703936
-524288 65536
786432 -720896
-851968 1966080
-589824 -589824
-851968 -65536
131072 524288
-393216 -262144
1048576 -589824
589824 720896
131072 196608
-1507328 589824
458752 -262144
-589824 -196608
786432 524288
262144 -1245184
720896 524288
851968 -458752
-1376256 -196608
-131072 0
-65536 -327680
-655360 983040
1441792 -327680
196608 -458752
-458752 -589824
-1310720 -524288
-655360 458752
393216 1048576
262144 -720896
-196608 -917504
393216 262144
-524288 983040
-458752 458752
262144 196608
131072 -65536
-655360 -196608
-262144 -589824
327680 589824
983040 -196608
196608 -327680
196608 196608
-131072 -65536
-655360 -131072
-65536 524288
393216 -720896
-589824 -196608
65536 -262144
-65536 -393216
-589824 458752
262144 589824
458752 -196608
-131072 131072
-196608 -524288
-458752 -131072
-458752 327680
-65536 262144
458752 -458752
327680 65536
-131072 262144
-393216 -65536
-131072 -196608
-131072 393216
-262144 -393216
0 -327680
327680 131072
-196608 196608
-65536 65536
196608 65536
-262144 196608
0 0
65536 -851968
-131072 0
-131072 65536
-262144 -262144
65536 -65536
327680 524288
-262144 0
-196608 -131072
131072 196608
131072 -65536
-327680 -720896
-196608 -196608
196608 196608
-327680 262144
-327680 0
524288 65536
196608 65536
-327680 -196608
0 -196608
262144 -65536
-589824 65536
-327680 -65536
262144 -131072
0 262144
-196608 131072
65536 -65536
262144 196608
-131072 65536
-262144 -327680
196608 -65536
-262144 -65536
-262144 -131072
262144 65536
65536 -131072
-196608 -131072
0 65536
65536 0
-65536 -131072
-131072 0
65536 0
-131072 0
-196608 -196608
65536 -131072
-65536 131072
-131072 0
-65536 -65536
196608 131072
-131072 -262144
-327680 65536
131072 131072
196608 -262144
65536 65536
-262144 131072
-262144 -458752
0 0
-196608 262144
-65536 -65536
458752 -458752
65536 65536
-131072 393216
-65536 -131072
0 -196608
-393216 262144
-458752 0
327680 -458752
-65536 0
-65536 196608
131072 -196608
327680 0
131072 131072
-131072 -196608
-327680 -327680
-131072 131072
-65536 458752
-196608 -131072
-262144 -786432
0 327680
0 262144
196608 -458752
655360 -131072
-65536 196608
-524288 0
-131072 -131072
-524288 327680
-1114112 327680
65536 -65536
851968 -131072
65536 -196608
327680 -131072
589824 -131072
-327680 -131072
-458752 196608
-65536 65536
-524288 0
-196608 196608
393216 -65536
65536 -262144
65536 -65536
262144 -589824
-393216 -589824
-524288 262144
196608 262144
-65536 131072
-196608 0
262144 262144
-65536 131072
-262144 -589824
131072 -131072
-524288 196608
-65536 -524288
786432 -65536
-327680 393216
-393216 -327680
262144 0
-196608 131072
-458752 0
-262144 -262144
-524288 720896
196608 720896
458752 -720896
196608 -393216
0 -393216
131072 -393216
589824 262144
-196608 393216
-196608 -262144
-65536 -327680
-262144 524288
-327680 -327680
-393216 -917504
524288 -65536
-589824 65536
196608 458752
1245184 -458752
-524288 327680
-458752 589824
-1114112 -262144
-655360 196608
655360 393216
262144 -1310720
0 458752
786432 -131072
-1048576 1114112
786432 -1048576
-917504 458752
131072 0
-262144 -2555904
524288 2359296
393216 -1507328
-393216 1638400
65536 -393216
-917504 1048576
-327680 65536
-65536 -2818048
327680 131072
524288 -327680
589824 1638400
-393216 1310720
-196608 1441792
-851968 -2752512
851968 -2490368
1245184 851968
0 1835008
-917504 -327680
917504 -786432
-1245184 1572864
-2031616 -6356992
983040 655360
5439488 -2818048
1441792 6750208
-2555904 917504
-2162688 -2031616
-327680 -720896
5177344 -786432
983040 131072
-1507328 65536
-2359296 589824
458752 -1245184
2424832 2097152
786432 -786432
458752 -1048576
-2162688 -196608
-1114112 655360
196608 -327680
0 -524288
2228224 -1048576
-1507328 655360
-262144 -655360
-1507328 720896
-327680 65536
-393216 -262144
983040 327680
196608 -458752
65536 327680
-1048576 917504
196608 -1114112
-655360 -196608
983040 589824
-458752 -589824
1245184 1179648
720896 -393216
-1114112 589824
262144 -524288
-786432 -458752
327680 131072
524288 -786432
-1048576 262144
720896 196608
-65536 -327680
196608 -196608
0 -327680
-851968 -262144
-983040 720896
327680 196608
1048576 -262144
196608 -720896
-2031616 -65536
-524288 786432
655360 327680
-196608 196608
458752 0
655360 -1310720
-327680 786432
458752 458752
-458752 131072
-327680 -196608
196608 -589824
131072 -458752
-196608 65536
65536 -458752
-262144 655360
262144 0
-65536 -458752
-196608 65536
-393216 262144
-262144 65536
-65536 458752
262144 -393216
0 -589824
-196608 -393216
-65536 327680
262144 131072
-65536 393216
0 -65536
-131072 -196608
-65536 65536
-65536 196608
-262144 -655360
-65536 0
-65536 131072
-393216 65536
327680 0
393216 0
-196608 196608
-65536 131072
196608 -458752
65536 131072
-262144 -327680
-458752 -393216
196608 262144
0 589824
-327680 -327680
131072 -65536
131072 393216
-131072 -327680
-196608 -655360
65536 196608
-65536 131072
-589824 -65536
131072 65536
589824 458752
-327680 -65536
-262144 -393216
393216 0
-65536 -65536
-655360 -327680
131072 -196608
131072 131072
-327680 458752
0 65536
0 0
-65536 131072
0 -327680
131072 -196608
65536 -65536
-393216 -196608
-65536 196608
65536 393216
-65536 -196608
131072 -131072
-196608 65536
-196608 -196608
196608 -196608
0 -65536
-131072 -65536
-196608 0
0 65536
131072 131072
-131072 -65536
-131072 -262144
-65536 65536
-65536 65536
-262144 -262144
-131072 131072
65536 -196608
-65536 -131072
0 327680
262144 -196608
65536 -458752
-393216 524288
-458752 131072
65536 -327680
131072 0
-262144 131072
131072 -524288
131072 -393216
65536 524288
-262144 65536
-327680 -262144
0 393216
-65536 262144
65536 -393216
0 -131072
65536 131072
-262144 -262144
0 -262144
65536 -65536
-131072 65536
0 -131072
262144 -262144
131072 65536
65536 458752
-458752 -458752
-589824 -131072
0 458752
65536 65536
131072 -720896
262144 -458752
-65536 327680
-393216 65536
196608 131072
-262144 393216
-655360 327680
327680 65536
327680 -196608
-131072 -327680
0 -262144
0 -131072
131072 131072
262144 -262144
-327680 -65536
-393216 589824
196608 262144
65536 -393216
-131072 0
-65536 -131072
-524288 -655360
-196608 -327680
327680 131072
-196608 196608
-131072 65536
458752 262144
0 262144
-393216 -524288
589824 -131072
-196608 524288
-589824 -589824
458752 -262144
-327680 720896
-131072 -327680
589824 -655360
-327680 262144
-327680 131072
-262144 -262144
-458752 983040
196608 524288
393216 -983040
0 196608
131072 393216
-65536 -786432
131072 -720896
-393216 196608
-131072 65536
0 0
720896 720896
393216 -393216
-1179648 -1048576
-720896 -65536
-589824 131072
458752 393216
917504 65536
65536 262144
65536 65536
-1245184 -720896
-393216 589824
196608 393216
-196608 -1048576
851968 524288
851968 -65536
-524288 851968
65536 -1048576
-1572864 1441792
65536 -655360
-655360 -1835008
1835008 786432
-786432 -1900544
196608 1900544
-131072 -65536
-720896 2097152
-1245184 65536
0 -1048576
2359296 -1507328
458752 -1441792
65536 1441792
-327680 983040
-393216 1769472
-1638400 -2359296
1966080 -1638400
196608 -655360
2031616 3866624
786432 262144
-458752 1900544
-10551296 -10682368
-5308416 -6029312
7536640 -1835008
-524288 -2031616
1507328 -2359296
-1245184 4784128
1507328 1769472
0 -851968
0 -1703936
-589824 2162688
-458752 -851968
262144 -327680
1900544 -65536
851968 -1179648
-720896 262144
-2359296 -65536
655360 262144
-1179648 1114112
2293760 -983040
-524288 -720896
393216 -589824
-1310720 -196608
-1179648 262144
-196608 -262144
393216 720896
196608 -524288
458752 -524288
-589824 524288
-196608 262144
-1179648 196608
524288 589824
-196608 -458752
655360 1048576
1245184 -1441792
-786432 131072
524288 65536
-1441792 -65536
0 917504
1114112 -131072
0 -524288
983040 -655360
-786432 -196608
-655360 524288
-196608 -131072
-524288 -393216
-65536 0
-196608 -655360
131072 -196608
458752 524288
-458752 131072
-458752 -393216
-131072 327680
-262144 720896
131072 -589824
0 -589824
-65536 851968
0 131072
65536 65536
917504 131072
196608 -393216
-655360 -458752
-262144 262144
196608 -131072
-393216 0
65536 0
327680 -131072
-327680 262144
-262144 -262144
-131072 -327680
-262144 458752
458752 -262144
65536 -524288
-196608 262144
-131072 131072
-131072 -131072
-65536 458752
131072 0
-262144 -458752
-196608 -131072
-196608 327680
65536 -327680
262144 -262144
-131072 0
-393216 65536
-131072 393216
0 458752
-65536 -131072
196608 -458752
131072 -327680
-196608 262144
0 -196608
-65536 -196608
0 458752
-131072 196608
-131072 -458752
65536 131072
-65536 0
-262144 -262144
65536 65536
262144 65536
-196608 -262144
-524288 -65536
131072 262144
196608 196608
-262144 -196608
65536 -65536
196608 0
-393216 -131072
-327680 -65536
393216 -131072
-65536 -131072
-262144 196608
0 -65536
-65536 65536
-65536 196608
-327680 -65536
0 -65536
196608 -65536
-131072 -262144
-65536 -65536
0 262144
196608 131072
196608 131072
-327680 -131072
-131072 -262144
-131072 -65536
-196608 0
196608 -196608
0 -131072
0 131072
65536 196608
-65536 0
65536 -196608
0 -65536
-262144 -262144
-393216 -65536
65536 65536
131072 -131072
-393216 262144
-65536 196608
262144 -131072
0 0
-131072 -65536
65536 -720896
-196608 196608
-196608 524288
0 -196608
-65536 -65536
-196608 327680
196608 -131072
65536 -655360
131072 65536
-65536 196608
-327680 -131072
-262144 0
-131072 262144
-131072 -65536
-65536 -65536
524288 0
262144 -65536
-196608 -196608
0 -196608
-131072 196608
-327680 0
-131072 -393216
-65536 131072
65536 393216
65536 -589824
-65536 262144
196608 262144
196608 -393216
-131072 -196608
-589824 -196608
-393216 -65536
-262144 393216
196608 327680
-131072 -131072
-131072 65536
589824 196608
196608 -589824
-262144 -262144
327680 524288
131072 -131072
-262144 -131072
-327680 -65536
-589824 -65536
65536 327680
589824 65536
196608 -524288
131072 -327680
262144 -131072
-655360 -393216
-851968 131072
0 589824
131072 262144
65536 -65536
262144 -262144
131072 65536
-262144 -131072
327680 -262144
-393216 65536
-786432 -196608
458752 -65536
262144 786432
-393216 -65536
196608 -393216
-393216 0
-786432 65536
-196608 -327680
262144 524288
327680 393216
65536 -524288
327680 262144
327680 -196608
-327680 -720896
-327680 -65536
-327680 524288
65536 262144
262144 -262144
393216 -196608
0 -917504
-983040 -262144
-196608 655360
-393216 589824
786432 131072
720896 -917504
-196608 -327680
-458752 786432
-1310720 -131072
-65536 786432
131072 327680
-524288 -655360
1245184 -720896
0 -1048576
458752 1310720
-131072 -655360
-524288 1769472
-327680 -917504
-1245184 -589824
786432 -655360
-1114112 -851968
1638400 1048576
-65536 -393216
1376256 1900544
-917504 196608
-786432 -720896
-458752 -2293760
131072 65536
720896 1376256
1310720 1638400
-65536 1245184
-1179648 -1507328
-786432 -2555904
-393216 -1179648
4390912 0
3145728 2424832
-10747904 524288
786432 -11141120
-4980736 3538944
-6946816 -4325376
2818048 -786432
6619136 2424832
1572864 1769472
-3604480 393216
-1507328 -1179648
655360 -851968
1835008 65536
786432 1703936
-1179648 -1179648
524288 262144
-2359296 -65536
655360 -65536
-131072 65536
2686976 -393216
-65536 262144
-786432 -720896
-589824 -1179648
-1376256 65536
0 131072
524288 458752
393216 655360
0 -196608
-1441792 -458752
-327680 -393216
-327680 -262144
196608 1376256
393216 -393216
327680 1114112
983040 -458752
-1966080 -196608
655360 0
-262144 -458752
-131072 786432
1114112 131072
262144 -65536
524288 -262144
-720896 -1114112
-655360 -131072
-65536 851968
-196608 -393216
720896 -458752
65536 -65536
196608 131072
-196608 196608
-917504 -524288
-262144 65536
196608 65536
-983040 -327680
131072 65536
786432 327680
-262144 655360
-262144 131072
196608 131072
131072 393216
65536 -393216
196608 -262144
65536 65536
-589824 -393216
-262144 196608
786432 524288
262144 -262144
-65536 0
196608 -458752
-524288 -196608
-655360 327680
-65536 -262144
196608 0
131072 262144
65536 -393216
-262144 -65536
-196608 262144
0 65536
0 -262144
131072 65536
0 0
-196608 -327680
131072 196608
0 262144
-262144 -393216
-65536 131072
0 65536
-131072 65536
196608 -65536
-131072 -262144
-131072 131072
131072 -131072
-131072 -65536
196608 262144
-65536 65536
-262144 -131072
131072 0
-196608 -131072
-327680 -393216
0 -65536
196608 327680
0 131072
-65536 -196608
393216 0
-327680 65536
-720896 -196608
262144 -131072
65536 65536
-458752 -65536
131072 0
720896 0
-131072 0
-458752 0
-65536 -196608
-131072 0
-262144 -131072
-131072 -262144
262144 196608
0 327680
-196608 -65536
196608 0
-131072 65536
-327680 -327680
65536 -131072
65536 -65536
131072 -196608
-196608 196608
-131072 196608
65536 0
-131072 -65536
65536 -131072
-131072 -131072
0 -131072
196608 -65536
-262144 131072
-327680 -65536
-65536 -65536
0 0
-131072 65536
131072 -131072
65536 -327680
-262144 196608
-65536 196608
131072 -393216
-131072 -131072
-131072 131072
131072 -393216
0 65536
-65536 393216
65536 -196608
-131072 65536
-327680 196608
65536 -262144
-196608 -589824
131072 131072
131072 262144
-131072 65536
0 131072
-65536 393216
0 65536
-131072 -65536
65536 -458752
131072 -458752
-196608 -131072
-262144 -196608
327680 262144
196608 524288
-131072 -589824
65536 -131072
0 983040
-524288 -524288
131072 -524288
65536 327680
-786432 -393216
65536 -458752
589824 196608
-262144 131072
-393216 65536
786432 589824
-131072 262144
-1114112 -393216
65536 0
65536 131072
-131072 -262144
786432 -196608
196608 -524288
-393216 65536
196608 458752
-262144 262144
-393216 262144
262144 0
131072 -458752
-196608 -524288
-196608 -131072
-458752 -131072
0 196608
327680 262144
0 -131072
65536 -131072
-65536 262144
-327680 393216
0 131072
524288 -262144
-393216 -131072
-786432 -327680
327680 -131072
-131072 524288
-327680 -393216
327680 -589824
-131072 262144
-131072 458752
65536 131072
-327680 720896
131072 196608
0 -851968
262144 -131072
131072 -262144
0 -524288
0 0
-196608 589824
131072 -131072
196608 -589824
0 196608
-65536 0
-786432 524288
131072 65536
-262144 -393216
0 -524288
-393216 -851968
196608 524288
851968 1048576
-327680 -196608
0 786432
-851968 -458752
-786432 -131072
524288 -393216
-131072 -458752
1900544 196608
-327680 -917504
655360 1835008
-1376256 -786432
-1310720 589824
262144 -851968
-131072 -655360
1703936 -327680
-327680 65536
786432 2031616
-2031616 262144
-458752 196608
-786432 -2555904
2490368 -589824
655360 -720896
1179648 2490368
-1048576 655360
-327680 917504
-3473408 -196608
-327680 -2162688
4063232 -6160384
1638400 6225920
4259840 -19333120
-6356992 6619136
2293760 3080192
1048576 1376256
2162688 -3670016
-393216 -1179648
-655360 327680
-2097152 3211264
0 -1572864
2555904 1572864
0 -1572864
1441792 262144
-2424832 -589824
196608 0
-131072 1572864
851968 -524288
393216 -1048576
-589824 -524288
-393216 0
-1376256 -262144
786432 65536
720896 131072
-524288 -262144
327680 -393216
-655360 -262144
-917504 196608
-1048576 -655360
65536 1441792
1048576 -262144
-458752 589824
1048576 -393216
-917504 -262144
196608 917504
-458752 -655360
-393216 524288
1179648 -131072
-327680 -65536
786432 0
-65536 -458752
-589824 131072
-393216 131072
0 -589824
983040 786432
196608 -655360
-589824 -1048576
-524288 720896
-524288 327680
-65536 -393216
131072 -327680
-458752 -458752
196608 0
0 327680
-524288 917504
-65536 -327680
0 -262144
65536 327680
0 -65536
0 131072
655360 196608
196608 -589824
-131072 196608
196608 196608
-196608 -131072
-196608 327680
327680 -262144
-327680 -524288
-393216 0
65536 -262144
65536 327680
-65536 327680
131072 -262144
0 -327680
-196608 0
-393216 -131072
-196608 -65536
196608 393216
-65536 0
0 -524288
262144 196608
-65536 196608
-65536 -196608
-65536 131072
-262144 -65536
-131072 -131072
262144 -196608
-65536 0
0 524288
-65536 -65536
-131072 65536
131072 262144
-131072 -393216
-196608 -589824
196608 131072
-65536 -65536
-131072 -262144
65536 327680
0 393216
-196608 -131072
0 -65536
327680 0
-327680 -327680
-196608 -458752
327680 131072
-262144 196608
-262144 -65536
262144 196608
262144 131072
-393216 -131072
65536 -131072
65536 -262144
-262144 0
-131072 -65536
-65536 -65536
-65536 0
-262144 65536
0 131072
327680 196608
-65536 -196608
-131072 -131072
0 196608
-65536 -196608
-131072 -196608
-65536 131072
131072 -65536
65536 0
-196608 196608
65536 131072
-65536 -131072
-65536 -131072
-196608 -65536
-65536 -65536
65536 -131072
-196608 0
-65536 65536
131072 65536
131072 -65536
-262144 -131072
-262144 0
-131072 0
-131072 131072
65536 131072
131072 -327680
0 -196608
-196608 196608
0 -327680
131072 -65536
-327680 262144
-131072 0
196608 -65536
-262144 196608
-65536 131072
-196608 -458752
0 -393216
131072 65536
-262144 131072
0 -262144
0 327680
131072 393216
65536 0
0 -327680
131072 -196608
-131072 0
-524288 -196608
65536 -196608
196608 196608
-655360 -458752
-196608 -393216
983040 1114112
65536 262144
-196608 -786432
327680 -131072
-720896 262144
-983040 -262144
0 -655360
-131072 131072
-589824 524288
1048576 -65536
917504 -131072
-720896 393216
-65536 327680
327680 -65536
-524288 -196608
-262144 -196608
-131072 -327680
-327680 196608
458752 131072
393216 -262144
-131072 65536
131072 131072
196608 -458752
-327680 -196608
-131072 524288
-458752 131072
-196608 -524288
131072 65536
-458752 327680
-65536 -196608
589824 -65536
131072 262144
65536 0
589824 -262144
-524288 131072
-1245184 65536
196608 -131072
0 327680
-458752 -262144
131072 -393216
0 327680
-131072 327680
327680 -327680
131072 262144
131072 262144
-131072 -131072
393216 393216
-131072 -131072
-524288 -458752
-131072 -327680
-65536 0
327680 -65536
0 -262144
0 196608
262144 -131072
-393216 720896
-131072 -262144
-851968 -720896
-458752 589824
-65536 -262144
917504 65536
196608 -327680
-458752 -655360
131072 851968
-1638400 458752
393216 917504
524288 -851968
196608 -917504
1245184 -393216
-1245184 -589824
524288 1441792
-1966080 393216
458752 786432
-327680 -2031616
262144 -524288
524288 -262144
393216 720896
1572864 851968
-1638400 1507328
-131072 -393216
-1900544 -2031616
655360 -1638400
720896 786432
1966080 1441792
-393216 1310720
3080192 1179648
-4390912 786432
-3276800 -5636096
2162688 1572864
-1179648 -14352384
-655360 -4849664
7667712 1572864
-65536 3342336
-4390912 2031616
-786432 -3997696
983040 1376256
1114112 524288
2555904 2359296
-1310720 -1114112
-196608 -655360
-1769472 -917504
-327680 -655360
589824 1376256
1179648 458752
458752 262144
-1441792 -196608
-65536 -983040
0 -196608
655360 131072
720896 -196608
-524288 -655360
196608 524288
-1507328 -1114112
-786432 65536
327680 0
131072 1245184
917504 -786432
-917504 131072
851968 393216
-1441792 -786432
-720896 589824
1179648 -65536
-262144 589824
1114112 -131072
-262144 -65536
262144 720896
-262144 -262144
0 -262144
-131072 -393216
-131072 -589824
131072 262144
393216 0
0 -262144
-196608 327680
-589824 -524288
65536 0
327680 196608
-65536 -524288
-327680 -851968
-524288 65536
-983040 1048576
589824 65536
589824 -393216
-196608 0
-393216 65536
262144 262144
131072 458752
196608 -196608
-262144 -262144
0 -65536
-589824 65536
0 196608
655360 0
0 -262144
0 -131072
327680 -458752
-524288 196608
-196608 262144
-65536 -65536
131072 65536
0 -196608
-262144 -786432
-196608 -65536
131072 458752
-131072 65536
393216 -131072
-65536 393216
-589824 -65536
-262144 -196608
262144 65536
131072 -262144
-65536 -262144
0 -65536
-131072 196608
-196608 262144
-65536 -262144
0 262144
393216 65536
-131072 -393216
-65536 -196608
65536 131072
-393216 -262144
-262144 65536
262144 196608
-65536 -65536
-327680 -65536
65536 65536
524288 -65536
-262144 -262144
-131072 -262144
131072 0
-327680 0
-327680 0
262144 131072
131072 131072
-262144 131072
131072 -131072
65536 -458752
-262144 0
-65536 -65536
0 -131072
65536 65536
-327680 262144
-262144 0
131072 65536
-131072 0
65536 -65536
196608 -131072
-65536 -196608
-262144 196608
0 131072
131072 -65536
-327680 -65536
-196608 -65536
327680 0
-131072 -131072
-65536 -65536
65536 65536
-65536 0
-327680 -65536
0 -65536
131072 -196608
-327680 0
-196608 65536
131072 131072
131072 -65536
-327680 -196608
0 65536
262144 0
-65536 65536
0 65536
-196608 -196608
-262144 -327680
-131072 327680
-131072 -65536
196608 -327680
196608 0
-131072 196608
65536 -196608
-393216 -262144
-131072 196608
-327680 131072
-327680 -262144
327680 0
196608 393216
-196608 -196608
65536 -262144
327680 327680
-262144 65536
-327680 -524288
196608 -131072
65536 458752
-327680 0
0 -327680
131072 458752
-262144 196608
-196608 -655360
458752 196608
131072 -131072
-65536 -589824
0 -262144
-589824 65536
-393216 327680
-65536 196608
-65536 0
0 131072
393216 -65536
0 -327680
-393216 -65536
131072 131072
-65536 -131072
-262144 196608
327680 393216
196608 -327680
-131072 0
131072 327680
0 -458752
-196608 -524288
-131072 65536
0 -131072
-131072 -327680
262144 65536
-65536 327680
-262144 65536
131072 -65536
0 196608
-196608 -65536
196608 -458752
-196608 65536
-196608 65536
262144 -262144
-327680 65536
-196608 0
458752 -458752
-458752 65536
-720896 327680
131072 -131072
-131072 0
196608 393216
327680 -327680
-65536 131072
-131072 458752
131072 -65536
458752 -458752
-262144 -655360
-196608 65536
458752 196608
-131072 196608
131072 -196608
-262144 -458752
-524288 262144
327680 -327680
131072 458752
-65536 -262144
-524288 -393216
-131072 458752
-655360 -851968
589824 196608
-131072 -65536
-327680 327680
262144 393216
-1048576 196608
1114112 262144
-786432 -917504
65536 -393216
327680 -327680
-393216 -262144
1507328 720896
-1114112 589824
458752 131072
-2031616 -589824
917504 -458752
655360 -655360
65536 720896
1179648 -458752
0 1835008
-1245184 -458752
-2097152 262144
983040 -2490368
917504 1769472
196608 786432
786432 -983040
1179648 -1638400
-3145728 1572864
1572864 1507328
3866624 -6881280
-2686976 -4325376
-1703936 -2162688
3145728 3801088
851968 720896
-458752 851968
-2424832 -327680
3145728 -786432
-458752 65536
-327680 -1769472
-655360 1966080
-917504 -327680
851968 1507328
786432 -131072
655360 -1572864
-1114112 -131072
-393216 -393216
-131072 720896
524288 -131072
1638400 589824
-917504 -1245184
-131072 0
-786432 -1048576
-720896 786432
393216 -196608
-65536 196608
1179648 -327680
-1376256 -917504
0 196608
-851968 0
-655360 1376256
1376256 196608
-720896 131072
1310720 -196608
-262144 -1114112
-655360 1048576
0 65536
131072 393216
393216 -65536
524288 -1048576
-458752 327680
-196608 458752
196608 -131072
589824 720896
-327680 -1114112
-655360 -1114112
-131072 -131072
-65536 65536
393216 0
393216 262144
-1179648 393216
-327680 -458752
-65536 0
393216 786432
-262144 -851968
-524288 -262144
65536 983040
262144 131072
-589824 -131072
786432 0
-131072 -196608
131072 327680
196608 65536
-327680 -327680
-65536 -196608
196608 -65536
-262144 131072
393216 -262144
-262144 -196608
-65536 196608
0 -131072
262144 -327680
-131072 -196608
-196608 65536
-458752 -65536
65536 0
-327680 393216
-131072 -196608
196608 -131072
327680 262144
-131072 -327680
65536 -524288
65536 -196608
-393216 393216
-196608 458752
262144 -65536
-65536 393216
0 -131072
-393216 -589824
262144 -65536
262144 0
-262144 -327680
-65536 196608
131072 393216
-393216 131072
-196608 -196608
262144 -131072
196608 0
-393216 -131072
393216 -327680
196608 0
-655360 0
-65536 -65536
524288 131072
-262144 65536
-458752 -65536
458752 -131072
0 -131072
-262144 65536
65536 -262144
0 -196608
-262144 196608
-327680 262144
131072 -65536
-65536 65536
-196608 -65536
196608 -131072
65536 -131072
-196608 -196608
0 0
65536 196608
-131072 262144
0 0
196608 -131072
-196608 -131072
-327680 -196608
393216 -131072
0 0
-262144 -65536
-131072 65536
131072 393216
-65536 -65536
-196608 -327680
0 -131072
0 0
-196608 -131072
-131072 0
131072 65536
-131072 -65536
-327680 262144
196608 0
65536 -262144
0 -65536
-131072 196608
-196608 -393216
-65536 65536
65536 327680
-131072 -262144
-65536 -393216
0 262144
262144 196608
-458752 -196608
-131072 131072
196608 327680
-262144 -327680
-131072 -589824
327680 131072
-196608 65536
-131072 -65536
655360 196608
-65536 458752
-655360 0
196608 -393216
262144 65536
-589824 -262144
-196608 -655360
196608 458752
-65536 327680
0 -851968
589824 720896
-196608 524288
65536 -1114112
327680 -524288
-1245184 327680
-786432 -131072
524288 -131072
0 262144
-524288 -131072
786432 0
655360 524288
-458752 0
0 0
0 262144
-524288 -131072
-65536 -196608
-196608 -393216
-65536 65536
917504 327680
589824 -196608
-196608 -196608
-262144 0
-131072 -196608
-458752 0
-393216 327680
0 -65536
262144 -196608
196608 -262144
-262144 131072
-196608 -131072
196608 -131072
-196608 65536
-262144 -196608
589824 -262144
-131072 196608
-458752 -196608
0 -589824
-851968 393216
-524288 327680
655360 -65536
262144 -131072
393216 65536
131072 -262144
0 262144
-131072 0
0 -262144
0 -65536
-524288 0
131072 327680
786432 -393216
-65536 -524288
-196608 -262144
-655360 131072
-65536 589824
524288 -131072
65536 393216
-393216 -1179648
-589824 -327680
-131072 393216
-655360 -65536
458752 458752
-131072 -458752
655360 0
-65536 -458752
-1048576 0
983040 851968
-1245184 65536
1376256 262144
-458752 -720896
196608 -786432
393216 -327680
-1179648 917504
720896 917504
-1703936 262144
1310720 -1769472
-262144 196608
393216 -327680
-65536 -196608
393216 786432
-786432 1048576
-786432 196608
196608 -2949120
1441792 2621440
-1703936 1376256
262144 -917504
-1048576 -3014656
5177344 -1966080
13107200 -8388608
1179648 3145728
-4259840 4128768
-983040 -3473408
4128768 -3211264
-786432 3801088
786432 851968
-2097152 983040
-1310720 -983040
458752 -393216
1048576 -1114112
2031616 1376256
-262144 1048576
-720896 -1048576
-655360 -65536
-786432 -1179648
-65536 1376256
327680 -458752
1507328 786432
196608 -1310720
-262144 -65536
-655360 -917504
-1376256 -262144
851968 393216
-393216 65536
851968 131072
-720896 -851968
-524288 720896
-458752 -196608
-851968 196608
1310720 65536
-655360 65536
1114112 131072
196608 -589824
-1114112 983040
-524288 -458752
-327680 589824
655360 655360
983040 -786432
393216 -262144
-196608 -131072
-524288 -65536
-393216 589824
131072 -720896
851968 -458752
0 0
-786432 65536
196608 393216
262144 -196608
-1048576 -589824
262144 -655360
131072 0
-589824 196608
-524288 -393216
327680 393216
-65536 720896
-393216 196608
458752 196608
786432 -65536
-851968 -393216
-196608 -327680
131072 -458752
-196608 131072
327680 458752
458752 131072
-393216 131072
-65536 -65536
-196608 -393216
-327680 -196608
0 0
262144 -262144
-196608 -196608
0 0
-393216 -196608
0 393216
0 393216
-65536 -327680
-65536 -65536
0 65536
0 -327680
262144 -65536
-131072 0
-393216 -65536
-196608 -131072
-131072 65536
131072 393216
327680 -393216
-131072 -327680
131072 262144
-327680 0
-327680 -262144
65536 262144
65536 131072
-262144 -131072
0 -131072
131072 -65536
-262144 -196608
-393216 -65536
458752 65536
0 65536
-196608 -65536
131072 -65536
-65536 196608
-458752 0
-65536 -196608
262144 -196608
-262144 -131072
0 65536
327680 -131072
-65536 65536
-196608 262144
-262144 -65536
-131072 -262144
-131072 0
-131072 -131072
65536 65536
-65536 65536
65536 0
65536 131072
-262144 -131072
-196608 0
131072 131072
196608 -65536
-131072 -262144
-131072 -131072
65536 131072
-196608 65536
0 -65536
0 65536
131072 65536
0 -65536
0 65536
-65536 -196608
-327680 -196608
-196608 65536
0 -65536
0 -262144
-131072 262144
0 131072
0 -196608
0 131072
196608 65536
-131072 -589824
-196608 -262144
-65536 524288
-327680 -131072
-196608 -131072
262144 327680
0 -131072
-65536 -393216
65536 -65536
262144 -65536
-589824 0
-262144 196608
131072 262144
-458752 0
-262144 -131072
458752 196608
131072 -131072
-65536 -458752
327680 -458752
-196608 131072
-524288 327680
196608 -131072
262144 262144
-327680 327680
-262144 -655360
262144 131072
-131072 720896
-458752 -1245184
589824 -458752
262144 524288
-589824 -589824
262144 -655360
-65536 983040
-917504 786432
-196608 -327680
393216 65536
-589824 0
-262144 -589824
720896 -65536
131072 131072
-65536 -65536
262144 -65536
-458752 262144
-262144 524288
131072 131072
65536 -131072
327680 -327680
196608 -851968
-262144 -524288
-327680 196608
-327680 -131072
-65536 65536
327680 720896
65536 0
-196608 -458752
-196608 -65536
-262144 393216
-196608 65536
196608 -720896
-196608 0
-458752 131072
458752 -327680
0 196608
-393216 -262144
196608 -589824
-458752 589824
-327680 720896
458752 65536
-262144 -196608
-262144 0
262144 -458752
327680 65536
0 0
-131072 131072
0 196608
-262144 0
655360 -196608
196608 -720896
-983040 -65536
-65536 393216
-458752 458752
131072 65536
524288 -786432
65536 196608
-393216 -1114112
-655360 524288
-262144 524288
-131072 65536
589824 0
-917504 -262144
851968 65536
-851968 -196608
0 720896
720896 720896
-720896 -655360
1245184 -917504
-1376256 -458752
327680 -851968
-458752 655360
524288 1179648
851968 1245184
-1900544 0
1507328 -2293760
-917504 327680
-458752 -851968
-65536 1114112
2359296 720896
-196608 1638400
-2293760 -2031616
-524288 -1638400
2818048 2686976
983040 2686976
-2621440 1114112
-2818048 -13041664
11599872 -13303808
5439488 720896
-2031616 3604480
-3145728 -1179648
655360 -65536
1114112 131072
1966080 851968
-2359296 589824
655360 393216
-327680 786432
589824 -1703936
-589824 589824
720896 -917504
-393216 1376256
-589824 -1310720
-131072 393216
851968 327680
655360 327680
262144 -589824
-917504 -1179648
327680 -196608
-1507328 -262144
917504 851968
-458752 -786432
786432 655360
-196608 -1310720
-851968 -327680
262144 65536
-1310720 589824
1048576 393216
-393216 -393216
131072 589824
65536 -393216
-1114112 720896
327680 -65536
131072 -131072
65536 393216
589824 -851968
262144 327680
-655360 262144
-65536 -524288
-327680 589824
131072 0
393216 -720896
327680 -393216
-262144 -589824
-262144 327680
-131072 131072
65536 -458752
196608 -917504
-524288 131072
-458752 720896
131072 -131072
65536 131072
-327680 458752
-327680 -393216
0 -196608
262144 524288
-65536 -196608
131072 -262144
327680 65536
-458752 196608
-65536 0
131072 131072
-327680 327680
262144 -393216
131072 -851968
-524288 -65536
-131072 131072
131072 65536
262144 327680
262144 -65536
-262144 -327680
-196608 0
-524288 196608
-262144 0
196608 -65536
-131072 -131072
-65536 -327680
65536 0
131072 65536
65536 196608
-65536 0
-262144 -196608
0 65536
-196608 -262144
-262144 -196608
262144 262144
-65536 0
-65536 0
131072 327680
-262144 -65536
-393216 -262144
131072 -131072
262144 -262144
-196608 -65536
-262144 65536
196608 262144
-131072 393216
-196608 0
262144 -262144
131072 -65536
-262144 -262144
-65536 -196608
131072 131072
-262144 262144
0 131072
65536 -131072
-65536 131072
0 -131072
-131072 -393216
65536 0
-65536 0
-196608 -262144
-131072 131072
-262144 131072
-65536 131072
262144 196608
0 -262144
-131072 -65536
-131072 65536
65536 0
-65536 -131072
-131072 65536
-65536 131072
-65536 65536
0 0
131072 0
65536 -65536
-262144 -65536
0 -65536
131072 -131072
-262144 65536
-131072 65536
131072 -131072
0 131072
-65536 196608
-196608 -589824
-327680 -65536
-65536 458752
65536 -327680
65536 -196608
196608 262144
-65536 -196608
-196608 -262144
196608 458752
-131072 0
-458752 -393216
-65536 327680
0 0
-131072 -589824
0 -131072
327680 196608
-327680 -65536
-131072 65536
262144 262144
-327680 131072
-262144 -262144
458752 65536
-65536 0
-393216 -327680
327680 -131072
-65536 589824
-458752 131072
196608 -589824
458752 -65536
-262144 196608
-458752 -524288
196608 262144
524288 851968
-327680 -655360
-196608 -524288
-65536 131072
-327680 -262144
0 -327680
65536 -196608
-327680 262144
-196608 458752
393216 0
-327680 -131072
-393216 393216
393216 393216
262144 -524288
-131072 -589824
-262144 0
-327680 131072
262144 393216
327680 -196608
65536 -327680
327680 262144
131072 -131072
-327680 -458752
-262144 196608
-327680 65536
-65536 -196608
131072 -131072
-196608 -65536
-131072 131072
196608 131072
196608 -65536
-65536 0
-131072 -327680
-393216 -131072
-327680 327680
327680 -196608
131072 -262144
-458752 -393216
-65536 -524288
-524288 655360
-65536 524288
327680 -131072
65536 131072
524288 65536
262144 -524288
-327680 0
-524288 -131072
-327680 131072
327680 262144
-327680 -65536
786432 -196608
-65536 -458752
-917504 131072
393216 0
-196608 262144
196608 -393216
131072 -327680
-589824 458752
-589824 -589824
65536 589824
-327680 -524288
-262144 -131072
393216 -131072
-589824 0
1310720 655360
-983040 -393216
1114112 -65536
-655360 393216
-720896 131072
196608 -458752
-1048576 65536
917504 -720896
-196608 262144
1769472 -327680
-655360 1835008
-1638400 -131072
720896 -1376256
-786432 458752
262144 65536
589824 1310720
1441792 -1376256
-1179648 2949120
-2949120 -2686976
720896 -1310720
3538944 131072
3801088 5373952
-8585216 -5439488
9437184 -13697024
-2621440 -851968
-1048576 -1507328
5308416 4784128
-2359296 2490368
-851968 -2097152
-2883584 -589824
1900544 -983040
-65536 851968
1769472 262144
-786432 1245184
-327680 -262144
-655360 65536
458752 -524288
-851968 -393216
524288 262144
393216 -655360
786432 1245184
-917504 -851968
262144 589824
-917504 -1441792
1179648 720896
262144 -851968
-393216 589824
196608 -655360
-1114112 -393216
65536 65536
-1376256 -458752
1048576 458752
-131072 -65536
-327680 720896
720896 -524288
-1310720 327680
-131072 196608
327680 -327680
-262144 458752
393216 -458752
0 917504
-262144 393216
262144 -589824
-262144 65536
65536 -524288
524288 -393216
589824 524288
-458752 -458752
-458752 65536
65536 -65536
-327680 0
458752 -131072
131072 -458752
-655360 -589824
-393216 -196608
0 589824
-196608 327680
-196608 -720896
0 458752
-65536 720896
-720896 -262144
393216 0
720896 -131072
-524288 -327680
131072 65536
0 196608
-720896 262144
262144 -327680
327680 -196608
-65536 196608
131072 -393216
0 0
-131072 458752
-196608 -131072
-65536 -393216
0 -65536
-327680 -65536
-131072 -327680
131072 131072
0 196608
65536 -65536
-131072 131072
-196608 131072
-196608 0
131072 -393216
65536 -327680
0 65536
-65536 -327680
-65536 196608
65536 393216
-393216 -262144
-196608 -65536
262144 262144
0 -327680
-65536 -65536
131072 196608
65536 -131072
-458752 -131072
-131072 0
262144 0
-327680 0
0 65536
524288 131072
-131072 -131072
-327680 -262144
131072 -65536
65536 -65536
-458752 -65536
0 0
65536 65536
-131072 262144
65536 -65536
-65536 -262144
65536 -196608
-65536 -131072
-65536 -131072
-65536 65536
-327680 -131072
-131072 327680
0 262144
-65536 -196608
131072 -131072
-65536 -65536
-131072 -131072
65536 -131072
131072 65536
0 0
-262144 0
0 131072
131072 131072
0 -131072
-262144 -262144
131072 0
-65536 65536
-196608 -196608
131072 -65536
65536 131072
-131072 0
-131072 0
0 -196608
0 196608
-262144 -327680
-262144 -131072
327680 458752
196608 -131072
-262144 -327680
65536 0
-65536 -65536
-196608 -196608
131072 196608
-196608 196608
-262144 -131072
131072 196608
-65536 196608
-327680 -524288
-131072 -393216
393216 65536
-262144 65536
-196608 0
262144 262144
-131072 524288
-262144 -131072
327680 -327680
131072 65536
-458752 -196608
262144 -655360
327680 327680
-524288 524288
-262144 -393216
327680 131072
-131072 786432
-196608 -458752
327680 -262144
458752 196608
-458752 -1114112
65536 -393216
-262144 524288
-655360 -196608
458752 65536
131072 524288
-655360 -65536
0 -196608
262144 131072
-786432 -196608
-65536 -262144
983040 262144
-262144 -196608
-262144 -65536
393216 393216
-262144 131072
-65536 131072
131072 -65536
-196608 -393216
196608 -262144
262144 -327680
-262144 -393216
-196608 0
-131072 0
-65536 196608
65536 458752
-327680 131072
0 65536
327680 -65536
-458752 -458752
-524288 -196608
131072 0
-196608 0
0 131072
458752 -196608
0 65536
-524288 0
0 -131072
-131072 393216
0 327680
65536 -262144
-131072 327680
131072 -196608
-65536 -655360
65536 0
-65536 -65536
196608 589824
720896 524288
-458752 -65536
131072 -262144
-524288 -655360
-720896 0
393216 -131072
-131072 524288
262144 -720896
196608 65536
-196608 327680
-131072 -458752
196608 327680
-1114112 -524288
65536 720896
-327680 131072
0 -262144
1179648 -196608
-983040 -262144
1179648 0
-1179648 786432
458752 -131072
196608 -393216
-65536 -458752
327680 -589824
-1638400 196608
458752 327680
-458752 2424832
-131072 -1179648
655360 -917504
131072 -917504
458752 -393216
-655360 1507328
1310720 720896
-655360 2686976
-3604480 -2162688
-262144 -1703936
6225920 -3014656
720896 6750208
11665408 -6881280
-7995392 327680
3538944 -1245184
2949120 -393216
-327680 1769472
-2031616 1179648
-851968 196608
-786432 -327680
720896 196608
786432 -589824
-131072 655360
-262144 -196608
0 655360
-65536 -1114112
458752 1310720
-327680 -851968
-65536 327680
-131072 -1048576
589824 1179648
65536 -720896
262144 458752
458752 -917504
-1048576 -786432
720896 589824
-983040 -589824
393216 720896
-524288 -917504
327680 524288
65536 -327680
-786432 131072
131072 -131072
-1114112 393216
65536 262144
458752 -655360
-393216 458752
393216 -131072
-262144 524288
-524288 589824
720896 -327680
524288 0
-327680 -524288
-65536 -327680
0 983040
-65536 262144
262144 -393216
196608 -196608
-524288 -524288
524288 -524288
65536 -327680
-196608 0
-196608 -327680
-458752 196608
-458752 458752
131072 -65536
-65536 -65536
-65536 0
-589824 -458752
196608 524288
458752 655360
-65536 -262144
0 -196608
-131072 196608
-589824 262144
458752 -131072
196608 0
-131072 0
-65536 -458752
0 -196608
-262144 196608
0 -131072
0 -65536
131072 327680
-131072 -196608
65536 -393216
-131072 -65536
-327680 0
-65536 65536
65536 65536
-196608 65536
0 262144
131072 -131072
131072 -196608
196608 -65536
-196608 -458752
-393216 65536
65536 196608
-262144 0
-65536 196608
131072 65536
-262144 -262144
0 -131072
327680 -196608
-65536 -196608
-327680 196608
65536 131072
131072 65536
-524288 65536
131072 -65536
262144 -65536
-196608 0
131072 65536
262144 -131072
-131072 -131072
-327680 65536
65536 65536
-131072 -196608
-327680 131072
131072 0
262144 -262144
196608 -196608
-262144 -65536
-131072 -65536
-131072 0
-327680 -65536
0 196608
-65536 -65536
-65536 -131072
262144 131072
-65536 -65536
-131072 -196608
0 131072
-65536 131072
-131072 -196608
-131072 0
196608 65536
0 -131072
-131072 0
65536 0
131072 65536
-393216 -131072
-196608 -65536
196608 131072
65536 -131072
-131072 -327680
-131072 65536
0 0
65536 65536
-65536 -196608
-65536 65536
65536 0
-262144 -262144
-131072 262144
131072 -131072
-65536 -262144
-65536 131072
65536 65536
-65536 -327680
65536 0
-65536 327680
-65536 -262144
-65536 -262144
-196608 393216
-262144 65536
-393216 -393216
327680 0
131072 65536
-131072 -393216
262144 0
131072 524288
-262144 65536
-65536 -196608
65536 131072
-327680 131072
-262144 -524288
393216 -131072
-65536 196608
-458752 -327680
327680 65536
393216 720896
-262144 -327680
0 -327680
327680 786432
-786432 -458752
-196608 -1048576
65536 0
-917504 262144
327680 -262144
1114112 -196608
-458752 262144
-917504 327680
524288 327680
-131072 458752
-917504 -131072
327680 -327680
0 -196608
-131072 -196608
720896 -327680
0 -65536
-65536 655360
524288 262144
0 -196608
-458752 -131072
-327680 -327680
-65536 -262144
-196608 0
-262144 -262144
65536 -131072
524288 0
-262144 131072
-524288 196608
393216 0
-262144 65536
-589824 131072
262144 0
65536 -262144
-262144 -196608
-65536 -327680
-262144 65536
-131072 65536
327680 -65536
65536 327680
-327680 327680
-131072 131072
65536 524288
262144 -327680
-196608 -655360
65536 0
-524288 -393216
131072 393216
589824 131072
-196608 -327680
327680 -196608
-655360 327680
-196608 458752
524288 -524288
-393216 65536
-131072 -917504
0 65536
-131072 0
-131072 0
0 393216
-983040 -393216
851968 393216
-458752 -131072
983040 262144
-65536 0
-720896 -65536
720896 -393216
-1245184 524288
655360 -786432
-786432 -327680
458752 -327680
-65536 589824
-262144 655360
1310720 -196608
-655360 1245184
-524288 -1507328
-393216 262144
-1048576 -1572864
524288 1572864
262144 393216
2424832 1769472
-983040 65536
-2686976 -1245184
983040 -4259840
5046272 3473408
13697024 -1835008
-2555904 -196608
2031616 -524288
-5046272 196608
393216 -131072
720896 1048576
917504 -524288
-917504 1769472
1114112 -786432
-1310720 655360
-720896 -655360
196608 655360
196608 -917504
327680 720896
851968 -851968
-983040 655360
-262144 0
-262144 -524288
720896 262144
393216 -65536
851968 393216
-851968 -1245184
131072 786432
-983040 -1376256
327680 458752
327680 -655360
65536 655360
393216 -851968
-1441792 -65536
196608 458752
-851968 196608
-327680 327680
851968 -458752
0 393216
65536 -524288
-327680 -131072
-786432 1310720
0 -196608
262144 393216
720896 -655360
196608 -786432
-655360 786432
-327680 393216
655360 -65536
786432 196608
-524288 -1179648
65536 -458752
-393216 0
-262144 589824
458752 -262144
65536 -65536
-393216 -196608
-131072 -393216
65536 0
0 458752
-917504 -524288
65536 393216
196608 262144
-393216 262144
262144 262144
196608 -131072
-655360 -327680
327680 -65536
-65536 -327680
-262144 65536
262144 -262144
131072 327680
-458752 458752
-131072 -196608
-65536 -327680
65536 262144
-131072 -393216
655360 -327680
0 0
-458752 65536
-327680 -131072
-327680 327680
-196608 196608
131072 -65536
131072 -262144
393216 196608
131072 -196608
-262144 -589824
-262144 196608
-65536 327680
-655360 -196608
196608 0
393216 0
-262144 -327680
0 0
393216 131072
-393216 -65536
-327680 65536
65536 -65536
-196608 0
-327680 65536
458752 -131072
-65536 0
-262144 65536
131072 -65536
131072 0
-65536 -65536
-65536 65536
65536 0
-262144 -131072
-196608 131072
65536 -196608
0 -131072
196608 65536
65536 -131072
0 -65536
-196608 0
-262144 0
65536 65536
-196608 -262144
-65536 -65536
262144 131072
-131072 -131072
-65536 0
0 196608
-131072 0
-262144 -131072
0 131072
196608 -131072
-65536 -327680
0 0
131072 -65536
-65536 65536
-262144 65536
65536 196608
0 131072
-65536 -131072
0 -196608
65536 -262144
-131072 -393216
-196608 131072
65536 65536
65536 -65536
-131072 -65536
-196608 327680
65536 65536
131072 -327680
0 196608
-65536 65536
-196608 -458752
-65536 -131072
-131072 196608
-196608 -196608
196608 -65536
131072 327680
-65536 -65536
-65536 -262144
-131072 393216
-196608 0
-524288 -458752
327680 -131072
65536 196608
-393216 -196608
262144 65536
393216 524288
-196608 -65536
-65536 -262144
0 -65536
-196608 131072
-65536 -196608
196608 -196608
-393216 262144
-524288 65536
196608 -131072
458752 393216
65536 -131072
65536 -786432
589824 0
-196608 -131072
-589824 -327680
-720896 65536
-524288 589824
262144 262144
131072 -720896
-131072 -327680
-65536 589824
327680 0
0 -262144
-458752 196608
0 262144
-196608 -131072
-131072 131072
458752 65536
0 -262144
196608 0
262144 -393216
-131072 -655360
-196608 131072
65536 131072
-65536 65536
-65536 65536
-196608 -131072
-262144 0
-196608 -131072
-196608 0
0 131072
458752 -262144
65536 -524288
-262144 196608
131072 131072
-196608 -131072
-393216 -131072
65536 131072
-262144 458752
-131072 131072
131072 -327680
0 -65536
-262144 -262144
-196608 131072
524288 524288
393216 -458752
-589824 -65536
131072 524288
-458752 -196608
458752 196608
262144 -196608
-720896 -131072
131072 -65536
-327680 196608
458752 -393216
196608 -524288
-589824 196608
65536 -196608
-65536 720896
-196608 -524288
0 131072
-262144 -393216
-720896 -327680
524288 786432
-786432 -196608
1245184 65536
-589824 196608
655360 -393216
131072 -524288
-851968 983040
393216 -131072
-1048576 393216
524288 -1245184
131072 524288
-393216 -589824
131072 0
65536 1507328
262144 -131072
-1048576 655360
131072 -1769472
786432 917504
-589824 -524288
1114112 1376256
-2359296 65536
-327680 -2097152
3145728 -1048576
9502720 -655360
3276800 -1703936
-3538944 2555904
-1966080 2359296
-131072 -393216
1638400 -1114112
-851968 327680
786432 -589824
-1310720 851968
-327680 -458752
131072 917504
1114112 327680
-196608 -262144
-655360 -131072
-720896 -786432
655360 720896
0 196608
262144 851968
0 -1835008
851968 1179648
-655360 -1179648
65536 1179648
65536 -851968
-327680 196608
458752 -589824
-524288 -458752
393216 262144
-786432 -65536
0 65536
-262144 -393216
-196608 -131072
393216 -262144
-655360 786432
-196608 393216
262144 65536
-917504 393216
0 -1245184
393216 524288
196608 458752
131072 -262144
65536 262144
-524288 -131072
-262144 -65536
393216 458752
0 -524288
786432 -196608
-393216 -65536
-589824 131072
524288 -589824
65536 -131072
-131072 -131072
-131072 -327680
-458752 262144
-65536 458752
-196608 -1048576
-65536 131072
-327680 720896
-327680 393216
589824 -196608
65536 -131072
-393216 -327680
262144 -327680
-327680 196608
-65536 786432
131072 -131072
-65536 131072
-131072 -327680
327680 -589824
0 0
-196608 589824
131072 -196608
524288 -65536
-327680 -262144
-327680 -458752
-196608 -131072
-327680 589824
-65536 0
65536 -262144
65536 -458752
0 65536
65536 65536
131072 65536
-65536 327680
-65536 -131072
-589824 -327680
196608 262144
-65536 -196608
-327680 -327680
327680 0
262144 -131072
-393216 -65536
-131072 262144
65536 -131072
-262144 131072
-196608 0
393216 -393216
-131072 -262144
-327680 131072
65536 196608
0 196608
-65536 65536
65536 0
-65536 -327680
-196608 -196608
65536 65536
65536 -196608
0 65536
196608 196608
-262144 -131072
-131072 -65536
-65536 -65536
-65536 -131072
0 -65536
0 -262144
0 -65536
-196608 131072
-327680 0
131072 65536
65536 0
-65536 -196608
-196608 -65536
-131072 196608
131072 -65536
-65536 0
0 0
-65536 -262144
-131072 65536
0 0
131072 0
0 0
0 0
-65536 131072
65536 -262144
-196608 -262144
-196608 262144
131072 -131072
65536 -131072
-196608 65536
-131072 -65536
-131072 -262144
0 262144
196608 262144
65536 -524288
-65536 -196608
0 458752
-327680 -65536
-131072 -65536
131072 327680
-131072 -262144
-131072 -458752
196608 131072
0 -196608
-262144 -458752
-131072 524288
65536 524288
-589824 -262144
196608 -196608
393216 262144
-393216 -262144
131072 -327680
458752 131072
-589824 0
-393216 131072
196608 262144
-65536 196608
-196608 -524288
327680 -458752
-65536 196608
-458752 65536
0 -131072
393216 589824
131072 0
0 -786432
-131072 -65536
-524288 -196608
131072 -327680
-65536 196608
-786432 -65536
327680 -131072
262144 327680
-524288 0
-196608 -65536
262144 393216
-327680 131072
-327680 -458752
196608 -65536
-262144 262144
65536 131072
917504 -65536
0 -131072
-65536 196608
65536 131072
-393216 -131072
-524288 -65536
65536 -196608
196608 -131072
-65536 0
-131072 -458752
-131072 65536
196608 393216
0 -196608
-131072 -65536
65536 0
-458752 0
-262144 327680
589824 -393216
-131072 -393216
-655360 -262144
65536 -131072
0 524288
-65536 131072
262144 -131072
65536 262144
-196608 -131072
-262144 131072
262144 196608
-262144 -851968
-262144 196608
851968 262144
-196608 -458752
196608 0
-327680 -65536
-524288 131072
524288 0
65536 131072
196608 -851968
-262144 131072
-458752 0
196608 -458752
-196608 196608
-65536 -720896
589824 458752
-786432 -65536
-262144 196608
262144 720896
-786432 -131072
1310720 -196608
-851968 -327680
851968 -786432
-393216 131072
-196608 720896
-262144 65536
-983040 393216
589824 -1245184
131072 1114112
-65536 -1048576
131072 1048576
393216 -917504
-131072 1114112
-1376256 393216
65536 -2031616
-917504 -786432
917504 2359296
2031616 3145728
-2555904 -1114112
2424832 -5046272
6815744 1900544
4653056 65536
-3473408 917504
-196608 -1638400
655360 65536
262144 1048576
-589824 851968
-1900544 -983040
-1310720 1048576
1245184 -851968
1048576 720896
393216 -983040
65536 1114112
-1048576 -262144
-524288 851968
524288 -1703936
393216 458752
458752 -393216
-327680 1769472
-131072 -655360
-196608 196608
524288 -720896
-262144 -917504
1245184 458752
-720896 -327680
-65536 524288
-524288 -655360
-131072 262144
65536 -262144
-589824 -196608
524288 -131072
-393216 327680
-393216 196608
458752 -131072
-655360 393216
327680 -655360
65536 65536
-393216 589824
196608 -131072
-131072 524288
-393216 -65536
196608 -458752
262144 327680
-262144 -196608
589824 -131072
131072 0
-393216 -327680
196608 131072
65536 327680
-131072 -393216
196608 -720896
-196608 -131072
-393216 65536
0 -524288
262144 262144
-327680 131072
-983040 -131072
65536 589824
196608 393216
-262144 -393216
327680 -131072
131072 -65536
-589824 65536
131072 65536
65536 262144
-327680 131072
131072 -196608
196608 -196608
-131072 65536
0 -262144
262144 196608
65536 262144
-65536 -458752
-262144 -327680
-524288 65536
-65536 -131072
327680 -65536
196608 -65536
-131072 393216
-65536 0
-393216 0
0 589824
131072 -393216
-262144 -458752
393216 65536
0 -262144
-262144 -65536
196608 196608
-65536 0
-458752 0
0 0
131072 -262144
-327680 131072
-65536 -131072
524288 -131072
-262144 65536
-327680 -65536
0 -196608
-327680 262144
-65536 262144
262144 0
131072 -196608
-196608 -65536
65536 0
0 -262144
-196608 -65536
0 65536
-65536 0
65536 131072
-131072 0
0 -65536
131072 0
-65536 -327680
65536 -262144
-65536 0
-327680 -131072
-196608 131072
0 262144
65536 65536
-196608 -262144
0 -196608
65536 65536
-196608 196608
196608 -262144
65536 0
-393216 262144
-131072 -65536
131072 -65536
0 -65536
-262144 -196608
-65536 0
262144 -65536
0 131072
-65536 0
0 -196608
-196608 196608
-65536 -131072
-65536 -393216
-196608 -65536
0 262144
-65536 65536
0 131072
393216 131072
-65536 -327680
-327680 -262144
65536 196608
-65536 -65536
-393216 -196608
65536 262144
-196608 0
0 -262144
262144 65536
65536 -131072
-327680 -393216
0 196608
196608 262144
-655360 -65536
-131072 -65536
393216 196608
-393216 0
65536 -458752
524288 -65536
-327680 196608
-131072 65536
262144 -196608
-196608 196608
-589824 131072
-65536 -196608
65536 65536
-131072 262144
65536 -458752
655360 0
393216 -131072
-327680 -917504
65536 131072
-393216 851968
-327680 -327680
131072 -262144
-851968 393216
-589824 -131072
720896 -458752
327680 131072
-327680 0
524288 -131072
196608 458752
-917504 196608
-262144 65536
-131072 327680
0 262144
589824 -524288
131072 -458752
65536 131072
262144 -393216
-393216 -393216
-393216 458752
65536 131072
0 -65536
-65536 262144
-458752 -196608
-131072 -262144
327680 -327680
-196608 -458752
-327680 131072
327680 131072
262144 0
131072 196608
-65536 -393216
-655360 -262144
-655360 196608
-65536 196608
262144 458752
0 -131072
327680 -393216
65536 131072
-131072 -327680
-327680 -131072
0 327680
-262144 65536
393216 720896
458752 -131072
-851968 -655360
65536 -393216
-262144 65536
0 131072
655360 0
-131072 262144
262144 -786432
-458752 65536
-524288 -262144
393216 -65536
0 327680
-393216 -393216
458752 393216
-720896 -196608
393216 65536
-524288 131072
-65536 65536
524288 -196608
-983040 262144
1179648 -720896
-458752 -131072
589824 0
-524288 1310720
-851968 131072
327680 -1245184
-131072 196608
-262144 -1376256
-131072 917504
524288 65536
983040 2818048
-2162688 -1441792
-786432 -1048576
0 -1048576
4521984 1572864
-1572864 2883584
-1114112 -5963776
8323072 458752
786432 -1572864
-2031616 -2490368
-2752512 1638400
1245184 851968
-786432 262144
1245184 -1048576
-1638400 1507328
917504 -1048576
131072 1703936
458752 -1376256
-1638400 196608
-458752 -786432
196608 1638400
917504 -327680
-524288 -327680
655360 -524288
-327680 327680
65536 1048576
-458752 -393216
1114112 131072
-262144 -1114112
393216 131072
-524288 -983040
-393216 1179648
0 196608
131072 -458752
655360 -786432
-655360 -327680
65536 -131072
-589824 655360
-589824 524288
327680 -262144
-524288 262144
196608 -720896
65536 -327680
-720896 851968
65536 -262144
196608 655360
-65536 0
131072 -720896
196608 65536
-851968 0
262144 458752
458752 393216
-327680 -458752
393216 -327680
-131072 -131072
0 131072
720896 -262144
-393216 -131072
-65536 -196608
65536 -327680
-458752 458752
-393216 196608
-393216 -458752
262144 131072
-196608 65536
-262144 -65536
786432 -131072
-196608 196608
-655360 196608
131072 -262144
-262144 65536
-327680 196608
327680 -327680
262144 131072
-131072 131072
-65536 -393216
131072 -65536
-262144 131072
-131072 -196608
327680 131072
-196608 131072
-65536 -196608
0 -196608
-196608 -196608
-196608 -131072
-196608 0
-262144 262144
196608 393216
196608 -262144
-65536 0
262144 -65536
-327680 -458752
-393216 -65536
262144 262144
-131072 -196608
-327680 -65536
65536 131072
0 -131072
-327680 65536
196608 -131072
262144 -262144
-393216 -65536
65536 0
-65536 65536
-524288 196608
0 196608
0 65536
-65536 -196608
65536 -131072
393216 65536
-65536 -262144
-131072 65536
0 131072
-458752 0
-196608 -131072
131072 0
196608 131072
131072 -262144
65536 -458752
65536 262144
-327680 -65536
-458752 -458752
-65536 131072
-196608 327680
-196608 -65536
196608 -196608
262144 65536
-327680 -65536
-262144 -196608
262144 0
-131072 196608
-393216 -131072
131072 -65536
65536 327680
-131072 0
0 -196608
65536 -65536
-131072 -65536
-65536 65536
131072 -262144
0 -65536
-131072 131072
-131072 -65536
-65536 0
65536 0
-131072 -131072
-327680 -131072
65536 65536
262144 -65536
-262144 65536
-65536 65536
262144 -262144
-196608 0
-131072 262144
0 -131072
-262144 -262144
131072 327680
-65536 0
-65536 -524288
-65536 -65536
-65536 196608
-131072 -262144
0 196608
65536 262144
-458752 131072
0 -131072
524288 65536
-262144 65536
-327680 -524288
196608 -196608
-196608 196608
-262144 0
0 -65536
0 196608
65536 65536
196608 0
65536 65536
65536 65536
-327680 -393216
-65536 0
327680 0
-524288 -458752
65536 -262144
327680 65536
-65536 131072
-131072 -196608
-262144 -262144
-851968 393216
-393216 393216
393216 -131072
0 -196608
-131072 -196608
196608 -65536
-65536 131072
262144 262144
-65536 65536
-196608 393216
327680 65536
0 -458752
-65536 -262144
-262144 -196608
-458752 -196608
65536 196608
262144 -131072
-131072 -131072
131072 0
65536 -327680
-262144 -65536
-65536 65536
-393216 -262144
-196608 327680
262144 196608
131072 -458752
65536 -393216
-196608 -131072
-458752 131072
-131072 65536
65536 -196608
0 458752
-327680 0
65536 -131072
196608 131072
0 -458752
-262144 131072
0 262144
-458752 -131072
524288 196608
393216 -589824
-720896 -393216
65536 -65536
-262144 524288
196608 131072
393216 65536
-131072 -393216
196608 -786432
-720896 196608
-262144 -196608
196608 131072
-262144 0
0 -327680
131072 458752
-655360 -393216
786432 458752
-786432 589824
262144 327680
-65536 -393216
0 -458752
524288 -917504
-1048576 262144
917504 -131072
-983040 1507328
-196608 -393216
393216 -196608
458752 -786432
-589824 262144
-262144 720896
851968 -851968
327680 1441792
-2555904 -393216
-1179648 -917504
1179648 -1900544
4718592 3735552
-2949120 -655360
4849664 -3604480
-3932160 -3014656
-1048576 -720896
3801088 4128768
-851968 2293760
-2293760 -2555904
-1048576 -1376256
1245184 -720896
-524288 524288
458752 589824
0 196608
-458752 1245184
-1507328 -65536
983040 -720896
917504 -720896
458752 917504
-983040 -655360
-458752 851968
-196608 -524288
655360 720896
65536 -983040
786432 393216
262144 -327680
-1179648 0
655360 131072
65536 -327680
524288 -65536
-458752 -917504
-196608 -196608
-458752 589824
-1179648 393216
786432 -262144
65536 131072
-196608 -458752
327680 -262144
-720896 458752
-262144 -327680
-327680 655360
-131072 327680
589824 -786432
262144 327680
-851968 -393216
65536 0
262144 786432
131072 0
851968 -393216
-262144 -65536
-655360 -65536
131072 -65536
65536 -65536
262144 -196608
-196608 -524288
-262144 393216
65536 0
-327680 -524288
-65536 196608
-327680 -196608
-524288 -327680
327680 589824
-131072 327680
-196608 -262144
327680 -196608
-131072 131072
-458752 -65536
262144 -196608
65536 196608
0 131072
131072 -327680
131072 327680
-458752 327680
-262144 -65536
131072 65536
-65536 -196608
393216 -458752
327680 -393216
-262144 -131072
-393216 262144
-393216 65536
-327680 65536
131072 327680
131072 -327680
-65536 -131072
589824 65536
-196608 -393216
-327680 65536
65536 196608
-327680 -131072
-262144 65536
262144 0
65536 -262144
-196608 65536
262144 -131072
65536 -65536
-589824 131072
-131072 -131072
-131072 -196608
-131072 131072
131072 65536
0 -196608
0 131072
0 262144
0 0
-65536 -196608
131072 65536
-65536 -196608
-393216 -196608
65536 131072
0 131072
65536 0
196608 -262144
0 -65536
-131072 131072
-327680 -327680
-131072 0
0 327680
-262144 -262144
-65536 -196608
196608 262144
65536 0
-262144 -262144
-131072 131072
0 262144
-262144 -131072
-65536 -196608
131072 0
0 0
0 0
65536 65536
0 -131072
-327680 0
-196608 131072
65536 -131072
0 0
-65536 0
-65536 -196608
131072 -131072
0 131072
-131072 65536
0 -262144
-65536 -65536
-393216 131072
-196608 196608
262144 -262144
0 0
-131072 327680
131072 -262144
65536 -524288
-65536 65536
-196608 131072
-262144 -196608
262144 131072
-262144 327680
-327680 -327680
65536 -262144
0 196608
-65536 -458752
65536 -131072
131072 327680
-393216 393216
-327680 0
262144 -131072
-196608 131072
-262144 -262144
262144 -458752
0 131072
-65536 65536
0 -131072
-196608 262144
-458752 131072
0 65536
327680 131072
262144 -65536
65536 -524288
131072 -131072
196608 -131072
-262144 -393216
-327680 196608
-524288 65536
65536 -65536
393216 0
-720896 -262144
-720896 65536
524288 589824
393216 -196608
-393216 -655360
0 196608
131072 524288
-524288 -65536
262144 65536
-196608 131072
-393216 65536
655360 -327680
262144 -589824
-262144 -327680
65536 131072
-131072 327680
-262144 0
-196608 -327680
-393216 131072
65536 262144
-65536 -458752
-196608 -327680
262144 0
-262144 -262144
-131072 131072
262144 65536
-196608 -65536
0 -65536
-262144 0
-393216 393216
-65536 65536
-196608 -393216
-196608 262144
262144 65536
327680 -327680
196608 0
-327680 -393216
-327680 327680
-262144 458752
-393216 196608
720896 196608
65536 -524288
-524288 -393216
0 -327680
-327680 393216
524288 -131072
458752 0
-262144 -262144
-131072 -65536
-458752 393216
-196608 -720896
65536 65536
-524288 -65536
393216 -131072
-327680 524288
-524288 65536
589824 -196608
-393216 -65536
655360 196608
-196608 -196608
196608 -262144
-327680 262144
-720896 327680
196608 -589824
-327680 1245184
524288 -1245184
-327680 -262144
65536 -917504
-327680 1376256
-720896 -327680
589824 655360
327680 524288
-1048576 393216
-2490368 -1769472
3997696 -786432
1835008 4259840
3145728 -3866624
-5242880 196608
0 -524288
2621440 -1966080
-393216 393216
-65536 589824
-2621440 786432
65536 -1114112
327680 2031616
131072 -655360
-327680 -196608
655360 -1245184
131072 1310720
-327680 -524288
-196608 131072
0 -917504
-458752 1245184
0 -131072
327680 327680
589824 -196608
-131072 -65536
196608 -65536
-327680 -327680
393216 720896
-458752 -917504
393216 -131072
262144 0
-393216 131072
131072 65536
-589824 -262144
589824 -262144
-655360 65536
-196608 -393216
458752 -393216
-786432 589824
-262144 -131072
-65536 65536
-458752 327680
196608 -327680
524288 589824
65536 -655360
-262144 -65536
-458752 655360
-589824 196608
786432 131072
393216 0
-262144 -589824
327680 -262144
65536 131072
65536 393216
458752 -655360
-458752 131072
-327680 -131072
-327680 -458752
0 65536
0 -196608
-196608 -393216
-65536 524288
-131072 262144
-131072 131072
327680 -327680
-524288 -65536
-327680 -196608
524288 0
-196608 327680
-327680 131072
262144 -327680
-131072 327680
-393216 -196608
65536 -262144
262144 196608
65536 327680
327680 -65536
65536 -196608
-262144 -262144
-393216 -131072
-327680 -327680
-131072 327680
196608 196608
65536 -327680
-65536 327680
393216 131072
-327680 -458752
-65536 327680
131072 -131072
-524288 -196608
-131072 196608
393216 -131072
-131072 -393216
-131072 131072
393216 -131072
-131072 -65536
-524288 196608
262144 -65536
-196608 -65536
-327680 131072
262144 -262144
0 -65536
-196608 65536
65536 65536
0 131072
-131072 196608
0 65536
0 -196608
-262144 -131072
131072 -196608
0 -196608
65536 196608
0 0
65536 0
0 0
-327680 -196608
0 -65536
196608 -65536
-131072 -262144
-65536 -65536
0 65536
-65536 0
-196608 0
-65536 0
0 0
-196608 65536
0 65536
262144 -65536
-131072 0
-196608 -65536
0 -131072
0 0
-196608 131072
65536 -65536
65536 65536
-196608 131072
-65536 -131072
131072 -327680
-65536 -131072
-262144 65536
131072 -65536
196608 0
-262144 131072
-262144 0
131072 0
0 -131072
0 131072
196608 -196608
-196608 -327680
-262144 196608
65536 196608
-131072 -196608
-131072 0
131072 196608
-65536 -196608
196608 -393216
-65536 196608
-393216 -65536
-196608 -327680
0 327680
0 -131072
-131072 -131072
327680 196608
131072 131072
-196608 -65536
0 0
-196608 65536
-393216 -196608
0 -262144
131072 0
-65536 -65536
-196608 -196608
196608 327680
65536 393216
0 131072
262144 0
196608 -131072
-393216 -589824
-196608 -327680
-196608 131072
-458752 -262144
720896 -131072
327680 196608
-524288 -65536
196608 -196608
-196608 262144
-1245184 393216
-196608 -131072
458752 -131072
-589824 65536
131072 -262144
917504 65536
-393216 393216
131072 262144
262144 196608
-458752 393216
-131072 -262144
-131072 -327680
-65536 -65536
65536 -524288
-131072 -196608
131072 131072
0 -196608
-327680 262144
327680 262144
131072 -458752
-655360 -131072
-131072 -65536
-131072 0
-196608 327680
262144 -196608
0 -393216
65536 -131072
-262144 65536
-196608 393216
65536 -196608
-196608 65536
-131072 524288
65536 -262144
-65536 -327680
131072 131072
-196608 -524288
0 196608
65536 327680
65536 0
393216 -262144
-589824 -131072
-262144 0
196608 -131072
0 196608
524288 -65536
-458752 -131072
-196608 -327680
655360 -131072
-393216 -262144
-262144 -589824
0 589824
-589824 0
720896 589824
-327680 65536
0 -458752
-65536 -196608
-393216 327680
327680 65536
-589824 -393216
851968 -327680
-65536 131072
0 -262144
-327680 -65536
-458752 1114112
-131072 -262144
-327680 196608
458752 -1441792
65536 917504
-983040 -720896
1245184 1441792
-65536 -1179648
-2228224 262144
393216 -1572864
4980736 4063232
5242880 -4849664
-458752 851968
131072 2686976
-6029312 -1179648
262144 -3211264
2162688 786432
1048576 655360
-1048576 1835008
524288 -1245184
-983040 -65536
-1048576 -720896
-327680 -196608
1441792 65536
327680 1376256
-524288 -131072
-1048576 -458752
262144 65536
524288 -65536
393216 196608
-327680 -393216
131072 851968
-851968 -327680
0 655360
851968 -589824
458752 -131072
458752 0
-851968 -524288
65536 327680
-720896 -196608
458752 -262144
131072 -262144
-524288 -589824
-262144 65536
-786432 720896
0 -131072
655360 -65536
-131072 131072
-131072 -655360
-327680 655360
-458752 196608
-65536 65536
196608 -131072
-393216 0
786432 262144
-65536 327680
-262144 -131072
655360 -196608
-196608 -131072
-196608 0
458752 -589824
-327680 458752
-65536 -131072
-393216 -327680
196608 262144
262144 -393216
-196608 -720896
-196608 196608
-589824 262144
-589824 262144
458752 -65536
-65536 0
0 -524288
-65536 0
-262144 262144
0 0
262144 -196608
-131072 327680
-262144 -327680
-65536 0
-65536 196608
-196608 196608
458752 -262144
393216 0
-65536 -65536
-458752 -262144
-327680 -327680
-327680 458752
262144 0
196608 -589824
-65536 196608
196608 327680
-524288 65536
-131072 393216
262144 -327680
-327680 -393216
-65536 -131072
327680 -196608
-131072 0
-131072 458752
196608 -262144
-327680 0
-327680 65536
131072 -262144
-393216 -196608
65536 262144
327680 -65536
-262144 -196608
-65536 0
-65536 65536
-393216 65536
-131072 65536
327680 131072
-65536 -65536
-196608 -131072
262144 -65536
-65536 0
-131072 -65536
-65536 -196608
65536 131072
-131072 65536
-196608 -262144
131072 65536
0 196608
-196608 -393216
131072 -196608
0 0
-262144 0
-196608 65536
131072 131072
-65536 0
-262144 -196608
-65536 -131072
0 -65536
-65536 131072
65536 0
65536 0
-196608 65536
-196608 0
131072 -131072
-196608 0
-131072 -65536
131072 -65536
-65536 131072
0 65536
-65536 -131072
-65536 -65536
-65536 0
0 -131072
65536 -196608
-131072 0
-196608 196608
196608 327680
-65536 -131072
-262144 -65536
196608 -131072
-65536 -65536
-262144 -65536
131072 0
131072 -131072
-131072 -65536
65536 0
-196608 -65536
-131072 -262144
65536 262144
-196608 131072
-196608 -131072
131072 131072
131072 -327680
-262144 -196608
196608 196608
-65536 0
-262144 -65536
131072 196608
65536 327680
-262144 -65536
131072 -196608
0 -327680
-327680 -131072
-327680 131072
0 65536
65536 65536
262144 196608
393216 65536
524288 -65536
-196608 -393216
-524288 -327680
-196608 196608
-393216 393216
-65536 -720896
-196608 -786432
-458752 458752
458752 393216
524288 -458752
-393216 327680
-458752 589824
65536 -65536
-458752 65536
-327680 0
65536 -458752
-131072 393216
720896 393216
393216 -393216
-196608 196608
131072 131072
-65536 -327680
-131072 -131072
-131072 0
-458752 -65536
0 -65536
131072 -327680
-65536 65536
262144 0
65536 -524288
-131072 327680
0 327680
65536 -196608
0 65536
-327680 -196608
-655360 -131072
-131072 65536
0 262144
65536 524288
131072 -458752
-131072 -262144
65536 524288
131072 -327680
-131072 0
-196608 262144
-327680 0
65536 262144
-196608 -131072
-262144 -131072
196608 -458752
-65536 327680
393216 65536
458752 -196608
-458752 -262144
65536 0
-262144 262144
196608 -393216
393216 65536
-655360 0
-196608 -327680
-458752 458752
-327680 -524288
917504 0
-458752 131072
327680 196608
-131072 131072
-262144 524288
-131072 196608
-196608 -393216
262144 -1310720
-458752 393216
65536 131072
-131072 524288
458752 393216
196608 -65536
-589824 -1179648
-196608 -524288
-327680 1179648
-131072 -65536
524288 327680
-983040 917504
-1048576 -393216
2228224 -1179648
-327680 -6422528
4128768 -1966080
1835008 2293760
-1966080 1114112
-2228224 -1638400
-786432 -720896
1179648 262144
-65536 393216
-786432 -720896
393216 -262144
-262144 983040
-327680 1179648
-393216 -786432
524288 -655360
65536 -196608
0 655360
-65536 -851968
-524288 655360
-131072 -65536
131072 917504
-262144 -131072
786432 -196608
786432 -458752
-262144 -393216
262144 655360
-983040 -458752
196608 327680
0 -458752
262144 -262144
131072 -65536
-589824 -262144
327680 0
-786432 262144
-196608 -131072
458752 -262144
-655360 196608
-131072 -786432
-131072 458752
-327680 393216
327680 -65536
393216 327680
-393216 -131072
-65536 -196608
-327680 327680
0 -131072
655360 -65536
0 65536
-327680 131072
393216 -131072
-393216 262144
65536 -262144
458752 -720896
131072 65536
-393216 196608
-131072 -327680
-131072 131072
-655360 -131072
-327680 -196608
524288 196608
-65536 262144
65536 -262144
393216 -65536
-327680 -131072
-458752 0
65536 -131072
-393216 262144
-196608 131072
393216 -65536
131072 131072
-65536 65536
196608 -196608
-196608 262144
-196608 -65536
0 -327680
262144 -196608
-196608 196608
65536 -65536
131072 -262144
-196608 327680
-131072 -131072
-589824 -393216
196608 589824
393216 0
-458752 -196608
196608 131072
262144 -196608
-458752 -262144
0 65536
327680 -196608
-458752 131072
-131072 65536
196608 -65536
-262144 0
-65536 65536
131072 -196608
-65536 -65536
196608 131072
-196608 -65536
-327680 -131072
-196608 196608
-131072 262144
-196608 -65536
262144 -65536
458752 0
0 -65536
0 -65536
-131072 -65536
-262144 196608
-131072 65536
-65536 -131072
262144 65536
65536 -65536
-65536 -262144
262144 65536
-65536 -131072
-393216 -196608
-327680 0
-65536 0
0 0
-131072 0
262144 -131072
65536 -131072
-262144 131072
-65536 0
65536 -65536
-131072 0
-131072 65536
0 -65536
0 -65536
-65536 -65536
-131072 -65536
0 65536
262144 196608
65536 0
-131072 -262144
-196608 0
-65536 65536
-131072 -196608
-65536 -131072
65536 131072
-196608 131072
-131072 0
327680 131072
0 -196608
-262144 0
65536 -65536
-65536 -262144
-327680 65536
-196608 131072
65536 -196608
0 0
393216 0
65536 -196608
-262144 -327680
-65536 262144
-65536 65536
-458752 -131072
-65536 327680
0 -131072
-196608 -262144
458752 65536
393216 -131072
-327680 -196608
-65536 65536
0 262144
-393216 -65536
-196608 -131072
0 0
0 0
131072 131072
196608 196608
-65536 65536
131072 0
196608 -262144
196608 -196608
-262144 -458752
-393216 -65536
65536 196608
0 -65536
196608 -262144
-458752 -65536
-458752 -65536
655360 196608
0 -196608
-786432 -262144
-65536 131072
65536 262144
-393216 131072
262144 65536
458752 131072
-327680 262144
589824 -131072
0 -327680
-589824 65536
65536 -131072
-262144 -65536
0 131072
393216 -196608
65536 -196608
-65536 65536
-65536 -327680
-131072 131072
0 196608
-524288 -327680
-196608 196608
262144 -65536
-65536 -458752
-131072 -131072
-262144 0
131072 393216
262144 65536
-196608 -131072
0 131072
-196608 -458752
-524288 0
131072 524288
65536 -589824
65536 131072
-131072 327680
65536 -262144
327680 -196608
-327680 -327680
-65536 0
-131072 196608
-65536 720896
262144 -327680
-262144 -524288
-262144 -131072
524288 -131072
-327680 -65536
196608 -196608
393216 262144
-720896 -327680
-327680 -196608
-458752 524288
-65536 -65536
262144 65536
-196608 -65536
524288 -196608
-65536 -262144
393216 393216
-393216 0
-458752 -393216
-393216 -131072
-131072 720896
589824 -983040
196608 524288
524288 -393216
-1310720 1179648
-1441792 -393216
524288 -524288
0 -1703936
655360 720896
1703936 2097152
-983040 1835008
-851968 -2293760
-1245184 -3866624
1769472 -1048576
-589824 -5177344
2293760 -1966080
-1441792 3604480
-1310720 2031616
-458752 -458752
-65536 -2097152
-720896 458752
589824 -983040
917504 1048576
-196608 196608
-917504 131072
-524288 -589824
65536 196608
720896 -196608
327680 589824
-65536 -65536
-524288 458752
-458752 131072
393216 -589824
458752 458752
-196608 -917504
393216 524288
-589824 -458752
-65536 655360
327680 262144
262144 -458752
786432 -131072
-983040 -720896
-393216 -196608
-524288 458752
65536 65536
393216 -196608
-196608 262144
131072 -720896
-196608 196608
-655360 262144
65536 -196608
65536 589824
-327680 -327680
-65536 -262144
-327680 0
-589824 65536
524288 458752
458752 131072
131072 0
393216 -327680
-524288 65536
-65536 262144
458752 -458752
-131072 196608
0 -327680
196608 -458752
65536 524288
-458752 -327680
-262144 -524288
131072 524288
-393216 0
-131072 -262144
327680 65536
-262144 65536
-196608 -131072
0 0
-131072 458752
-196608 -131072
131072 -196608
327680 262144
65536 -196608
131072 0
-262144 131072
-327680 262144
-65536 131072
196608 -262144
0 -262144
393216 -327680
131072 -458752
-262144 393216
-131072 -65536
-589824 65536
-196608 589824
-131072 -131072
-65536 -196608
589824 131072
196608 -458752
-262144 -131072
131072 262144
-65536 -65536
-524288 65536
65536 -65536
131072 -327680
-262144 0
262144 131072
131072 -131072
-327680 -65536
65536 131072
-262144 -196608
-262144 -131072
-65536 0
0 65536
-131072 0
196608 196608
262144 65536
-131072 65536
65536 -131072
-65536 -327680
-262144 65536
-196608 65536
131072 -131072
327680 262144
-131072 0
-65536 -262144
262144 0
-196608 -131072
-327680 -196608
0 -131072
0 65536
-327680 196608
-131072 0
393216 -131072
-65536 -65536
-393216 -131072
65536 -131072
131072 65536
-262144 65536
-196608 -65536
131072 65536
0 65536
-65536 0
0 -262144
-65536 -131072
-131072 262144
0 -131072
196608 -262144
-131072 131072
-196608 0
0 65536
262144 65536
-131072 -131072
-262144 -327680
0 -131072
-65536 196608
-196608 65536
131072 131072
0 -131072
-131072 -65536
196608 0
0 -262144
-196608 -131072
0 131072
0 0
-196608 -196608
131072 -131072
-262144 -196608
-196608 -196608
131072 196608
65536 196608
-327680 -131072
-65536 327680
131072 0
-327680 -131072
0 -327680
65536 -458752
-393216 0
196608 327680
196608 262144
-262144 131072
-65536 -65536
0 -131072
-262144 -196608
-262144 0
131072 0
327680 131072
262144 65536
65536 -196608
196608 196608
-196608 -65536
-65536 -458752
65536 -65536
-983040 -65536
0 -655360
262144 -65536
-917504 393216
327680 -65536
983040 0
-524288 262144
-720896 -196608
65536 262144
-458752 655360
-196608 -262144
458752 -589824
-327680 327680
655360 65536
524288 -458752
-393216 458752
-196608 196608
-131072 0
131072 -131072
-196608 -458752
-393216 -327680
131072 -65536
131072 -327680
-131072 65536
196608 131072
-131072 0
65536 393216
131072 -131072
-393216 -458752
-131072 65536
-589824 0
-262144 0
393216 -131072
-65536 131072
0 393216
262144 -65536
262144 0
65536 65536
-786432 -393216
-65536 327680
0 196608
-131072 -262144
262144 -262144
-327680 0
-65536 -65536
65536 0
458752 327680
524288 -131072
-327680 -458752
-262144 -196608
-131072 -65536
-458752 131072
327680 -196608
262144 -131072
-131072 -327680
131072 196608
-917504 131072
131072 131072
0 262144
65536 -524288
327680 -458752
-65536 0
262144 327680
-1048576 589824
-196608 -65536
327680 -589824
-196608 -458752
-131072 -1048576
262144 327680
262144 1179648
-655360 1638400
-196608 -1507328
-327680 -983040
-1441792 -1048576
1638400 917504
1507328 1572864
1835008 -458752
8257536 -5242880
65536 1835008
-5373952 -4915200
-1572864 -1703936
2686976 1769472
1114112 1048576
327680 -1048576
-1048576 -589824
-786432 -393216
-1179648 1245184
524288 -393216
524288 -65536
131072 196608
-720896 327680
65536 -458752
131072 262144
-65536 327680
-65536 -393216
-393216 393216
131072 -524288
458752 786432
-262144 -131072
393216 589824
-131072 -524288
-131072 -458752
262144 196608
-65536 -589824
524288 393216
-589824 -524288
65536 -131072
-327680 262144
-327680 65536
655360 -327680
-262144 458752
-65536 -589824
-65536 -327680
-524288 131072
-131072 -65536
65536 458752
-327680 0
196608 -65536
393216 0
-524288 -262144
0 131072
131072 458752
-327680 393216
327680 -524288
-327680 -196608
-65536 0
589824 -131072
262144 589824
131072 0
-262144 -196608
-327680 196608
-131072 -720896
196608 -524288
0 131072
-524288 -65536
-65536 131072
327680 524288
-524288 -65536
-65536 -524288
131072 -196608
-327680 131072
-262144 -196608
458752 131072
131072 196608
-393216 -131072
-65536 -65536
-196608 65536
-393216 65536
196608 65536
524288 65536
196608 131072
262144 -262144
-196608 -393216
-589824 196608
-131072 -393216
-393216 -131072
262144 524288
196608 -262144
-327680 131072
262144 393216
65536 -327680
-262144 -131072
131072 0
-65536 -262144
-393216 131072
327680 65536
262144 -131072
-327680 65536
196608 -65536
65536 -262144
-393216 65536
65536 131072
-65536 -262144
-131072 0
-65536 196608
-131072 0
-196608 -196608
131072 131072
0 65536
-262144 131072
262144 0
-131072 -65536
-196608 65536
0 -262144
65536 -65536
65536 393216
65536 -131072
131072 -131072
65536 196608
-327680 -131072
-65536 -131072
196608 -65536
-65536 -131072
-327680 -196608
65536 -65536
196608 131072
-327680 0
-196608 -131072
0 -65536
-196608 131072
-65536 -65536
131072 -131072
131072 -65536
-327680 65536
0 196608
131072 -131072
-65536 -65536
-262144 65536
-65536 -131072
0 65536
-65536 0
-65536 -196608
196608 131072
65536 65536
-196608 -65536
0 -131072
-196608 -65536
-393216 0
-131072 0
131072 -65536
0 0
196608 196608
65536 -131072
-393216 -196608
65536 0
65536 -131072
-458752 0
-65536 196608
327680 -65536
-65536 -196608
0 -131072
-131072 -65536
-65536 -262144
-131072 0
-131072 196608
-196608 65536
-196608 327680
262144 -65536
0 -196608
-131072 -196608
65536 -131072
-196608 -196608
131072 -196608
0 65536
-327680 262144
0 65536
-196608 196608
0 131072
131072 196608
65536 0
196608 -393216
65536 -524288
-458752 -131072
327680 131072
196608 65536
-262144 -327680
458752 -196608
-458752 393216
-720896 -131072
65536 -393216
-393216 65536
-131072 0
524288 -458752
0 0
-524288 393216
0 262144
-65536 524288
-131072 131072
65536 -262144
-131072 131072
524288 -327680
-196608 -655360
-262144 196608
393216 0
-327680 -131072
0 262144
458752 65536
-262144 131072
65536 0
131072 -786432
-524288 -65536
-327680 327680
-65536 -65536
393216 0
65536 -131072
-393216 -262144
65536 -65536
-393216 196608
-196608 393216
393216 -262144
-65536 0
131072 196608
-131072 -327680
-262144 -65536
-262144 -131072
-393216 196608
458752 393216
393216 -65536
131072 -131072
-65536 -393216
-458752 131072
-131072 65536
-196608 327680
196608 0
655360 -131072
-262144 -327680
-393216 -327680
65536 65536
-65536 0
131072 -131072
-524288 131072
-196608 -589824
-131072 196608
-524288 458752
327680 131072
-131072 196608
196608 -131072
0 -524288
-131072 -655360
262144 65536
-655360 524288
589824 -131072
-131072 720896
-458752 -524288
-851968 -524288
589824 -589824
917504 917504
-131072 589824
-786432 -786432
-1572864 -262144
-524288 393216
983040 393216
1048576 -1376256
10420224 -11927552
1048576 -1310720
-524288 1900544
-2031616 2359296
-262144 -1310720
589824 -2293760
589824 -851968
-589824 589824
-720896 458752
-720896 1376256
131072 -655360
589824 -851968
-131072 -786432
-327680 589824
-327680 589824
-327680 851968
0 -786432
-327680 458752
327680 -262144
262144 327680
-262144 -262144
589824 -65536
327680 458752
-393216 -393216
262144 196608
-196608 -524288
131072 327680
-262144 -262144
131072 -131072
196608 65536
-458752 -131072
196608 -458752
-655360 196608
-131072 -327680
0 -65536
65536 524288
-65536 -393216
-65536 262144
-393216 262144
131072 -196608
131072 0
-262144 -655360
0 -262144
-262144 458752
-720896 393216
917504 196608
65536 262144
-327680 -65536
327680 -393216
-131072 393216
65536 -65536
196608 -524288
-262144 393216
-65536 -131072
-131072 -327680
196608 196608
-131072 -327680
-65536 -393216
-65536 393216
-196608 -65536
0 -196608
-65536 65536
-458752 65536
131072 -196608
327680 0
65536 262144
-131072 -262144
-131072 -196608
-327680 393216
-196608 65536
-65536 0
262144 -65536
65536 65536
327680 -65536
-65536 -262144
-262144 0
131072 -262144
-655360 -65536
0 327680
131072 -458752
-327680 131072
327680 262144
-131072 -196608
-196608 196608
131072 65536
-393216 -458752
-262144 131072
524288 131072
65536 -131072
-196608 65536
458752 131072
-393216 -196608
-524288 0
262144 -131072
-131072 -327680
-131072 0
262144 65536
0 -65536
-262144 0
0 196608
-196608 -65536
-393216 -65536
65536 -65536
-131072 65536
131072 131072
131072 -196608
65536 65536
-65536 196608
-262144 -196608
-131072 131072
65536 131072
-131072 -262144
0 0
196608 -65536
-65536 -65536
-131072 -131072
65536 -65536
-196608 65536
-262144 131072
65536 -131072
-65536 -131072
-327680 65536
-65536 0
131072 0
0 -131072
-196608 -65536
131072 65536
-65536 -65536
-131072 196608
0 65536
-65536 -196608
-131072 131072
-65536 -131072
0 -131072
65536 196608
-131072 -131072
0 -65536
65536 0
-65536 -65536
-131072 -65536
-131072 0
-131072 131072
-131072 0
65536 -131072
-262144 -196608
-65536 65536
327680 0
0 0
-131072 65536
262144 0
-65536 -131072
-131072 65536
-131072 -131072
-393216 -131072
-65536 -65536
-196608 131072
65536 -196608
131072 -65536
-65536 196608
65536 -65536
-65536 196608
-196608 -65536
-262144 -65536
-131072 0
196608 -131072
-65536 0
0 -131072
131072 0
-327680 196608
-65536 0
0 262144
-131072 131072
131072 -196608
262144 0
-65536 65536
0 -196608
-196608 65536
196608 131072
131072 -196608
0 -327680
-65536 -589824
-851968 -196608
-131072 458752
458752 327680
-655360 -262144
-131072 0
524288 327680
-327680 0
-196608 -393216
131072 0
-655360 458752
65536 262144
720896 -196608
-327680 0
327680 -393216
65536 0
-131072 262144
131072 -393216
-393216 131072
-131072 262144
458752 -655360
-65536 -327680
-131072 -131072
-196608 -393216
-196608 393216
65536 458752
65536 0
262144 -196608
-262144 -458752
-720896 0
-196608 196608
-327680 65536
0 131072
393216 -196608
131072 65536
131072 0
-196608 -65536
131072 327680
-393216 -131072
-524288 -65536
262144 0
-131072 -327680
131072 -131072
-65536 65536
-65536 393216
196608 262144
131072 196608
0 -458752
-65536 -393216
-262144 0
196608 -131072
-196608 65536
-589824 65536
0 -65536
-524288 65536
196608 -393216
327680 -262144
0 0
-131072 655360
-262144 524288
196608 -327680
-327680 -458752
65536 -131072
0 131072
-262144 65536
655360 0
0 524288
-983040 -720896
-1048576 -589824
1048576 -983040
131072 1310720
-589824 589824
131072 -65536
-720896 -524288
-65536 1507328
-1966080 1179648
7471104 -10813440
-851968 -4325376
3604480 655360
851968 1310720
-2621440 0
-262144 -1507328
-786432 -524288
196608 0
655360 1441792
262144 -655360
-720896 -131072
-393216 -983040
-917504 524288
262144 524288
327680 589824
524288 -1048576
-131072 65536
-458752 0
131072 393216
-262144 458752
0 -131072
65536 -262144
-196608 -655360
655360 720896
-131072 -393216
0 196608
262144 262144
-655360 -786432
196608 -262144
-262144 -131072
458752 327680
-196608 196608
-262144 -327680
65536 -327680
-262144 393216
-393216 -262144
589824 131072
-262144 -262144
-393216 -458752
0 196608
0 -65536
-65536 -131072
-65536 262144
-720896 196608
262144 196608
-262144 65536
196608 -393216
524288 -393216
-327680 917504
-65536 262144
196608 -458752
-524288 327680
-65536 -327680
262144 -262144
327680 393216
-131072 -393216
327680 -327680
-524288 131072
-917504 -196608
-65536 131072
393216 262144
-131072 0
262144 -262144
131072 131072
-131072 131072
-589824 -524288
0 0
-262144 393216
-262144 -196608
65536 -131072
393216 262144
-262144 327680
262144 -196608
0 -196608
0 262144
0 -655360
-393216 -327680
393216 458752
0 -262144
-458752 65536
327680 131072
-524288 -262144
-327680 196608
327680 65536
65536 -327680
-196608 262144
262144 65536
-65536 -131072
-131072 0
196608 0
-131072 -327680
-65536 131072
196608 65536
-458752 -196608
-65536 0
131072 65536
-262144 -131072
65536 -131072
327680 -65536
-458752 -65536
-458752 65536
0 65536
-196608 131072
0 65536
196608 -262144
262144 131072
65536 0
-196608 -262144
-65536 196608
-131072 131072
-131072 -196608
131072 65536
196608 -65536
-65536 0
65536 -65536
196608 -131072
-262144 -131072
-393216 0
65536 -65536
0 -196608
-131072 0
65536 0
0 65536
-65536 65536
-196608 131072
0 -65536
-196608 -131072
0 0
65536 -131072
-65536 -196608
-65536 131072
65536 65536
0 196608
0 65536
-65536 -196608
0 -65536
-131072 -196608
65536 -65536
0 0
-65536 -131072
-65536 65536
-65536 196608
-131072 131072
-131072 -131072
131072 -131072
-65536 -65536
-196608 131072
196608 -196608
-131072 -262144
-196608 65536
196608 131072
65536 -262144
-131072 -131072
65536 65536
-196608 65536
-131072 0
-131072 196608
-131072 -458752
-131072 -131072
-65536 262144
65536 -196608
-65536 131072
65536 262144
65536 65536
-327680 0
-131072 -327680
-65536 -262144
-131072 -393216
-65536 -65536
-65536 458752
-65536 196608
131072 327680
196608 393216
-65536 -131072
0 -327680
131072 -262144
-65536 -458752
-262144 -262144
393216 393216
0 65536
0 -393216
327680 -65536
-983040 458752
-327680 -196608
786432 -327680
-983040 -131072
-786432 -65536
1048576 -131072
196608 393216
-655360 -65536
196608 65536
-262144 983040
-131072 196608
327680 -655360
-458752 -65536
196608 -458752
0 -327680
196608 393216
131072 -262144
-196608 65536
131072 393216
327680 -327680
-327680 -65536
-327680 0
-65536 -524288
-131072 0
-196608 -131072
65536 -393216
131072 0
-393216 131072
-131072 393216
458752 65536
-393216 -65536
-262144 131072
0 -458752
65536 0
131072 65536
-327680 0
196608 -262144
-393216 65536
-131072 524288
458752 -262144
-196608 -131072
196608 -131072
-131072 0
-262144 196608
0 131072
-262144 -327680
-262144 -327680
393216 0
262144 65536
131072 -589824
-327680 0
-131072 0
-65536 131072
-458752 131072
131072 -393216
-393216 -131072
-196608 327680
131072 262144
0 65536
458752 -196608
-196608 -327680
327680 -524288
-983040 -65536
-393216 -131072
1114112 589824
131072 327680
-1114112 0
-983040 -983040
-65536 -589824
655360 1310720
917504 -786432
-458752 -1769472
851968 1310720
-1048576 5963776
10682368 -5767168
-2228224 -1572864
-131072 -1310720
589824 -720896
1179648 -327680
-655360 983040
-1507328 262144
-458752 0
524288 -655360
983040 -851968
262144 65536
-851968 458752
-655360 327680
65536 393216
327680 -393216
-65536 -393216
-327680 -196608
-131072 -262144
-589824 655360
262144 -65536
131072 720896
65536 -65536
0 -524288
-131072 -327680
-65536 262144
0 262144
-131072 -327680
917504 393216
-524288 0
-131072 -327680
-131072 -458752
-65536 -65536
262144 -393216
0 327680
0 -393216
-131072 65536
-524288 327680
-131072 -655360
0 65536
65536 327680
0 -262144
65536 -65536
-983040 -196608
196608 -131072
131072 327680
-65536 393216
589824 -131072
-262144 327680
-458752 -196608
327680 -65536
-131072 458752
196608 -393216
131072 -393216
-65536 393216
-65536 -196608
327680 -393216
-196608 -131072
-196608 -262144
-262144 0
-393216 196608
-131072 0
524288 -327680
131072 -65536
-131072 -65536
-393216 -262144
-196608 393216
-655360 131072
-131072 -65536
458752 65536
262144 0
-262144 -131072
131072 65536
-458752 262144
-327680 196608
327680 -262144
65536 -131072
-131072 131072
65536 -524288
65536 131072
65536 327680
-655360 -393216
-262144 196608
65536 65536
-196608 -262144
0 131072
720896 -65536
-65536 -65536
-65536 327680
131072 0
-589824 -196608
-327680 131072
327680 -262144
-131072 -196608
196608 131072
131072 0
-196608 65536
-131072 131072
65536 -65536
-327680 -327680
-327680 -393216
65536 -65536
-262144 262144
0 327680
262144 -65536
131072 196608
-196608 -131072
-196608 -458752
-131072 65536
-131072 65536
0 0
196608 262144
65536 -65536
-65536 0
0 0
196608 -196608
-131072 -131072
-196608 -65536
0 -196608
-131072 65536
-65536 262144
0 -262144
65536 -65536
-65536 65536
-131072 0
0 -65536
-131072 0
-65536 196608
-131072 -196608
65536 -131072
0 0
-131072 -131072
-65536 0
131072 131072
65536 196608
0 -131072
-196608 -393216
-196608 196608
-131072 -65536
196608 -131072
131072 65536
-196608 -65536
-196608 -65536
65536 131072
-65536 131072
-262144 -65536
0 -196608
0 -131072
-131072 0
131072 -131072
-65536 131072
-65536 196608
327680 -65536
65536 -131072
-393216 -196608
-65536 -262144
-262144 65536
-131072 65536
-65536 393216
-65536 -196608
-65536 -131072
262144 131072
131072 -327680
-131072 0
-131072 0
-131072 -196608
-262144 393216
-65536 131072
-131072 -131072
-65536 -262144
0 -65536
0 65536
-65536 65536
0 393216
327680 131072
131072 -65536
-65536 0
-196608 -131072
-196608 0
-131072 -196608
458752 -393216
-196608 -196608
-393216 -196608
655360 -524288
-393216 196608
-655360 589824
262144 -131072
-589824 65536
-589824 458752
262144 -393216
0 -262144
-131072 262144
393216 -196608
-65536 131072
-65536 524288
131072 -131072
-458752 131072
196608 -131072
-196608 -65536
262144 -65536
327680 -458752
-262144 131072
65536 196608
196608 -524288
-131072 131072
-131072 196608
-262144 -524288
0 393216
-131072 196608
-393216 -393216
131072 -65536
-131072 -131072
-131072 -65536
0 -393216
-524288 65536
65536 720896
-65536 65536
262144 0
196608 -458752
-458752 196608
65536 -65536
-262144 -65536
0 262144
196608 -458752
-262144 0
-65536 131072
131072 393216
262144 -131072
393216 262144
-196608 196608
-65536 -131072
0 -196608
-131072 -393216
-196608 -393216
-458752 65536
196608 -131072
0 458752
-131072 393216
65536 -524288
-262144 -262144
0 -65536
-65536 262144
196608 393216
65536 -589824
-589824 -131072
-196608 0
-655360 393216
393216 -720896
1900544 0
524288 393216
-1703936 589824
-1572864 -1114112
786432 -65536
393216 458752
-1507328 131072
-589824 -1310720
3014656 2228224
12451840 -4784128
524288 2621440
-1966080 655360
-786432 -3014656
1900544 -2293760
-65536 2097152
262144 851968
-458752 131072
-983040 -1048576
-262144 -393216
-131072 -262144
458752 589824
393216 65536
-327680 -131072
-131072 -327680
-589824 589824
0 -655360
-196608 65536
131072 -65536
0 196608
-393216 -196608
0 262144
196608 393216
-327680 -65536
524288 131072
-131072 -262144
0 65536
-131072 -65536
196608 0
196608 -262144
-131072 -327680
65536 -524288
-262144 393216
-196608 -65536
65536 -196608
65536 131072
-131072 -589824
65536 65536
-262144 196608
-458752 -262144
262144 393216
-393216 -65536
65536 -262144
65536 131072
-524288 131072
524288 65536
-262144 458752
-327680 -196608
589824 -458752
-524288 196608
-65536 -131072
589824 65536
-131072 589824
0 -393216
262144 -262144
65536 196608
-393216 -720896
-327680 -393216
196608 458752
65536 327680
131072 -131072
327680 0
-393216 -131072
-524288 -524288
0 -65536
-131072 65536
65536 0
262144 0
65536 65536
-655360 -65536
-327680 65536
-196608 -262144
-131072 327680
589824 65536
65536 -131072
262144 196608
65536 -262144
-524288 65536
0 0
-262144 -589824
-327680 131072
131072 131072
-131072 -65536
131072 393216
458752 0
-196608 -131072
-131072 0
0 -262144
-393216 -131072
65536 131072
196608 0
-327680 -196608
131072 65536
0 -131072
-262144 -131072
131072 0
196608 0
-458752 -196608
-196608 -65536
131072 -65536
-524288 65536
0 -65536
262144 65536
-65536 393216
-65536 -65536
0 -327680
-131072 131072
-327680 -131072
0 -131072
262144 262144
65536 0
-65536 -65536
65536 65536
65536 65536
-65536 -65536
-65536 -327680
0 -196608
-196608 65536
-65536 -65536
65536 -131072
65536 131072
-196608 -65536
-196608 -131072
-131072 0
-196608 65536
-65536 0
-65536 -196608
65536 131072
0 131072
65536 -262144
0 -131072
-262144 0
-131072 0
131072 -65536
65536 65536
-131072 65536
-131072 -131072
196608 262144
-65536 -65536
-196608 -393216
0 -196608
-196608 65536
-262144 131072
196608 65536
131072 65536
-131072 131072
131072 -131072
0 -196608
-458752 131072
-65536 -131072
131072 -196608
-196608 196608
131072 -65536
196608 -262144
-262144 0
-65536 65536
-65536 65536
-327680 -65536
-131072 196608
0 -131072
-196608 -196608
65536 131072
196608 -524288
-196608 65536
-65536 327680
0 0
-262144 65536
-65536 -65536
-196608 -196608
-65536 -196608
-196608 0
-131072 262144
0 65536
196608 393216
262144 0
0 -524288
-131072 -262144
65536 327680
196608 -65536
-65536 -458752
-65536 -262144
-458752 65536
-131072 131072
589824 -262144
-589824 -393216
-262144 65536
655360 262144
-786432 -131072
-458752 -65536
196608 131072
-393216 458752
131072 0
458752 -262144
-589824 262144
131072 196608
327680 -327680
-524288 131072
327680 -393216
196608 -65536
0 262144
0 -262144
-65536 393216
65536 196608
-262144 -524288
-196608 -131072
-65536 131072
-131072 -393216
327680 -131072
-131072 -196608
-458752 -65536
131072 65536
-524288 131072
65536 393216
393216 65536
-393216 0
131072 -65536
-196608 -327680
131072 -327680
-393216 -262144
-327680 458752
589824 65536
0 327680
65536 0
-524288 -196608
-393216 262144
196608 131072
131072 -131072
65536 -393216
196608 -131072
-196608 -65536
-131072 0
-131072 458752
196608 -196608
0 -524288
-524288 -196608
131072 -262144
-327680 131072
-131072 131072
-65536 196608
-196608 0
-196608 -327680
65536 131072
458752 65536
-65536 131072
262144 262144
196608 65536
-1114112 196608
-589824 -1441792
327680 -458752
720896 720896
0 786432
-458752 -1245184
524288 65536
-589824 1507328
-2031616 65536
1769472 -2752512
10092544 -4128768
4456448 1703936
262144 -65536
-1245184 -1769472
-2424832 -917504
393216 65536
1245184 1048576
0 -720896
-458752 -65536
-524288 262144
-655360 327680
393216 -458752
327680 -131072
393216 -262144
-589824 65536
-196608 -524288
0 917504
-65536 196608
-196608 -393216
0 -131072
-65536 -196608
-65536 327680
-458752 65536
720896 65536
-262144 -131072
-65536 -65536
-196608 0
-458752 0
589824 196608
196608 0
0 -458752
0 0
-262144 65536
-196608 -458752
-196608 196608
131072 -393216
262144 -196608
-131072 196608
-458752 -196608
-131072 393216
-524288 -131072
262144 -458752
327680 65536
-786432 -131072
196608 -131072
-327680 393216
-262144 262144
589824 -65536
-327680 327680
-65536 -327680
262144 131072
-327680 327680
65536 -524288
196608 -131072
0 196608
0 -524288
65536 0
-327680 196608
-327680 -131072
262144 -327680
262144 262144
-196608 -131072
-196608 -524288
-196608 458752
-262144 262144
-65536 -327680
327680 65536
65536 0
-458752 -262144
-65536 -65536
-262144 65536
-393216 524288
458752 -65536
-65536 -65536
458752 196608
0 -655360
-196608 131072
65536 65536
-393216 -458752
-196608 327680
65536 -65536
-458752 -262144
65536 327680
327680 -65536
-262144 -131072
65536 65536
131072 -131072
-589824 -262144
65536 196608
393216 -65536
-196608 -196608
131072 196608
0 -196608
-262144 -196608
-65536 65536
-65536 -131072
-196608 -262144
131072 65536
65536 0
-393216 -65536
131072 0
-131072 -65536
-262144 65536
-131072 -131072
65536 0
131072 131072
-65536 -262144
-131072 65536
-65536 262144
-131072 -131072
-131072 -65536
131072 65536
65536 -65536
-131072 -65536
131072 65536
131072 -131072
-196608 -131072
-131072 65536
-65536 -65536
-65536 65536
0 -65536
-65536 -196608
-65536 -131072
-65536 131072
65536 0
0 -196608
-131072 131072
-131072 131072
0 -65536
-65536 65536
0 -131072
-131072 -196608
-196608 0
0 0
65536 -196608
65536 65536
-65536 262144
-131072 -65536
65536 -65536
-131072 -65536
-393216 -131072
-65536 -65536
65536 0
-131072 0
0 -65536
196608 65536
-196608 131072
0 -131072
131072 -262144
-131072 262144
-262144 131072
65536 -262144
0 0
65536 -131072
-65536 -262144
-262144 -131072
65536 -196608
0 131072
-262144 131072
-196608 262144
0 65536
65536 -131072
0 -196608
0 -524288
-131072 65536
65536 0
65536 -196608
-262144 327680
-131072 196608
-327680 -65536
-65536 -196608
131072 -196608
-65536 131072
0 -131072
262144 0
196608 131072
-262144 196608
-131072 131072
458752 131072
131072 -327680
-458752 -655360
131072 -262144
-458752 131072
-393216 -131072
1048576 -262144
-262144 196608
-917504 65536
589824 -65536
-589824 393216
-720896 0
262144 -458752
-131072 393216
0 131072
655360 -589824
-131072 327680
-196608 262144
0 -65536
-393216 589824
65536 -393216
0 -262144
262144 0
393216 -458752
65536 -65536
0 -131072
-393216 -131072
-262144 524288
0 131072
65536 -524288
65536 -196608
-458752 -327680
-524288 -65536
262144 65536
-131072 196608
262144 -65536
196608 -393216
-262144 327680
-131072 131072
-720896 196608
262144 0
196608 0
-65536 -65536
393216 -851968
-65536 196608
-196608 65536
-393216 262144
65536 393216
327680 0
-131072 -262144
131072 -327680
262144 131072
-458752 65536
196608 -131072
131072 65536
-131072 -327680
-327680 -458752
-327680 -262144
327680 65536
-196608 917504
65536 -131072
196608 65536
-458752 196608
-262144 -458752
0 -589824
65536 -262144
-131072 458752
327680 65536
65536 327680
-917504 458752
-786432 -655360
524288 -786432
1572864 262144
-262144 196608
-1376256 -983040
327680 589824
-524288 2031616
-655360 -1376256
9699328 -1048576
1441792 -1507328
1179648 -3211264
589824 1638400
-1703936 2621440
-1245184 -1179648
983040 -1114112
655360 -786432
65536 -131072
-458752 262144
327680 917504
-655360 327680
-65536 -196608
-262144 -196608
0 -524288
-131072 196608
262144 262144
196608 -393216
-262144 327680
-458752 -524288
-65536 65536
-458752 -65536
393216 196608
0 393216
-196608 -65536
65536 -196608
-262144 -131072
131072 196608
65536 65536
393216 -393216
65536 131072
-458752 131072
196608 -589824
-65536 458752
65536 -131072
65536 -196608
-131072 196608
-589824 -589824
131072 131072
-262144 -327680
-65536 -65536
524288 262144
-393216 -327680
0 -196608
-589824 589824
-655360 65536
720896 -327680
-65536 131072
0 -262144
262144 0
-262144 524288
196608 -196608
0 -65536
-589824 327680
65536 -393216
262144 -131072
196608 0
0 -196608
0 -65536
-393216 131072
-393216 -65536
-131072 -524288
131072 196608
0 0
196608 -131072
393216 327680
-131072 -196608
-917504 -458752
-196608 0
0 0
-196608 262144
327680 0
0 0
327680 524288
-65536 -327680
-327680 65536
196608 -196608
-196608 -458752
-196608 327680
131072 -131072
-65536 -393216
-65536 458752
0 -131072
-262144 -131072
65536 196608
0 -196608
-196608 -262144
262144 524288
65536 0
-196608 -196608
327680 65536
-131072 -327680
-327680 -65536
131072 0
0 -65536
-327680 0
65536 65536
131072 -65536
-196608 0
196608 -131072
-65536 -131072
-327680 131072
-262144 -196608
0 65536
0 262144
-131072 -65536
262144 0
262144 65536
-262144 -131072
-262144 65536
65536 65536
-196608 -65536
-196608 -65536
262144 65536
131072 -131072
-65536 0
131072 0
-65536 -196608
-262144 65536
-65536 -65536
0 -262144
-65536 -65536
-196608 65536
-65536 0
0 0
0 65536
-65536 -131072
-131072 -131072
-65536 65536
131072 -131072
-196608 -131072
-131072 65536
65536 65536
0 65536
-131072 -65536
-196608 -131072
65536 0
196608 65536
-131072 -196608
0 -65536
-65536 0
-327680 0
-131072 -131072
131072 -65536
-131072 131072
0 0
262144 65536
-65536 262144
-65536 -65536
0 -393216
-131072 0
-65536 131072
131072 -131072
-262144 -131072
-131072 0
196608 0
-131072 65536
-196608 -262144
0 -65536
-65536 0
-262144 131072
0 0
0 -65536
-131072 -65536
0 -196608
65536 131072
-131072 -196608
-65536 -262144
-65536 131072
65536 131072
-327680 262144
-327680 0
0 -65536
65536 196608
65536 -131072
0 -131072
131072 0
262144 0
196608 -131072
131072 0
131072 -65536
-589824 -196608
0 -262144
-262144 0
-655360 131072
589824 -655360
131072 -393216
-458752 262144
131072 65536
-196608 196608
-327680 262144
-524288 -65536
-458752 524288
524288 131072
589824 -851968
-393216 -65536
131072 262144
131072 131072
-393216 524288
262144 -196608
-131072 65536
-131072 65536
262144 -524288
-65536 0
-524288 65536
0 -131072
458752 262144
0 -393216
-262144 -524288
131072 0
-655360 0
-458752 458752
458752 0
-196608 0
0 0
-196608 -262144
131072 131072
0 -327680
-393216 327680
196608 -196608
-131072 -131072
-131072 131072
0 -196608
65536 458752
65536 0
-196608 65536
-65536 -196608
327680 -65536
-131072 0
-65536 -589824
131072 327680
196608 262144
65536 -196608
-458752 0
0 -262144
-327680 -131072
-131072 0
196608 -393216
-196608 131072
-65536 -196608
131072 196608
65536 131072
-393216 -262144
-589824 -65536
196608 0
131072 196608
720896 -720896
524288 458752
-786432 524288
-1048576 -262144
-196608 -524288
655360 -65536
-524288 -458752
131072 0
917504 1114112
-983040 720896
10878976 720896
-1900544 -262144
1048576 -2293760
2031616 524288
786432 917504
-983040 655360
-655360 -1310720
-589824 -131072
-655360 -65536
262144 196608
458752 -589824
786432 327680
-196608 -393216
-917504 327680
-131072 0
131072 196608
65536 -983040
-524288 131072
-393216 0
-131072 393216
0 262144
262144 65536
262144 -131072
-458752 131072
589824 -131072
-589824 131072
196608 -65536
196608 65536
-65536 -131072
65536 -65536
-327680 65536
65536 -131072
-131072 0
327680 -393216
131072 -458752
-196608 589824
-524288 -262144
0 131072
-65536 65536
-65536 -262144
262144 65536
-458752 0
196608 -393216
-131072 196608
-720896 -262144
458752 196608
-65536 524288
-262144 -196608
327680 -131072
-393216 655360
-131072 -262144
262144 -327680
-262144 -65536
0 -196608
0 458752
196608 393216
327680 -458752
196608 -458752
-524288 -65536
-393216 0
-131072 -262144
131072 720896
0 -65536
458752 -393216
0 65536
-262144 -131072
-524288 -327680
65536 196608
-262144 0
-393216 262144
524288 -262144
0 -65536
-393216 589824
0 -196608
65536 0
131072 196608
-327680 -589824
65536 131072
131072 -65536
-131072 0
0 262144
0 -393216
-655360 0
-65536 262144
131072 -327680
-65536 -65536
131072 262144
131072 -131072
-196608 0
131072 262144
-196608 -262144
-262144 -65536
65536 -65536
0 -196608
-131072 -196608
196608 65536
65536 131072
-131072 0
196608 -65536
-196608 -196608
-393216 -262144
-196608 -393216
-131072 196608
0 327680
131072 -65536
196608 131072
-131072 0
-262144 -262144
-65536 0
-65536 -65536
-262144 0
65536 131072
196608 131072
-131072 0
-65536 65536
196608 -65536
-65536 -196608
-65536 -65536
-65536 -65536
-131072 -65536
0 65536
-131072 0
-131072 -131072
0 0
65536 131072
-65536 -131072
-196608 -65536
0 131072
-65536 0
-196608 -131072
0 -65536
-131072 131072
0 131072
65536 -131072
65536 0
-65536 0
-196608 -262144
-131072 0
131072 196608
-131072 -131072
0 -131072
65536 131072
-262144 131072
-262144 -196608
65536 -131072
-65536 65536
-131072 -131072
196608 -131072
-65536 196608
-65536 0
65536 0
-131072 327680
-65536 0
196608 -458752
-131072 -65536
-393216 -131072
-65536 -131072
0 131072
-65536 -131072
0 65536
65536 131072
-131072 196608
-65536 -131072
-65536 0
-131072 65536
-65536 -524288
-65536 -65536
-65536 -65536
0 -65536
-131072 262144
0 -65536
-262144 327680
-196608 131072
131072 -196608
65536 65536
-131072 -393216
0 -65536
131072 393216
-65536 65536
0 -131072
458752 -65536
131072 -393216
-327680 -393216
131072 0
-327680 -262144
-720896 65536
393216 262144
-393216 -262144
-327680 -196608
720896 -131072
-589824 131072
-458752 0
262144 196608
-65536 589824
65536 -196608
262144 -589824
-393216 327680
196608 -131072
65536 65536
-327680 786432
262144 -458752
196608 -65536
-65536 0
65536 -720896
131072 -262144
-262144 131072
-65536 0
196608 327680
-458752 -196608
-327680 -327680
262144 0
-393216 -327680
65536 65536
131072 -131072
-524288 131072
262144 262144
-262144 -131072
262144 65536
-131072 -262144
-589824 131072
393216 65536
-131072 458752
131072 -393216
0 -458752
0 131072
-262144 65536
-196608 655360
0 65536
327680 -65536
-131072 65536
262144 -524288
-393216 -131072
0 -196608
65536 -196608
-262144 196608
65536 -65536
-131072 -131072
-65536 -393216
-524288 196608
-262144 196608
655360 -196608
262144 393216
65536 196608
-589824 196608
-196608 -327680
-327680 -131072
-196608 0
327680 -786432
589824 -131072
65536 786432
-917504 393216
-786432 -262144
851968 -851968
-327680 -983040
327680 -131072
-1114112 2162688
11141120 1507328
196608 458752
-589824 1310720
-2031616 -2228224
720896 -1376256
1900544 -65536
-196608 917504
-589824 0
-262144 589824
-65536 -262144
-262144 -786432
327680 -851968
-393216 -131072
-393216 -196608
-458752 1114112
196608 -196608
-196608 262144
0 -458752
-131072 -262144
65536 458752
-262144 262144
262144 262144
-655360 65536
327680 -524288
-131072 0
196608 -131072
-131072 589824
65536 0
327680 -393216
-524288 -65536
-131072 -327680
65536 -327680
65536 524288
-65536 -131072
-327680 589824
-196608 -655360
-65536 -131072
131072 131072
-327680 -655360
524288 393216
65536 131072
-262144 -393216
-131072 65536
-655360 -524288
196608 131072
-262144 589824
-65536 -65536
524288 -327680
-524288 262144
-196608 -327680
393216 0
-655360 327680
-196608 0
327680 -65536
131072 262144
0 -131072
196608 -196608
-196608 -262144
-524288 -327680
-262144 -262144
196608 589824
262144 -196608
262144 0
-131072 327680
-131072 -393216
-524288 -589824
-131072 131072
65536 -131072
0 327680
589824 -131072
-262144 0
-393216 327680
-65536 -589824
-327680 0
262144 393216
196608 -327680
196608 458752
0 -65536
-65536 -262144
-131072 65536
-131072 -327680
-393216 -393216
65536 0
65536 -65536
-65536 196608
196608 327680
-131072 0
-262144 -65536
262144 65536
-327680 -393216
-131072 -131072
393216 0
0 65536
-196608 0
262144 131072
-196608 -65536
-393216 -131072
327680 -131072
0 -262144
-196608 -131072
-65536 -262144
-131072 0
-196608 196608
-196608 65536
196608 131072
131072 -65536
-262144 -196608
-131072 -65536
-65536 -196608
-262144 262144
65536 131072
196608 -131072
-131072 65536
-65536 65536
65536 -131072
-65536 -65536
-131072 -65536
-65536 -262144
0 0
131072 65536
-65536 -65536
-65536 -65536
0 65536
-131072 65536
-262144 -327680
0 -65536
-131072 131072
-196608 -131072
131072 0
196608 131072
-262144 -65536
-131072 -131072
-65536 131072
-131072 196608
0 -196608
0 -196608
-131072 131072
-131072 -131072
0 -196608
327680 262144
-131072 -131072
-131072 -327680
-65536 65536
-65536 262144
-262144 -65536
131072 -131072
-65536 131072
-65536 0
196608 -196608
-131072 196608
-262144 131072
327680 -262144
131072 0
-131072 65536
-65536 -262144
-196608 0
-262144 131072
-65536 65536
-196608 0
0 -262144
196608 -196608
262144 -196608
-262144 262144
-131072 65536
0 -65536
-196608 262144
-196608 -196608
0 -131072
-131072 -327680
131072 -393216
65536 196608
-131072 65536
-393216 524288
-131072 262144
0 -327680
196608 131072
-131072 -327680
-131072 -393216
262144 327680
393216 262144
-65536 -327680
65536 -196608
-327680 -131072
-524288 65536
589824 -131072
-327680 -196608
-1114112 -65536
786432 -131072
393216 0
-786432 -196608
65536 -458752
-327680 786432
-327680 589824
-65536 -327680
-196608 262144
-131072 0
262144 -655360
131072 131072
393216 -262144
0 65536
-131072 983040
131072 -196608
-131072 -131072
-196608 -262144
-131072 -524288
-65536 -65536
-196608 -65536
131072 -131072
458752 131072
-393216 -262144
-327680 -131072
196608 0
-851968 0
-131072 196608
131072 196608
0 131072
393216 -196608
-327680 -262144
262144 -458752
-196608 0
-720896 589824
524288 -196608
0 327680
-131072 -393216
-393216 -65536
-65536 65536
-65536 131072
327680 262144
262144 -524288
65536 -65536
-524288 -131072
262144 -327680
-327680 196608
-65536 -131072
196608 -65536
-196608 0
0 -131072
-327680 196608
-327680 -196608
-196608 458752
-262144 -65536
262144 -458752
393216 196608
524288 -393216
-655360 131072
-327680 0
-196608 851968
0 -458752
65536 -1114112
524288 -458752
-327680 262144
-262144 327680
-65536 393216
-917504 -917504
-1048576 -327680
-65536 1376256
8388608 1179648
1507328 -983040
589824 2359296
-1966080 589824
-131072 -1114112
786432 -983040
131072 262144
131072 -65536
262144 -589824
-589824 -458752
-196608 655360
-393216 0
131072 131072
0 0
-262144 -131072
-262144 -393216
0 -65536
-65536 -327680
0 524288
-524288 -65536
-65536 196608
-131072 65536
393216 -65536
196608 196608
-196608 196608
458752 -65536
-458752 -327680
0 -131072
-327680 -65536
-65536 -65536
262144 65536
-131072 327680
0 -524288
-131072 327680
0 -458752
-262144 -196608
196608 327680
-131072 -524288
196608 262144
-524288 -65536
-65536 -196608
589824 -65536
-589824 -196608
131072 -131072
-131072 0
-393216 0
458752 65536
-327680 393216
-327680 -262144
131072 0
-589824 196608
65536 -327680
196608 196608
-65536 458752
262144 -458752
327680 -131072
-327680 -65536
-524288 -196608
131072 -131072
0 458752
0 0
393216 -196608
65536 -65536
-196608 -393216
-393216 -131072
65536 393216
-65536 -131072
-458752 131072
524288 -131072
-65536 -196608
-327680 65536
-65536 -393216
-196608 327680
-65536 458752
-65536 -327680
65536 262144
262144 -131072
-131072 -196608
0 196608
131072 -458752
-393216 -262144
-131072 196608
0 -196608
-262144 0
196608 327680
131072 -196608
-131072 65536
-65536 327680
-196608 -393216
0 0
0 131072
-131072 -131072
65536 -196608
262144 196608
-131072 -65536
-131072 -196608
196608 65536
-327680 -65536
0 -262144
131072 -262144
-131072 65536
-196608 -65536
-131072 -65536
0 196608
-262144 65536
-196608 -65536
262144 -131072
-131072 -131072
-327680 65536
65536 65536
65536 196608
-196608 65536
-65536 -196608
65536 0
-131072 0
65536 -65536
196608 -196608
-131072 0
-196608 65536
65536 65536
65536 0
-196608 -65536
-131072 -65536
65536 -131072
-131072 65536
-131072 -65536
-65536 -131072
0 196608
-65536 0
-65536 -131072
65536 0
-131072 -65536
-196608 -196608
0 0
0 262144
0 0
0 -327680
0 262144
-131072 65536
-131072 -458752
65536 -65536
-262144 0
-196608 -65536
65536 65536
65536 196608
-196608 0
65536 -131072
0 65536
-262144 -65536
0 -327680
0 262144
-65536 262144
262144 -65536
65536 -65536
-196608 -65536
131072 -262144
-196608 0
-327680 -65536
0 -65536
-196608 327680
-196608 65536
196608 -131072
196608 -262144
0 0
0 0
-65536 -65536
-131072 327680
-131072 -196608
-131072 -131072
-327680 65536
-196608 -196608
0 0
65536 65536
65536 327680
131072 196608
-65536 -196608
0 131072
-262144 -131072
-262144 0
262144 262144
393216 -327680
-131072 -524288
131072 65536
0 -131072
-262144 65536
458752 -327680
-262144 -327680
-1048576 393216
131072 0
-65536 -524288
-327680 -65536
131072 -65536
-65536 262144
393216 131072
-65536 -65536
-393216 458752
-131072 65536
0 -262144
-196608 131072
196608 -327680
65536 65536
65536 589824
524288 -524288
65536 196608
-327680 -65536
-65536 -655360
-65536 131072
-196608 0
65536 -393216
262144 0
-589824 -131072
-196608 196608
262144 -131072
-524288 0
327680 65536
-131072 -196608
-65536 0
-65536 -196608
-524288 393216
65536 -131072
0 -65536
-131072 196608
393216 -262144
-131072 65536
-262144 -393216
-196608 327680
-65536 327680
393216 -65536
0 65536
0 -524288
-65536 458752
-196608 -131072
196608 -196608
-262144 -65536
196608 -524288
-65536 -262144
-327680 65536
65536 131072
-131072 262144
65536 -131072
-262144 458752
0 -327680
-65536 -458752
196608 0
-131072 327680
-65536 65536
262144 -196608
393216 196608
-458752 -131072
-851968 -655360
65536 -327680
851968 655360
0 786432
-720896 -655360
-1703936 -327680
-589824 196608
3604480 1638400
-196608 65536
1441792 -655360
2097152 131072
-131072 -458752
-1703936 1179648
-589824 -589824
327680 65536
-196608 -589824
589824 -131072
131072 327680
-65536 262144
-131072 -589824
-327680 -196608
-262144 -458752
-262144 196608
0 -589824
0 393216
0 327680
-327680 262144
0 -131072
-196608 -327680
131072 65536
-393216 262144
524288 0
-458752 327680
131072 65536
-262144 -196608
-131072 65536
458752 -196608
-65536 131072
196608 -524288
-262144 131072
65536 0
-327680 -393216
-131072 327680
-65536 -327680
65536 262144
65536 65536
-65536 -589824
0 131072
-262144 -196608
196608 -327680
0 393216
-524288 -65536
196608 -65536
-262144 131072
-262144 -196608
393216 -196608
-458752 131072
0 -327680
524288 196608
-131072 262144
-262144 -196608
-65536 0
-262144 196608
0 -327680
393216 -327680
-65536 327680
131072 -65536
65536 -196608
-393216 196608
-131072 -393216
-327680 -262144
131072 65536
327680 -65536
-65536 131072
524288 -65536
-393216 -327680
-655360 196608
-131072 -524288
-262144 -65536
-131072 196608
131072 0
196608 458752
327680 0
-196608 -196608
-393216 65536
-196608 -393216
-131072 -65536
65536 0
65536 -262144
-131072 131072
196608 327680
-131072 -131072
-262144 65536
196608 0
-196608 -393216
-196608 196608
262144 65536
-65536 -65536
-65536 65536
131072 131072
-65536 -327680
-65536 -131072
131072 65536
-262144 -262144
-65536 0
65536 131072
65536 0
-65536 -327680
-131072 -131072
-131072 65536
-262144 -131072
-131072 131072
65536 65536
0 -131072
0 65536
0 0
-196608 -65536
-65536 131072
131072 65536
-65536 -131072
-196608 -65536
131072 131072
131072 -196608
-196608 -131072
65536 0
0 0
-131072 -131072
0 0
65536 -65536
-65536 -262144
-196608 -65536
0 0
-131072 0
-196608 0
0 -131072
0 131072
-65536 65536
131072 -196608
0 -65536
-196608 65536
-196608 0
65536 -131072
0 0
-131072 131072
-131072 -65536
65536 0
65536 0
-196608 -327680
65536 -65536
-131072 0
-65536 0
131072 -65536
-131072 131072
-196608 262144
65536 -65536
65536 -65536
-262144 0
0 -196608
0 65536
-131072 65536
327680 -196608
196608 0
-524288 131072
-65536 -393216
65536 65536
-327680 131072
-131072 -131072
131072 131072
-65536 -65536
262144 -262144
0 -262144
-196608 -65536
-196608 0
0 0
-65536 327680
-131072 0
-131072 -131072
-65536 -65536
-65536 -262144
-65536 0
-131072 65536
-65536 327680
131072 131072
-131072 -131072
0 327680
0 0
262144 -327680
262144 -65536
-196608 -65536
-327680 -262144
196608 131072
-65536 -196608
-458752 -131072
524288 0
-327680 -196608
-655360 -65536
458752 0
-589824 131072
-393216 -262144
524288 -393216
-655360 458752
65536 131072
327680 -262144
-262144 458752
-327680 196608
131072 0
-65536 196608
131072 -589824
196608 0
65536 589824
-65536 -524288
0 131072
-327680 -65536
-65536 -458752
196608 0
65536 -393216
0 -327680
65536 196608
-720896 -131072
-65536 327680
65536 -65536
-524288 -131072
196608 -65536
-458752 0
262144 65536
131072 -262144
-196608 0
589824 -65536
-458752 262144
-327680 -262144
-262144 131072
-327680 458752
0 -327680
327680 65536
65536 -196608
-65536 -131072
-131072 131072
393216 -196608
-393216 393216
131072 -524288
655360 -327680
-524288 262144
-327680 -131072
-131072 65536
-65536 -262144
65536 0
-262144 -327680
196608 -327680
-327680 917504
-65536 65536
-131072 65536
393216 -327680
-196608 262144
-524288 -131072
393216 -196608
262144 262144
-589824 0
0 -524288
0 -720896
327680 -131072
65536 327680
-393216 65536
-262144 458752
2162688 1572864
458752 2293760
-655360 -1703936
1048576 -1769472
131072 131072
-524288 1048576
65536 589824
0 -655360
262144 -1048576
262144 131072
-458752 0
-196608 -65536
-524288 -131072
131072 131072
196608 0
-65536 -196608
-196608 65536
131072 196608
-655360 -589824
393216 262144
-327680 -65536
-131072 131072
-589824 131072
393216 196608
-196608 131072
0 -131072
524288 -524288
-262144 65536
0 65536
-262144 327680
65536 -393216
-131072 -131072
-65536 262144
0 -589824
65536 393216
65536 -65536
-196608 -65536
131072 196608
-262144 -655360
196608 393216
-327680 -131072
-131072 0
196608 262144
-458752 -458752
393216 -196608
-262144 0
-655360 -65536
262144 0
-131072 393216
0 -262144
0 131072
-262144 196608
65536 -655360
65536 -131072
-524288 262144
0 -65536
655360 196608
-65536 393216
-131072 -589824
-65536 -262144
-524288 196608
65536 -327680
-65536 -131072
131072 524288
196608 0
-458752 -196608
393216 -65536
-131072 -393216
-524288 -131072
262144 -589824
-262144 458752
-131072 524288
65536 -524288
-65536 262144
65536 393216
-196608 -131072
0 -196608
196608 -393216
-327680 65536
196608 65536
131072 -131072
-131072 65536
-65536 0
-196608 -262144
-262144 196608
65536 65536
-131072 -393216
65536 65536
0 196608
-196608 65536
131072 -65536
196608 131072
-327680 -131072
-131072 -196608
196608 0
-327680 -196608
65536 0
196608 65536
-65536 196608
-65536 -131072
0 -196608
-131072 -131072
-458752 -262144
-262144 -65536
131072 131072
65536 131072
-131072 131072
65536 -196608
-131072 65536
-262144 131072
-65536 -262144
-65536 -196608
-65536 262144
65536 65536
0 -65536
0 262144
65536 0
-196608 -327680
-65536 0
-65536 0
-65536 -196608
-65536 -65536
0 0
-65536 -131072
-131072 -65536
65536 -65536
0 65536
-196608 0
-65536 -131072
0 -65536
-196608 0
-65536 -131072
-65536 -65536
0 196608
65536 65536
0 -131072
-196608 -65536
0 131072
0 -65536
65536 -65536
0 -131072
-327680 -327680
0 0
-65536 0
-196608 0
65536 65536
65536 65536
0 65536
65536 -196608
-65536 -65536
-262144 131072
-65536 -131072
65536 196608
-196608 196608
0 -393216
327680 -262144
-196608 262144
-131072 -196608
0 -131072
-196608 131072
-131072 -65536
-65536 327680
-196608 65536
131072 -327680
0 -196608
0 0
131072 -262144
-131072 -196608
-131072 262144
-65536 0
-262144 65536
-327680 0
-196608 -262144
0 0
327680 65536
196608 262144
-65536 -131072
-327680 65536
196608 524288
0 65536
-131072 -458752
65536 -262144
65536 0
-65536 -262144
327680 -131072
0 -65536
-720896 65536
524288 -131072
0 0
-1179648 -65536
65536 -589824
-196608 327680
-524288 262144
327680 -524288
65536 393216
196608 131072
0 -327680
-393216 393216
-327680 262144
65536 0
-131072 196608
131072 -589824
327680 0
262144 196608
131072 -458752
-65536 458752
-262144 -131072
0 -327680
65536 196608
-524288 -655360
-65536 -262144
196608 196608
-393216 0
327680 262144
65536 0
-393216 -65536
0 -131072
-524288 65536
131072 -131072
-65536 0
-524288 65536
589824 -131072
-262144 393216
65536 -262144
-262144 -131072
-196608 262144
65536 -393216
-196608 262144
0 -131072
0 393216
-196608 -262144
524288 -65536
-65536 65536
-196608 -524288
262144 -524288
-196608 196608
-131072 327680
-262144 524288
65536 -655360
-327680 65536
-458752 0
65536 0
524288 327680
-65536 -327680
-458752 -262144
-262144 -262144
65536 196608
0 65536
458752 0
131072 65536
65536 65536
-917504 -393216
-458752 -655360
65536 196608
589824 -327680
655360 -262144
2752512 -851968
1048576 720896
-262144 -262144
327680 655360
-917504 786432
0 -2228224
917504 -131072
0 -262144
-589824 458752
-851968 -196608
524288 196608
196608 393216
-327680 393216
-262144 -786432
65536 0
196608 -131072
-327680 327680
-131072 -786432
-65536 327680
-393216 -393216
327680 196608
131072 131072
-131072 0
-65536 0
-524288 -196608
589824 -262144
-786432 -65536
131072 -131072
-131072 196608
196608 327680
0 -131072
-262144 262144
131072 -393216
-131072 262144
0 -196608
65536 -262144
0 393216
-589824 -720896
0 262144
-131072 -262144
0 -262144
458752 327680
0 -196608
131072 -327680
-458752 131072
-786432 -327680
131072 -65536
-262144 458752
-65536 -196608
655360 -262144
-131072 327680
-196608 -327680
-131072 -196608
-524288 0
-131072 131072
393216 262144
65536 196608
327680 -393216
0 -262144
-786432 -196608
-131072 -65536
-65536 65536
196608 393216
393216 -393216
-327680 65536
393216 131072
-393216 -589824
-524288 -65536
327680 -131072
-327680 0
131072 131072
65536 -393216
-327680 524288
-65536 65536
-262144 -393216
-131072 0
327680 0
-196608 -65536
0 65536
65536 65536
-131072 -65536
-65536 -196608
-196608 -393216
-196608 -196608
131072 0
-131072 65536
65536 327680
-65536 131072
-262144 -65536
0 0
131072 0
-131072 -524288
131072 -65536
131072 65536
-393216 -196608
0 196608
-65536 65536
-196608 -65536
131072 -262144
65536 -131072
0 -262144
-262144 -327680
-65536 65536
-131072 65536
-393216 0
-65536 196608
196608 -196608
-196608 -131072
-131072 -131072
0 -196608
-196608 65536
-131072 131072
0 -131072
-196608 65536
65536 262144
65536 -196608
0 -131072
0 65536
-131072 -262144
-65536 -131072
0 0
0 0
-65536 -65536
-196608 65536
0 65536
-65536 -131072
-196608 -262144
-131072 -65536
-65536 65536
-65536 0
65536 -131072
-131072 0
-196608 131072
131072 65536
0 -65536
-131072 -131072
-131072 -196608
-131072 -65536
0 65536
-65536 -131072
0 0
65536 131072
-327680 -131072
-65536 -131072
-65536 -65536
-196608 -131072
65536 -131072
0 131072
-65536 131072
0 -65536
-65536 0
-196608 196608
65536 -65536
196608 -262144
-131072 -65536
-196608 -65536
-65536 -196608
-327680 131072
-65536 -196608
65536 -65536
-131072 131072
0 -196608
196608 196608
-196608 0
-131072 -196608
0 -131072
-65536 -65536
-131072 -458752
-65536 -131072
65536 327680
65536 -65536
-196608 65536
-262144 196608
-262144 -131072
-262144 0
131072 -458752
0 65536
-196608 196608
0 196608
458752 589824
131072 -65536
0 -393216
0 -196608
-327680 -196608
-262144 -262144
196608 65536
-65536 -262144
-327680 65536
327680 -65536
196608 -327680
-393216 196608
-393216 -262144
-786432 131072
65536 393216
393216 -524288
-327680 -131072
65536 -393216
196608 0
-262144 655360
-327680 196608
65536 196608
-327680 327680
0 -655360
393216 -262144
-262144 -262144
-65536 -393216
262144 851968
-65536 -65536
65536 -393216
327680 262144
-458752 -851968
-196608 -65536
0 262144
-589824 -65536
196608 -65536
-393216 65536
131072 -65536
65536 -262144
-262144 65536
262144 -65536
-196608 131072
-131072 -65536
327680 -131072
-393216 0
-65536 -393216
-458752 262144
-393216 458752
393216 -131072
196608 131072
393216 -786432
-131072 196608
-131072 -131072
65536 327680
-458752 65536
-196608 -458752
131072 -65536
65536 -393216
262144 65536
-327680 65536
131072 -196608
-589824 131072
327680 -393216
0 65536
-131072 -262144
-327680 262144
-131072 393216
-131072 -262144
-65536 65536
131072 -524288
655360 -131072
-393216 524288
-262144 196608
-393216 -327680
196608 65536
-458752 -393216
-196608 -720896
3604480 -3276800
-524288 131072
1048576 131072
393216 327680
-458752 -196608
-524288 -196608
-65536 -524288
196608 196608
-393216 524288
-655360 262144
262144 -851968
262144 -393216
589824 393216
-851968 262144
-196608 -458752
393216 458752
196608 -393216
-589824 262144
458752 -458752
-196608 -196608
-65536 196608
-720896 -458752
393216 -65536
-589824 131072
524288 0
-327680 196608
-65536 196608
-458752 131072
-65536 0
393216 -655360
65536 327680
-131072 -327680
-196608 262144
0 393216
-131072 -393216
-65536 262144
196608 -851968
131072 65536
-196608 327680
-458752 -262144
131072 524288
-131072 -327680
65536 -458752
131072 -196608
-720896 -589824
0 458752
-131072 458752
0 65536
589824 -131072
-589824 0
-327680 -589824
0 0
-393216 196608
-196608 -65536
458752 196608
0 524288
131072 -524288
-131072 -393216
-655360 0
0 0
0 -196608
0 458752
196608 0
-327680 -65536
327680 -196608
-327680 -393216
-262144 -65536
393216 -327680
-458752 0
-196608 393216
393216 -458752
0 0
-393216 0
-458752 -131072
65536 65536
196608 196608
-589824 -65536
196608 0
524288 -131072
-196608 0
65536 -131072
131072 -196608
-458752 131072
-196608 131072
-65536 -262144
-131072 196608
-196608 65536
-65536 -196608
131072 65536
65536 196608
-196608 -393216
-65536 -131072
0 65536
-196608 -65536
196608 65536
65536 -65536
-65536 65536
0 -65536
-65536 -65536
0 -65536
-131072 -327680
131072 -65536
0 -131072
-262144 131072
-65536 131072
0 -196608
-327680 65536
0 -65536
-65536 -327680
-262144 0
0 196608
-65536 0
-65536 65536
65536 65536
-262144 -131072
0 0
131072 65536
-131072 -196608
0 0
-131072 131072
-131072 65536
0 -262144
-65536 -65536
-131072 -65536
-65536 -131072
131072 -65536
-65536 0
-262144 -65536
-65536 131072
65536 0
-131072 -65536
-65536 -262144
-131072 0
-131072 131072
65536 -65536
0 -65536
-131072 0
-131072 -131072
-65536 -131072
131072 65536
-65536 -65536
-196608 -262144
65536 65536
-196608 -131072
-131072 -65536
-65536 65536
-131072 65536
0 -262144
131072 65536
-65536 131072
-65536 -131072
-65536 0
-65536 262144
131072 -131072
0 -196608
-393216 -131072
0 -196608
262144 -65536
-196608 196608
-196608 -327680
65536 -65536
0 262144
-131072 -131072
-65536 0
-262144 131072
-65536 -196608
196608 -131072
-131072 -65536
-196608 -327680
0 -327680
-65536 262144
-262144 -65536
-262144 131072
-262144 262144
131072 -65536
-196608 -65536
-65536 -262144
-65536 131072
-196608 196608
0 -131072
393216 393216
131072 65536
-131072 -655360
131072 -65536
-131072 0
-327680 -196608
393216 65536
-196608 -262144
-524288 -262144
524288 65536
-131072 -196608
-458752 -393216
131072 -65536
-655360 917504
131072 65536
393216 -786432
-458752 393216
-196608 -196608
65536 -262144
-65536 524288
-327680 196608
131072 131072
0 393216
196608 -589824
458752 -262144
-262144 -131072
-131072 -65536
393216 655360
-131072 -458752
65536 -393216
-65536 131072
-786432 -589824
0 0
327680 262144
-262144 0
393216 65536
-327680 -65536
65536 -196608
-393216 -196608
-655360 0
589824 65536
-458752 393216
0 -524288
262144 -65536
-196608 393216
-196608 -327680
-262144 458752
0 0
65536 -131072
-393216 -196608
327680 -524288
-393216 131072
262144 131072
589824 327680
-262144 -65536
-65536 -589824
65536 0
-196608 -589824
131072 458752
-393216 196608
393216 -65536
-524288 131072
-196608 -393216
-131072 196608
65536 -262144
-196608 393216
0 131072
-524288 65536
-131072 -524288
196608 -393216
-262144 524288
196608 196608
917504 -393216
65536 -458752
-524288 0
-1572864 720896
3473408 -3670016
-65536 393216
655360 786432
-1507328 -1245184
0 -1048576
851968 983040
-589824 -65536
0 -131072
786432 -393216
327680 65536
-1179648 -65536
-458752 -327680
0 65536
917504 589824
-458752 -393216
-262144 -720896
262144 -458752
65536 393216
-720896 -131072
262144 655360
-589824 -131072
262144 -65536
-589824 -196608
65536 -131072
0 262144
-393216 131072
589824 -196608
-327680 196608
131072 -458752
-524288 0
-262144 0
458752 131072
65536 196608
196608 -458752
-65536 524288
-196608 -589824
-589824 -196608
-131072 196608
65536 -524288
524288 524288
65536 -131072
-196608 -262144
0 131072
-524288 -327680
196608 -196608
-327680 65536
0 196608
524288 -131072
-589824 196608
-393216 -393216
131072 -196608
-65536 0
-65536 65536
458752 262144
-458752 262144
-196608 -327680
65536 65536
-393216 -262144
65536 -327680
0 0
0 458752
458752 0
-524288 -262144
0 196608
-196608 -393216
-262144 -65536
393216 65536
-131072 -65536
65536 196608
458752 -196608
-655360 131072
-196608 -65536
-65536 -589824
-262144 -131072
65536 327680
65536 65536
327680 0
0 196608
-589824 0
0 -262144
-65536 -327680
-65536 -196608
262144 -196608
-262144 0
-131072 524288
131072 -196608
-196608 -131072
-327680 131072
-65536 -196608
-65536 -458752
131072 196608
65536 262144
-196608 -196608
65536 196608
65536 65536
-65536 -327680
-131072 -327680
-65536 131072
-65536 -65536
-65536 -131072
196608 262144
-65536 -262144
-327680 -196608
0 65536
-131072 -131072
-196608 0
65536 -65536
-131072 -196608
-131072 0
-65536 65536
-196608 0
-65536 0
0 65536
-65536 -131072
65536 -65536
-131072 65536
-65536 -131072
131072 -65536
-131072 0
-65536 0
131072 0
0 65536
-65536 -196608
-65536 -131072
-196608 0
-196608 -131072
65536 -131072
-131072 65536
-196608 0
65536 0
65536 -65536
-196608 0
-131072 -131072
0 0
-131072 131072
-65536 -65536
0 -131072
-65536 65536
-65536 0
-65536 -131072
65536 -65536
0 -131072
-196608 -131072
65536 65536
-131072 65536
-65536 -65536
-65536 -65536
-196608 196608
-65536 -196608
65536 -196608
-131072 65536
0 65536
131072 65536
-65536 196608
65536 -196608
196608 -131072
-393216 0
-262144 -131072
0 -327680
-131072 262144
-131072 0
131072 -65536
131072 0
0 -196608
65536 0
-196608 131072
-458752 -65536
0 -131072
65536 0
-131072 -196608
-65536 -458752
65536 65536
-65536 0
-65536 327680
-65536 262144
-196608 -131072
-327680 0
-196608 -327680
65536 65536
0 196608
196608 -65536
524288 131072
65536 65536
-262144 -131072
-65536 -131072
65536 -327680
-524288 -262144
131072 0
0 0
-458752 -65536
458752 -327680
0 -65536
-655360 131072
65536 -327680
-393216 524288
-131072 262144
-131072 -589824
-196608 262144
0 -262144
0 -131072
-65536 393216
65536 327680
196608 196608
-65536 196608
0 -720896
-131072 -65536
-196608 -524288
131072 -196608
458752 786432
-393216 -524288
196608 131072
0 0
-786432 -458752
0 -196608
-131072 -65536
-65536 -131072
65536 131072
-262144 131072
131072 -131072
-65536 131072
-524288 0
458752 -131072
-327680 262144
131072 -393216
-262144 -327680
-65536 131072
-65536 -393216
-393216 589824
458752 65536
131072 262144
-131072 -393216
196608 -196608
-131072 -65536
-65536 -262144
393216 65536
-196608 196608
-327680 -65536
-393216 -196608
-131072 -327680
0 0
262144 327680
65536 -131072
-327680 -65536
-327680 -327680
-655360 -196608
-131072 -393216
589824 786432
589824 -196608
-262144 196608
-655360 -327680
-262144 -458752
524288 458752
524288 -327680
-458752 -851968
-589824 -458752
-720896 851968
3932160 -5111808
196608 -1376256
131072 1900544
-655360 65536
589824 65536
65536 -327680
-327680 65536
-262144 -589824
589824 -393216
-65536 -917504
-196608 1179648
-262144 524288
0 -262144
393216 -1048576
-327680 327680
-524288 -327680
-262144 393216
131072 -720896
262144 655360
-458752 -458752
-262144 -131072
131072 131072
-262144 -262144
393216 262144
-655360 262144
655360 0
-589824 -65536
262144 -393216
-393216 0
-196608 65536
327680 -196608
-196608 458752
0 -458752
-262144 0
65536 -196608
-196608 -327680
-196608 393216
0 -262144
196608 458752
-65536 -65536
-131072 -524288
262144 65536
-524288 -196608
0 0
262144 327680
-131072 -262144
0 -196608
-262144 65536
-393216 -458752
131072 327680
-327680 327680
0 -262144
196608 0
-327680 0
0 -458752
65536 0
-327680 131072
196608 262144
196608 -65536
-196608 131072
65536 -65536
-458752 -524288
393216 393216
-65536 -393216
-458752 131072
524288 196608
-262144 -131072
-196608 131072
196608 -327680
-131072 -196608
131072 -65536
-327680 -327680
-65536 131072
196608 393216
-655360 -65536
-65536 -65536
393216 262144
-262144 -327680
0 -327680
196608 -196608
-65536 196608
-131072 65536
0 -262144
-131072 0
-262144 0
-196608 -65536
131072 -65536
-131072 -65536
-196608 -196608
0 131072
0 131072
-131072 -131072
196608 262144
-65536 -65536
-196608 -131072
-65536 -131072
0 -65536
-131072 -65536
0 131072
262144 131072
0 -131072
-131072 -65536
0 -262144
-393216 -458752
-393216 131072
131072 131072
65536 -196608
-65536 65536
-131072 65536
-327680 -196608
-196608 0
0 131072
-65536 -262144
-65536 0
65536 131072
0 -65536
65536 65536
-65536 65536
-131072 -65536
-196608 0
0 0
65536 -196608
-65536 -65536
-65536 0
65536 -65536
-131072 0
-262144 -65536
0 -65536
0 0
-196608 65536
-65536 -131072
0 -131072
-131072 -65536
-131072 -196608
0 -65536
0 196608
-65536 0
-131072 0
-131072 196608
0 -131072
65536 -327680
0 -65536
-196608 -196608
-131072 -196608
65536 65536
-131072 65536
-196608 0
-65536 65536
0 0
0 -131072
-65536 -196608
-196608 131072
-65536 131072
196608 0
0 131072
0 -196608
65536 -327680
-196608 -65536
-131072 -65536
0 -65536
-327680 262144
0 -196608
65536 -196608
-131072 0
-65536 -196608
196608 -131072
-65536 131072
0 196608
-131072 -196608
-65536 -65536
-131072 -65536
-196608 -589824
-196608 0
0 0
-65536 196608
0 262144
0 65536
-131072 196608
-393216 -393216
-65536 196608
65536 65536
131072 -327680
196608 0
0 65536
196608 0
196608 65536
-262144 -393216
-589824 -65536
196608 196608
131072 -327680
-262144 -327680
-65536 -327680
-262144 -65536
131072 196608
196608 -196608
-655360 589824
131072 65536
0 -131072
-458752 196608
-327680 -589824
131072 0
65536 262144
131072 131072
262144 262144
-327680 393216
196608 -589824
65536 131072
-327680 -327680
262144 -393216
393216 524288
-589824 -851968
196608 262144
-196608 -131072
-720896 -393216
131072 327680
-262144 0
393216 -65536
0 -131072
-131072 0
196608 -262144
-655360 -131072
-262144 0
65536 262144
-327680 131072
458752 -458752
-131072 0
-327680 196608
131072 -65536
-196608 393216
393216 -327680
-393216 393216
0 -524288
-65536 -65536
-196608 -131072
196608 -65536
131072 393216
-65536 -393216
65536 0
-458752 -327680
262144 -327680
-655360 0
524288 262144
-131072 327680
-131072 -131072
-327680 0
-65536 -393216
-262144 -196608
458752 0
131072 131072
-262144 65536
-393216 -524288
262144 262144
-524288 196608
393216 -720896
-851968 327680
65536 -393216
4063232 -5373952
-1572864 524288
-131072 -327680
1769472 -393216
917504 -524288
-1048576 917504
-393216 131072
-196608 65536
-262144 -589824
131072 -393216
393216 327680
131072 524288
-65536 -458752
-589824 -655360
262144 -393216
-131072 393216
262144 0
196608 0
65536 -196608
-720896 -327680
-131072 196608
-589824 -131072
327680 393216
-393216 0
720896 0
-196608 131072
-327680 0
65536 -393216
-327680 327680
327680 -131072
-131072 262144
196608 -524288
-65536 65536
-458752 196608
-131072 -589824
65536 393216
262144 -327680
-131072 65536
0 65536
-196608 -524288
-65536 458752
-327680 -327680
262144 -65536
524288 327680
-327680 -262144
65536 0
-458752 -196608
-655360 -196608
196608 -196608
131072 262144
327680 65536
65536 -65536
-327680 -65536
-393216 -262144
-131072 65536
-458752 -131072
196608 65536
327680 131072
-65536 196608
196608 -196608
-393216 -458752
-131072 458752
-262144 -393216
-196608 131072
524288 262144
-327680 -131072
196608 131072
327680 -262144
-458752 -196608
-327680 -131072
0 -393216
-131072 0
-131072 262144
-262144 -196608
393216 0
-131072 458752
-524288 -458752
196608 -262144
262144 65536
-393216 0
0 -65536
65536 0
-196608 196608
-131072 -327680
65536 -262144
-196608 131072
-196608 -131072
131072 -131072
-131072 327680
-327680 65536
-65536 -196608
131072 327680
0 -262144
65536 -262144
65536 -65536
-131072 65536
-131072 -65536
-131072 65536
65536 262144
-65536 -131072
65536 -131072
262144 -196608
-131072 -196608
-327680 65536
65536 -196608
-262144 0
-131072 327680
196608 -131072
-196608 -327680
-131072 65536
0 0
-196608 -262144
0 131072
-65536 0
-327680 -65536
65536 327680
131072 -65536
-65536 -131072
65536 -65536
0 0
-131072 -65536
-65536 0
65536 65536
-65536 0
-65536 0
0 -65536
-131072 -65536
-196608 -65536
-65536 -131072
0 0
-65536 -65536
-65536 -65536
-131072 65536
-262144 65536
-65536 65536
65536 -131072
-196608 -65536
-131072 -196608
131072 -65536
0 196608
0 -65536
-131072 -327680
65536 0
-196608 65536
-262144 -131072
65536 -65536
-131072 0
-65536 65536
65536 65536
-131072 -65536
-327680 -65536
-131072 -65536
0 196608
65536 65536
196608 -196608
65536 -65536
-65536 -131072
65536 -131072
-393216 65536
-262144 -196608
196608 -262144
-131072 458752
-262144 0
262144 -196608
131072 196608
-65536 -262144
65536 -262144
-262144 -65536
-131072 65536
-196608 -65536
-131072 65536
0 131072
-131072 -524288
-262144 -131072
65536 0
0 131072
0 131072
-196608 -262144
-262144 327680
-196608 0
196608 327680
131072 -196608
-131072 -393216
393216 0
0 131072
-196608 -196608
262144 -196608
-196608 -131072
-524288 -65536
589824 131072
-196608 -262144
-655360 -262144
196608 -65536
-393216 196608
-65536 -65536
458752 -589824
-458752 524288
-327680 -131072
-131072 -131072
-65536 589824
-327680 -327680
65536 65536
196608 131072
131072 -196608
262144 262144
-131072 131072
-65536 -458752
65536 65536
-262144 -393216
393216 -327680
65536 327680
-524288 -589824
393216 262144
-327680 262144
-589824 -327680
196608 -131072
-393216 -327680
327680 -131072
-131072 0
-393216 65536
524288 262144
-524288 262144
196608 -327680
65536 65536
-393216 65536
-65536 -720896
-262144 327680
0 262144
-131072 262144
196608 -196608
262144 -65536
-458752 327680
65536 -458752
327680 131072
-131072 -65536
0 -524288
-65536 131072
-131072 -65536
-131072 262144
-393216 -458752
0 -393216
-393216 131072
393216 131072
65536 327680
131072 -196608
-786432 -65536
-655360 -262144
196608 131072
327680 458752
65536 -262144
524288 -131072
-458752 -851968
-327680 196608
262144 -458752
917504 196608
65536 -458752
6225920 -6225920
393216 2686976
-1310720 -851968
0 -262144
-589824 -1179648
327680 196608
589824 196608
524288 655360
-327680 -131072
-131072 65536
-393216 -524288
589824 -262144
196608 -131072
-458752 524288
-65536 -655360
0 65536
327680 -262144
65536 524288
-655360 -1114112
0 458752
-524288 65536
0 196608
-131072 131072
-131072 -131072
65536 -131072
-655360 -131072
851968 65536
-524288 393216
458752 -262144
-65536 262144
196608 -131072
-65536 -458752
-524288 65536
196608 -262144
-196608 524288
262144 -327680
-65536 -65536
-65536 0
-262144 -524288
-262144 262144
65536 65536
0 327680
327680 131072
-196608 -327680
-131072 -327680
-196608 -262144
-327680 -131072
65536 131072
196608 524288
-65536 -196608
131072 -262144
-262144 65536
-327680 -393216
65536 -131072
-327680 0
-65536 393216
327680 196608
-131072 0
262144 -131072
-393216 -589824
-196608 327680
65536 -65536
-327680 0
327680 458752
-65536 -65536
-131072 65536
262144 -327680
-262144 -327680
131072 -131072
0 -262144
-327680 196608
262144 458752
-196608 -393216
-131072 0
-196608 262144
-262144 -262144
262144 -196608
0 -65536
-589824 65536
131072 65536
262144 -131072
0 196608
0 -262144
-65536 -262144
-262144 -131072
-131072 -65536
-131072 -131072
-262144 65536
0 -65536
131072 0
65536 262144
-131072 -262144
-65536 0
-65536 0
-131072 -131072
0 -65536
-131072 65536
65536 196608
-196608 -131072
0 131072
262144 -131072
-131072 -393216
-65536 -65536
196608 -131072
-393216 0
-65536 196608
0 -131072
-262144 -131072
65536 0
0 -262144
-262144 -262144
65536 131072
-65536 0
-196608 -65536
0 131072
-65536 65536
-65536 0
65536 0
0 0
-131072 -131072
-65536 0
0 65536
-131072 -65536
0 -131072
65536 65536
0 -65536
65536 -131072
0 0
-262144 0
-65536 -65536
-65536 65536
-131072 -131072
-65536 -196608
0 65536
-131072 196608
0 -131072
65536 -196608
-196608 65536
-131072 131072
65536 -65536
131072 65536
0 65536
-262144 -196608
0 -131072
0 -131072
-196608 -196608
0 0
-131072 131072
0 65536
0 0
-196608 65536
-65536 65536
-65536 -131072
-131072 131072
65536 -65536
65536 -262144
-65536 0
-65536 -131072
196608 -262144
-65536 131072
-458752 65536
-131072 -327680
131072 327680
-196608 65536
0 -393216
0 65536
0 -196608
131072 -196608
-196608 65536
-65536 196608
-131072 -65536
-262144 131072
-65536 65536
-262144 -393216
-262144 0
196608 0
65536 -196608
0 196608
-262144 327680
-131072 393216
0 -196608
65536 -65536
0 -196608
-131072 -196608
196608 -65536
196608 0
-65536 131072
131072 0
65536 -196608
-458752 -196608
131072 -327680
-65536 -65536
-524288 65536
131072 -458752
-131072 262144
0 327680
65536 -589824
-393216 262144
-393216 131072
-131072 262144
-131072 196608
-65536 -458752
131072 131072
65536 65536
393216 -393216
131072 458752
-131072 131072
-196608 -65536
65536 524288
-327680 -917504
327680 -458752
-131072 -65536
-458752 -262144
458752 262144
-393216 262144
131072 -131072
-131072 -131072
-589824 -196608
196608 65536
-131072 0
-262144 -196608
393216 0
-393216 0
196608 -458752
-524288 0
-327680 393216
196608 -262144
-196608 458752
589824 -262144
-327680 262144
65536 -589824
-65536 458752
-196608 262144
-196608 -196608
393216 -327680
0 -589824
-393216 131072
-262144 262144
720896 131072
-524288 0
-393216 -65536
-589824 -327680
262144 -458752
-65536 196608
0 196608
-65536 0
-196608 -65536
-131072 -65536
589824 -196608
720896 131072
131072 262144
-1310720 -458752
-327680 -458752
-196608 655360
1114112 -1048576
0 -524288
7667712 -6619136
1376256 0
327680 393216
65536 1966080
-1703936 524288
-196608 -2424832
1310720 -65536
393216 131072
0 327680
-524288 262144
-196608 -327680
-131072 -327680
-262144 -65536
524288 -131072
-131072 589824
196608 -131072
-262144 -196608
-458752 -786432
-262144 262144
-131072 -196608
131072 65536
458752 458752
-655360 -458752
196608 262144
-917504 65536
524288 196608
-393216 -196608
327680 -262144
65536 -131072
-131072 0
0 -196608
-393216 262144
0 -131072
-131072 0
393216 0
-65536 -131072
-65536 65536
-327680 -458752
-393216 131072
65536 196608
-131072 -327680
458752 327680
196608 65536
65536 -262144
-196608 -65536
-655360 -262144
-131072 0
-65536 262144
-65536 131072
524288 -262144
-262144 -196608
-196608 -393216
-65536 0
-131072 0
-131072 196608
65536 196608
-327680 0
196608 65536
-131072 -655360
-131072 131072
-131072 -131072
-131072 65536
458752 589824
-262144 -458752
-393216 131072
327680 0
-262144 -262144
0 -131072
131072 -131072
-131072 196608
0 196608
-262144 -393216
131072 65536
-262144 0
-458752 -655360
196608 0
196608 524288
-196608 0
0 -327680
0 262144
-262144 327680
0 -851968
65536 -327680
-65536 131072
-196608 -196608
131072 -65536
-131072 589824
-196608 -65536
-196608 -262144
-131072 196608
-65536 -393216
0 -262144
-65536 131072
0 196608
-65536 0
-65536 131072
65536 0
-262144 -393216
-65536 65536
196608 0
-131072 -131072
0 0
196608 -65536
-458752 -65536
-131072 0
0 -65536
-65536 -65536
0 -65536
-65536 -131072
-131072 -65536
65536 196608
-131072 -131072
-131072 -65536
-65536 131072
-65536 -131072
-65536 0
0 0
-65536 0
65536 -65536
0 0
-65536 -65536
-131072 0
131072 0
-65536 -65536
-196608 -131072
-65536 -65536
-65536 0
-196608 -196608
65536 -65536
-131072 0
0 -65536
131072 0
-262144 65536
-393216 0
65536 -65536
0 0
-196608 -131072
-65536 -131072
0 0
0 65536
0 -65536
-65536 -65536
65536 -65536
-196608 -65536
-65536 0
-65536 -65536
-327680 -131072
0 -65536
-65536 0
65536 65536
0 -65536
-327680 0
0 131072
65536 -65536
-196608 65536
0 -65536
131072 -262144
0 -131072
-196608 0
-65536 -196608
-65536 -65536
-196608 196608
0 -196608
131072 196608
-131072 65536
-65536 -327680
0 65536
-65536 -65536
-65536 -458752
-196608 0
131072 65536
-65536 -65536
-196608 196608
-131072 196608
-262144 -196608
-131072 0
131072 -327680
-262144 -327680
-262144 131072
196608 327680
131072 458752
-65536 -131072
65536 196608
-196608 -196608
0 -327680
131072 0
-196608 -262144
0 -131072
262144 131072
-65536 -131072
-262144 -196608
196608 -131072
-327680 -196608
-393216 131072
-65536 -196608
-262144 0
262144 -196608
65536 -458752
-393216 327680
-262144 -262144
-65536 458752
-262144 393216
-393216 -131072
327680 131072
-65536 -196608
262144 -655360
0 393216
-131072 262144
131072 -393216
131072 655360
-262144 -851968
65536 -196608
-458752 0
-262144 -327680
786432 327680
-589824 -65536
131072 -196608
-262144 -327680
-393216 -65536
262144 65536
-393216 65536
393216 -65536
131072 65536
-393216 -65536
131072 -458752
-393216 393216
-327680 131072
65536 -262144
65536 -131072
262144 -65536
-524288 458752
327680 -262144
131072 524288
65536 262144
-393216 -655360
-196608 -196608
-65536 -524288
131072 196608
-393216 -65536
786432 65536
-327680 -262144
-262144 65536
-720896 -196608
393216 -65536
262144 196608
196608 327680
-262144 -196608
-786432 131072
-262144 -786432
524288 -65536
-65536 0
262144 655360
-65536 -393216
131072 589824
-65536 -786432
-1245184 -262144
9240576 -3997696
-1310720 -655360
1310720 -589824
1048576 -196608
0 720896
-983040 -262144
-655360 -65536
196608 -589824
393216 262144
131072 327680
-131072 131072
-720896 -524288
-458752 -196608
-65536 0
720896 0
589824 -65536
-262144 196608
-524288 -524288
-262144 720896
-131072 -131072
458752 196608
-458752 -655360
458752 -327680
-655360 -262144
-65536 131072
0 458752
0 327680
393216 -393216
-655360 -196608
196608 -458752
-589824 65536
0 262144
393216 131072
0 262144
-65536 -589824
-393216 -131072
-65536 -458752
-65536 65536
262144 393216
0 -65536
196608 524288
-393216 -524288
-393216 -393216
-65536 -131072
131072 -196608
131072 327680
65536 -131072
-196608 65536
-196608 -65536
-327680 131072
0 -524288
-65536 0
196608 196608
-327680 -131072
-65536 65536
-327680 -65536
196608 131072
0 -720896
-196608 327680
0 -65536
-262144 -131072
-131072 458752
-131072 -262144
-65536 131072
327680 -262144
-327680 -327680
0 262144
262144 -65536
-196608 -65536
-131072 196608
65536 -262144
0 -131072
-262144 -65536
-196608 -327680
131072 327680
-131072 196608
-524288 -327680
0 0
393216 65536
-262144 -131072
65536 -327680
327680 196608
-131072 65536
-393216 -131072
-65536 65536
-393216 65536
-65536 -393216
196608 0
-131072 65536
-262144 -393216
65536 262144
0 262144
-131072 -131072
0 65536
0 65536
65536 -196608
-131072 -196608
-65536 262144
0 -196608
-262144 -65536
131072 393216
196608 -65536
-262144 -262144
0 65536
0 -262144
-262144 -196608
65536 131072
131072 -131072
-196608 -196608
-131072 131072
-131072 -65536
-196608 0
0 -131072
0 -196608
-196608 131072
-65536 0
131072 -65536
-65536 0
-196608 -65536
-65536 0
-65536 131072
65536 -131072
0 -196608
-65536 -65536
0 -65536
0 0
-65536 0
0 -65536
-196608 -65536
0 0
-65536 -65536
-196608 -65536
0 -131072
0 -65536
-196608 65536
-65536 -65536
0 0
-131072 0
-65536 0
-65536 0
-65536 -131072
65536 -196608
-131072 65536
65536 0
-196608 -131072
-131072 0
-65536 65536
-196608 -65536
-65536 -65536
-131072 -65536
0 -65536
131072 0
-327680 196608
0 131072
131072 -131072
-65536 -65536
-131072 -131072
0 -262144
-65536 -65536
-65536 0
65536 0
0 131072
-131072 131072
65536 -524288
65536 65536
-262144 196608
-65536 -196608
65536 -65536
-65536 0
65536 -262144
-196608 65536
65536 -196608
-65536 -327680
-262144 262144
-65536 262144
-65536 -196608
-262144 -131072
-196608 -458752
-196608 0
-196608 196608
65536 131072
262144 262144
0 -196608
196608 65536
-262144 65536
-196608 -393216
327680 -131072
-262144 131072
-327680 -65536
458752 65536
196608 0
-262144 -524288
131072 -393216
-524288 196608
-262144 327680
327680 -327680
-458752 196608
-131072 -131072
131072 -524288
-327680 262144
-262144 -262144
-262144 458752
131072 327680
-65536 0
262144 196608
-262144 -589824
-65536 -196608
196608 589824
65536 65536
262144 -131072
-65536 458752
-262144 -1048576
262144 -262144
-589824 0
-131072 -393216
262144 196608
-262144 262144
458752 262144
-393216 -393216
-458752 -327680
458752 131072
-720896 -327680
327680 -196608
-65536 0
0 327680
-131072 -589824
-327680 458752
0 -131072
-589824 393216
393216 -327680
327680 196608
-131072 -196608
131072 -262144
-65536 327680
-65536 262144
-262144 -65536
65536 65536
262144 -327680
-262144 -327680
65536 -262144
65536 327680
-262144 262144
-458752 196608
-131072 -589824
327680 -786432
-458752 -458752
458752 589824
0 720896
-786432 524288
-589824 -720896
0 -1048576
655360 0
1114112 655360
-196608 -458752
-327680 -196608
-589824 786432
11403264 -2490368
-1114112 393216
-720896 65536
-1507328 -2031616
851968 -262144
1310720 1835008
-589824 65536
-327680 -524288
-262144 -589824
655360 -786432
0 131072
-458752 393216
196608 589824
-196608 458752
65536 -917504
-720896 -262144
393216 -327680
327680 1048576
-196608 -720896
393216 393216
-524288 -262144
-327680 -327680
-393216 65536
-327680 -262144
458752 524288
-458752 -131072
720896 -65536
-655360 -196608
131072 -131072
-720896 -131072
196608 131072
327680 131072
0 196608
65536 -458752
-589824 196608
131072 -196608
-262144 0
131072 0
131072 -65536
-65536 65536
0 -131072
-196608 -131072
-196608 65536
0 131072
-131072 -65536
393216 -65536
-327680 65536
-131072 -393216
-65536 0
-393216 -65536
131072 262144
262144 -131072
-196608 -196608
262144 131072
-327680 -393216
-196608 393216
-131072 -393216
-393216 65536
262144 -196608
-196608 -131072
262144 458752
196608 -196608
-393216 -196608
65536 65536
-327680 -196608
-65536 0
393216 -131072
-262144 196608
0 327680
131072 -262144
-262144 0
-131072 0
0 -720896
-65536 0
-131072 262144
-262144 0
196608 0
131072 131072
-524288 196608
262144 -524288
196608 -65536
-393216 196608
-131072 -262144
196608 0
-196608 327680
-65536 -196608
0 -262144
-262144 0
0 -262144
65536 196608
-262144 0
-131072 196608
65536 65536
-131072 -131072
0 0
-65536 -262144
0 0
131072 0
-196608 65536
0 196608
65536 -196608
-196608 65536
131072 -65536
65536 -458752
-262144 0
0 196608
-131072 -196608
-131072 131072
65536 131072
-131072 -458752
-327680 -65536
65536 131072
0 -65536
-196608 0
0 0
-131072 131072
-196608 0
131072 -65536
0 -65536
-262144 -65536
65536 0
131072 65536
-65536 0
0 -196608
-131072 65536
-131072 65536
0 -262144
0 -131072
-196608 -65536
-131072 0
131072 0
0 -131072
-196608 -65536
-65536 0
0 0
-196608 0
-131072 -65536
-65536 0
0 -65536
65536 -131072
65536 0
0 0
0 -131072
-196608 -65536
0 -65536
-65536 0
-131072 0
-131072 0
-131072 0
0 -196608
-131072 -131072
-262144 -131072
65536 0
-65536 262144
0 196608
131072 -196608
-65536 -65536
-196608 -131072
-65536 -262144
-65536 -65536
-196608 65536
65536 -196608
131072 0
0 262144
-65536 -262144
65536 65536
0 196608
-196608 -262144
-65536 -131072
-196608 0
0 -262144
0 -196608
0 65536
-131072 -196608
-65536 196608
-65536 393216
-131072 -327680
-196608 65536
-393216 -262144
-262144 -262144
131072 196608
196608 262144
262144 196608
-65536 0
131072 65536
-196608 -65536
-196608 -196608
65536 -393216
65536 -131072
-131072 196608
262144 65536
196608 -262144
-524288 -393216
-196608 -262144
-131072 327680
0 131072
0 -458752
-262144 0
-196608 -131072
65536 -393216
-327680 65536
-65536 -65536
-65536 655360
-65536 262144
65536 -262144
-131072 196608
-196608 -655360
196608 -196608
196608 524288
-65536 -327680
393216 196608
0 327680
-655360 -655360
196608 -131072
-589824 -131072
393216 -131072
65536 131072
0 -131072
524288 -65536
-786432 -131072
-458752 -131072
131072 327680
-393216 -196608
524288 65536
-196608 -131072
196608 -196608
-262144 -393216
-589824 393216
65536 131072
-262144 720896
589824 -524288
-196608 131072
-262144 -262144
-131072 -262144
327680 524288
65536 262144
0 196608
-131072 -786432
-65536 -327680
-786432 -327680
458752 131072
196608 327680
393216 65536
-458752 -196608
-720896 -524288
-327680 -393216
-131072 -65536
1310720 -196608
589824 851968
-655360 720896
-1376256 -786432
131072 -393216
786432 131072
131072 -262144
-1114112 -131072
983040 262144
10878976 -2097152
-131072 -458752
-917504 1900544
-1048576 -327680
1835008 -655360
655360 65536
-131072 -327680
-589824 458752
-327680 65536
-458752 -655360
-65536 -393216
327680 524288
65536 131072
327680 -720896
-524288 196608
-327680 -196608
-65536 327680
65536 -65536
458752 131072
-524288 -327680
-524288 -983040
262144 458752
-131072 131072
458752 327680
-458752 -196608
327680 -65536
-589824 -458752
-131072 0
65536 -65536
0 524288
196608 0
-196608 -262144
-196608 -262144
-393216 -393216
65536 131072
0 65536
196608 196608
0 131072
-393216 -327680
-65536 131072
-327680 -393216
131072 262144
196608 131072
-196608 -65536
327680 131072
-458752 -393216
-65536 -262144
-196608 65536
131072 -131072
196608 65536
-131072 393216
-65536 0
-196608 -196608
-131072 -458752
-196608 65536
131072 -524288
-65536 262144
131072 458752
-262144 -131072
-65536 262144
-131072 -262144
-327680 -393216
262144 -65536
-196608 -131072
-262144 327680
262144 327680
-196608 131072
131072 -65536
0 -524288
-131072 -196608
-65536 0
-65536 -262144
-65536 327680
-65536 196608
-393216 -393216
0 -65536
131072 131072
-196608 -327680
131072 -655360
131072 327680
-458752 262144
-131072 -131072
327680 196608
-196608 65536
-65536 -327680
65536 -131072
-196608 -131072
-131072 -458752
-131072 196608
-196608 196608
-65536 0
131072 -65536
-131072 196608
0 -131072
-131072 -327680
-65536 131072
-131072 -196608
-196608 -262144
131072 327680
0 0
-196608 65536
327680 65536
65536 -327680
-262144 -131072
65536 -131072
-196608 -196608
-131072 196608
65536 0
-65536 -196608
-65536 65536
0 -196608
-131072 -327680
-131072 196608
0 0
0 -131072
-196608 131072
-131072 131072
0 0
-65536 -65536
0 -65536
-196608 -65536
-65536 -65536
65536 0
-65536 65536
0 -65536
131072 -65536
-131072 0
-196608 -65536
0 -131072
-65536 0
-131072 -65536
0 -131072
65536 -65536
-131072 -65536
-65536 -65536
0 65536
0 65536
-196608 -262144
-131072 65536
-131072 131072
0 -131072
0 -65536
-65536 -131072
65536 -131072
-131072 0
-65536 0
-65536 -65536
-65536 0
-65536 131072
-196608 65536
0 -196608
-262144 -65536
-196608 65536
0 0
65536 65536
131072 131072
65536 -262144
-65536 -65536
-131072 131072
-196608 -262144
-65536 -196608
-196608 262144
65536 -65536
-131072 -131072
0 65536
262144 -327680
65536 -65536
-65536 196608
-131072 -131072
-196608 65536
-131072 131072
-65536 -262144
-131072 -327680
0 -131072
0 -196608
-65536 -65536
131072 393216
-262144 -65536
-196608 65536
-196608 -65536
-393216 -65536
65536 0
131072 -131072
65536 65536
0 65536
262144 327680
-196608 -65536
-131072 -196608
0 0
-196608 -131072
65536 -327680
262144 65536
-131072 -131072
-262144 -196608
262144 -196608
-393216 262144
0 0
-65536 -262144
-327680 131072
-327680 -393216
65536 -65536
-196608 131072
-131072 -196608
196608 524288
-131072 131072
196608 65536
-196608 327680
-393216 -393216
393216 -393216
0 524288
0 -458752
262144 65536
0 131072
-393216 -589824
196608 196608
-720896 -262144
458752 -65536
65536 -131072
-393216 -65536
524288 65536
-720896 -65536
196608 -262144
-131072 196608
-196608 -65536
327680 -458752
-327680 196608
-131072 -327680
-327680 65536
65536 262144
65536 393216
-65536 65536
131072 -589824
-458752 131072
-65536 -131072
65536 131072
327680 262144
65536 -262144
65536 -262144
-655360 65536
-131072 131072
-196608 -393216
720896 -393216
262144 393216
-65536 -131072
-524288 0
0 196608
-917504 131072
-65536 -917504
851968 -851968
524288 589824
-393216 983040
-917504 393216
-262144 -851968
1310720 -524288
-983040 983040
-131072 -720896
8847360 0
-131072 -196608
196608 589824
655360 327680
65536 -1114112
-1048576 -655360
262144 0
131072 524288
458752 524288
65536 65536
-655360 -458752
-196608 -393216
0 -327680
-131072 65536
-196608 262144
393216 -65536
-327680 524288
524288 -524288
-65536 524288
-655360 -851968
0 131072
-327680 -196608
327680 131072
-65536 131072
-196608 -262144
-65536 0
-786432 0
458752 -131072
-196608 65536
524288 -65536
-196608 0
-262144 -65536
-262144 -327680
-393216 393216
65536 -262144
327680 262144
327680 -131072
-196608 -262144
-327680 0
-262144 -262144
-131072 458752
0 -196608
65536 0
327680 131072
-196608 -131072
-131072 -131072
-327680 -196608
-131072 65536
-327680 -131072
327680 -65536
65536 -65536
0 196608
262144 -262144
-524288 262144
131072 -196608
-393216 -262144
0 131072
0 -131072
0 458752
262144 -327680
-393216 -327680
0 262144
-262144 -262144
-196608 0
327680 196608
-327680 131072
-65536 131072
393216 -327680
-65536 -65536
-393216 -131072
131072 -196608
-131072 262144
-196608 131072
-65536 -327680
131072 -65536
-196608 -65536
-393216 -196608
327680 -196608
262144 393216
-655360 -131072
-131072 -65536
393216 393216
-262144 65536
65536 -589824
131072 -393216
-262144 131072
-65536 -131072
-65536 262144
-262144 196608
-131072 -131072
0 0
-131072 0
65536 -196608
0 -196608
0 262144
65536 65536
-65536 0
-131072 131072
-131072 -262144
-196608 65536
262144 131072
65536 -327680
65536 0
0 0
-327680 -196608
-262144 131072
-131072 65536
-65536 -262144
65536 0
65536 -196608
-131072 -65536
-65536 131072
0 -262144
-196608 0
-262144 131072
-65536 -65536
65536 -65536
-196608 65536
65536 -65536
0 -131072
-65536 65536
0 -65536
-131072 -65536
-65536 65536
-65536 65536
-65536 -131072
65536 -65536
-65536 -131072
-131072 -131072
0 -65536
-65536 -65536
0 0
-65536 65536
-131072 -65536
-196608 65536
-65536 -65536
-65536 -196608
0 0
0 -65536
-65536 65536
-65536 196608
65536 -65536
0 -65536
-262144 -65536
-65536 -196608
0 -65536
-65536 -65536
-196608 -65536
-65536 0
131072 65536
-131072 0
-131072 -131072
-262144 -65536
-196608 65536
131072 -65536
0 -65536
131072 196608
196608 -131072
0 -196608
-262144 0
-262144 -65536
-131072 -131072
-262144 131072
131072 -65536
65536 65536
-131072 196608
0 -458752
65536 -196608
-131072 196608
65536 -262144
-196608 0
-65536 131072
65536 -196608
-327680 -65536
0 0
0 -262144
-196608 -131072
131072 131072
-196608 -196608
-393216 327680
-65536 65536
65536 -131072
-65536 0
-131072 -65536
131072 196608
131072 0
393216 65536
-262144 0
-393216 -327680
196608 0
0 0
-262144 -458752
327680 0
0 262144
-327680 -65536
262144 -458752
-458752 196608
-196608 65536
131072 -524288
-262144 262144
-196608 -262144
-393216 0
65536 196608
-65536 -262144
0 589824
0 -131072
327680 131072
-131072 196608
-589824 -327680
393216 -131072
-65536 -196608
0 -458752
393216 196608
-196608 196608
-393216 -196608
131072 262144
-327680 -393216
196608 -131072
-262144 -458752
0 0
458752 262144
-786432 0
262144 -196608
-458752 0
65536 131072
65536 -589824
-196608 65536
0 -131072
-655360 524288
393216 -524288
-327680 131072
-196608 196608
131072 65536
65536 262144
65536 -262144
196608 -196608
0 -524288
-327680 458752
0 65536
393216 327680
-655360 -196608
-327680 -589824
196608 -524288
196608 0
327680 -65536
-131072 -131072
65536 458752
-983040 458752
-1179648 -720896
262144 -1114112
2162688 655360
-327680 589824
-1376256 0
262144 -983040
1114112 983040
-393216 -196608
8060928 983040
262144 327680
131072 -1572864
589824 1769472
-1507328 458752
-655360 -1114112
393216 -262144
786432 65536
196608 131072
131072 -327680
-327680 65536
-720896 262144
262144 0
-327680 196608
917504 -196608
-327680 589824
65536 -655360
-262144 131072
-262144 -1048576
458752 458752
-458752 524288
-131072 -196608
65536 -65536
-524288 -589824
0 65536
-393216 -393216
720896 720896
-458752 196608
131072 -65536
-393216 -393216
65536 196608
131072 -131072
-131072 -65536
131072 196608
0 262144
0 -262144
-196608 -196608
-196608 -327680
0 -65536
-262144 -196608
262144 393216
-131072 327680
-196608 -65536
65536 -262144
-262144 -327680
131072 -196608
0 -131072
-196608 0
196608 524288
-327680 0
0 0
262144 -393216
-327680 -65536
131072 -196608
-196608 -131072
-196608 589824
-262144 -262144
-65536 0
393216 -131072
-393216 -393216
262144 65536
-65536 -65536
-458752 131072
65536 196608
-196608 -65536
-65536 -131072
327680 -65536
-131072 0
131072 0
131072 -196608
-524288 65536
0 196608
131072 -327680
-65536 0
0 0
-196608 -131072
131072 -196608
-262144 196608
-524288 -131072
131072 -131072
327680 131072
-327680 -65536
65536 -196608
196608 65536
-327680 -65536
-393216 -196608
0 262144
-65536 -262144
0 -196608
196608 0
-131072 -196608
-65536 0
-65536 65536
-131072 327680
-131072 -196608
-131072 -131072
131072 131072
-65536 -393216
-262144 -65536
131072 131072
-65536 -131072
-196608 196608
196608 -65536
0 -262144
-196608 131072
0 -65536
65536 -327680
-131072 196608
-65536 -131072
0 -196608
-196608 65536
-65536 -131072
0 0
-131072 -65536
-131072 -131072
-131072 65536
-131072 196608
196608 -65536
-196608 0
-196608 65536
-65536 65536
-65536 0
0 -65536
0 -131072
-65536 -65536
65536 131072
-65536 -131072
-65536 -65536
-65536 65536
-65536 -65536
-65536 0
-65536 65536
-131072 -196608
-65536 -131072
-65536 0
0 -65536
131072 0
-131072 0
-262144 0
-65536 0
0 0
-131072 0
0 -131072
65536 -65536
-131072 0
0 -196608
-131072 -131072
-65536 0
-65536 -65536
-65536 0
-65536 65536
-262144 0
0 0
-131072 65536
-196608 131072
196608 -65536
0 -196608
0 65536
65536 -65536
0 -65536
-196608 196608
-262144 -65536
65536 -196608
-131072 196608
-131072 -196608
131072 -196608
65536 196608
-65536 -262144
0 -196608
-196608 196608
0 -196608
-196608 65536
-196608 327680
0 -327680
-196608 -131072
-131072 131072
131072 -458752
0 -196608
-65536 196608
-327680 -65536
0 589824
-131072 196608
-196608 -327680
0 -131072
-65536 0
131072 0
196608 -65536
131072 0
-327680 131072
-131072 131072
196608 -196608
0 -393216
-131072 -196608
65536 -196608
-65536 0
-196608 65536
262144 -262144
-196608 -196608
-327680 -65536
-65536 -65536
-327680 65536
0 -65536
-262144 196608
0 131072
196608 -393216
-65536 458752
-65536 -196608
65536 196608
-262144 524288
-196608 -458752
458752 65536
-196608 -327680
-131072 -393216
589824 131072
-327680 -65536
0 196608
0 -131072
-589824 -458752
196608 196608
-327680 -196608
327680 -196608
0 196608
-327680 0
393216 -393216
-655360 -65536
65536 -65536
-262144 -131072
-65536 262144
65536 0
-131072 196608
131072 -327680
-262144 589824
65536 -65536
0 65536
131072 0
-65536 -655360
-458752 0
-262144 -131072
786432 524288
196608 -262144
196608 -131072
-983040 65536
-131072 -458752
-589824 -262144
65536 393216
655360 -327680
393216 -851968
-131072 458752
-589824 1441792
-458752 -262144
196608 -655360
786432 -1310720
262144 1245184
-1376256 917504
1048576 -393216
-262144 -720896
6684672 983040
-1048576 327680
-458752 -2031616
1703936 1048576
262144 917504
65536 -458752
-983040 65536
196608 131072
-327680 -458752
-131072 524288
131072 -327680
458752 65536
-196608 -65536
131072 -327680
65536 327680
0 262144
-196608 -65536
-720896 -196608
-65536 -851968
262144 0
327680 -131072
-65536 524288
-327680 -458752
-262144 -131072
-524288 -131072
-131072 196608
131072 -196608
196608 589824
131072 -131072
-327680 -65536
-65536 -393216
-65536 0
65536 327680
262144 -458752
0 327680
-131072 -131072
-393216 -196608
131072 131072
-262144 -262144
0 393216
-196608 -524288
131072 131072
0 0
-196608 -131072
131072 0
-131072 0
-131072 131072
-196608 -196608
65536 -262144
-262144 327680
65536 -262144
0 0
131072 -65536
0 -327680
-327680 393216
0 -196608
-196608 196608
65536 131072
-196608 -655360
131072 0
-393216 -196608
-131072 0
393216 393216
-262144 -65536
-262144 -262144
327680 0
-131072 -131072
-196608 -65536
65536 -196608
-65536 524288
0 65536
-196608 -393216
65536 65536
65536 -196608
-327680 -524288
196608 -65536
0 524288
-262144 -196608
0 -262144
0 524288
-393216 65536
131072 -655360
196608 -393216
-393216 131072
0 -65536
196608 -65536
-196608 0
-65536 131072
0 -262144
-327680 -65536
-65536 65536
-65536 -262144
-196608 196608
-65536 0
0 0
-65536 65536
-65536 -327680
-65536 65536
65536 65536
-262144 -196608
0 262144
65536 65536
-327680 -131072
0 65536
196608 -196608
-65536 -327680
-131072 196608
65536 -131072
-196608 -131072
-131072 131072
0 -262144
-196608 0
-196608 -65536
131072 -131072
0 0
-196608 0
-131072 -65536
-131072 -65536
0 0
-65536 -131072
-131072 -65536
-65536 131072
65536 65536
65536 -131072
-131072 -65536
-262144 -131072
131072 0
65536 -131072
-65536 -196608
-65536 -65536
0 131072
0 0
65536 -65536
-196608 -131072
-196608 0
-65536 65536
-131072 -196608
-131072 -131072
0 0
-131072 65536
0 -65536
65536 0
-65536 -65536
-65536 0
0 65536
-65536 -65536
-65536 -196608
-131072 -65536
0 65536
-131072 -65536
65536 -131072
0 0
-262144 196608
-65536 0
0 0
-262144 65536
65536 -65536
0 -196608
0 65536
-65536 -65536
196608 -196608
0 131072
-262144 65536
-196608 -196608
65536 196608
-131072 0
-65536 -131072
65536 196608
0 -393216
0 -262144
-131072 327680
0 -196608
-196608 -131072
-131072 327680
-65536 -131072
-196608 65536
0 131072
-65536 -655360
-262144 -393216
-65536 262144
-131072 65536
131072 327680
0 196608
-393216 131072
-131072 -262144
-65536 -131072
-196608 -196608
65536 -196608
458752 196608
-65536 196608
65536 -131072
262144 131072
-393216 -327680
-262144 -393216
-65536 -65536
-327680 131072
327680 -196608
196608 -393216
-393216 0
-262144 -196608
-131072 65536
-262144 131072
-196608 -131072
-65536 327680
-65536 -65536
0 -65536
-131072 65536
-262144 -196608
524288 327680
-196608 393216
65536 -393216
131072 -65536
-262144 -262144
-327680 -458752
393216 262144
-393216 -65536
196608 262144
196608 -131072
-458752 -65536
262144 -196608
-655360 -524288
524288 -131072
-196608 458752
-196608 0
196608 -393216
-655360 327680
65536 -262144
-524288 -65536
655360 -458752
-458752 524288
-65536 -131072
0 0
-131072 327680
-65536 -131072
-65536 -196608
327680 -196608
0 196608
-131072 0
-327680 -196608
0 -393216
458752 -524288
-262144 65536
-458752 458752
131072 393216
196608 65536
-262144 -131072
-589824 -1310720
-327680 -65536
589824 196608
196608 1638400
-1179648 -524288
196608 -1179648
983040 -524288
-458752 1572864
720896 -786432
-327680 589824
7208960 2686976
-1245184 983040
-851968 589824
-720896 -2621440
655360 -851968
786432 589824
-65536 1441792
-524288 0
458752 -524288
-327680 196608
0 -262144
0 -524288
-327680 0
-65536 393216
-393216 -65536
851968 -524288
-196608 327680
196608 -131072
-393216 786432
-524288 -655360
262144 -262144
-196608 -458752
-262144 0
196608 131072
-65536 0
-262144 524288
-589824 -196608
655360 -393216
0 -196608
0 131072
-196608 0
-262144 131072
131072 0
-393216 0
131072 -655360
-65536 -65536
393216 131072
-131072 131072
0 131072
-262144 -131072
-327680 131072
-131072 -393216
65536 0
-131072 -65536
131072 0
-65536 -65536
-131072 0
196608 -196608
-786432 0
458752 -262144
65536 131072
-262144 131072
131072 -65536
-262144 393216
0 -655360
-327680 -262144
327680 262144
-65536 -524288
-65536 196608
196608 262144
-458752 65536
-131072 131072
-196608 -327680
65536 -196608
196608 -131072
-262144 -131072
-131072 327680
196608 131072
-327680 65536
-131072 -196608
262144 -196608
131072 65536
0 -327680
-196608 -262144
-131072 262144
-393216 327680
-196608 -393216
196608 65536
196608 196608
-262144 -655360
131072 -131072
196608 458752
-393216 65536
-196608 -327680
0 262144
-65536 -65536
-65536 -327680
131072 -262144
-131072 -131072
-196608 -65536
-65536 65536
-131072 393216
-131072 -327680
-131072 -65536
0 393216
0 -327680
-131072 -65536
0 0
-131072 -196608
-131072 131072
-65536 65536
-65536 -65536
131072 196608
65536 -196608
-65536 -196608
-65536 131072
-65536 -196608
-131072 0
131072 131072
-65536 -196608
-196608 -65536
65536 -131072
-65536 -65536
-196608 -65536
-65536 0
0 -65536
-196608 0
-131072 131072
-65536 0
-131072 -131072
-65536 0
0 -65536
-131072 0
0 65536
0 -196608
0 0
-65536 65536
-65536 -131072
65536 -65536
-131072 0
-131072 -131072
65536 0
-65536 -65536
-131072 -196608
-131072 -65536
-131072 131072
-65536 -65536
-65536 -65536
-65536 -65536
-131072 65536
-65536 0
0 -65536
-131072 -65536
-131072 0
65536 -131072
65536 65536
-196608 0
-65536 -131072
-131072 -65536
0 -131072
-131072 -65536
0 -196608
-65536 -131072
-196608 196608
0 131072
0 0
-131072 0
131072 -131072
-65536 -262144
0 0
-65536 0
-65536 -131072
-131072 131072
0 262144
-131072 -262144
-131072 131072
131072 -65536
-65536 -262144
-65536 196608
-65536 -131072
-131072 -262144
-65536 196608
-65536 -327680
-196608 -65536
-131072 196608
131072 -131072
0 196608
-131072 0
-196608 -655360
-327680 -65536
0 131072
-131072 -65536
131072 458752
65536 0
-65536 65536
-196608 0
0 -196608
-65536 0
-131072 -131072
524288 65536
65536 262144
-196608 -262144
196608 -65536
-196608 -196608
-458752 -262144
262144 0
-196608 131072
131072 -65536
262144 -458752
-393216 -65536
-131072 -262144
-327680 0
-196608 262144
-131072 -131072
-196608 655360
262144 -458752
-131072 -65536
-65536 262144
-196608 -196608
458752 393216
-458752 0
196608 -65536
196608 -196608
-524288 -458752
65536 -196608
393216 65536
-196608 65536
65536 393216
65536 -458752
-393216 -131072
-131072 0
-524288 -65536
720896 -458752
-65536 393216
131072 65536
-65536 -655360
-720896 196608
65536 -393216
-786432 393216
327680 -458752
-65536 720896
196608 -131072
-131072 -131072
-262144 -131072
-65536 -131072
196608 196608
0 -327680
131072 524288
-131072 -524288
-65536 65536
-720896 0
393216 65536
-131072 -327680
589824 0
65536 -458752
-393216 -65536
-655360 524288
-524288 0
327680 -524288
851968 131072
131072 131072
-917504 589824
-196608 -458752
262144 -262144
-65536 -851968
262144 196608
5636096 458752
1245184 -786432
589824 2686976
-2228224 -851968
-917504 -524288
1048576 262144
524288 -65536
0 -458752
-393216 65536
327680 -589824
0 851968
-524288 -196608
65536 131072
131072 327680
-65536 -327680
-393216 -131072
65536 -131072
327680 131072
-131072 -131072
0 -65536
-524288 -131072
131072 -393216
131072 131072
0 0
-262144 196608
-262144 -327680
-65536 196608
-262144 -262144
65536 -196608
196608 -262144
0 327680
196608 262144
-196608 -131072
0 196608
-327680 -262144
0 65536
65536 -65536
131072 -393216
65536 196608
-327680 0
-131072 131072
0 -262144
-262144 -196608
196608 65536
-196608 -65536
65536 196608
196608 -196608
-655360 0
196608 -393216
-524288 -65536
-65536 196608
393216 -393216
-196608 262144
196608 0
0 -131072
-65536 131072
-393216 -458752
0 65536
-65536 131072
-524288 -393216
524288 131072
-131072 -131072
-262144 -262144
262144 0
-262144 65536
-393216 65536
196608 -65536
-196608 196608
0 196608
131072 -327680
-262144 -131072
-131072 0
-196608 -131072
65536 65536
-131072 262144
-131072 -262144
393216 65536
-65536 65536
-458752 -262144
65536 -131072
-65536 -65536
-524288 196608
-65536 131072
262144 -65536
65536 -262144
-131072 -65536
262144 -196608
-196608 -131072
-131072 196608
-131072 0
-458752 65536
-65536 0
65536 0
-65536 -65536
131072 -458752
0 65536
65536 65536
-196608 -196608
-131072 196608
-131072 0
-196608 -196608
0 131072
262144 -131072
65536 -131072
-65536 0
-65536 -196608
-262144 65536
-131072 131072
65536 -196608
0 -65536
-65536 -131072
0 -65536
-65536 65536
-196608 0
-131072 -131072
-131072 0
-65536 196608
-131072 -262144
-65536 -131072
65536 65536
-196608 -65536
-131072 0
65536 0
-196608 0
-65536 0
-65536 -65536
0 -131072
65536 -131072
-131072 -196608
-131072 -131072
65536 0
0 -65536
-131072 -65536
-131072 131072
-65536 0
-65536 -131072
-131072 0
-65536 -65536
-131072 -131072
0 0
-65536 0
-65536 131072
65536 -65536
0 -65536
-196608 0
0 -131072
0 -65536
-131072 -65536
0 -131072
-65536 65536
-131072 -65536
-131072 -131072
-65536 -131072
-65536 -65536
-196608 131072
131072 131072
131072 0
-196608 65536
65536 -131072
-131072 -262144
-262144 0
-131072 -131072
131072 -65536
65536 196608
0 65536
65536 -327680
-196608 131072
-65536 65536
-196608 -262144
-65536 65536
0 -196608
0 -262144
-65536 131072
0 -327680
-131072 131072
-131072 393216
65536 -327680
0 -131072
-196608 196608
-327680 -524288
-65536 0
0 262144
-262144 -327680
327680 262144
-131072 196608
-65536 65536
0 -65536
-131072 -65536
-196608 -262144
-131072 -196608
196608 131072
262144 196608
196608 -262144
-196608 -65536
-196608 0
-65536 -131072
-65536 -65536
-262144 -131072
0 -65536
327680 -262144
-262144 -393216
-196608 65536
-327680 262144
-393216 327680
131072 -196608
-196608 262144
0 -458752
-131072 -65536
-65536 327680
-65536 -327680
327680 720896
-131072 -196608
131072 -393216
131072 0
-589824 -327680
65536 65536
65536 0
-65536 65536
589824 65536
-327680 -524288
-262144 65536
-327680 -196608
-131072 131072
196608 -524288
-262144 327680
327680 -262144
-262144 -196608
-131072 196608
-458752 -65536
-196608 327680
0 0
196608 -131072
65536 -458752
-196608 196608
-262144 458752
-393216 0
262144 0
393216 -720896
196608 -393216
-327680 0
-131072 655360
-131072 131072
0 -65536
-327680 -851968
0 -393216
65536 -327680
131072 1048576
-131072 327680
-393216 65536
-196608 -1703936
327680 -524288
-65536 1376256
262144 1179648
589824 -262144
-1966080 65536
-458752 -917504
1703936 262144
-393216 -2621440
1048576 65536
1179648 720896
720896 851968
-1310720 393216
-458752 -1179648
327680 131072
-458752 589824
262144 -393216
262144 65536
65536 262144
-131072 0
-262144 -589824
131072 0
-524288 65536
393216 0
-262144 327680
262144 -196608
-262144 0
-327680 -524288
0 0
196608 131072
-131072 -196608
0 -131072
-327680 -131072
196608 196608
-327680 65536
131072 0
-262144 0
0 65536
-196608 -458752
0 131072
196608 -393216
-196608 393216
0 -65536
-131072 65536
0 -65536
-327680 -458752
65536 131072
-65536 -65536
-131072 262144
0 -131072
-65536 -65536
-393216 131072
131072 -262144
-65536 -196608
131072 -327680
0 131072
-393216 393216
0 0
-262144 458752
0 -262144
65536 -720896
-65536 -65536
65536 -393216
65536 0
-131072 458752
-393216 -65536
0 196608
-131072 -327680
196608 -393216
131072 -131072
-262144 -131072
-393216 65536
0 262144
-327680 131072
-65536 0
589824 -327680
-65536 65536
-131072 -131072
-131072 -196608
-131072 327680
-327680 262144
131072 -393216
196608 65536
-262144 0
0 -458752
196608 0
-196608 327680
-393216 0
65536 -262144
196608 131072
-196608 131072
-131072 -131072
131072 -196608
-393216 65536
-131072 131072
0 -393216
-196608 131072
131072 -131072
-65536 -131072
-65536 262144
-65536 -65536
-262144 0
0 0
-196608 -131072
-131072 0
131072 -262144
-65536 -196608
-131072 131072
65536 0
-65536 65536
-65536 131072
0 -196608
-196608 -65536
-65536 0
65536 -131072
-196608 0
65536 -65536
0 -65536
-262144 -131072
-65536 -131072
131072 0
-196608 0
-262144 0
-131072 -65536
0 0
-65536 -65536
-262144 -196608
-65536 0
-65536 196608
-131072 -131072
65536 -65536
-131072 0
-65536 -65536
131072 65536
-65536 -65536
0 -131072
-65536 0
-131072 65536
-65536 -65536
0 -131072
-65536 -131072
-131072 -65536
0 -196608
65536 -65536
-131072 65536
-196608 0
-196608 65536
-65536 65536
0 -131072
-65536 -65536
-65536 -65536
65536 -65536
-131072 -65536
0 -65536
0 0
-262144 65536
0 -131072
131072 65536
-131072 -65536
-327680 -196608
-196608 -196608
131072 -65536
-131072 196608
131072 65536
262144 -131072
-131072 131072
0 -131072
-65536 -393216
-262144 196608
-196608 131072
131072 -327680
131072 131072
-65536 196608
0 -327680
0 65536
0 65536
-196608 -131072
-131072 131072
-131072 -196608
-65536 -131072
-65536 131072
-65536 -262144
65536 -65536
0 65536
-65536 -196608
-131072 0
-131072 262144
-458752 -196608
-196608 -131072
196608 131072
-458752 -327680
131072 131072
65536 262144
0 196608
0 -196608
-196608 65536
-458752 -131072
-131072 -262144
458752 131072
0 -131072
131072 -393216
65536 196608
-327680 131072
0 -262144
-65536 -196608
-196608 0
131072 -327680
-65536 -131072
0 -262144
-393216 -65536
-196608 327680
-65536 65536
65536 65536
-262144 65536
-131072 -196608
65536 65536
-262144 -65536
65536 -262144
524288 327680
65536 -131072
-131072 0
-196608 65536
-393216 -196608
196608 -131072
262144 -131072
-65536 -131072
262144 -131072
-458752 -65536
131072 327680
-589824 -131072
0 65536
327680 -655360
-196608 393216
327680 -393216
-589824 0
65536 -196608
-983040 524288
393216 -131072
0 -196608
65536 -65536
-131072 -65536
65536 458752
-262144 -65536
-65536 131072
0 -720896
-65536 65536
-393216 -393216
589824 131072
131072 196608
131072 393216
-458752 0
-196608 -524288
65536 -393216
-327680 131072
917504 393216
-589824 -65536
-851968 -327680
-262144 -65536
393216 196608
-196608 -524288
1900544 -655360
-851968 1310720
-393216 851968
3276800 983040
-1507328 851968
-1114112 -1900544
524288 -917504
1376256 -65536
-1048576 917504
524288 65536
-524288 196608
262144 -65536
-196608 196608
65536 -1245184
65536 -196608
-65536 262144
-196608 458752
-458752 65536
0 -524288
-393216 131072
65536 -262144
393216 131072
-65536 -262144
196608 -131072
-327680 393216
-393216 -262144
0 65536
-196608 -393216
65536 65536
-262144 -196608
262144 196608
-262144 -131072
-65536 65536
65536 -196608
-131072 131072
65536 -196608
-262144 -65536
65536 -196608
-196608 262144
131072 196608
0 65536
-262144 -458752
-131072 -196608
0 -131072
-327680 196608
131072 262144
-393216 0
589824 65536
-393216 -262144
-327680 -131072
196608 -262144
-655360 131072
458752 -131072
-327680 131072
65536 327680
196608 -458752
-196608 262144
0 -262144
-393216 -131072
0 327680
-196608 -327680
65536 65536
262144 -65536
-393216 -262144
-65536 -65536
0 0
-393216 -131072
131072 -65536
-262144 196608
-196608 196608
458752 -196608
-196608 0
-131072 -262144
-262144 -262144
-131072 262144
-262144 131072
196608 -65536
196608 131072
0 -262144
-131072 -393216
-65536 196608
0 131072
-327680 -65536
-131072 131072
0 131072
-65536 -327680
65536 -327680
65536 -196608
-131072 131072
65536 131072
65536 -327680
-327680 131072
65536 0
-262144 -262144
-196608 -65536
131072 -262144
0 0
-131072 196608
-131072 -65536
65536 65536
0 -196608
-327680 -131072
0 0
0 -65536
-196608 65536
0 131072
65536 -196608
-262144 0
65536 -65536
-65536 -262144
-196608 65536
131072 0
-131072 0
-196608 -65536
0 -65536
-65536 -65536
-262144 -196608
0 65536
-65536 -131072
-131072 -65536
-131072 196608
-65536 -65536
0 -196608
-131072 0
-131072 -131072
0 65536
-65536 65536
-65536 0
-65536 0
-65536 -65536
0 -131072
65536 0
0 -131072
-65536 65536
-65536 0
-65536 0
-131072 -131072
-65536 -131072
-131072 65536
-196608 0
65536 -131072
0 -65536
-262144 -131072
-65536 0
65536 131072
-131072 0
-65536 -65536
-65536 0
65536 -65536
0 -131072
-131072 -131072
-65536 0
-131072 65536
0 -131072
0 -196608
-65536 -65536
-262144 65536
-262144 65536
65536 -65536
-65536 -65536
0 65536
131072 -131072
-65536 0
-65536 65536
-131072 -327680
-131072 -65536
-262144 65536
-131072 -196608
-65536 196608
65536 196608
0 -327680
-131072 65536
65536 -262144
-196608 -262144
-65536 393216
0 -131072
-65536 -196608
-131072 131072
65536 -327680
-131072 -65536
-131072 65536
65536 -262144
-65536 65536
-196608 65536
-196608 -196608
-131072 65536
-131072 -65536
-327680 -131072
196608 327680
-65536 -65536
65536 65536
-65536 -262144
-131072 0
-131072 262144
-196608 -393216
327680 0
-131072 65536
-196608 -262144
262144 65536
-131072 -131072
-65536 0
196608 -327680
-458752 -131072
0 -65536
-393216 -196608
65536 -65536
65536 -262144
-458752 262144
0 -262144
-131072 393216
-65536 196608
-393216 -393216
0 262144
65536 -327680
65536 -131072
65536 327680
0 -262144
131072 262144
-327680 -65536
-327680 0
65536 -327680
-196608 -393216
196608 262144
262144 65536
-131072 196608
0 -458752
-458752 0
-196608 0
131072 -458752
65536 65536
131072 -327680
-458752 655360
65536 -393216
-327680 196608
-327680 -65536
-262144 -65536
65536 -131072
131072 -393216
458752 458752
-262144 -131072
-131072 458752
-393216 -65536
196608 262144
-524288 -589824
327680 -458752
393216 -131072
196608 524288
-524288 131072
-262144 -131072
-131072 -786432
524288 -262144
-65536 -65536
-393216 458752
131072 917504
-196608 -655360
-983040 -524288
-458752 -786432
851968 131072
983040 -65536
4587520 -3014656
1245184 1572864
-917504 -1179648
-1310720 1769472
-851968 -131072
1572864 -1114112
458752 -65536
-327680 65536
-196608 196608
-65536 327680
-524288 -393216
-65536 -262144
131072 -327680
589824 131072
-327680 327680
-196608 589824
-983040 -131072
196608 -655360
-262144 -65536
720896 -262144
-65536 524288
-262144 -196608
-262144 131072
-196608 -262144
-131072 -262144
262144 -262144
0 -131072
-196608 131072
-393216 131072
131072 -131072
-196608 -65536
262144 -131072
-131072 -458752
-196608 196608
-131072 65536
65536 262144
0 -262144
0 -262144
196608 131072
-327680 -458752
-524288 131072
196608 196608
-327680 131072
393216 0
-262144 -393216
131072 0
131072 -327680
-851968 327680
393216 65536
-262144 -65536
-65536 65536
131072 -524288
-65536 393216
0 -196608
-196608 -65536
65536 262144
-458752 -458752
-65536 -65536
327680 0
-262144 -196608
131072 131072
-65536 131072
-589824 -65536
65536 65536
-196608 -196608
-131072 -458752
458752 -131072
-262144 327680
-196608 65536
-131072 -131072
-196608 262144
-393216 0
458752 -393216
262144 -196608
-65536 -131072
-131072 -262144
-131072 393216
-327680 262144
-327680 -196608
327680 -196608
196608 0
-196608 -196608
-65536 0
196608 65536
-393216 0
-524288 0
65536 -196608
65536 65536
131072 -327680
-131072 -196608
131072 196608
0 -196608
-458752 -65536
-65536 65536
-131072 -131072
-262144 131072
131072 0
65536 -196608
-65536 -131072
-196608 -65536
-196608 65536
-131072 131072
0 -65536
-131072 0
65536 -131072
0 -65536
-131072 65536
0 0
-131072 0
0 -65536
65536 -131072
-196608 -65536
-196608 -65536
65536 65536
-65536 -262144
-196608 65536
0 131072
-196608 -262144
-65536 65536
-131072 196608
-131072 -196608
-65536 0
-196608 0
-65536 -65536
-65536 0
0 0
65536 -131072
-131072 0
-65536 65536
-65536 0
-131072 -196608
-65536 -65536
-65536 -65536
65536 -131072
-65536 -131072
-131072 0
0 0
0 0
-65536 -131072
-65536 0
-262144 0
-262144 0
65536 -65536
0 0
0 -65536
65536 -131072
0 -65536
-131072 -65536
-131072 -65536
-65536 -65536
-65536 0
0 -196608
-65536 -131072
-131072 0
-327680 0
-65536 0
0 -131072
-131072 -65536
0 65536
131072 -65536
-65536 -131072
0 65536
-196608 -65536
-196608 0
-262144 65536
0 -196608
65536 131072
65536 0
65536 -327680
-65536 196608
-65536 0
-196608 -327680
-196608 262144
-131072 -262144
0 -262144
-196608 196608
0 -262144
131072 -131072
-65536 65536
-65536 -458752
-196608 131072
-131072 393216
-262144 -196608
0 0
-65536 65536
-393216 -327680
327680 65536
-65536 -65536
-196608 -65536
131072 131072
-65536 262144
-65536 -65536
-196608 -393216
0 0
65536 -131072
65536 -458752
65536 327680
131072 -196608
-196608 0
65536 0
-393216 -327680
-65536 65536
-196608 -327680
-196608 -196608
65536 -196608
-524288 196608
0 -65536
0 131072
0 262144
-65536 -196608
-131072 393216
-196608 -524288
-65536 -196608
327680 262144
0 -393216
196608 327680
-262144 0
-196608 0
-131072 -196608
-196608 -65536
458752 -196608
0 -524288
131072 786432
-196608 -262144
-458752 196608
-131072 -196608
-65536 -262144
65536 -262144
-131072 -589824
524288 524288
-786432 131072
-327680 262144
-393216 65536
0 65536
-131072 -327680
196608 -524288
393216 131072
-458752 393216
-196608 196608
0 131072
327680 -458752
-262144 -524288
65536 0
-131072 -196608
131072 786432
-131072 393216
524288 -786432
-1245184 -1179648
524288 131072
65536 655360
-65536 262144
131072 -917504
524288 786432
-2228224 1114112
131072 -196608
-786432 -1835008
2359296 -4718592
262144 -1441792
1048576 -262144
851968 2031616
-655360 65536
458752 -1507328
-1048576 327680
-327680 -65536
327680 327680
196608 196608
262144 393216
-655360 -458752
-131072 -589824
-655360 -327680
917504 196608
-196608 655360
458752 -262144
-1114112 393216
-196608 -720896
0 -131072
262144 -196608
262144 0
327680 0
-524288 -131072
-131072 196608
-589824 -327680
196608 0
-327680 -196608
458752 393216
-65536 131072
-196608 -131072
-262144 -262144
-65536 327680
0 -393216
-131072 131072
-65536 -65536
131072 131072
-131072 -196608
0 131072
-196608 -65536
-65536 -131072
-262144 -131072
196608 -65536
0 -131072
-327680 -131072
327680 0
-393216 262144
196608 65536
-131072 -196608
-327680 131072
196608 -393216
-131072 -65536
65536 131072
-65536 -65536
-131072 131072
-65536 0
131072 -131072
-65536 0
-393216 -262144
131072 -262144
0 65536
-458752 -131072
262144 65536
0 65536
-393216 0
196608 -65536
-196608 -65536
-327680 -196608
131072 -65536
-65536 393216
-196608 -65536
262144 -262144
-196608 0
-131072 -131072
0 -458752
-131072 262144
-65536 196608
196608 0
196608 65536
-262144 -131072
-196608 -524288
-65536 65536
0 65536
-393216 -65536
131072 196608
458752 -327680
-327680 0
0 131072
65536 -262144
-196608 -65536
-196608 -65536
-327680 0
-65536 0
-131072 -131072
-131072 0
196608 -131072
-131072 -65536
65536 0
65536 -65536
-393216 65536
-196608 131072
0 0
-262144 -65536
131072 0
196608 -131072
-131072 0
0 -65536
-65536 65536
-65536 -65536
0 -65536
-131072 -65536
-131072 -65536
0 65536
0 -65536
0 0
-131072 -131072
-196608 -131072
-65536 65536
-65536 0
-65536 -196608
0 0
-65536 0
-65536 0
-196608 0
-65536 -65536
-65536 0
0 0
131072 -65536
-65536 -65536
-65536 0
65536 65536
0 -65536
-65536 -65536
-131072 -65536
-196608 0
-131072 -131072
-65536 -65536
-65536 -131072
-65536 -131072
-65536 -65536
-131072 65536
0 65536
-131072 65536
0 0
0 0
-131072 -65536
-65536 -65536
-65536 -131072
-131072 -65536
-65536 -65536
65536 -65536
-131072 0
-131072 -131072
-131072 -65536
0 131072
-327680 65536
-131072 131072
196608 -131072
-196608 -65536
0 -131072
65536 -131072
-196608 0
131072 0
-131072 -131072
-65536 131072
-131072 65536
-196608 -327680
0 131072
65536 196608
-131072 -458752
65536 131072
65536 -196608
0 -327680
-65536 196608
-262144 -65536
-196608 -65536
65536 458752
65536 -262144
0 -458752
-196608 -65536
-131072 -196608
-65536 131072
65536 327680
-327680 -65536
-65536 -65536
-65536 0
-393216 -131072
262144 -327680
0 196608
-65536 131072
196608 -65536
131072 262144
-327680 -65536
-327680 -524288
131072 -65536
-393216 65536
262144 -196608
196608 196608
-65536 -131072
65536 -196608
-131072 -131072
-131072 -524288
-458752 196608
-262144 196608
0 -196608
0 131072
-196608 -196608
65536 -327680
-196608 131072
-65536 131072
0 65536
131072 131072
-65536 -262144
-196608 -65536
196608 -327680
-131072 0
196608 262144
-196608 327680
0 65536
-262144 -458752
-131072 -196608
131072 -262144
-131072 -196608
393216 524288
131072 -196608
-393216 262144
-327680 -327680
-458752 -327680
131072 -327680
-393216 0
589824 0
-524288 196608
0 262144
-393216 -196608
0 -131072
-65536 -196608
131072 131072
0 -196608
-65536 458752
-131072 -262144
393216 0
-524288 -196608
-393216 -393216
262144 65536
524288 393216
262144 -65536
-131072 65536
-655360 -458752
-851968 -196608
196608 262144
-65536 131072
524288 -720896
393216 -327680
-655360 393216
1245184 983040
-1638400 589824
4653056 -3407872
-1179648 -131072
-262144 -65536
851968 -1376256
-196608 -131072
0 655360
-655360 524288
-131072 196608
-65536 -589824
786432 -524288
196608 262144
-196608 196608
-983040 262144
-262144 0
-65536 -262144
393216 -720896
327680 0
65536 196608
-196608 524288
-524288 131072
-65536 -589824
0 -131072
-65536 -393216
327680 65536
0 -131072
-393216 196608
-655360 0
196608 -131072
262144 -393216
0 -65536
-65536 0
-327680 262144
-196608 131072
-131072 0
-65536 -327680
262144 -327680
-196608 -65536
262144 393216
-262144 -262144
0 393216
-262144 -196608
-393216 -131072
458752 -393216
-458752 -131072
393216 458752
-524288 -196608
65536 262144
393216 -524288
-458752 -262144
262144 -327680
-327680 262144
-131072 655360
-262144 -458752
131072 262144
0 -327680
-262144 -655360
262144 262144
0 -131072
-196608 -196608
-131072 458752
-524288 -131072
196608 -65536
131072 0
-65536 -131072
458752 -196608
-524288 65536
-458752 -131072
196608 0
-327680 131072
-65536 -131072
458752 -196608
65536 131072
-131072 -65536
-131072 -131072
-262144 262144
-327680 65536
65536 -327680
262144 -196608
65536 -65536
-65536 -327680
-131072 65536
0 196608
-327680 -65536
-65536 65536
0 -327680
-131072 131072
196608 -131072
-196608 -393216
-131072 196608
65536 -65536
-458752 -196608
65536 131072
-65536 0
-262144 0
131072 0
-65536 -131072
-131072 -196608
-131072 -65536
-196608 0
131072 -65536
0 -131072
-196608 65536
65536 65536
-131072 65536
-262144 65536
65536 -65536
-196608 -131072
-65536 -131072
65536 65536
65536 0
0 -65536
65536 0
-65536 -65536
-196608 65536
-131072 -131072
-65536 -131072
-131072 -65536
-196608 -65536
0 -131072
65536 -65536
-131072 -65536
-131072 65536
-196608 65536
-65536 0
-65536 0
-196608 -65536
-131072 65536
0 0
65536 -131072
0 0
-196608 -65536
-65536 65536
0 65536
-65536 -131072
-131072 -196608
0 65536
0 65536
0 -131072
-196608 -131072
-196608 65536
0 -65536
0 -65536
-65536 -65536
-65536 -131072
-65536 0
0 0
-65536 -65536
-131072 0
0 0
-131072 0
-131072 -65536
-65536 -131072
-65536 -131072
-65536 -131072
-262144 0
131072 0
-65536 65536
-262144 196608
262144 -196608
-262144 -131072
-196608 65536
0 -262144
-262144 0
65536 65536
0 -131072
-65536 65536
-65536 196608
-131072 -65536
-65536 65536
65536 0
-65536 -393216
0 0
0 -196608
-327680 -131072
-65536 196608
-65536 -131072
-65536 0
196608 196608
-65536 -458752
-196608 -196608
-262144 131072
-65536 -327680
0 196608
65536 131072
-262144 -131072
-65536 262144
-131072 -131072
-327680 -131072
65536 -196608
-262144 0
131072 262144
0 -196608
0 262144
131072 -65536
-458752 -524288
0 131072
-196608 65536
131072 0
327680 -196608
-196608 -262144
196608 0
-327680 -196608
-327680 -131072
-262144 0
-393216 262144
393216 -327680
65536 -65536
-589824 -65536
-65536 -196608
-262144 524288
131072 -131072
0 196608
327680 65536
-131072 -720896
-393216 327680
-131072 -262144
-65536 262144
458752 -131072
65536 196608
262144 0
-655360 -458752
-393216 262144
-131072 -524288
393216 327680
196608 65536
196608 -589824
-131072 131072
-458752 0
-393216 262144
-458752 -720896
131072 -131072
196608 262144
-65536 -327680
0 131072
-393216 262144
-196608 393216
-589824 -524288
655360 -327680
196608 -196608
196608 65536
-589824 262144
-196608 655360
-262144 -458752
196608 -262144
65536 -851968
327680 327680
-262144 -262144
196608 524288
-786432 -65536
393216 393216
131072 -1310720
-65536 983040
-983040 0
-524288 -327680
262144 -1572864
1376256 1048576
7733248 -5111808
-196608 -262144
-327680 1376256
-589824 -1572864
917504 327680
-655360 1179648
262144 -655360
-65536 262144
-458752 -327680
-458752 -720896
-131072 -524288
851968 786432
-65536 262144
65536 458752
-851968 -458752
131072 -393216
-983040 262144
786432 -458752
65536 524288
131072 -196608
-327680 -131072
-65536 -327680
65536 -65536
0 196608
0 -196608
-65536 65536
-327680 -327680
-262144 393216
-196608 -393216
262144 -262144
-65536 -65536
-131072 262144
0 -65536
-131072 196608
131072 -65536
-524288 -196608
65536 -65536
-262144 -131072
262144 196608
-131072 -196608
-196608 0
262144 -196608
-655360 -131072
262144 0
-262144 -196608
-131072 393216
327680 -393216
-327680 65536
196608 -262144
-458752 -262144
-196608 393216
-65536 -327680
65536 458752
131072 -327680
131072 -196608
65536 131072
-589824 -196608
-131072 0
0 327680
-327680 -327680
262144 -196608
262144 131072
-327680 -262144
262144 -196608
-327680 65536
-393216 -131072
-131072 196608
-131072 196608
65536 0
327680 -327680
-65536 -196608
-327680 -196608
-65536 -131072
-131072 196608
-196608 196608
196608 -196608
131072 65536
-131072 -65536
65536 -458752
65536 262144
-196608 65536
-327680 -262144
0 65536
131072 -262144
-262144 65536
131072 0
65536 -131072
131072 131072
0 0
-393216 -131072
-65536 65536
-196608 -131072
-131072 -65536
262144 -196608
-131072 -196608
0 -65536
65536 131072
-196608 0
-131072 0
-65536 -65536
-65536 -131072
0 -131072
-131072 0
-131072 131072
65536 -65536
-65536 -131072
-65536 -65536
-65536 -65536
-65536 -65536
-65536 65536
65536 131072
0 -131072
-65536 0
-65536 -131072
-131072 -131072
-196608 65536
-65536 0
0 -196608
-131072 0
-131072 65536
-65536 -65536
-196608 -131072
0 0
0 65536
-131072 -131072
0 -131072
-131072 -65536
-65536 0
0 65536
-65536 -196608
65536 0
-65536 65536
-131072 -131072
0 -65536
-65536 0
-196608 -262144
-65536 -131072
-65536 65536
-131072 0
-65536 -65536
-65536 65536
-65536 0
-131072 -65536
-65536 -65536
-131072 -65536
-131072 -65536
65536 -65536
0 -65536
-65536 -131072
-65536 0
0 0
-65536 -131072
-65536 -131072
-131072 -131072
-196608 -131072
-65536 65536
-65536 131072
-65536 65536
-65536 131072
65536 -131072
-131072 -262144
-131072 -65536
0 -196608
-262144 65536
65536 131072
65536 -65536
-131072 0
-196608 65536
0 -262144
-131072 -65536
0 0
0 -262144
0 196608
196608 -131072
-131072 -131072
-131072 262144
-196608 -196608
-65536 -131072
0 196608
-196608 -262144
65536 -131072
-65536 131072
-262144 -524288
65536 0
65536 262144
-393216 -196608
131072 262144
-131072 131072
-393216 -131072
262144 -131072
-327680 -131072
0 131072
458752 -65536
-131072 196608
0 65536
-327680 -196608
-196608 196608
0 -393216
65536 -65536
393216 65536
-196608 -393216
-131072 196608
-262144 -262144
-327680 -65536
-196608 0
-262144 -196608
131072 -131072
-65536 -65536
-393216 65536
65536 -65536
-196608 262144
131072 -65536
65536 -65536
131072 65536
-393216 -196608
-262144 65536
-65536 -393216
131072 393216
393216 -327680
0 -131072
0 0
-458752 65536
131072 589824
-458752 -851968
327680 -131072
65536 -65536
-131072 -327680
196608 65536
-524288 131072
0 327680
-1179648 -196608
589824 -524288
65536 0
0 -196608
-196608 589824
-262144 131072
131072 327680
-327680 -131072
196608 -917504
65536 0
0 0
393216 393216
-131072 524288
-851968 -327680
65536 -524288
327680 -524288
-65536 589824
-393216 65536
655360 -65536
-393216 -720896
262144 -589824
-1441792 983040
917504 524288
524288 720896
-2162688 -786432
65536 -655360
6488064 -4456448
393216 -1310720
0 1310720
458752 -1114112
983040 -65536
-1310720 0
-262144 393216
589824 -589824
65536 851968
-786432 -327680
-393216 393216
-131072 -524288
917504 196608
-589824 -327680
131072 -196608
-655360 -65536
327680 196608
-327680 458752
262144 -327680
262144 -262144
-65536 -65536
-196608 65536
-262144 65536
-131072 -262144
0 -131072
262144 -655360
0 458752
-65536 0
-196608 327680
-262144 65536
-262144 0
-65536 -393216
131072 -262144
196608 -65536
-196608 0
-131072 196608
-131072 262144
-65536 -65536
65536 -196608
65536 -589824
262144 196608
-262144 0
-524288 393216
-65536 -131072
-327680 -131072
458752 -131072
-65536 -262144
393216 -65536
-65536 -262144
-458752 458752
-131072 -131072
-131072 65536
-196608 65536
0 -262144
262144 -262144
0 196608
-262144 -393216
0 196608
-196608 0
65536 -196608
262144 196608
-393216 -393216
327680 0
-393216 131072
-393216 -196608
131072 0
0 131072
-262144 -196608
393216 0
0 0
-524288 -262144
-65536 -262144
-327680 458752
-131072 196608
393216 -327680
131072 65536
-196608 0
-196608 -393216
-196608 131072
-196608 65536
0 -262144
65536 0
196608 -131072
-131072 131072
65536 0
-196608 -262144
-327680 196608
-131072 -65536
-131072 -393216
196608 -65536
-65536 -65536
-196608 -65536
196608 0
-131072 0
-262144 0
-196608 -65536
-131072 -65536
-65536 -65536
262144 -65536
-131072 -131072
-131072 0
-196608 65536
-131072 65536
65536 0
-196608 -65536
-131072 -131072
-65536 0
-131072 65536
-131072 65536
65536 -131072
65536 -131072
-65536 65536
0 -196608
-65536 -65536
-65536 65536
0 -196608
0 -65536
-65536 196608
0 -196608
-196608 -196608
-65536 0
65536 0
-262144 -131072
-196608 -65536
65536 65536
-131072 0
65536 0
65536 0
-65536 0
-131072 0
-196608 0
-65536 -131072
-65536 -131072
-65536 -65536
65536 -65536
0 65536
-131072 0
0 0
-65536 -65536
-65536 -131072
-196608 -65536
-196608 -65536
-262144 0
-65536 65536
65536 -65536
65536 0
65536 0
-131072 -65536
-131072 -65536
-131072 -65536
-131072 -65536
65536 0
-65536 -196608
-65536 -262144
-131072 0
-262144 -65536
0 0
131072 -65536
-131072 196608
-131072 0
131072 -196608
-196608 0
-262144 0
-65536 -196608
-131072 131072
-65536 65536
65536 -131072
196608 0
-131072 65536
-131072 -262144
-131072 131072
-131072 65536
-196608 -131072
-65536 0
0 -262144
-65536 -131072
65536 196608
-131072 -131072
-65536 65536
131072 196608
-262144 -196608
-131072 -196608
-65536 65536
-327680 -262144
-131072 -196608
262144 196608
-196608 65536
262144 -65536
-65536 65536
-327680 -65536
-131072 -262144
-327680 262144
65536 -65536
262144 -262144
131072 196608
-196608 131072
131072 -327680
-262144 0
-196608 -131072
65536 -196608
0 -65536
131072 -262144
0 196608
-393216 -262144
65536 -65536
-327680 262144
-327680 -327680
131072 65536
-131072 131072
0 -327680
-131072 0
-131072 262144
65536 65536
-65536 196608
196608 -327680
-131072 327680
-131072 -196608
-524288 -327680
262144 196608
65536 -262144
65536 393216
0 -327680
0 131072
-262144 -262144
-262144 -131072
0 0
-65536 -131072
262144 -131072
0 -393216
-589824 0
-262144 327680
-458752 -131072
131072 -327680
-262144 -65536
327680 -65536
65536 0
65536 262144
-262144 327680
-458752 -262144
0 -393216
-262144 -327680
393216 -327680
327680 524288
65536 393216
-655360 458752
-196608 -1507328
-262144 0
589824 327680
-393216 262144
-393216 -851968
-131072 1179648
-524288 -131072
-393216 -786432
2293760 -655360
-1048576 1245184
-262144 -196608
8781824 -3080192
196608 917504
65536 -1114112
-327680 131072
-524288 -327680
-524288 524288
393216 262144
131072 -589824
-65536 -458752
327680 458752
-393216 327680
-327680 -393216
0 0
0 -131072
65536 262144
-720896 -458752
65536 131072
-196608 65536
262144 -393216
65536 -65536
196608 0
-196608 196608
-327680 262144
-65536 -65536
-262144 -65536
-262144 -524288
65536 -65536
0 -196608
-196608 65536
-327680 0
196608 131072
0 -65536
-131072 -196608
0 -327680
-196608 0
-65536 393216
-524288 -65536
393216 196608
-196608 -655360
-65536 65536
-131072 -524288
-327680 262144
524288 0
-524288 262144
458752 65536
-262144 -589824
-196608 262144
-65536 -589824
-393216 524288
196608 -196608
-131072 -262144
65536 458752
131072 -589824
0 262144
-393216 196608
-196608 -589824
327680 524288
-589824 -262144
65536 -262144
262144 458752
-655360 -393216
458752 0
-196608 0
-262144 -196608
131072 0
-262144 0
-65536 -65536
196608 65536
-327680 -65536
-262144 0
65536 -131072
-131072 65536
0 -262144
0 -131072
65536 131072
-65536 -196608
0 -262144
-262144 458752
-196608 131072
65536 -393216
0 196608
131072 -131072
-262144 -262144
65536 -65536
-65536 -196608
-196608 262144
65536 65536
-196608 -65536
0 262144
0 -65536
-131072 -262144
0 -196608
-262144 -131072
-65536 -131072
0 -131072
-262144 131072
0 65536
262144 -65536
-196608 -65536
65536 -65536
-131072 -131072
-327680 65536
-196608 0
0 -65536
65536 -65536
-131072 0
-65536 -65536
0 0
-65536 65536
-65536 -131072
-65536 0
0 -131072
-131072 0
-131072 -65536
65536 -65536
0 131072
-196608 -131072
-65536 -196608
-65536 131072
0 -65536
-65536 -131072
-131072 0
-65536 -65536
65536 -65536
-262144 0
-131072 0
-65536 65536
0 -65536
0 0
-65536 -65536
-131072 -65536
0 65536
0 0
-131072 -65536
-262144 0
-65536 -65536
-65536 0
-131072 -196608
0 -131072
-65536 -65536
-196608 -196608
0 0
0 65536
-131072 -65536
0 65536
0 0
-196608 -131072
-131072 -131072
-65536 -65536
-131072 0
65536 65536
65536 -196608
0 0
-131072 -131072
-196608 -196608
-65536 131072
-262144 65536
-65536 65536
196608 -131072
-65536 -65536
-131072 65536
131072 -196608
-65536 65536
-196608 196608
-196608 -327680
-131072 -131072
65536 65536
-131072 -196608
65536 0
0 262144
-131072 -327680
-65536 65536
131072 -65536
-131072 -262144
-65536 65536
0 -196608
-65536 0
-65536 262144
-131072 -262144
0 65536
-65536 -65536
-262144 -262144
65536 131072
-65536 -131072
-262144 -196608
-65536 0
0 -65536
-262144 131072
393216 -65536
-327680 -65536
-262144 327680
-65536 -131072
-262144 196608
196608 -393216
-196608 -327680
393216 131072
-65536 0
-65536 262144
-131072 131072
-327680 -65536
196608 -65536
-131072 -327680
65536 -524288
131072 -65536
-589824 0
131072 65536
-393216 196608
-327680 -65536
327680 -131072
-589824 65536
262144 -131072
-262144 131072
-131072 131072
65536 -131072
-65536 393216
131072 -524288
-393216 196608
196608 -196608
-524288 196608
196608 196608
131072 -393216
196608 458752
-458752 -851968
262144 458752
-655360 -196608
131072 65536
327680 0
-393216 -393216
327680 0
-458752 -393216
327680 131072
-851968 720896
-65536 -458752
65536 -65536
-131072 -393216
262144 -196608
-262144 262144
262144 131072
-196608 851968
-524288 -458752
196608 -196608
-327680 -393216
589824 -196608
131072 262144
-327680 196608
-655360 524288
-327680 -1245184
917504 65536
-65536 196608
262144 327680
-851968 -131072
786432 -327680
-1114112 262144
-262144 -458752
-393216 65536
983040 -851968
10485760 -3932160
589824 786432
1114112 -2228224
-1507328 2752512
-458752 327680
851968 -393216
786432 -786432
-1310720 196608
-393216 -655360
0 917504
327680 -720896
0 655360
-327680 -983040
262144 65536
-393216 327680
65536 655360
-458752 -327680
327680 -720896
-327680 0
-131072 196608
196608 0
-196608 196608
131072 -458752
-262144 65536
262144 -458752
-262144 458752
131072 -589824
-131072 393216
-131072 -196608
-131072 262144
-65536 -327680
0 -131072
-65536 65536
-262144 -327680
-65536 262144
-196608 -393216
327680 327680
-327680 -196608
196608 458752
-65536 -131072
-655360 -327680
0 -196608
-327680 -65536
327680 -65536
0 -327680
-65536 393216
65536 -393216
-589824 327680
0 -196608
65536 -196608
65536 131072
-65536 -524288
-65536 393216
-262144 0
-393216 -196608
65536 262144
-196608 -196608
327680 -196608
196608 131072
-262144 -458752
-65536 65536
-524288 327680
-196608 -131072
65536 -131072
-65536 0
0 -327680
131072 -262144
-131072 131072
-196608 65536
65536 -262144
-196608 196608
-262144 0
131072 -262144
262144 -131072
-458752 131072
0 -262144
-196608 131072
-65536 0
65536 -327680
-65536 196608
131072 -393216
-262144 -131072
0 262144
-131072 -131072
-262144 131072
65536 -131072
-131072 -196608
196608 196608
-65536 -262144
-327680 -196608
262144 196608
0 65536
-327680 -131072
-196608 -65536
65536 -65536
0 -65536
0 0
-65536 0
65536 -131072
-327680 -131072
-65536 -131072
0 -131072
-196608 0
0 131072
-65536 0
-65536 0
-131072 65536
-65536 -196608
0 -196608
-131072 131072
0 -131072
-131072 -65536
-65536 65536
0 0
0 -65536
-65536 -196608
0 -196608
-131072 -131072
-196608 -65536
-65536 65536
-65536 -65536
-131072 -131072
-131072 65536
-262144 0
0 -65536
0 0
0 0
-65536 0
0 65536
-65536 0
-65536 -65536
-131072 -65536
-131072 65536
0 0
65536 -196608
-131072 -65536
0 0
65536 0
-65536 0
-196608 -131072
-131072 0
-262144 0
-65536 -65536
65536 0
-131072 -65536
0 -65536
131072 0
-65536 0
-65536 -65536
0 65536
0 -65536
-65536 0
-65536 -131072
-131072 -65536
-131072 0
-131072 -65536
0 65536
-196608 -65536
-131072 0
131072 0
0 -65536
-262144 65536
65536 0
-131072 -131072
-131072 -131072
-262144 -196608
-327680 0
65536 131072
65536 -131072
65536 0
65536 131072
-131072 -458752
-131072 0
0 0
-262144 -196608
-65536 262144
-65536 -131072
131072 -65536
0 262144
-131072 -393216
0 -196608
-262144 262144
-196608 -196608
262144 65536
-327680 0
-327680 -262144
65536 -65536
65536 0
-327680 -131072
327680 131072
-262144 65536
-196608 327680
327680 -393216
-589824 131072
262144 -196608
-196608 -196608
65536 262144
131072 0
0 196608
0 0
-262144 -393216
-65536 -131072
-131072 -196608
-196608 -131072
-65536 131072
-196608 -65536
196608 65536
-196608 0
-458752 -196608
65536 0
-393216 65536
196608 -131072
-131072 65536
-131072 -65536
0 0
-131072 0
65536 -65536
-131072 393216
-131072 -524288
-131072 65536
196608 -196608
65536 -327680
131072 262144
-524288 -65536
458752 65536
-589824 0
65536 -65536
131072 -262144
-262144 -524288
524288 131072
-524288 -131072
196608 -262144
-589824 524288
-262144 -196608
131072 -65536
-131072 -196608
65536 196608
-327680 65536
65536 -196608
-65536 327680
262144 -327680
-262144 -131072
-327680 0
-393216 0
589824 196608
131072 720896
-131072 65536
-786432 -1376256
917504 -720896
-458752 786432
-720896 393216
-65536 -983040
1572864 655360
-1835008 589824
983040 524288
-1900544 -1048576
8912896 -1179648
-131072 -655360
458752 -851968
589824 851968
-458752 -131072
1179648 -983040
-983040 851968
-458752 -458752
-393216 393216
-131072 262144
917504 262144
-196608 -458752
-524288 -524288
-720896 -262144
196608 196608
327680 524288
131072 -458752
-131072 -393216
-655360 131072
0 196608
-131072 327680
393216 -327680
196608 -131072
-131072 -327680
-458752 196608
131072 -65536
-458752 196608
65536 -589824
-65536 65536
262144 65536
-262144 -196608
-262144 0
-196608 131072
-196608 393216
0 -786432
0 196608
196608 -131072
-262144 65536
-131072 196608
0 -196608
-65536 262144
-131072 -524288
-262144 196608
458752 -262144
-262144 196608
196608 131072
-327680 -262144
-131072 196608
65536 -393216
-65536 0
-131072 -65536
-196608 -131072
-131072 262144
0 -327680
196608 -65536
-131072 393216
-65536 -524288
65536 262144
-458752 -131072
-65536 -262144
196608 131072
-458752 -196608
262144 131072
327680 65536
-196608 -262144
-65536 -196608
-327680 -131072
-458752 -262144
196608 65536
0 262144
-65536 -65536
393216 -196608
-196608 131072
-458752 -65536
327680 -393216
-524288 196608
-196608 65536
262144 -196608
65536 458752
65536 -262144
-327680 -131072
-65536 131072
-131072 -196608
-262144 -65536
131072 -65536
0 -131072
0 131072
-65536 -196608
0 65536
65536 65536
-393216 -65536
-196608 0
262144 -65536
-131072 -131072
-196608 -65536
131072 -262144
-65536 0
-131072 131072
-65536 -65536
-196608 0
-196608 65536
0 -196608
0 -65536
-196608 0
0 -65536
-65536 0
-65536 -65536
-131072 -65536
-131072 0
0 -65536
-65536 0
0 65536
65536 -131072
-131072 -65536
-131072 -131072
0 -131072
-196608 -65536
-196608 0
65536 -65536
-131072 -131072
-65536 65536
0 0
-131072 -196608
-65536 0
-65536 -65536
-131072 -131072
-131072 65536
-65536 -65536
0 -65536
-65536 131072
0 -65536
-65536 -65536
-65536 0
0 -65536
-65536 0
-131072 -131072
-196608 -131072
-131072 0
-65536 -65536
0 -65536
-131072 -65536
0 -65536
0 0
-131072 -131072
-196608 -65536
-196608 65536
-65536 0
65536 -65536
0 0
-65536 -196608
-65536 -65536
65536 -65536
-65536 -65536
-65536 -65536
-65536 -65536
-65536 -65536
-196608 -65536
-65536 65536
-131072 65536
-131072 -131072
65536 -65536
0 -65536
-262144 -196608
131072 -262144
-131072 196608
-196608 65536
-65536 -131072
-196608 131072
-65536 -65536
0 -327680
65536 -131072
65536 65536
-131072 -262144
0 131072
-65536 131072
-327680 -65536
131072 65536
-65536 -131072
0 -262144
65536 -196608
-327680 -65536
65536 0
-65536 262144
-262144 0
327680 -65536
-262144 -65536
-327680 -262144
131072 -262144
-131072 196608
-327680 0
196608 0
65536 131072
-196608 0
131072 -196608
-393216 131072
0 -65536
-131072 -65536
-65536 65536
196608 -131072
131072 65536
0 -131072
-65536 -196608
-327680 131072
-327680 -131072
393216 -131072
-327680 -131072
-131072 -131072
196608 -65536
-393216 -65536
-131072 0
-262144 327680
-65536 -131072
0 -262144
-65536 327680
131072 -458752
-131072 327680
0 -65536
-262144 196608
262144 196608
-196608 -524288
-393216 262144
-65536 -917504
262144 524288
65536 -131072
0 327680
262144 -262144
-458752 -131072
262144 0
-589824 -393216
131072 65536
-196608 -262144
131072 -131072
-393216 65536
0 131072
131072 -327680
-262144 262144
-65536 -262144
-65536 131072
-262144 -589824
196608 786432
-393216 0
0 -131072
-262144 -327680
393216 -65536
-65536 262144
65536 -720896
720896 786432
-983040 0
-458752 -655360
-327680 65536
720896 589824
-65536 196608
-393216 -1245184
-851968 -1310720
2162688 786432
-983040 1245184
10551296 1769472
-524288 -589824
-917504 589824
589824 -1572864
-589824 524288
-65536 524288
-458752 -65536
196608 -196608
-393216 196608
655360 -851968
196608 65536
-131072 -131072
-524288 851968
-720896 -131072
196608 -262144
-65536 -655360
524288 0
-327680 131072
-65536 131072
-327680 393216
0 -196608
65536 -524288
-65536 196608
-65536 -131072
-196608 262144
-65536 -262144
-131072 196608
-65536 -524288
262144 0
-65536 -131072
-196608 131072
-262144 65536
-196608 -65536
0 -65536
-327680 65536
393216 -262144
-393216 -196608
196608 262144
-196608 -65536
-262144 196608
262144 -393216
-589824 196608
524288 -458752
-589824 131072
0 0
-262144 -327680
-65536 589824
327680 -589824
-196608 262144
0 -393216
-65536 -393216
-458752 720896
-262144 -524288
65536 327680
65536 131072
-65536 -917504
196608 524288
-458752 -327680
131072 -131072
-262144 458752
-393216 -196608
589824 -65536
-131072 -65536
-327680 -196608
196608 65536
-327680 -65536
-327680 0
0 0
-196608 -65536
65536 -131072
393216 -262144
-65536 65536
-327680 0
-131072 -131072
-458752 196608
-65536 0
65536 -196608
-131072 0
262144 -196608
-131072 -65536
0 65536
-131072 -131072
-327680 -65536
65536 0
0 -131072
-65536 196608
0 -196608
-196608 -196608
0 0
-131072 -131072
-196608 -196608
0 -131072
65536 65536
-65536 65536
65536 -65536
-196608 131072
-196608 -65536
-196608 -262144
-65536 0
131072 -131072
0 -196608
0 131072
-65536 0
-131072 0
-196608 0
-65536 -65536
0 -65536
-131072 -65536
-65536 -131072
-131072 0
65536 0
0 -65536
-196608 0
65536 65536
-65536 -131072
-196608 -65536
0 -131072
65536 -65536
-196608 -131072
65536 -131072
-65536 -196608
-327680 -65536
-65536 65536
65536 -65536
-196608 -65536
-196608 0
0 -131072
-65536 65536
-262144 0
0 -131072
-65536 65536
-65536 0
0 -131072
0 65536
-65536 -196608
-65536 -131072
-65536 196608
-65536 -65536
-131072 -65536
-131072 0
-65536 -65536
-65536 -131072
-65536 -65536
-131072 -131072
-131072 0
0 65536
-131072 0
-131072 0
-131072 0
-131072 65536
-131072 -131072
-131072 -65536
65536 -131072
65536 -196608
-131072 -131072
-65536 -65536
-65536 65536
-131072 65536
-65536 65536
-65536 0
-196608 -131072
65536 -262144
0 -196608
-327680 0
0 -262144
0 196608
0 196608
0 -327680
-131072 65536
-131072 -65536
-196608 -196608
131072 65536
65536 -65536
-196608 -393216
0 0
131072 -131072
-458752 0
0 65536
131072 -196608
-131072 65536
-131072 0
-262144 -196608
0 -65536
0 -65536
-327680 -196608
327680 0
-196608 65536
-393216 -65536
196608 -196608
-393216 0
-131072 131072
196608 -458752
-262144 262144
0 0
-65536 -65536
-196608 131072
-131072 -262144
65536 131072
131072 -196608
65536 -196608
131072 393216
-196608 -196608
-131072 -262144
-65536 131072
-524288 -327680
393216 -65536
-131072 -131072
-131072 -131072
262144 65536
-655360 0
262144 -65536
-589824 196608
65536 0
196608 -131072
-262144 65536
0 -524288
-327680 196608
196608 -262144
-65536 458752
-65536 196608
262144 -524288
-458752 589824
-589824 -851968
524288 524288
-262144 -196608
327680 -196608
196608 0
-458752 -131072
393216 589824
-917504 -524288
720896 -262144
-589824 65536
720896 -458752
-131072 65536
-589824 327680
-327680 -131072
-393216 0
393216 -589824
131072 393216
-65536 -720896
262144 851968
-589824 458752
-65536 -196608
-65536 -589824
-393216 -131072
-131072 327680
327680 -65536
983040 196608
-1179648 131072
131072 -524288
851968 -1048576
131072 1048576
-1507328 1048576
-1114112 -851968
-196608 -1900544
2031616 458752
10551296 851968
393216 -131072
-1507328 1376256
524288 -786432
1179648 589824
-851968 393216
-262144 -1245184
327680 720896
-131072 131072
-196608 -327680
-983040 -851968
524288 327680
262144 327680
196608 458752
-393216 -720896
262144 -393216
-589824 65536
-589824 196608
131072 65536
65536 131072
196608 -655360
-262144 327680
65536 -327680
-196608 524288
327680 -327680
-262144 65536
393216 -655360
-458752 524288
-196608 -131072
-196608 -196608
393216 -65536
-393216 -131072
131072 196608
65536 -327680
65536 655360
-458752 -458752
-262144 65536
-65536 -196608
-65536 131072
262144 -196608
-393216 0
458752 131072
-458752 0
-196608 -131072
65536 -262144
-196608 262144
262144 -196608
-65536 262144
65536 -131072
-262144 -393216
-458752 0
-65536 -262144
0 393216
131072 0
131072 -262144
131072 196608
-458752 -393216
-262144 -65536
-262144 65536
-65536 65536
131072 0
65536 -65536
0 -262144
-196608 -196608
-131072 -65536
-196608 65536
0 -65536
65536 196608
-262144 -196608
0 -131072
-196608 65536
-327680 -327680
393216 -196608
-131072 131072
-262144 65536
196608 -131072
-131072 196608
-131072 0
-262144 -393216
0 196608
65536 0
-196608 -196608
262144 65536
-131072 -196608
-262144 0
65536 -196608
-131072 0
-131072 131072
-196608 -131072
0 0
131072 65536
-65536 -131072
-262144 -262144
131072 -65536
-65536 0
-131072 -65536
65536 -65536
-65536 131072
-131072 -65536
-65536 -65536
0 0
-196608 -65536
-131072 -131072
0 -65536
-65536 0
-65536 -65536
-131072 -65536
0 0
0 65536
-65536 -65536
-65536 -65536
-131072 65536
-196608 -131072
-196608 -131072
-65536 0
0 -65536
-65536 -65536
-65536 -65536
-65536 0
-262144 -65536
-131072 -131072
65536 -131072
-262144 -65536
-196608 0
65536 0
0 -131072
-65536 65536
-65536 65536
65536 -65536
-131072 -65536
-196608 -131072
0 0
-196608 0
0 -131072
0 0
-262144 0
0 -131072
65536 0
-131072 -131072
-65536 -262144
-65536 0
-196608 65536
-131072 -65536
0 0
65536 0
-131072 0
65536 -65536
-65536 -196608
-262144 -65536
-131072 -65536
0 65536
0 65536
-65536 -131072
-65536 -131072
0 -131072
-262144 -131072
-131072 0
-65536 0
0 0
0 0
-131072 -196608
-131072 -65536
0 -65536
-65536 -65536
-196608 196608
65536 -65536
-131072 -65536
-65536 0
0 -327680
-196608 196608
-65536 -65536
-131072 -131072
196608 131072
65536 -65536
-65536 -393216
-131072 65536
-65536 -131072
-131072 0
-131072 131072
-131072 -327680
65536 0
-65536 0
-65536 -327680
0 -131072
-65536 131072
-196608 -196608
0 131072
0 196608
-458752 -262144
196608 -131072
-196608 -327680
-327680 131072
458752 -196608
-262144 327680
262144 -65536
-131072 -196608
-196608 196608
-196608 -327680
-262144 262144
131072 -65536
65536 -131072
196608 65536
65536 -131072
-262144 -393216
-131072 -65536
-262144 -196608
262144 0
-131072 65536
-262144 -458752
65536 262144
-393216 -131072
65536 0
-262144 327680
131072 -393216
65536 196608
-196608 -196608
-262144 -262144
-65536 131072
-131072 -131072
393216 327680
-131072 -196608
-131072 196608
-262144 65536
-589824 -262144
524288 -196608
-131072 393216
327680 -327680
-65536 -65536
-131072 -196608
-131072 262144
-786432 -196608
393216 -589824
-65536 131072
196608 -327680
-65536 262144
-458752 131072
-65536 393216
-393216 -262144
-65536 -524288
-196608 0
131072 -458752
262144 655360
-196608 131072
-327680 327680
65536 -655360
655360 524288
-917504 -458752
524288 65536
-131072 -196608
-393216 65536
-655360 -720896
-196608 65536
1441792 0
917504 1835008
-2949120 -1245184
-131072 -524288
7995392 1703936
393216 -327680
65536 1245184
131072 -589824
851968 -524288
-1835008 -131072
-393216 262144
262144 -262144
1114112 -196608
131072 589824
-983040 393216
-655360 -131072
196608 -786432
524288 196608
-458752 -262144
196608 -589824
-524288 196608
327680 393216
-458752 524288
655360 -851968
0 65536
-131072 131072
-786432 -65536
0 -131072
65536 65536
524288 -327680
-262144 -262144
262144 196608
-458752 196608
0 131072
-458752 -327680
262144 0
0 -524288
-131072 262144
196608 -458752
-458752 524288
0 -131072
-524288 0
393216 -262144
65536 -131072
0 196608
65536 -327680
-589824 327680
65536 -196608
-131072 0
-65536 -65536
65536 -393216
0 327680
262144 -393216
-393216 327680
-262144 196608
0 -655360
-65536 393216
-196608 -327680
262144 -65536
-131072 131072
-262144 -393216
131072 262144
-196608 131072
-65536 -393216
262144 327680
-393216 -262144
-65536 -196608
65536 327680
-655360 -262144
262144 -262144
0 196608
-131072 -327680
327680 196608
-131072 131072
-458752 -262144
65536 -65536
-524288 0
131072 -65536
327680 -262144
-458752 65536
262144 0
-131072 -196608
-393216 196608
-65536 -327680
-262144 -65536
393216 131072
-65536 -196608
0 131072
131072 -65536
-458752 -196608
-196608 0
-131072 -65536
-131072 -131072
131072 -196608
0 -131072
-65536 131072
0 65536
-196608 -131072
-262144 0
-65536 -131072
-65536 0
-65536 -131072
-65536 0
131072 65536
-131072 -131072
-65536 -65536
-65536 -65536
-65536 -131072
0 -131072
-131072 65536
-65536 0
-196608 -196608
-131072 -65536
0 -65536
-131072 -65536
0 0
65536 65536
-131072 -65536
-65536 -65536
-65536 -65536
-131072 -131072
-131072 -65536
0 -65536
-65536 -131072
-65536 65536
-65536 -65536
0 -196608
-131072 -196608
-65536 -65536
-131072 65536
-262144 -65536
0 -65536
-65536 196608
-65536 65536
0 -196608
-131072 -65536
0 -65536
-65536 -65536
-65536 -65536
65536 -65536
-196608 0
-65536 0
65536 65536
-262144 -65536
-131072 -196608
0 -65536
-65536 -65536
-196608 -196608
-65536 -65536
0 -65536
-196608 -65536
0 65536
65536 -65536
-65536 0
-131072 65536
0 -65536
0 -65536
-65536 -131072
-65536 -196608
-131072 0
-131072 -65536
0 -65536
-65536 0
-65536 0
65536 131072
-196608 -65536
-262144 -65536
0 -65536
-196608 -65536
-131072 -131072
65536 -327680
-65536 131072
-131072 131072
0 -65536
-65536 262144
-131072 0
-196608 -262144
196608 0
-65536 -65536
-262144 -327680
131072 131072
-262144 -65536
-131072 0
65536 196608
-196608 -262144
196608 0
-65536 -131072
-131072 -65536
0 -131072
-393216 0
-131072 -65536
65536 -65536
0 196608
-131072 -327680
0 65536
-327680 0
-393216 -65536
458752 -65536
-196608 0
262144 -196608
-131072 131072
-262144 196608
-65536 -196608
-327680 327680
196608 -655360
196608 0
131072 -196608
-65536 -262144
0 262144
-524288 0
-196608 -65536
196608 -327680
-131072 65536
196608 -393216
-262144 65536
-65536 0
0 65536
-327680 262144
131072 -589824
-262144 393216
131072 -196608
-393216 0
0 0
0 -131072
-196608 393216
65536 -1048576
327680 851968
-327680 -589824
-131072 262144
196608 -65536
-327680 -65536
262144 -131072
-458752 -524288
851968 131072
-917504 0
262144 131072
-393216 -458752
-131072 -262144
-131072 -262144
327680 196608
65536 0
-458752 786432
-458752 -458752
327680 65536
-458752 -786432
262144 -196608
327680 524288
-65536 196608
-524288 327680
-262144 -1245184
458752 -131072
-458752 458752
458752 655360
-327680 65536
393216 458752
-1572864 -851968
65536 -2031616
1703936 786432
-851968 851968
-458752 524288
6422528 3538944
-524288 -589824
1114112 -458752
-524288 327680
-393216 589824
-327680 -131072
327680 1179648
-524288 -1179648
-131072 -655360
196608 -1048576
524288 786432
-589824 524288
0 458752
-393216 -983040
458752 458752
-983040 -524288
65536 0
196608 -65536
589824 65536
-458752 -327680
-393216 131072
-196608 -327680
0 524288
131072 -131072
-196608 262144
327680 -393216
-458752 458752
65536 -786432
-262144 65536
-65536 -65536
-65536 131072
327680 -131072
-65536 -196608
-131072 65536
-327680 -262144
393216 196608
-589824 65536
131072 -65536
0 0
-458752 -262144
262144 -131072
-458752 0
524288 -262144
-458752 589824
-196608 196608
458752 -458752
-655360 327680
65536 -720896
-327680 196608
262144 -131072
131072 -196608
-196608 655360
0 -917504
-131072 327680
-393216 -65536
-65536 -393216
458752 524288
-393216 -196608
196608 -131072
65536 131072
-524288 -458752
-65536 0
-262144 131072
-196608 -65536
589824 65536
-327680 -131072
-131072 -262144
0 65536
-393216 -131072
-131072 -196608
196608 131072
-196608 0
-65536 -196608
0 -131072
-65536 131072
196608 -131072
-262144 -327680
-65536 0
65536 131072
-262144 65536
0 -131072
-131072 0
0 -65536
0 -196608
-65536 65536
-65536 65536
-262144 -196608
0 -65536
65536 0
-262144 0
-196608 -262144
65536 -131072
-131072 131072
-65536 0
65536 -393216
-131072 0
-131072 196608
65536 65536
65536 0
-262144 -65536
0 -196608
-196608 -196608
-262144 -65536
-65536 -65536
-65536 0
65536 -65536
-65536 0
65536 0
-65536 -131072
-262144 65536
-131072 0
-262144 -65536
-131072 -65536
131072 -65536
-65536 -65536
0 0
65536 0
-65536 -196608
-131072 -131072
65536 65536
-131072 -131072
-196608 -65536
65536 0
0 -131072
-262144 -65536
-65536 -65536
65536 -65536
-196608 131072
-131072 -196608
0 -196608
-131072 65536
-65536 -65536
-65536 0
65536 131072
-65536 -65536
65536 0
65536 0
-262144 -131072
-196608 -131072
196608 -65536
-65536 -65536
-131072 -262144
65536 -65536
-65536 131072
-262144 0
0 0
-131072 0
-131072 -65536
0 -131072
0 -65536
-131072 -65536
-65536 0
-65536 0
0 0
-65536 0
-65536 -196608
-131072 0
-196608 -65536
0 -131072
-131072 -65536
-131072 131072
131072 0
-65536 0
-131072 -65536
-65536 -262144
-131072 0
-65536 131072
-65536 -196608
-65536 196608
196608 131072
-65536 -196608
-131072 -131072
-131072 -65536
-327680 -262144
65536 131072
131072 131072
-262144 -131072
262144 65536
-131072 -131072
-196608 -131072
131072 131072
-393216 -393216
0 131072
65536 0
-393216 -65536
262144 65536
-262144 -262144
-131072 -65536
393216 0
-196608 131072
-327680 -131072
-196608 0
-327680 262144
-131072 -458752
196608 -262144
-131072 196608
196608 -393216
65536 262144
-327680 262144
-131072 -327680
-196608 458752
-65536 -720896
196608 -65536
196608 131072
-262144 -458752
131072 393216
-327680 -327680
-196608 -131072
131072 0
-262144 -131072
262144 -131072
-327680 196608
-131072 -131072
-131072 131072
-589824 0
393216 -262144
0 65536
-65536 -196608
0 196608
-524288 0
327680 -131072
-393216 524288
-65536 -851968
524288 393216
-589824 -196608
-131072 -327680
65536 458752
-327680 -196608
458752 262144
-327680 -786432
1048576 0
-1507328 196608
131072 -131072
-393216 0
65536 0
262144 -327680
-65536 -196608
131072 65536
-524288 720896
-262144 -786432
196608 131072
196608 -393216
-65536 393216
-131072 -458752
-327680 720896
-262144 -131072
-327680 -458752
393216 -655360
196608 786432
786432 65536
-1048576 131072
0 -1114112
-1310720 1179648
327680 -983040
327680 851968
851968 -1048576
5177344 2818048
-196608 1245184
851968 -1835008
-1245184 1572864
-65536 -1048576
2031616 -327680
65536 131072
-851968 786432
-1507328 -262144
-589824 -131072
655360 -655360
1114112 262144
131072 0
-589824 -262144
-327680 -131072
-589824 655360
393216 -327680
-65536 -262144
458752 -851968
-524288 983040
-524288 0
-262144 393216
458752 -655360
-131072 -196608
458752 -458752
-524288 131072
393216 0
-589824 393216
589824 -131072
-524288 -196608
327680 262144
-524288 -524288
131072 131072
-196608 -524288
65536 458752
0 -786432
196608 327680
0 131072
-851968 65536
393216 196608
-524288 -327680
0 0
-131072 -196608
262144 -196608
196608 -196608
-524288 327680
196608 -196608
-524288 -65536
-65536 -65536
65536 -131072
262144 131072
0 -196608
-262144 196608
-131072 -196608
-196608 -65536
-262144 -196608
-65536 -131072
262144 -131072
-65536 -65536
-65536 131072
-262144 -131072
-327680 262144
-196608 65536
131072 -393216
0 -65536
-65536 -131072
-131072 -327680
-262144 131072
-327680 65536
131072 196608
131072 -131072
-65536 -65536
393216 -131072
-327680 -262144
-327680 0
-196608 -65536
-196608 0
0 0
-65536 -262144
262144 393216
65536 0
-131072 -327680
-131072 131072
-262144 -196608
-196608 -131072
65536 0
0 -65536
-196608 131072
65536 -65536
-196608 -131072
-196608 65536
-131072 -131072
-65536 -327680
65536 0
-65536 131072
-65536 -131072
-262144 -65536
-131072 131072
-65536 -65536
0 -131072
-65536 -65536
-65536 -65536
-65536 -65536
0 131072
-65536 -65536
-262144 -131072
0 -196608
-131072 -65536
-131072 -65536
-65536 0
-131072 131072
0 0
0 -131072
-131072 -65536
-65536 -131072
65536 -65536
65536 -65536
-65536 0
-65536 65536
-196608 -131072
-65536 0
0 -65536
-196608 -131072
-65536 -65536
65536 -196608
-65536 -65536
-196608 0
-65536 -131072
-65536 0
-131072 65536
-131072 0
-131072 0
-65536 0
65536 -65536
0 -65536
-131072 -131072
-65536 -131072
0 0
-65536 65536
-131072 0
65536 0
-65536 0
-196608 -131072
0 -131072
-65536 0
-262144 -65536
65536 -131072
-65536 65536
-196608 0
0 -131072
-65536 65536
-65536 65536
0 -65536
0 0
65536 -65536
-196608 -196608
-196608 -196608
0 65536
-196608 0
-196608 -65536
65536 65536
-131072 0
65536 -131072
65536 -131072
-131072 -65536
-65536 -131072
-196608 65536
-131072 131072
0 -196608
-262144 -65536
131072 -65536
65536 0
-131072 65536
-65536 -131072
-262144 -131072
-196608 -65536
65536 -131072
-131072 -196608
65536 0
-65536 0
-65536 -196608
-65536 262144
-327680 65536
-65536 -65536
327680 -65536
-327680 -393216
131072 0
0 -196608
-458752 -131072
65536 196608
-131072 0
-131072 131072
262144 -65536
-327680 -65536
-65536 -196608
-196608 -131072
-65536 262144
0 -393216
-65536 65536
196608 65536
-196608 -65536
-131072 262144
-131072 -393216
-65536 -262144
-131072 -131072
131072 -196608
131072 262144
-262144 0
-131072 -262144
-65536 65536
-131072 -196608
-196608 -393216
-65536 196608
65536 -262144
0 720896
-196608 -131072
-196608 -131072
196608 -196608
-655360 -262144
262144 65536
-196608 -196608
393216 589824
-262144 -524288
-131072 196608
131072 -196608
-458752 131072
65536 -327680
131072 262144
327680 -131072
-327680 -196608
-131072 -458752
65536 -262144
-393216 393216
0 0
458752 262144
-131072 -393216
-589824 0
-458752 -786432
327680 589824
-458752 393216
524288 -327680
-327680 -327680
65536 -393216
-393216 655360
65536 -393216
327680 786432
-786432 -262144
-65536 -458752
393216 -786432
327680 458752
-1507328 262144
917504 0
65536 327680
-851968 -983040
1310720 851968
-786432 -917504
4521984 1835008
327680 1245184
655360 -655360
-524288 1048576
-1638400 -1507328
196608 -262144
262144 -458752
917504 458752
196608 196608
-786432 1310720
-262144 -720896
131072 -655360
-524288 -1441792
65536 720896
-589824 327680
655360 589824
-196608 -131072
327680 -589824
-983040 -262144
65536 -262144
131072 524288
327680 131072
-65536 0
-196608 -196608
-393216 -262144
-393216 262144
196608 -262144
393216 196608
0 -393216
524288 327680
-589824 -589824
-131072 196608
-655360 -262144
262144 196608
65536 -131072
-327680 -196608
393216 -196608
-524288 0
262144 -65536
-327680 65536
131072 0
131072 -458752
-589824 131072
262144 -262144
-196608 131072
-327680 196608
196608 -196608
-65536 524288
65536 -393216
-65536 -196608
-196608 -262144
-65536 -524288
-327680 720896
-65536 -196608
131072 65536
65536 524288
-262144 -720896
262144 131072
-327680 -131072
-327680 -589824
327680 262144
-524288 -196608
131072 0
65536 458752
-393216 -458752
196608 -65536
-196608 262144
-131072 -589824
196608 131072
-262144 0
-196608 -196608
458752 131072
-524288 -65536
65536 0
-65536 -196608
-196608 131072
196608 131072
-327680 -131072
131072 196608
65536 -393216
-393216 -65536
0 262144
-327680 -327680
-131072 65536
65536 -131072
0 -65536
196608 65536
0 -262144
-262144 -131072
0 131072
-327680 -65536
-196608 0
65536 -131072
-65536 -131072
-65536 -65536
65536 -65536
65536 -131072
-131072 -65536
-65536 0
0 -131072
-262144 65536
-65536 0
0 -131072
-131072 -65536
-131072 -131072
65536 -131072
-196608 65536
-65536 -131072
0 65536
-131072 65536
-65536 -131072
0 0
-196608 0
-196608 -131072
-131072 -65536
-65536 0
-65536 0
65536 -131072
-65536 -65536
-65536 65536
0 -131072
-65536 -131072
-65536 -131072
-65536 -131072
-65536 65536
-196608 65536
-131072 -131072
-131072 0
-196608 65536
-65536 -65536
-131072 -196608
0 -131072
65536 131072
-196608 -131072
-65536 0
-65536 0
-262144 -65536
-65536 0
0 0
0 -196608
0 -262144
-65536 -65536
-65536 0
-65536 -65536
-65536 65536
-131072 65536
-131072 -65536
0 0
-65536 -131072
-131072 0
0 -65536
0 -65536
0 -131072
-65536 -131072
-131072 0
-65536 0
-131072 0
-196608 -131072
-65536 65536
-65536 0
-131072 -196608
0 -131072
0 -65536
-131072 -131072
-65536 0
-262144 65536
-65536 -131072
-65536 -65536
-131072 65536
-65536 -393216
0 65536
131072 -131072
65536 0
0 327680
-262144 -196608
-327680 -131072
-65536 0
-196608 -262144
0 -65536
196608 -196608
-196608 -65536
65536 65536
-65536 -196608
-262144 196608
196608 -131072
0 131072
-196608 -196608
-65536 -65536
-196608 65536
-262144 -393216
0 131072
-131072 -65536
131072 -196608
262144 131072
-589824 -65536
65536 0
-327680 196608
-196608 0
327680 -458752
-196608 393216
262144 -524288
-131072 262144
-196608 0
-327680 -327680
262144 262144
-196608 -524288
262144 131072
327680 196608
-262144 -131072
-196608 -65536
-786432 0
131072 -131072
-65536 -327680
-196608 65536
655360 -196608
-196608 262144
65536 -196608
-589824 196608
-65536 0
-65536 -196608
-262144 393216
196608 -1114112
196608 786432
-655360 -589824
131072 458752
131072 -65536
-131072 -131072
327680 -65536
-327680 -393216
262144 589824
-983040 -458752
655360 65536
-458752 -196608
65536 131072
65536 -589824
-131072 196608
-524288 -262144
-196608 458752
393216 -589824
393216 589824
-720896 131072
-524288 -393216
262144 -589824
0 262144
524288 65536
-458752 -589824
983040 786432
-1441792 458752
0 -1048576
-851968 -327680
1703936 -196608
-720896 1638400
-327680 -655360
-1966080 -1376256
2359296 -524288
-786432 917504
3801088 2424832
327680 -1572864
-131072 524288
1572864 -983040
-786432 2490368
-1769472 393216
-262144 -917504
524288 -1966080
786432 393216
0 -196608
65536 851968
-983040 0
-393216 327680
-393216 -589824
851968 -393216
393216 -262144
0 458752
-327680 -393216
-720896 262144
-655360 -262144
262144 327680
589824 -589824
65536 393216
0 0
-589824 262144
196608 -458752
-458752 524288
589824 -917504
-262144 131072
65536 -262144
-65536 65536
-262144 131072
65536 0
-196608 327680
65536 -786432
327680 393216
-524288 -655360
-65536 -262144
-131072 458752
-262144 -65536
393216 131072
-327680 -131072
262144 0
-393216 -196608
-262144 -131072
327680 -262144
-589824 524288
524288 -393216
-327680 327680
-65536 -131072
-131072 -327680
-458752 327680
131072 -524288
196608 524288
196608 -196608
131072 -393216
0 327680
-786432 -393216
-65536 0
-131072 327680
-393216 -196608
720896 0
-65536 0
-262144 -458752
-65536 131072
-458752 0
-65536 -262144
-65536 196608
-131072 -196608
131072 -65536
0 262144
-327680 -262144
262144 131072
-131072 -131072
-196608 -131072
0 -65536
-262144 -196608
0 131072
-131072 -65536
-131072 -65536
65536 -65536
-131072 -65536
65536 131072
0 -131072
-65536 196608
-65536 -196608
-131072 -196608
-65536 0
-131072 -131072
-196608 -262144
131072 0
0 65536
-131072 131072
-65536 0
-196608 -131072
-65536 0
-196608 -65536
-65536 -196608
-131072 -65536
-131072 131072
-65536 -65536
0 65536
-65536 65536
-65536 -196608
0 -65536
-131072 -131072
-65536 -65536
-65536 65536
-65536 -131072
0 -65536
0 0
-131072 -131072
-131072 -65536
-131072 131072
-65536 0
0 -131072
-65536 0
-65536 -65536
-65536 -65536
-65536 -65536
0 -65536
-131072 0
0 -65536
-65536 -65536
-262144 -196608
0 -131072
0 0
-65536 0
-65536 -196608
-196608 -65536
-65536 65536
-65536 -65536
-262144 -131072
0 65536
-65536 -65536
-65536 -131072
65536 65536
-131072 -65536
65536 -196608
0 65536
-131072 -131072
-131072 -131072
-131072 0
-65536 0
-65536 -262144
0 -65536
-131072 0
-131072 -196608
0 0
0 131072
-131072 -65536
0 -65536
-65536 0
-131072 -196608
-65536 -196608
65536 131072
-65536 65536
-65536 -65536
-65536 -196608
-131072 0
-65536 -131072
0 -262144
-65536 0
0 65536
-131072 -65536
-65536 0
-65536 65536
-65536 -196608
-65536 -131072
-65536 262144
-262144 -327680
-262144 131072
196608 -65536
-65536 -196608
131072 196608
196608 -131072
-262144 -262144
-131072 262144
-196608 -65536
-262144 65536
0 0
-327680 -393216
196608 196608
196608 -262144
-393216 -65536
327680 -65536
-196608 -196608
-262144 131072
65536 -262144
-262144 196608
-196608 -65536
196608 -65536
-262144 196608
-65536 -327680
131072 65536
-393216 0
0 -458752
-65536 327680
-262144 196608
393216 -655360
-131072 786432
131072 -589824
-65536 131072
-196608 196608
-393216 -458752
131072 131072
-131072 -589824
0 0
131072 131072
-196608 -262144
65536 131072
-196608 262144
-327680 -262144
196608 -65536
-458752 -458752
196608 -196608
-262144 0
-131072 65536
327680 262144
-458752 65536
458752 -262144
-393216 65536
-393216 -458752
262144 262144
-327680 262144
458752 -131072
-458752 393216
-131072 -589824
-262144 65536
-262144 -589824
458752 458752
-131072 -65536
720896 -131072
-131072 0
-786432 0
-720896 -262144
0 -65536
458752 262144
-262144 -589824
524288 -524288
-327680 393216
0 851968
-917504 0
589824 -983040
-262144 196608
-65536 -327680
-327680 589824
720896 0
-917504 458752
-524288 -983040
655360 -1048576
393216 262144
65536 1638400
-655360 -65536
-1114112 -1179648
524288 -655360
3670016 0
65536 -589824
-2490368 131072
1441792 -1900544
2031616 983040
-131072 1310720
-1572864 0
-655360 -196608
-196608 -655360
1441792 -524288
-589824 393216
262144 0
-131072 655360
-458752 -327680
0 -851968
0 -458752
458752 65536
-851968 720896
65536 -65536
0 655360
0 -983040
-327680 131072
-65536 -589824
0 262144
196608 0
0 262144
393216 -131072
-524288 0
0 -131072
-458752 -327680
524288 65536
-131072 -458752
327680 327680
-65536 -393216
-196608 458752
-262144 -458752
-327680 131072
131072 -196608
-327680 -196608
589824 131072
-262144 -196608
0 393216
-65536 -393216
-327680 65536
65536 -262144
-393216 131072
327680 -131072
-196608 0
262144 0
-131072 131072
-196608 -65536
-65536 -131072
-65536 0
65536 -196608
131072 131072
0 -196608
0 327680
-131072 -131072
-196608 -65536
-65536 65536
0 -131072
0 -65536
65536 -262144
-196608 -131072
-131072 131072
-131072 0
0 65536
131072 65536
-131072 -65536
0 0
0 -262144
-327680 0
0 -262144
0 0
0 327680
65536 -196608
0 131072
-65536 -65536
-131072 -196608
-196608 65536
-65536 -131072
0 0
0 131072
65536 0
-131072 -131072
-65536 0
0 -262144
-65536 0
0 0
0 -65536
0 0
-65536 -65536
-131072 0
-65536 0
65536 65536
-131072 -131072
65536 -131072
65536 0
-131072 0
-65536 -131072
0 0
-196608 0
-65536 -65536
0 -65536
-131072 0
0 0
65536 -65536
-65536 0
0 0
0 -131072
-131072 0
-65536 65536
-65536 -65536
0 -65536
0 0
0 -65536
-65536 -131072
-65536 131072
0 0
0 -65536
-65536 0
65536 -131072
-65536 -65536
-65536 0
131072 0
-131072 0
-196608 0
0 0
0 0
0 0
-196608 0
-65536 -65536
131072 0
-65536 -65536
0 0
0 0
-65536 -65536
-65536 0
0 -65536
-131072 -196608
-65536 0
0 0
0 -65536
0 0
-65536 0
-65536 -131072
-131072 0
0 65536
0 -131072
-65536 -131072
65536 0
0 -65536
-131072 -65536
0 0
-65536 0
-196608 0
0 -65536
-65536 0
-131072 -65536
65536 -131072
65536 0
-131072 65536
0 -131072
-65536 -131072
-131072 0
-65536 0
0 -65536
0 0
0 0
-65536 -65536
0 196608
-65536 -131072
-131072 0
131072 -131072
0 -196608
0 0
-65536 0
-131072 -131072
-131072 131072
-65536 0
0 -131072
65536 131072
0 -458752
0 -65536
65536 131072
-327680 -131072
-65536 196608
0 -65536
-131072 0
196608 -131072
0 -131072
-131072 -65536
-131072 -196608
-131072 0
65536 196608
0 0
0 65536
-65536 -131072
-196608 0
-131072 131072
0 -393216
0 131072
131072 -262144
65536 65536
-65536 0
-65536 65536
-196608 0
-131072 -262144
262144 -65536
-196608 -131072
327680 0
-327680 -262144
65536 196608
-327680 -131072
-65536 262144
0 -458752
-196608 65536
589824 -262144
-327680 131072
131072 65536
-327680 -262144
-262144 393216
-196608 -524288
-65536 262144
262144 -458752
-131072 327680
524288 -196608
-458752 196608
0 0
-524288 -65536
393216 65536
0 -327680
262144 -131072
0 -393216
-65536 458752
-393216 -196608
0 917504
0 -720896
65536 0
-851968 -786432
458752 -131072
0 393216
0 786432
-458752 196608
-65536 -786432
262144 -65536
-589824 -524288
1441792 458752
-131072 589824
-655360 65536
-1572864 0
-131072 -1376256
2031616 -1114112
1441792 1769472
-2490368 -196608
65536 458752
3801088 -2555904
524288 589824
-1114112 1048576
-589824 0
65536 -1703936
327680 -393216
655360 851968
-393216 786432
-786432 -589824
720896 -131072
-196608 -589824
0 196608
-131072 -196608
524288 917504
-917504 0
0 -917504
-262144 -458752
458752 327680
-196608 458752
524288 -327680
0 -65536
-589824 196608
-720896 -65536
-65536 0
720896 65536
-131072 0
393216 -655360
-196608 458752
-196608 -131072
-65536 458752
-327680 -458752
458752 0
-196608 -262144
262144 -327680
-327680 393216
-327680 -65536
458752 196608
-393216 -65536
327680 -393216
-131072 -131072
-262144 -65536
262144 0
-393216 327680
262144 -65536
-196608 65536
-131072 -327680
65536 -196608
-196608 196608
131072 -196608
0 0
-131072 458752
196608 -262144
-327680 327680
-131072 -262144
0 -262144
131072 393216
-65536 -786432
327680 589824
-262144 -196608
-65536 -393216
0 393216
-393216 -65536
196608 -196608
-65536 131072
-131072 -327680
262144 0
-131072 0
-196608 -262144
131072 196608
-262144 -131072
-131072 65536
327680 0
-393216 -65536
131072 65536
196608 -327680
-262144 196608
0 -131072
-131072 -131072
-131072 0
-65536 -262144
-196608 196608
196608 0
65536 -196608
-65536 131072
131072 0
-196608 -262144
-196608 65536
0 -327680
0 0
0 131072
0 -131072
0 0
-65536 0
0 -65536
-65536 -65536
0 65536
-65536 0
-131072 -65536
0 0
0 -65536
0 -131072
0 -262144
0 131072
-65536 131072
0 -65536
0 0
-131072 0
0 -196608
0 -65536
-131072 65536
0 -65536
0 -65536
0 0
0 -65536
0 -65536
-65536 0
-131072 0
0 -131072
0 0
-65536 0
0 -131072
-65536 0
0 -65536
0 -65536
-131072 65536
0 0
0 -131072
-196608 0
-65536 65536
-65536 -131072
0 -131072
0 0
-196608 0
0 0
0 0
-65536 -65536
0 0
0 0
0 0
0 0
0 -65536
0 0
0 -65536
-65536 -196608
-65536 0
-65536 65536
0 -65536
0 -65536
0 0
0 -65536
-65536 0
-65536 0
0 0
0 65536
-65536 -131072
0 -65536
0 0
-65536 -131072
0 0
0 131072
-131072 -65536
0 -65536
-131072 0
0 -65536
-131072 -196608
0 -131072
131072 -65536
-131072 65536
-65536 0
0 -65536
-65536 0
-65536 0
-65536 -262144
0 0
65536 -196608
-196608 0
131072 0
-65536 -65536
-131072 0
0 -262144
-196608 65536
0 -65536
-65536 0
-131072 0
196608 -196608
-262144 131072
0 -327680
131072 0
-65536 131072
0 -262144
0 131072
-458752 -65536
0 -262144
-196608 262144
0 -65536
655360 -131072
-393216 131072
-65536 -327680
0 0
-720896 262144
65536 -327680
131072 196608
131072 0
196608 -655360
65536 393216
-458752 -458752
-65536 262144
0 65536
-262144 -393216
524288 262144
-524288 -524288
393216 131072
-262144 0
-327680 0
196608 -65536
-327680 0
458752 -196608
-262144 0
-65536 -524288
0 65536
-458752 458752
327680 -524288
65536 589824
-196608 -393216
0 -65536
-262144 -131072
0 -65536
65536 196608
-196608 -262144
589824 786432
-393216 -589824
196608 262144
-655360 -393216
0 -65536
65536 -393216
589824 524288
196608 -327680
-589824 131072
-589824 -393216
-262144 196608
0 -589824
327680 131072
851968 262144
-393216 524288
-393216 -327680
-917504 -65536
131072 -851968
0 65536
851968 -524288
524288 1769472
-196608 786432
-1769472 -524288
-786432 -2621440
1507328 851968
-131072 -589824
327680 1376256
4521984 -1966080
-655360 -983040
2359296 393216
-1900544 1245184
-262144 524288
-720896 -1769472
1769472 65536
-720896 196608
65536 786432
-1376256 -524288
1048576 -786432
-327680 458752
458752 -131072
0 -327680
262144 458752
-524288 196608
-655360 -131072
393216 -655360
327680 524288
-131072 -524288
-458752 131072
-65536 -327680
65536 458752
131072 -262144
-327680 65536
655360 -131072
-917504 327680
262144 -589824
-262144 262144
327680 0
-65536 65536
131072 -65536
65536 -589824
-655360 524288
262144 -917504
196608 917504
-131072 -524288
0 65536
-65536 -65536
-524288 -327680
65536 131072
-196608 -262144
589824 65536
-131072 -131072
-65536 196608
65536 0
-720896 -131072
-131072 -65536
-196608 0
393216 -196608
262144 -131072
-196608 393216
262144 -327680
-262144 196608
-196608 0
-131072 -393216
327680 393216
-131072 -458752
327680 327680
-131072 0
-262144 -262144
65536 -65536
-524288 0
262144 -196608
65536 131072
-65536 -65536
0 -262144
-262144 262144
-131072 -196608
0 0
-65536 0
0 -131072
196608 65536
-196608 -262144
-131072 0
0 -65536
-196608 0
196608 0
0 0
-131072 65536
0 -131072
-196608 0
-131072 0
0 -327680
0 -65536
65536 0
0 -65536
0 327680
-65536 -131072
-65536 -65536
0 0
-131072 -196608
0 -65536
0 0
0 0
0 0
0 131072
0 -65536
0 -131072
-131072 0
-131072 -65536
0 -65536
-65536 -131072
0 0
0 0
0 0
65536 0
-65536 0
-65536 0
0 -65536
-131072 0
-65536 -65536
0 -65536
0 0
-65536 -131072
0 0
0 0
0 65536
0 -65536
-65536 -65536
-131072 0
0 -65536
0 -65536
-131072 0
0 -131072
0 0
-65536 0
0 0
-131072 -131072
-65536 0
0 0
-65536 -131072
0 -65536
0 65536
-65536 0
-65536 0
0 0
-65536 -131072
-65536 0
0 65536
0 0
0 -65536
0 0
-65536 0
-131072 0
0 -65536
0 0
-65536 -131072
0 -196608
0 0
-131072 -65536
65536 0
0 0
-131072 0
0 0
0 0
-196608 -131072
0 0
0 -65536
-131072 0
65536 0
0 -65536
0 -65536
0 0
65536 0
-131072 -65536
-262144 0
0 -196608
-196608 0
0 131072
131072 -196608
0 0
0 65536
-65536 -131072
-262144 196608
65536 -262144
-327680 -65536
65536 196608
131072 -262144
-262144 65536
131072 -131072
-196608 -131072
-65536 65536
0 -65536
-393216 -65536
458752 -196608
-65536 0
-196608 -65536
196608 -196608
-131072 393216
-131072 -393216
131072 0
-393216 393216
131072 -458752
131072 0
-393216 131072
327680 -393216
-196608 393216
-262144 0
196608 -196608
-196608 524288
0 -524288
131072 -65536
0 65536
-196608 -720896
0 458752
-131072 131072
0 0
65536 196608
-65536 -655360
131072 65536
-327680 -262144
-131072 -131072
262144 131072
-524288 -131072
131072 262144
131072 -131072
-262144 -196608
262144 -65536
-524288 -131072
393216 65536
-327680 65536
65536 0
262144 -327680
-589824 131072
0 -262144
-524288 458752
458752 -393216
0 327680
393216 -327680
131072 131072
-393216 -262144
-327680 131072
-131072 0
0 0
393216 -196608
196608 -589824
0 65536
-983040 65536
262144 458752
-131072 0
655360 -655360
-524288 -327680
65536 -786432
-393216 1245184
131072 524288
-196608 524288
-786432 -1441792
131072 -327680
917504 -524288
327680 327680
131072 65536
-1507328 1376256
-458752 -1114112
655360 524288
327680 -1310720
5111808 -2818048
-786432 720896
1245184 -917504
-851968 786432
65536 -327680
917504 0
-1376256 -327680
327680 -524288
327680 720896
-65536 262144
-720896 65536
327680 -786432
65536 262144
-393216 -720896
65536 262144
-262144 196608
524288 131072
-393216 -458752
393216 -655360
-393216 655360
-524288 -65536
-131072 196608
458752 -262144
0 -65536
-327680 -524288
131072 196608
-65536 327680
-262144 65536
327680 0
65536 -393216
0 196608
-458752 -196608
65536 131072
-131072 -327680
-131072 393216
458752 -720896
-196608 0
262144 -196608
-589824 131072
131072 0
-196608 0
-65536 0
0 -720896
65536 196608
0 -196608
-131072 327680
-65536 65536
0 -196608
-65536 65536
-196608 -65536
131072 -327680
65536 65536
-131072 0
-65536 131072
-65536 262144
0 -262144
-65536 0
196608 -131072
0 -196608
0 196608
-65536 -327680
-196608 65536
-65536 65536
-327680 -65536
262144 0
-65536 -196608
-131072 0
131072 -262144
-393216 0
0 65536
131072 -131072
-262144 262144
262144 -65536
0 0
-262144 -65536
0 -262144
0 65536
0 -65536
65536 -65536
-65536 65536
65536 0
-131072 -65536
-196608 0
-65536 0
-65536 -131072
65536 -65536
196608 0
-196608 -65536
0 0
0 -196608
-196608 -131072
-65536 65536
-131072 -65536
0 0
0 65536
-131072 -65536
65536 -131072
-131072 0
-131072 -131072
0 -196608
-65536 0
-131072 65536
0 0
0 -65536
0 0
0 -65536
-65536 -131072
0 65536
-65536 -65536
0 -131072
65536 0
-131072 0
0 -131072
0 0
-65536 65536
0 -65536
0 -65536
-65536 0
-65536 -65536
-65536 0
0 0
-65536 0
0 -65536
65536 0
-65536 -65536
-131072 -65536
0 0
-65536 -131072
0 -65536
0 0
-196608 -131072
-65536 0
65536 65536
-65536 -65536
-131072 0
0 0
0 -131072
0 65536
0 -65536
-65536 -65536
0 0
0 0
-65536 0
-131072 0
0 0
0 -65536
0 -196608
0 0
-65536 0
-65536 0
65536 65536
-131072 0
0 -65536
0 -196608
-65536 0
-65536 0
0 0
0 0
0 0
-65536 -196608
-131072 0
0 0
0 -196608
0 -65536
0 131072
-65536 0
-196608 -196608
-131072 0
65536 0
-65536 -131072
0 0
131072 -65536
-131072 0
-196608 65536
-65536 -196608
-131072 131072
0 -65536
262144 -458752
0 131072
65536 -65536
-131072 -65536
-131072 0
-262144 0
-262144 65536
327680 0
-65536 0
65536 0
131072 -196608
-262144 -65536
-196608 -196608
0 196608
0 0
0 0
131072 196608
-131072 -131072
-196608 -327680
-196608 0
-65536 -131072
0 0
262144 0
0 0
-131072 0
-131072 -65536
-131072 65536
-131072 -196608
0 65536
196608 -196608
65536 0
0 0
-524288 0
131072 0
-458752 -393216
262144 65536
196608 0
0 131072
65536 -65536
-524288 196608
327680 -196608
-720896 -65536
0 -196608
131072 -327680
0 589824
65536 -524288
-196608 458752
65536 -262144
-393216 327680
393216 -393216
-458752 65536
524288 0
-589824 -458752
393216 0
-458752 -196608
393216 327680
-131072 0
524288 458752
-196608 -458752
-393216 -65536
-458752 -1114112
393216 720896
0 131072
327680 262144
-524288 -786432
-262144 0
-524288 131072
196608 0
1048576 -327680
589824 524288
-589824 0
-1441792 131072
-851968 -851968
65536 -196608
2031616 262144
0 851968
-1114112 -1638400
851968 1703936
-196608 -1376256
6422528 -3670016
786432 917504
327680 -917504
327680 851968
-1179648 -1245184
0 983040
-983040 -196608
786432 -131072
131072 -851968
458752 524288
-262144 327680
-196608 0
-262144 -786432
0 393216
0 -393216
196608 196608
196608 -196608
-262144 589824
-524288 -851968
65536 -131072
0 65536
262144 196608
0 0
-327680 0
131072 0
-1376256 -327680
1048576 -65536
-262144 655360
458752 -393216
-327680 65536
65536 -458752
-65536 131072
-524288 131072
589824 -393216
0 655360
-262144 -655360
327680 0
-524288 -65536
0 -262144
0 65536
0 -131072
458752 131072
-524288 -65536
-65536 -262144
0 0
-262144 -196608
262144 0
-262144 0
131072 -65536
-196608 0
-262144 131072
131072 -524288
-131072 327680
196608 -196608
196608 -65536
0 655360
-196608 -524288
-131072 196608
-327680 -327680
65536 -393216
131072 262144
-65536 -262144
262144 0
0 262144
-262144 -393216
-65536 -131072
-262144 0
-131072 -131072
327680 0
-131072 0
-196608 196608
262144 -131072
-393216 0
65536 -131072
0 -262144
-262144 262144
131072 -196608
-131072 0
-131072 65536
262144 -131072
-262144 0
65536 -196608
65536 -131072
-262144 65536
0 -65536
-65536 0
0 65536
262144 -262144
0 -196608
-65536 65536
-65536 -196608
-131072 -65536
0 196608
-131072 0
0 -65536
131072 0
-65536 -131072
-65536 0
65536 0
-131072 0
-65536 -65536
-65536 0
-65536 0
0 -65536
0 -65536
0 -65536
0 0
0 0
0 0
-65536 0
-65536 -65536
0 0
-196608 0
-65536 -196608
0 -65536
-65536 65536
0 -65536
131072 -131072
-131072 0
-131072 0
65536 0
0 -65536
-65536 0
0 -131072
0 0
0 0
-131072 -65536
0 0
0 65536
-131072 -196608
65536 0
0 0
-196608 0
0 0
65536 -65536
-131072 0
-65536 0
0 -131072
-65536 0
0 0
0 -65536
0 0
-65536 0
65536 0
-65536 0
-131072 0
-65536 -65536
-131072 -131072
-65536 0
0 -65536
0 0
65536 0
0 -65536
0 0
-131072 -65536
-65536 0
0 65536
-262144 -65536
0 -65536
65536 -131072
-65536 -196608
0 -65536
65536 327680
0 -65536
-131072 -131072
65536 65536
-131072 131072
-196608 -65536
65536 -131072
0 -65536
-196608 65536
0 -131072
0 -131072
65536 65536
0 0
-131072 0
65536 0
-327680 -131072
65536 -196608
-65536 -131072
-262144 196608
196608 0
0 -196608
65536 0
0 0
-196608 -65536
196608 -196608
-131072 65536
-327680 0
0 -196608
-65536 196608
-262144 0
589824 -196608
-65536 0
-196608 -262144
0 -65536
-458752 393216
0 -131072
131072 65536
-327680 131072
458752 -589824
0 262144
-393216 0
0 -458752
0 720896
-131072 -786432
131072 65536
196608 0
-262144 -196608
65536 655360
-589824 -393216
458752 262144
-65536 -327680
-327680 -720896
524288 131072
-393216 -131072
262144 131072
-393216 131072
0 0
196608 0
-524288 -196608
393216 -262144
-327680 196608
-131072 -196608
-65536 0
327680 0
-65536 -196608
-65536 0
-131072 -196608
131072 655360
-393216 -458752
327680 327680
-65536 -262144
65536 65536
0 -524288
-131072 131072
-327680 -262144
-393216 131072
589824 -131072
196608 0
65536 -65536
-917504 393216
458752 -524288
-327680 786432
0 -589824
-458752 -524288
524288 -917504
196608 851968
-65536 524288
-524288 983040
327680 -1310720
-327680 65536
-262144 -655360
-458752 -458752
1114112 393216
-458752 458752
7995392 -1769472
-458752 -524288
-786432 -917504
1703936 -851968
131072 1835008
-1507328 655360
393216 -589824
-327680 -131072
458752 -655360
-393216 -524288
458752 0
-262144 1114112
-393216 -393216
-65536 -262144
327680 -589824
262144 65536
-458752 655360
262144 -131072
-458752 327680
-393216 -917504
65536 0
262144 -262144
-65536 131072
0 131072
-393216 327680
262144 -262144
-786432 -65536
786432 -262144
-458752 393216
262144 0
-262144 0
196608 0
-131072 -262144
-262144 524288
327680 -983040
65536 917504
-196608 -524288
0 0
0 -65536
-327680 -65536
131072 65536
-131072 -458752
131072 458752
-327680 -327680
0 -131072
0 -65536
-196608 -131072
131072 262144
-65536 -131072
196608 196608
-196608 0
-524288 -65536
0 -327680
0 196608
65536 0
196608 -131072
196608 524288
-262144 -393216
-65536 65536
-196608 -262144
-65536 -262144
262144 65536
-131072 -65536
458752 0
-393216 -65536
-327680 0
0 -65536
-65536 131072
0 -327680
131072 0
-65536 0
-327680 -65536
65536 65536
-131072 0
-65536 0
131072 -65536
-196608 131072
65536 -262144
-65536 -65536
-196608 -65536
131072 -196608
-131072 196608
0 0
196608 -65536
-196608 196608
-65536 -65536
0 -327680
0 0
0 -262144
0 -262144
0 196608
-131072 65536
-65536 0
0 0
-196608 0
-131072 -65536
65536 -131072
0 -65536
0 0
0 0
0 0
0 -65536
-65536 65536
0 65536
0 -65536
0 0
-65536 -65536
0 -65536
0 0
0 -131072
-131072 0
0 0
0 -65536
-131072 0
0 0
65536 -65536
-131072 65536
-196608 0
0 -131072
0 0
-65536 0
131072 -65536
0 0
-65536 0
0 -65536
-131072 -65536
0 65536
0 -65536
0 -262144
0 0
-131072 0
-65536 -131072
0 0
-131072 0
0 0
0 0
0 -131072
-65536 0
65536 0
0 0
-65536 0
0 -65536
0 -65536
-131072 0
0 -131072
0 -65536
-65536 0
0 0
-65536 0
-131072 0
-65536 -65536
0 -131072
0 0
-65536 0
0 -65536
0 0
-131072 0
65536 -65536
0 -65536
0 0
0 -65536
0 0
-196608 -65536
-196608 0
0 -131072
-65536 -196608
65536 0
196608 65536
-65536 0
-65536 0
-131072 -131072
-458752 0
0 -65536
0 -262144
0 131072
393216 -196608
-131072 0
0 262144
-327680 -262144
-131072 0
262144 -65536
-393216 -196608
327680 65536
65536 -65536
-458752 0
131072 0
-393216 131072
-65536 -262144
327680 -196608
-65536 196608
0 -327680
196608 131072
-655360 65536
0 -327680
0 65536
-327680 196608
327680 -458752
0 262144
-65536 -196608
131072 -327680
-196608 262144
-131072 -131072
196608 0
-131072 262144
0 -393216
0 524288
-196608 -262144
-262144 -393216
262144 262144
0 -393216
131072 262144
-65536 0
-131072 -65536
0 65536
-524288 -458752
65536 196608
0 -262144
0 0
393216 131072
-458752 -131072
0 65536
-393216 -589824
196608 327680
0 -327680
0 458752
196608 -131072
-393216 196608
0 -196608
-393216 -262144
327680 -327680
-196608 131072
524288 196608
0 -131072
0 0
-655360 -65536
-65536 -131072
0 -131072
589824 655360
-393216 -589824
327680 -524288
-524288 -262144
131072 393216
-393216 131072
589824 -262144
196608 655360
-655360 0
-917504 -393216
131072 -655360
1114112 65536
196608 131072
-393216 -393216
-1769472 0
851968 393216
131072 458752
131072 -1245184
458752 262144
10485760 -917504
0 458752
-2949120 1114112
917504 -1900544
1441792 -65536
-131072 -131072
-589824 524288
-327680 -131072
-65536 65536
589824 -196608
-851968 393216
589824 -589824
65536 458752
-262144 -327680
-131072 -196608
196608 -720896
131072 262144
-65536 -65536
-65536 393216
-327680 131072
0 -393216
-327680 -131072
-65536 -393216
196608 196608
0 -196608
327680 458752
-786432 65536
-65536 -262144
-65536 0
0 0
327680 196608
-131072 -458752
524288 65536
-524288 131072
-196608 -65536
-65536 -327680
-65536 131072
393216 -327680
-65536 0
0 -262144
-196608 131072
-196608 65536
0 -262144
131072 196608
-262144 -458752
0 -131072
-327680 0
65536 -262144
-196608 327680
-65536 -131072
327680 -65536
-196608 65536
-131072 -65536
-196608 196608
0 0
131072 -196608
65536 0
131072 0
-196608 -262144
-65536 262144
-131072 -262144
-65536 65536
327680 -65536
-196608 -393216
393216 65536
-327680 -262144
-196608 131072
131072 0
-393216 131072
0 -262144
65536 -262144
-196608 65536
0 -196608
0 0
-65536 196608
0 0
0 -65536
-131072 131072
-65536 -262144
-65536 -65536
0 0
-65536 -131072
0 262144
0 -65536
131072 -196608
-65536 65536
0 -65536
-131072 -196608
65536 131072
0 -65536
0 0
65536 0
-196608 -196608
-65536 0
0 0
-131072 0
-65536 65536
0 -65536
0 -65536
0 -65536
-65536 -131072
-196608 0
0 0
0 0
0 0
65536 -131072
0 -65536
0 0
-196608 -65536
-65536 65536
65536 0
-131072 -65536
65536 -65536
0 -65536
-65536 0
-65536 -65536
0 -65536
0 131072
-65536 0
0 -65536
0 0
-196608 -65536
0 -65536
65536 0
-65536 -65536
0 -65536
-65536 0
-131072 0
0 0
-65536 -131072
-65536 -131072
0 0
0 0
-65536 0
-196608 0
65536 0
0 65536
-131072 0
0 -65536
0 0
0 0
0 0
0 -65536
-65536 0
-65536 0
-65536 -131072
0 0
0 0
0 -196608
0 -131072
-65536 0
0 0
0 -65536
0 0
-131072 0
-131072 -65536
0 -65536
0 0
-65536 0
0 -131072
65536 0
-65536 0
0 -65536
131072 0
-196608 65536
-65536 0
131072 -131072
0 0
-196608 0
-131072 -196608
0 0
131072 65536
-196608 0
-65536 65536
262144 -196608
-196608 65536
65536 -65536
0 -327680
-196608 327680
-65536 -65536
-131072 -262144
196608 65536
-131072 -65536
0 -262144
327680 0
-262144 196608
-65536 -131072
0 0
-196608 131072
0 -262144
0 0
-131072 -131072
-65536 0
-196608 0
0 131072
65536 0
65536 -65536
-65536 -131072
-262144 -65536
-131072 0
-393216 196608
196608 -262144
131072 196608
65536 -65536
0 -393216
0 131072
-458752 -131072
-196608 262144
65536 65536
0 -393216
262144 0
-131072 -262144
0 131072
-65536 65536
-458752 0
393216 -196608
-327680 -131072
327680 65536
-65536 -131072
-65536 65536
-131072 -131072
-458752 393216
0 -720896
131072 262144
131072 -327680
-327680 0
327680 0
-131072 131072
-131072 65536
-458752 -524288
327680 589824
-262144 -196608
327680 131072
-131072 -589824
65536 196608
-196608 -458752
131072 524288
0 -196608
65536 -65536
-524288 -327680
-458752 -131072
262144 262144
-393216 524288
196608 -524288
327680 -393216
524288 -393216
-983040 720896
-131072 262144
-65536 -131072
262144 -786432
-196608 1114112
-720896 -524288
1114112 -720896
524288 655360
-1441792 -1376256
393216 0
10551296 -1900544
2031616 -458752
-131072 1835008
-1048576 655360
-1441792 -1114112
131072 -1114112
786432 917504
131072 327680
-1179648 -196608
917504 -262144
327680 0
-65536 -393216
-262144 65536
-65536 458752
-65536 0
-458752 -458752
196608 -851968
-65536 589824
131072 -458752
393216 524288
-327680 -131072
-262144 0
-589824 -327680
-65536 -196608
655360 327680
-589824 -65536
720896 131072
-851968 458752
393216 -589824
-458752 0
131072 -65536
327680 65536
-196608 131072
524288 -655360
-524288 720896
-393216 -655360
262144 393216
0 -196608
0 -458752
131072 131072
-262144 -262144
0 327680
-196608 -131072
196608 0
65536 -65536
-524288 -262144
262144 0
-589824 -65536
262144 -131072
-65536 0
-131072 0
393216 0
-524288 131072
-65536 -262144
-131072 196608
-131072 131072
131072 -458752
65536 131072
131072 131072
65536 -262144
-131072 131072
-196608 -196608
0 0
0 -65536
-262144 -393216
262144 327680
-65536 -131072
-327680 -65536
196608 131072
-393216 0
-131072 -196608
262144 -131072
-327680 65536
0 0
0 0
-196608 0
0 -65536
0 -65536
131072 65536
0 -196608
-458752 -65536
131072 0
0 -131072
-131072 131072
131072 -131072
131072 -65536
-65536 65536
0 0
-131072 -196608
0 196608
0 -262144
0 -262144
0 65536
-327680 -131072
0 0
65536 131072
-131072 0
0 0
0 -131072
-131072 -131072
0 -131072
0 -65536
-131072 0
0 0
65536 0
-131072 0
-65536 65536
-65536 -131072
0 -65536
0 -65536
-65536 -65536
0 -131072
-65536 -65536
-65536 0
0 0
0 0
-65536 0
0 -131072
-65536 0
0 0
0 -196608
0 0
-65536 0
0 -65536
0 0
-65536 0
0 -131072
0 0
-131072 -65536
0 -196608
0 0
-131072 -65536
-131072 0
65536 0
0 -65536
-262144 0
0 0
131072 0
-65536 0
0 -65536
0 0
-196608 0
0 0
0 0
-196608 0
0 0
65536 -65536
0 -65536
0 0
-65536 -65536
0 0
0 0
-196608 -131072
-65536 -65536
0 -65536
0 -196608
0 0
131072 0
-65536 -65536
-196608 65536
-131072 0
-131072 -196608
65536 0
0 -131072
65536 -196608
0 0
-196608 0
-131072 0
0 -65536
-131072 131072
0 65536
0 -262144
0 0
65536 -131072
-327680 0
-65536 0
0 -131072
-65536 0
262144 131072
-131072 -65536
65536 65536
0 0
-327680 -196608
-65536 0
-262144 -65536
0 -196608
393216 131072
0 0
-131072 -65536
0 -65536
-327680 -65536
-262144 -65536
262144 -131072
-327680 65536
-131072 0
589824 -65536
-327680 131072
-196608 -458752
131072 0
-393216 196608
196608 -589824
0 786432
65536 -196608
65536 -393216
-131072 458752
-327680 -786432
-65536 196608
0 262144
-65536 -327680
327680 393216
0 -655360
-196608 131072
0 -131072
-524288 -196608
524288 393216
-458752 -262144
262144 262144
-262144 -327680
-65536 -65536
131072 -327680
-393216 65536
393216 65536
-262144 -131072
0 0
-131072 0
-196608 -131072
-131072 -196608
0 0
262144 -65536
0 393216
-65536 -262144
0 131072
-196608 -327680
0 0
0 -262144
131072 327680
0 65536
-196608 -524288
0 -196608
-262144 -196608
458752 -65536
-65536 524288
262144 131072
-655360 65536
-524288 -983040
-131072 65536
196608 -131072
655360 720896
-262144 -262144
262144 65536
-393216 -65536
0 -655360
-524288 -655360
589824 1441792
-851968 -589824
-524288 458752
8912896 1048576
-917504 -1310720
2162688 -851968
-851968 1114112
-327680 1048576
0 -262144
720896 -655360
-327680 -131072
-393216 589824
-983040 -131072
720896 -851968
65536 589824
0 -327680
393216 0
-131072 262144
0 0
-393216 -65536
196608 -786432
-196608 458752
0 -262144
-65536 131072
-196608 -327680
65536 196608
0 -196608
-262144 -131072
131072 65536
-196608 196608
131072 -196608
-524288 196608
262144 -131072
-458752 65536
196608 196608
0 -458752
65536 0
196608 -589824
0 720896
-327680 -393216
-131072 327680
196608 -196608
-196608 -196608
0 0
-65536 -393216
65536 393216
-65536 -327680
65536 196608
0 0
-196608 -393216
-65536 -131072
-327680 0
131072 0
-65536 0
-262144 0
393216 65536
-262144 65536
-196608 -196608
0 65536
0 65536
65536 -131072
196608 0
0 -131072
-65536 0
0 0
-327680 -196608
196608 65536
-65536 0
65536 -262144
131072 -65536
-262144 -65536
-65536 -196608
65536 131072
-327680 131072
-196608 0
327680 0
-196608 -65536
-65536 -262144
65536 -65536
-262144 0
131072 65536
0 196608
-65536 0
65536 -196608
-262144 0
0 -196608
0 -262144
-131072 131072
65536 -131072
131072 0
0 196608
0 -65536
-131072 -196608
-65536 0
-131072 -131072
-131072 -262144
196608 65536
-196608 0
0 -65536
131072 0
-131072 0
0 -65536
0 -131072
-131072 0
0 -65536
-65536 -65536
0 0
0 0
65536 0
-65536 -65536
0 65536
0 -65536
0 0
0 0
-131072 -65536
-65536 0
-65536 0
0 -131072
0 -65536
-65536 0
0 0
0 0
-131072 0
-131072 0
0 0
0 0
0 -65536
0 -65536
0 0
0 0
-65536 -196608
0 0
-65536 0
-65536 -131072
0 0
0 0
0 0
-131072 0
0 -65536
-65536 -131072
-65536 0
65536 0
-65536 -65536
-65536 -65536
65536 0
-131072 0
-131072 0
65536 0
0 -65536
-65536 -65536
0 0
-65536 -65536
-65536 0
0 0
0 -65536
0 -65536
-196608 -131072
0 0
0 0
-196608 -65536
-65536 -65536
0 0
-65536 -196608
0 -65536
196608 65536
-131072 0
0 0
196608 0
-196608 -65536
-327680 0
0 -131072
0 -65536
0 65536
65536 -196608
0 65536
65536 0
-196608 0
-65536 0
0 -196608
-262144 65536
65536 65536
65536 -458752
262144 65536
-131072 -65536
-458752 -262144
262144 327680
-327680 0
-196608 -196608
393216 131072
0 0
0 -327680
131072 -196608
-458752 131072
-327680 0
0 0
-196608 131072
327680 -196608
196608 -262144
-393216 0
131072 -196608
-65536 131072
-458752 0
131072 -327680
0 393216
-65536 -458752
196608 0
0 131072
-131072 -393216
-131072 0
-131072 0
0 -131072
65536 327680
0 -262144
-262144 65536
131072 -196608
-262144 -327680
458752 131072
-262144 -262144
-65536 458752
0 -262144
0 131072
-65536 -196608
-196608 -196608
196608 0
0 -196608
0 655360
-196608 -458752
-65536 -196608
-196608 -65536
-262144 65536
327680 -196608
0 -196608
65536 458752
-393216 -196608
196608 0
-393216 -327680
-65536 262144
131072 0
393216 196608
0 -393216
65536 -196608
-655360 -196608
-65536 196608
65536 327680
327680 -524288
196608 -262144
-720896 65536
-458752 393216
-65536 262144
851968 -327680
0 -262144
-327680 -458752
-393216 327680
-851968 -851968
1114112 786432
-458752 0
589824 -917504
524288 720896
-65536 458752
10551296 3735552
-1835008 917504
983040 -655360
-1769472 -655360
1572864 -655360
0 786432
-720896 -327680
-393216 -851968
917504 589824
-720896 1179648
-65536 -65536
65536 -786432
589824 -196608
-327680 0
-262144 -65536
-131072 0
262144 196608
-65536 -393216
0 65536
-196608 -131072
65536 -196608
-131072 65536
65536 0
-196608 65536
-524288 -589824
196608 131072
-458752 0
458752 -196608
-196608 458752
65536 196608
65536 0
-524288 -65536
458752 -131072
-524288 0
65536 -393216
65536 196608
196608 0
-131072 -131072
-65536 327680
-65536 -524288
65536 0
-131072 0
0 -65536
0 0
-131072 -196608
262144 0
-327680 -131072
65536 -131072
-393216 65536
-65536 0
196608 -65536
-196608 0
0 -131072
-131072 65536
-131072 131072
0 0
-196608 196608
0 -65536
65536 -196608
196608 0
65536 -327680
-131072 196608
196608 131072
-524288 -196608
262144 262144
-131072 -393216
-196608 -131072
327680 -196608
-262144 0
65536 0
131072 0
-262144 196608
-196608 0
196608 -131072
-196608 65536
-196608 -327680
0 131072
-131072 262144
65536 -327680
131072 0
0 65536
0 -327680
-196608 131072
0 -65536
-131072 -65536
-65536 327680
65536 -196608
65536 -65536
65536 0
65536 -262144
-262144 -131072
-131072 0
0 0
-65536 0
65536 0
-196608 -65536
0 0
131072 -65536
-131072 0
-131072 0
0 -131072
-65536 -65536
-65536 -65536
0 0
0 65536
0 0
0 0
0 -65536
0 0
-65536 0
131072 -131072
0 -65536
-65536 0
65536 -65536
0 0
-131072 -65536
-65536 0
-131072 0
-65536 -65536
0 -131072
0 0
-65536 -65536
0 65536
0 -65536
-65536 -65536
-131072 0
0 0
0 0
0 -131072
0 -131072
0 0
0 -65536
0 0
-196608 0
0 -131072
-65536 65536
0 0
0 -131072
-65536 0
0 0
0 65536
-65536 0
0 0
0 0
-65536 -65536
-65536 0
0 0
-65536 -196608
0 0
0 0
-65536 -65536
0 0
0 0
0 -131072
-65536 -131072
0 0
-65536 -65536
-262144 0
0 0
0 -65536
0 -65536
0 0
65536 -65536
-131072 -65536
-262144 0
65536 -131072
196608 -262144
-327680 65536
0 131072
262144 -262144
-131072 131072
0 65536
-196608 -196608
0 0
0 -262144
-262144 0
131072 262144
0 -262144
0 196608
-65536 -131072
-196608 -262144
0 131072
-393216 -262144
327680 0
196608 196608
-196608 -65536
-131072 -262144
0 131072
-196608 -131072
-65536 -196608
65536 131072
0 196608
0 -131072
65536 0
-131072 0
-393216 -393216
0 -196608
-196608 327680
131072 -196608
327680 0
-65536 131072
65536 -327680
-327680 131072
-131072 0
0 -393216
0 393216
0 -196608
131072 0
0 65536
-524288 -327680
65536 262144
0 -458752
0 131072
327680 -65536
-196608 0
0 0
-589824 196608
0 65536
196608 -458752
-262144 65536
262144 -327680
-131072 196608
0 -327680
-131072 196608
0 -131072
0 -65536
0 131072
-131072 -262144
-131072 131072
-65536 -458752
131072 458752
-262144 -458752
262144 393216
-196608 -196608
131072 327680
-131072 -262144
196608 -131072
-65536 -262144
-262144 0
327680 589824
-393216 131072
65536 -720896
-393216 -393216
196608 -131072
-327680 851968
65536 -655360
327680 524288
0 -983040
-327680 524288
-1310720 -262144
786432 655360
851968 262144
-458752 -393216
-1441792 -2818048
1114112 2097152
524288 -917504
8781824 2883584
983040 655360
-327680 -65536
-196608 393216
-1048576 -327680
720896 196608
-720896 0
262144 -458752
-65536 -196608
983040 -131072
-327680 1048576
-524288 -589824
-262144 -196608
65536 -327680
589824 131072
-262144 262144
196608 65536
-524288 327680
-131072 -983040
262144 -196608
-262144 -327680
327680 131072
-131072 262144
65536 0
-65536 327680
-786432 -786432
393216 -196608
-393216 262144
327680 -65536
-327680 327680
327680 -65536
65536 -65536
-655360 65536
262144 -524288
-393216 786432
196608 -524288
131072 262144
196608 -327680
-458752 -196608
196608 131072
-393216 -262144
131072 458752
0 -458752
65536 0
0 -196608
-196608 -196608
262144 65536
-458752 -65536
327680 0
-262144 0
-327680 -262144
196608 -131072
-589824 -65536
196608 0
65536 327680
-65536 196608
196608 0
-262144 0
-131072 -196608
0 -262144
0 0
393216 -131072
-196608 196608
196608 262144
-196608 -262144
0 0
-196608 -458752
-262144 0
393216 0
-196608 -196608
0 0
-65536 -65536
-196608 0
-65536 0
65536 -196608
-196608 131072
0 0
65536 -65536
0 131072
0 -327680
0 0
0 131072
0 -131072
-65536 131072
65536 -65536
-65536 -196608
0 196608
65536 -327680
0 -65536
0 131072
65536 -131072
-65536 0
-131072 196608
-131072 -262144
-65536 -131072
131072 65536
-131072 -131072
0 0
262144 65536
0 -65536
-196608 -65536
0 -131072
-131072 0
-131072 0
0 -65536
0 65536
65536 -131072
-65536 -65536
-65536 0
0 65536
-131072 0
0 0
0 -131072
-65536 0
0 -65536
0 0
-196608 65536
0 -65536
0 0
-65536 0
0 -65536
0 0
-196608 -65536
-65536 0
0 0
0 -131072
-65536 0
0 0
0 0
0 0
0 -131072
-65536 0
-131072 -65536
65536 -65536
0 0
-131072 -65536
0 0
0 0
-65536 -131072
-65536 65536
-131072 0
0 -131072
0 0
-65536 -65536
-65536 -65536
0 0
-65536 0
0 65536
0 -131072
0 -131072
0 0
-65536 0
65536 0
0 0
-65536 -65536
-262144 -131072
-131072 0
0 0
-131072 0
196608 0
65536 -65536
-196608 -131072
0 0
0 0
-262144 0
0 65536
-65536 65536
0 0
0 -262144
-196608 0
131072 -65536
-131072 -262144
0 131072
65536 0
-196608 131072
65536 0
0 -262144
65536 262144
-131072 -262144
-262144 -458752
0 196608
-65536 65536
0 -131072
65536 0
65536 65536
-131072 -196608
65536 0
-196608 0
-262144 0
196608 -131072
0 0
-196608 -65536
65536 -65536
-262144 0
-196608 -65536
458752 -65536
-524288 262144
327680 -524288
65536 196608
-524288 196608
262144 -589824
-131072 524288
-327680 -196608
0 -327680
131072 458752
65536 -458752
-65536 131072
131072 65536
-262144 -524288
0 524288
-131072 -327680
-262144 458752
458752 -131072
-524288 -327680
524288 0
-262144 -393216
0 327680
-65536 -196608
-196608 589824
393216 -262144
-393216 0
0 -458752
-196608 -131072
0 196608
-65536 65536
0 -65536
131072 -262144
-262144 -131072
-131072 -196608
0 65536
65536 0
-131072 393216
-131072 0
0 0
-196608 -327680
-131072 -262144
131072 0
65536 0
262144 262144
-131072 -131072
131072 -196608
-655360 262144
0 -262144
0 0
0 0
-262144 262144
-327680 -327680
327680 -524288
-65536 262144
131072 458752
327680 -393216
-458752 -524288
-458752 262144
-327680 -196608
65536 1048576
196608 -917504
6553600 4325376
-196608 131072
-1048576 -1310720
2293760 524288
-327680 655360
-458752 0
0 -1245184
-327680 786432
-327680 -393216
589824 -458752
-131072 -65536
-65536 1310720
-589824 -589824
65536 -458752
327680 -589824
393216 196608
-196608 131072
0 262144
-393216 131072
-196608 -393216
131072 -327680
131072 -65536
327680 0
-131072 0
196608 131072
-458752 0
-196608 -393216
-524288 -131072
65536 262144
262144 65536
0 0
65536 -131072
-262144 65536
-196608 131072
0 -196608
0 262144
65536 -458752
0 131072
196608 -196608
-458752 196608
-65536 131072
0 -327680
196608 196608
0 -327680
0 -65536
-65536 -327680
-131072 -65536
0 196608
-65536 -196608
131072 -131072
-262144 131072
-327680 -262144
65536 0
-327680 131072
0 -262144
65536 196608
0 -65536
65536 65536
-196608 0
-196608 -131072
131072 131072
-131072 -196608
65536 -262144
262144 131072
65536 -65536
-262144 -393216
-65536 196608
-262144 0
-65536 -65536
262144 0
-131072 -131072
196608 -262144
-65536 0
-327680 131072
-65536 -65536
-65536 65536
-196608 65536
131072 -262144
0 -65536
-131072 0
0 -262144
0 65536
65536 131072
0 -131072
-131072 0
-65536 -131072
-65536 -131072
-65536 196608
-65536 -131072
196608 -131072
65536 65536
0 -196608
-65536 -196608
-65536 65536
-196608 -65536
-196608 0
65536 65536
-131072 -65536
-65536 -196608
131072 0
0 -65536
-196608 -65536
-65536 -65536
-65536 65536
0 131072
65536 -65536
-65536 0
-65536 -65536
-65536 0
-65536 0
0 0
65536 0
65536 0
0 -131072
-131072 0
-65536 0
-65536 0
-65536 0
0 -65536
0 -65536
-65536 0
0 -65536
0 0
-65536 0
0 0
0 0
-131072 -131072
-65536 -65536
0 -65536
65536 -65536
0 0
-65536 -65536
0 -131072
-196608 0
-196608 0
65536 -65536
-65536 -65536
-65536 65536
0 0
0 -196608
0 0
0 65536
-65536 -131072
0 0
0 0
-65536 -131072
0 0
65536 0
0 -65536
-65536 -65536
0 -65536
-65536 0
-65536 0
131072 0
0 -131072
-131072 -196608
-65536 -131072
-65536 0
196608 0
-65536 0
-65536 0
-65536 0
-196608 -65536
-65536 0
262144 -65536
-131072 -65536
-65536 0
196608 -65536
-65536 327680
-65536 0
-327680 -262144
-65536 131072
65536 -65536
-131072 -196608
131072 0
65536 -131072
0 131072
-65536 -65536
-131072 -196608
-131072 262144
-131072 0
131072 -65536
393216 196608
-65536 -131072
-262144 -458752
0 131072
-458752 65536
0 -131072
393216 -65536
-196608 65536
0 -131072
196608 -65536
-262144 65536
-393216 -196608
196608 -65536
-327680 262144
262144 -262144
65536 65536
-196608 -131072
0 -196608
-131072 262144
0 -262144
327680 131072
0 131072
-131072 -196608
-131072 -65536
-65536 65536
-393216 -589824
-65536 65536
393216 0
0 65536
393216 0
-327680 65536
0 0
-393216 -393216
-131072 -65536
262144 -262144
0 458752
0 65536
0 0
-131072 -327680
-65536 -327680
-131072 0
131072 0
65536 131072
0 327680
-196608 0
-196608 -131072
-196608 -393216
0 -65536
0 -458752
262144 524288
0 0
-65536 131072
-196608 -131072
-131072 -65536
-65536 0
196608 131072
262144 262144
-327680 -524288
262144 -327680
-589824 0
131072 65536
-524288 131072
917504 -196608
-65536 393216
-393216 -458752
-720896 196608
0 -983040
589824 458752
-196608 -458752
-1310720 -131072
917504 -65536
458752 917504
0 -1376256
393216 1179648
7733248 4980736
131072 524288
-2097152 655360
524288 -786432
917504 -589824
-1376256 -1048576
262144 524288
-327680 589824
655360 -65536
-327680 -65536
0 -720896
262144 393216
65536 393216
-851968 196608
-65536 -589824
393216 -393216
0 -65536
0 -65536
196608 786432
-262144 65536
65536 -458752
-262144 -196608
-131072 -655360
0 65536
0 -65536
589824 458752
-1048576 65536
0 -393216
-524288 -131072
196608 -196608
0 131072
0 0
327680 65536
-458752 655360
131072 -589824
-458752 -65536
0 -65536
65536 0
327680 196608
65536 -393216
0 262144
-196608 -196608
-327680 65536
131072 -131072
65536 -65536
131072 0
-262144 -262144
65536 0
-262144 -131072
0 0
196608 0
-196608 65536
-196608 -65536
-262144 0
-196608 131072
-65536 -262144
-196608 327680
393216 -131072
65536 0
0 327680
-131072 -327680
-262144 65536
0 -65536
-65536 -262144
458752 0
65536 -131072
-327680 0
196608 0
-327680 65536
-65536 -196608
131072 -393216
-327680 65536
0 -262144
0 0
-262144 393216
0 -196608
65536 0
-196608 65536
0 -262144
-65536 65536
-65536 65536
-131072 -327680
0 65536
196608 0
0 -262144
0 196608
0 -65536
-65536 0
0 131072
-131072 -131072
-65536 -131072
65536 -65536
65536 -196608
-196608 -65536
0 0
-65536 0
-131072 131072
65536 65536
-65536 -131072
0 -65536
0 -131072
0 -131072
-65536 0
-131072 0
-65536 0
0 0
0 0
0 -65536
-65536 0
0 0
65536 0
-65536 0
-131072 -65536
0 0
0 0
0 0
0 -65536
0 0
-131072 0
-65536 -131072
0 0
-131072 65536
0 0
0 0
-65536 0
0 -131072
0 0
-65536 65536
65536 -65536
0 -65536
-131072 -65536
0 0
-65536 0
0 -131072
0 -65536
-196608 0
0 0
0 -65536
-65536 -65536
0 65536
0 -65536
-131072 -131072
-65536 0
0 0
-65536 -65536
0 65536
0 -196608
0 -65536
0 0
0 0
0 0
0 0
65536 0
-65536 -196608
0 -65536
0 0
-65536 0
0 0
-65536 -65536
-196608 -65536
0 -131072
0 -65536
-65536 65536
262144 65536
-65536 0
-196608 0
0 -131072
-393216 65536
0 0
65536 -196608
65536 65536
65536 -65536
-196608 -65536
196608 65536
0 -196608
-262144 196608
-65536 -196608
0 -327680
0 327680
-65536 0
65536 -131072
131072 65536
-131072 -196608
-65536 -262144
0 0
-327680 65536
0 65536
262144 196608
0 0
-131072 -393216
-65536 -262144
-262144 0
-327680 -65536
262144 65536
-327680 131072
196608 -131072
327680 0
-327680 196608
0 -393216
-65536 -65536
-524288 65536
65536 -131072
131072 65536
131072 196608
65536 -524288
0 196608
-131072 -458752
-458752 196608
262144 196608
-327680 -196608
327680 262144
-65536 -458752
-196608 65536
327680 -65536
-589824 65536
262144 65536
-65536 -131072
-65536 65536
262144 -262144
-131072 0
0 0
-458752 131072
65536 -65536
-65536 -262144
65536 0
-65536 -327680
0 0
262144 131072
-196608 262144
-196608 -393216
-262144 131072
0 -196608
0 65536
0 -196608
65536 0
0 196608
-327680 65536
131072 0
65536 -589824
720896 327680
-917504 -262144
131072 196608
-786432 393216
131072 -589824
0 -393216
851968 -786432
-65536 393216
-458752 524288
-393216 196608
0 -393216
196608 458752
-524288 -1179648
851968 -393216
-589824 1441792
-327680 -1376256
-131072 131072
4653056 3276800
1310720 -1179648
262144 1441792
-458752 196608
-851968 -65536
0 -983040
131072 1245184
393216 -524288
-720896 0
196608 -655360
-262144 131072
327680 -393216
65536 655360
196608 196608
-196608 327680
-196608 -720896
-524288 -327680
196608 -131072
196608 0
655360 131072
-524288 393216
-131072 -524288
-393216 -262144
0 -196608
0 131072
196608 -262144
131072 0
-393216 589824
-327680 -393216
-327680 -65536
-131072 -196608
196608 393216
131072 -131072
393216 -393216
-131072 458752
-327680 -393216
-589824 327680
262144 0
0 -262144
458752 0
0 -393216
-131072 131072
-327680 -393216
-65536 589824
327680 -131072
0 -196608
131072 0
-262144 -655360
-65536 65536
-458752 0
0 0
393216 196608
-262144 -327680
-196608 -131072
-262144 0
-393216 65536
196608 -65536
-196608 131072
327680 131072
131072 -65536
-196608 -65536
65536 -131072
-458752 393216
131072 -65536
65536 -327680
0 65536
131072 -327680
-262144 -65536
65536 65536
-196608 0
-65536 65536
0 -262144
-196608 0
0 -196608
0 -196608
-65536 196608
-196608 -196608
-196608 65536
0 327680
131072 -262144
-65536 0
0 0
0 -327680
-262144 0
0 65536
0 -196608
-65536 262144
65536 0
0 -65536
-65536 0
0 -262144
0 -65536
0 65536
65536 -196608
-131072 -65536
0 131072
-196608 -196608
-196608 0
262144 131072
-131072 -196608
0 -131072
131072 -65536
-196608 -131072
0 0
0 0
-65536 0
-131072 0
0 -65536
0 -65536
-131072 -65536
0 0
0 -65536
0 -65536
-65536 0
0 0
0 0
0 0
-196608 -131072
-196608 0
0 0
0 -65536
0 -65536
-65536 65536
0 65536
0 -65536
-65536 -65536
-196608 -65536
0 -65536
65536 0
0 -65536
-65536 -131072
-65536 0
0 -65536
0 -65536
-65536 -131072
-65536 -65536
-131072 0
0 0
0 0
-131072 0
-65536 0
0 0
0 0
-131072 -65536
0 0
0 -65536
0 0
0 0
65536 -65536
-65536 0
-131072 0
65536 0
-131072 -65536
0 -65536
131072 -131072
-131072 -131072
0 0
65536 0
-196608 -65536
-131072 0
-65536 65536
-65536 0
131072 -131072
-196608 0
0 0
65536 -262144
-458752 131072
65536 0
-131072 -327680
-196608 327680
196608 0
-65536 -262144
0 196608
0 -131072
-262144 -65536
0 -196608
-65536 -131072
0 131072
0 -65536
196608 65536
0 196608
-262144 -131072
-262144 -327680
-131072 0
-65536 0
65536 -196608
393216 65536
-65536 0
-262144 -262144
196608 -65536
-393216 0
-458752 -196608
458752 65536
-65536 65536
65536 -65536
196608 0
-458752 0
-65536 -458752
-196608 131072
0 0
262144 -327680
-196608 589824
0 196608
131072 -393216
-196608 262144
-131072 -720896
-262144 -327680
262144 196608
-393216 65536
327680 393216
65536 -262144
-524288 0
327680 -524288
-393216 0
524288 196608
-393216 0
-262144 65536
0 -458752
-196608 196608
196608 -393216
-131072 0
262144 196608
0 262144
-65536 -65536
-131072 -196608
-262144 -327680
-65536 0
0 0
262144 196608
262144 0
-589824 -65536
-327680 -262144
0 0
262144 -131072
-65536 262144
65536 0
0 458752
-458752 -196608
-131072 -655360
0 -196608
327680 0
393216 655360
-65536 65536
-262144 -131072
-917504 -327680
-131072 -327680
196608 -262144
851968 393216
-65536 458752
-65536 -196608
-589824 -589824
0 -720896
-131072 0
851968 1245184
-196608 0
-1179648 65536
2293760 4653056
-1507328 -720896
1245184 -1048576
-524288 -524288
262144 131072
458752 589824
-65536 -262144
196608 -327680
-786432 65536
-589824 262144
-131072 -65536
262144 -65536
524288 -458752
327680 -131072
-327680 262144
-458752 131072
393216 -131072
-65536 131072
-65536 -589824
0 0
131072 -196608
-65536 65536
65536 0
-327680 65536
0 -327680
-458752 -196608
589824 -131072
-327680 -131072
196608 262144
-393216 131072
-196608 131072
-327680 -262144
131072 65536
393216 -589824
-65536 0
65536 131072
-131072 131072
-196608 262144
0 -131072
-196608 -327680
131072 -327680
-65536 -65536
196608 327680
-131072 0
0 131072
65536 -262144
0 -196608
-65536 -262144
-196608 -262144
0 196608
-131072 65536
0 -196608
0 0
-262144 -262144
-393216 -196608
-65536 327680
0 0
0 131072
-65536 0
131072 -196608
196608 65536
-327680 -131072
131072 -65536
-196608 393216
-196608 -65536
131072 -393216
196608 0
0 -327680
0 -196608
262144 196608
-327680 0
-65536 -65536
0 -65536
-262144 0
0 -458752
0 -196608
-65536 131072
-196608 0
0 327680
65536 196608
65536 -458752
-131072 0
-196608 0
0 -327680
0 131072
65536 65536
65536 -196608
-65536 262144
65536 -262144
0 -131072
-131072 196608
-65536 -65536
0 -262144
-65536 0
0 -65536
-131072 -131072
65536 0
0 0
-131072 0
196608 0
-65536 -196608
-262144 -131072
0 -196608
-131072 0
-131072 0
-65536 -65536
0 0
0 0
-65536 0
0 0
0 0
-65536 -65536
0 -65536
0 0
-65536 -65536
0 0
-65536 -65536
0 0
0 0
-65536 0
0 -65536
-65536 0
-196608 0
-131072 0
0 0
0 0
0 -131072
0 -65536
-65536 0
65536 0
0 -65536
0 0
-65536 0
-131072 -65536
0 0
-65536 -65536
0 -131072
0 65536
-65536 0
0 -196608
-131072 0
-65536 65536
0 -65536
0 0
0 -131072
-65536 0
-65536 0
0 0
0 0
0 -65536
0 0
-65536 -65536
131072 0
131072 0
-131072 -65536
65536 -65536
-262144 -196608
-393216 -131072
65536 0
0 0
-65536 0
196608 0
-65536 0
-65536 0
-65536 -131072
-262144 0
-65536 0
-65536 0
0 131072
0 -196608
-262144 -65536
393216 196608
196608 -262144
-393216 -65536
0 -131072
0 -65536
-196608 327680
-262144 0
262144 -65536
196608 -65536
0 -327680
-131072 -393216
0 327680
-65536 65536
-196608 -65536
262144 131072
-131072 0
0 -458752
65536 0
-262144 65536
-131072 0
196608 0
-327680 -65536
0 -131072
262144 -65536
-458752 65536
0 -131072
131072 131072
-262144 65536
-65536 -131072
131072 0
0 -65536
-131072 -196608
-65536 0
65536 -131072
0 -65536
131072 262144
-262144 -131072
0 65536
131072 -65536
-393216 -262144
262144 0
-262144 0
0 0
196608 -65536
-131072 0
0 65536
-196608 0
0 -131072
-65536 65536
65536 -131072
-65536 0
-131072 -262144
0 262144
0 -393216
-196608 196608
-131072 0
0 -196608
393216 -393216
-262144 65536
196608 -65536
-589824 196608
-65536 -262144
-458752 0
327680 -65536
196608 0
262144 0
0 0
-131072 589824
-983040 -458752
393216 131072
-131072 -720896
917504 -262144
-589824 131072
-65536 458752
-524288 327680
196608 -458752
131072 -262144
327680 -393216
-262144 0
-983040 -327680
393216 1376256
-524288 -196608
917504 -2097152
1048576 131072
262144 1245184
4653056 2949120
-655360 1703936
131072 65536
-2097152 -1179648
524288 -851968
65536 655360
0 -327680
65536 -786432
524288 -196608
-1179648 1048576
524288 589824
-131072 -393216
131072 -786432
-65536 0
65536 0
-196608 327680
327680 327680
0 -196608
-131072 -262144
-393216 -458752
393216 -196608
196608 393216
0 196608
0 -65536
-393216 -131072
-262144 -393216
-655360 -131072
524288 -524288
-131072 393216
65536 196608
0 262144
-65536 65536
-393216 -262144
-131072 196608
0 -851968
0 393216
458752 65536
-131072 0
-65536 65536
-196608 -65536
-196608 -131072
131072 -327680
0 262144
393216 -327680
-65536 65536
-196608 327680
0 -458752
0 131072
0 -262144
65536 -131072
65536 0
-458752 -327680
65536 0
-131072 0
-131072 131072
0 -131072
-262144 131072
0 -131072
-196608 0
131072 65536
0 -393216
65536 327680
65536 0
0 -65536
-196608 327680
0 -65536
0 -393216
131072 -196608
-131072 0
0 -65536
327680 -131072
-262144 262144
-65536 -131072
0 -65536
-196608 131072
-196608 -458752
-196608 -196608
0 393216
-65536 -131072
131072 0
0 131072
-131072 -327680
0 131072
-65536 131072
-131072 -262144
-131072 196608
-65536 0
-65536 -327680
0 262144
65536 -65536
65536 -131072
0 65536
-196608 -131072
-196608 -65536
-196608 0
0 -196608
0 0
131072 0
0 -65536
-131072 0
65536 65536
0 -131072
-196608 -65536
-65536 -131072
0 0
0 65536
0 -65536
-65536 0
-65536 0
-65536 0
0 0
0 0
0 0
0 0
65536 0
-131072 0
-196608 -65536
0 -65536
0 0
0 -65536
0 -65536
-65536 -65536
0 0
0 0
-65536 -65536
-65536 0
-65536 65536
-65536 -65536
0 -131072
-65536 0
0 0
65536 -65536
0 -65536
0 0
-131072 -65536
0 -65536
-65536 65536
-65536 -131072
0 -131072
-131072 131072
-65536 -131072
-131072 -131072
0 131072
65536 -131072
-131072 0
-65536 0
65536 0
0 0
-131072 -65536
0 0
-65536 -65536
0 0
0 0
-65536 -65536
65536 -65536
-65536 -196608
-65536 -196608
-131072 0
0 0
65536 65536
131072 -65536
-196608 -196608
-65536 0
0 -65536
-327680 -65536
0 0
131072 -262144
-131072 65536
65536 196608
65536 -131072
0 0
-524288 -131072
-327680 -65536
262144 -65536
0 -65536
-196608 65536
196608 -131072
262144 65536
-327680 131072
-327680 -327680
-65536 -458752
-65536 196608
-65536 0
196608 65536
458752 262144
-327680 -131072
-196608 -327680
-65536 0
-65536 -131072
-262144 -458752
393216 0
-65536 327680
-65536 0
65536 -131072
-524288 0
-65536 -262144
131072 -131072
-196608 131072
262144 -65536
0 0
-393216 327680
65536 -327680
-131072 0
0 65536
0 -458752
131072 393216
0 -131072
-262144 -65536
393216 -65536
-786432 -327680
131072 196608
131072 -65536
-262144 327680
458752 0
-327680 -131072
131072 -262144
-393216 -196608
-196608 327680
131072 -327680
0 131072
65536 65536
65536 -327680
-65536 -65536
-131072 -327680
-131072 327680
196608 0
-131072 0
65536 0
-327680 -262144
-131072 -196608
0 0
327680 131072
-65536 131072
-131072 131072
-262144 -196608
-196608 65536
0 -589824
655360 131072
-131072 0
196608 524288
-917504 0
-131072 -655360
-196608 -393216
589824 -131072
65536 196608
-65536 65536
-458752 262144
-65536 -393216
-196608 -262144
-262144 -196608
393216 0
1572864 1048576
-851968 0
-1245184 -1835008
-851968 1048576
1245184 -1638400
3276800 -1048576
983040 0
851968 -196608
-393216 655360
-917504 393216
-131072 589824
131072 -983040
-262144 -524288
0 0
524288 131072
-65536 720896
-196608 0
-458752 -196608
196608 -589824
393216 0
262144 327680
-458752 458752
196608 -327680
-327680 0
-131072 -524288
-196608 0
393216 -524288
131072 327680
131072 0
-196608 0
-262144 0
-327680 -262144
131072 262144
-458752 -655360
131072 262144
0 -196608
196608 327680
-131072 -65536
-524288 -65536
0 262144
-65536 -262144
262144 -65536
196608 -327680
-131072 196608
0 262144
-262144 0
-327680 0
196608 -327680
0 65536
65536 -393216
0 0
0 262144
0 -327680
-262144 327680
-65536 -262144
-65536 -458752
0 65536
-393216 -393216
0 196608
65536 0
-327680 0
0 0
-393216 0
131072 196608
-65536 -65536
-65536 0
262144 -131072
-196608 131072
-65536 -131072
327680 -65536
-131072 327680
-65536 -327680
-131072 -131072
0 131072
65536 -131072
0 0
196608 -393216
-262144 0
0 0
-131072 -131072
-131072 65536
-131072 -131072
0 -65536
65536 131072
-65536 -131072
-131072 0
65536 196608
-131072 -131072
-65536 65536
0 0
0 -458752
-131072 131072
65536 131072
-65536 -196608
0 196608
65536 -196608
0 -196608
-65536 65536
-131072 -196608
-65536 0
-65536 196608
0 -131072
-65536 0
65536 65536
0 -65536
0 0
65536 0
-131072 -131072
-131072 -131072
-65536 0
0 65536
0 0
-65536 -196608
0 -65536
-65536 65536
0 0
0 0
-65536 -65536
0 0
-65536 -65536
0 -131072
0 -65536
-196608 0
0 0
0 0
-131072 0
-65536 -131072
0 0
-65536 0
0 -65536
0 -65536
-65536 -65536
0 65536
0 0
0 0
-65536 0
0 -65536
0 0
0 -131072
0 -131072
-65536 0
-65536 -65536
0 0
0 0
-65536 -196608
-65536 0
0 0
0 -131072
-196608 65536
-65536 0
0 -65536
-131072 0
0 0
131072 -65536
-131072 -65536
0 131072
65536 0
-196608 0
131072 65536
0 -196608
-131072 -196608
65536 0
0 -131072
-327680 0
0 65536
65536 -131072
-131072 0
-65536 -262144
0 -65536
65536 196608
-131072 -65536
-131072 65536
0 0
-327680 -262144
0 196608
65536 -196608
-65536 -196608
65536 65536
65536 131072
-65536 196608
0 -196608
-65536 -196608
-262144 0
0 -131072
-65536 -262144
-131072 327680
0 131072
131072 -131072
131072 0
-196608 -131072
0 -262144
-196608 65536
-131072 131072
-131072 0
458752 131072
-196608 -196608
-131072 -262144
131072 -65536
-393216 0
0 -196608
-65536 0
-327680 131072
262144 0
65536 -196608
-196608 196608
0 -327680
-262144 0
0 131072
-131072 -327680
196608 393216
0 -327680
-262144 -196608
458752 65536
-589824 -131072
131072 131072
-196608 0
-327680 131072
589824 -131072
-327680 0
65536 -262144
-196608 -196608
0 0
-65536 65536
-196608 327680
0 -131072
131072 -262144
-65536 -327680
65536 0
-196608 0
0 65536
-131072 -196608
65536 131072
-65536 -131072
-262144 0
262144 -262144
-131072 65536
65536 -196608
-131072 262144
0 -131072
-327680 131072
-327680 -393216
196608 0
0 131072
327680 -196608
65536 131072
-327680 -196608
0 327680
-327680 -196608
-196608 -524288
0 -327680
65536 0
0 1114112
-131072 -196608
196608 -65536
-393216 -196608
524288 -196608
-917504 -983040
1376256 0
524288 851968
-1048576 1769472
-1441792 -851968
1638400 -327680
-393216 -917504
-786432 -1376256
1835008 524288
-65536 393216
327680 -196608
-131072 0
-786432 196608
-589824 0
917504 -458752
-262144 -196608
0 262144
-65536 393216
-393216 -131072
65536 -458752
131072 -196608
655360 -196608
-393216 327680
-65536 -131072
0 589824
-65536 -196608
-196608 0
65536 -524288
-65536 0
65536 0
0 65536
327680 0
-983040 -589824
0 65536
-524288 -131072
327680 262144
-131072 -393216
327680 524288
0 -131072
-589824 65536
131072 -393216
-327680 -65536
262144 0
0 0
262144 65536
131072 0
-327680 65536
-131072 -65536
-65536 -131072
0 0
524288 -393216
65536 131072
-196608 -65536
65536 -131072
0 65536
-196608 -131072
65536 -131072
0 -131072
-196608 -327680
-327680 0
0 131072
-65536 0
65536 196608
-131072 -65536
0 0
0 131072
-327680 -131072
0 -262144
65536 262144
0 0
524288 -262144
-65536 131072
-393216 0
-131072 -196608
0 65536
0 -262144
131072 -327680
131072 -131072
-393216 196608
196608 -196608
-131072 0
-458752 131072
0 -327680
0 0
-65536 65536
0 -131072
0 0
0 196608
0 -196608
0 65536
-131072 65536
-131072 -262144
-131072 0
0 -65536
0 -131072
0 196608
0 -262144
131072 -262144
131072 196608
-196608 -131072
-262144 -262144
-65536 196608
0 0
-131072 -131072
196608 0
196608 -131072
-65536 -262144
65536 0
-131072 65536
-327680 0
-131072 0
65536 -65536
0 0
-196608 -131072
65536 -131072
0 0
-131072 0
65536 0
0 0
0 0
0 0
0 -131072
-131072 -131072
-65536 0
-65536 -131072
0 0
0 65536
-65536 0
0 0
0 0
0 -65536
-131072 -65536
-65536 -65536
0 65536
0 -65536
65536 -65536
0 0
-131072 -65536
65536 0
-65536 0
-65536 -262144
0 -65536
-196608 65536
0 0
0 -65536
-65536 0
-131072 -65536
-196608 -65536
65536 -65536
-65536 0
-196608 0
0 0
65536 0
-131072 -65536
65536 0
0 -65536
-196608 0
0 131072
0 -196608
0 -65536
131072 -65536
-65536 -262144
-65536 0
65536 65536
-131072 -131072
-196608 65536
0 -65536
-196608 -65536
0 0
0 -327680
0 65536
131072 65536
-131072 -196608
65536 262144
-131072 -131072
-327680 -131072
196608 131072
-65536 65536
-131072 -196608
131072 -196608
65536 196608
-393216 0
-65536 -393216
131072 -65536
0 327680
-196608 -65536
196608 -131072
65536 327680
-327680 -262144
-131072 -458752
-65536 131072
-65536 65536
0 -65536
589824 196608
-65536 0
-262144 -131072
65536 -327680
-327680 -131072
-196608 0
131072 0
131072 262144
-65536 196608
0 -327680
-327680 0
0 -589824
0 -131072
0 262144
0 0
65536 589824
0 65536
-196608 -524288
0 0
-327680 -458752
0 -196608
196608 196608
0 65536
65536 131072
-327680 -262144
0 0
0 0
-131072 -262144
0 0
65536 -131072
-262144 327680
65536 -65536
-65536 -196608
0 0
-65536 -458752
131072 262144
65536 -196608
-131072 327680
0 -65536
-196608 -65536
131072 -65536
-262144 -131072
131072 -327680
-262144 0
0 0
-131072 131072
262144 -196608
0 -65536
-196608 458752
-196608 -65536
196608 131072
-196608 -327680
393216 -65536
-524288 -196608
131072 -65536
-262144 458752
-65536 -65536
65536 -262144
196608 -131072
262144 327680
-393216 -655360
262144 -196608
-393216 1114112
-1245184 -458752
720896 -917504
1179648 -720896
1048576 -131072
-393216 2555904
5570560 -524288
-393216 786432
-1966080 -131072
589824 65536
196608 -1114112
0 -1507328
327680 393216
-131072 1507328
-327680 -65536
0 -393216
131072 -1114112
65536 196608
0 262144
-196608 720896
0 0
-65536 -131072
-65536 -720896
-262144 0
196608 196608
393216 589824
262144 -131072
-262144 -131072
-196608 -524288
-196608 -327680
65536 327680
196608 65536
0 -65536
-131072 -393216
-393216 0
-65536 -262144
-196608 131072
327680 131072
-196608 -327680
65536 458752
-131072 -196608
-262144 65536
-196608 -131072
-393216 393216
589824 -196608
0 -196608
65536 -65536
0 -65536
-589824 196608
131072 0
65536 262144
-131072 0
327680 -786432
0 196608
0 -327680
-131072 -65536
0 327680
-131072 -393216
65536 65536
-262144 -458752
-262144 -262144
-131072 -131072
-196608 196608
327680 131072
0 0
-196608 0
-65536 0
-65536 0
-131072 -65536
-196608 0
196608 196608
262144 -196608
196608 -131072
-65536 0
-131072 131072
-131072 0
0 -65536
-65536 -65536
-65536 -262144
393216 -393216
-262144 196608
0 -327680
-65536 0
-262144 393216
-131072 -327680
0 0
0 196608
-65536 -393216
-131072 -196608
0 196608
0 -131072
0 131072
0 65536
0 -196608
-131072 196608
-65536 -131072
-65536 -196608
65536 131072
0 -131072
0 -196608
65536 0
-65536 0
-196608 -65536
-65536 131072
65536 65536
-131072 -65536
131072 0
196608 -262144
-131072 -262144
0 -65536
-65536 0
-65536 65536
-65536 0
0 -131072
65536 0
-65536 0
0 0
0 65536
-131072 0
0 0
0 0
0 -131072
0 -65536
0 -65536
0 0
0 0
0 0
-65536 0
-65536 0
-65536 -131072
-131072 0
0 0
65536 -65536
0 0
-65536 65536
0 0
0 0
0 -65536
0 -65536
-131072 0
65536 -65536
0 0
-131072 0
65536 -131072
0 0
-65536 131072
0 -196608
-65536 -65536
-65536 65536
-131072 -65536
0 -131072
0 0
0 65536
0 0
0 131072
-65536 -131072
-262144 -196608
-65536 0
-65536 0
65536 65536
262144 0
65536 -196608
-131072 0
-65536 -65536
-131072 -327680
-131072 65536
0 -131072
0 -196608
131072 327680
-65536 0
65536 0
0 -65536
-393216 -131072
0 0
-65536 -262144
-131072 0
196608 131072
-65536 0
65536 131072
262144 -65536
0 -196608
-458752 -262144
0 0
65536 0
-327680 131072
0 -65536
327680 -131072
-65536 131072
-65536 -262144
65536 -65536
-131072 65536
-131072 -65536
-196608 0
131072 196608
0 -196608
-131072 -262144
196608 -65536
-393216 -65536
-196608 -131072
262144 -65536
-131072 65536
-65536 0
524288 -196608
-524288 262144
0 -196608
0 -131072
-327680 327680
0 -196608
0 65536
196608 0
-131072 -327680
327680 196608
0 -327680
-393216 0
196608 262144
-589824 -65536
196608 131072
65536 -262144
-196608 0
196608 -196608
-196608 65536
0 65536
-65536 -131072
-196608 -65536
65536 -196608
65536 262144
65536 0
0 -131072
-327680 131072
0 -262144
-196608 65536
196608 -393216
0 -327680
131072 196608
131072 0
-262144 131072
-65536 -262144
-262144 196608
-131072 -262144
0 0
65536 -196608
131072 262144
-393216 0
0 0
-131072 0
327680 -196608
65536 65536
-393216 0
0 131072
131072 -327680
65536 -196608
-458752 65536
65536 -851968
262144 393216
-393216 -65536
0 393216
458752 0
1114112 -327680
-851968 393216
-2162688 720896
524288 -2752512
1245184 720896
7143424 -2752512
196608 -262144
-65536 720896
196608 196608
-131072 262144
-851968 -589824
65536 -131072
786432 -196608
327680 458752
-458752 -65536
-589824 -524288
-327680 -65536
0 327680
589824 -65536
-131072 196608
327680 -131072
-655360 0
0 -196608
-131072 393216
131072 -589824
0 131072
196608 -262144
0 65536
-196608 0
-131072 65536
196608 0
0 -851968
327680 327680
-720896 -393216
0 262144
-589824 -262144
-65536 524288
131072 -131072
0 -524288
655360 262144
-458752 0
-65536 0
-393216 0
0 327680
0 -393216
-196608 -131072
393216 -131072
0 65536
-458752 327680
196608 65536
196608 0
-393216 -65536
524288 -458752
-196608 131072
0 -327680
-65536 0
196608 393216
-131072 -655360
-65536 0
-131072 -393216
-327680 -65536
-65536 131072
-393216 -65536
196608 327680
65536 0
-196608 -131072
262144 0
-458752 131072
-131072 131072
262144 0
-131072 131072
65536 -393216
524288 -131072
-131072 65536
-65536 -65536
-65536 131072
-131072 0
0 -131072
0 -131072
65536 -524288
-65536 0
0 -131072
-262144 0
-262144 524288
-65536 -65536
0 -196608
131072 65536
-131072 -327680
-196608 -65536
0 262144
0 -196608
-65536 131072
-65536 65536
0 -327680
0 196608
65536 0
-65536 -196608
-65536 131072
0 -327680
0 -196608
0 0
0 -65536
0 -65536
-65536 131072
65536 0
-65536 -65536
65536 0
0 -196608
-196608 -327680
-65536 0
0 65536
-65536 0
65536 0
-65536 0
-65536 0
-131072 -65536
0 -65536
65536 0
-65536 -65536
-65536 0
0 0
0 -131072
-65536 -131072
0 0
0 0
0 0
-131072 -131072
-65536 0
-65536 65536
0 0
65536 0
-65536 0
-65536 -131072
0 0
0 0
0 -65536
0 0
0 65536
0 -131072
-65536 -65536
0 0
0 -65536
-65536 0
-65536 0
-131072 -196608
-196608 0
0 0
0 0
-131072 0
0 0
0 0
-131072 0
-65536 131072
65536 -131072
-131072 0
-65536 131072
-65536 -196608
0 131072
0 131072
65536 -196608
-65536 0
0 -131072
-131072 -262144
-131072 65536
65536 -65536
-65536 0
0 196608
0 -458752
-65536 0
-65536 196608
0 -524288
0 -131072
-131072 0
-65536 0
131072 131072
0 262144
-65536 -65536
0 -262144
-131072 196608
-393216 -196608
131072 -524288
131072 65536
-196608 524288
196608 -196608
196608 -131072
-131072 262144
-327680 -393216
-131072 -327680
-65536 131072
0 131072
65536 -131072
262144 131072
0 65536
-327680 -131072
196608 -196608
-131072 -393216
-262144 0
196608 0
0 131072
-131072 131072
-65536 -196608
-458752 -131072
131072 -262144
-65536 -196608
0 327680
262144 -327680
-327680 131072
0 458752
-262144 -393216
131072 0
-196608 -131072
0 -131072
458752 131072
-720896 -65536
196608 65536
-65536 -131072
0 0
196608 -65536
-131072 0
0 -65536
-131072 196608
-327680 -196608
-196608 0
0 -196608
-65536 -131072
393216 -196608
0 0
65536 589824
-327680 -131072
131072 -131072
-196608 -196608
-131072 -65536
0 -262144
0 65536
655360 262144
-524288 65536
-131072 -589824
-65536 0
196608 -262144
-196608 0
-196608 393216
196608 196608
-393216 458752
-327680 -786432
196608 0
-131072 -393216
851968 458752
-327680 -65536
0 -458752
-262144 0
0 393216
0 131072
-262144 -327680
393216 327680
-524288 -65536
0 -1507328
720896 -655360
655360 786432
-655360 2490368
-786432 -720896
-1245184 -1048576
6684672 -1048576
-327680 -720896
655360 589824
-458752 -1638400
983040 393216
196608 1048576
-1114112 393216
196608 -1703936
589824 -262144
-262144 0
-524288 1179648
-196608 0
196608 -65536
196608 -458752
-393216 -524288
-262144 -65536
458752 327680
0 327680
-196608 65536
-65536 -65536
0 -262144
262144 65536
0 131072
0 0
-65536 -327680
0 -131072
-131072 0
-393216 -589824
655360 327680
-458752 0
0 131072
-589824 -458752
196608 262144
-65536 -131072
-196608 -458752
524288 0
-655360 327680
196608 65536
-458752 0
131072 0
196608 -327680
-327680 0
393216 -327680
-262144 262144
-262144 196608
65536 0
65536 196608
-196608 -458752
524288 -393216
-131072 65536
-131072 -131072
0 0
0 0
0 -393216
-131072 65536
-262144 -196608
-65536 -196608
-196608 131072
-327680 -65536
196608 196608
327680 0
-262144 -262144
0 0
-262144 327680
-327680 196608
262144 -262144
65536 0
-65536 -196608
393216 -262144
65536 131072
-131072 65536
0 0
-65536 131072
-262144 -196608
0 -262144
65536 -393216
-131072 -131072
0 -327680
-196608 196608
0 524288
0 -196608
-196608 -196608
-65536 65536
-65536 -327680
-65536 0
0 131072
-65536 -327680
0 131072
0 262144
0 -196608
0 65536
-65536 0
65536 -196608
-131072 65536
-196608 -131072
65536 -196608
131072 65536
0 0
0 -65536
-65536 65536
65536 0
-196608 -65536
0 0
0 -65536
-262144 -196608
0 -65536
0 65536
-65536 0
0 -131072
-65536 0
-65536 131072
-65536 0
0 -65536
-65536 0
0 0
65536 -131072
0 0
-65536 -131072
0 -65536
-131072 0
0 65536
0 -65536
-131072 -65536
-65536 0
65536 0
0 0
0 -196608
0 0
-65536 131072
0 0
65536 -65536
-196608 0
-65536 0
65536 0
65536 -131072
-65536 -196608
-65536 0
-65536 0
0 -65536
-65536 0
0 0
-196608 -65536
0 -65536
131072 0
-131072 -65536
-131072 -65536
0 65536
-131072 -196608
-196608 0
131072 65536
0 -327680
-65536 262144
131072 131072
0 -131072
-262144 65536
65536 -65536
0 -327680
-196608 65536
65536 -131072
0 -131072
0 196608
0 -131072
0 0
-65536 0
-196608 -262144
0 196608
0 -131072
-262144 0
0 131072
0 -196608
-131072 -65536
196608 0
0 -65536
-327680 -196608
196608 262144
131072 589824
-327680 -131072
0 -589824
0 196608
-196608 65536
0 -655360
196608 0
-262144 393216
0 65536
65536 -131072
-131072 262144
0 -196608
0 -524288
65536 0
-131072 0
-131072 0
327680 0
-196608 131072
-196608 -65536
458752 -458752
-131072 0
-327680 0
131072 -65536
-131072 524288
65536 -196608
-131072 -262144
0 65536
-262144 -393216
0 262144
65536 0
0 -65536
65536 131072
-131072 -327680
0 65536
-131072 0
-65536 -131072
-131072 -65536
131072 -65536
-131072 65536
0 -65536
65536 -196608
-131072 393216
0 -524288
-196608 65536
65536 -131072
-393216 131072
0 0
0 -393216
196608 262144
0 -393216
0 -65536
-65536 327680
-327680 0
131072 0
196608 -589824
131072 131072
-65536 -262144
-458752 0
-262144 0
-262144 262144
-65536 -589824
327680 65536
262144 -65536
0 720896
-655360 65536
-196608 0
0 -327680
65536 -327680
65536 131072
-196608 0
458752 -131072
65536 196608
-65536 -589824
-262144 327680
131072 -196608
-917504 -131072
0 393216
262144 -983040
1638400 -1114112
-393216 1900544
-917504 -458752
7995392 -1048576
-131072 589824
1048576 262144
-1310720 -983040
262144 -1310720
720896 1114112
131072 524288
-393216 131072
-524288 -1507328
-65536 -458752
327680 720896
589824 196608
65536 -393216
-589824 65536
-65536 262144
-917504 -65536
131072 65536
131072 131072
720896 -524288
-262144 0
-327680 -65536
0 458752
65536 -65536
0 -131072
131072 -65536
-262144 -655360
131072 196608
-131072 -262144
131072 0
-65536 -262144
-262144 0
131072 0
-655360 0
393216 327680
-262144 -131072
0 -262144
196608 65536
-262144 65536
196608 -262144
-524288 327680
0 0
0 -262144
-393216 0
524288 -196608
-65536 327680
-131072 262144
458752 -131072
-131072 327680
-262144 -589824
0 -196608
0 65536
0 -524288
196608 262144
0 -196608
-262144 -262144
0 0
-327680 -131072
-65536 0
-262144 0
-65536 0
196608 65536
-196608 -65536
0 -65536
65536 0
-131072 65536
0 262144
196608 0
-131072 -262144
-262144 -131072
196608 -65536
131072 0
131072 -65536
0 -65536
0 65536
-131072 196608
-65536 -196608
0 -655360
-327680 0
-65536 -196608
0 131072
65536 327680
-65536 -131072
-131072 65536
65536 196608
-196608 -327680
-131072 -131072
0 65536
-131072 -262144
0 65536
0 196608
0 -327680
131072 65536
0 131072
-65536 -262144
0 0
-196608 0
-131072 -196608
0 0
65536 0
0 -65536
0 65536
196608 0
-131072 -131072
-65536 -65536
0 -65536
-262144 -65536
0 -65536
0 0
0 0
-65536 -131072
-131072 0
0 65536
-65536 -65536
0 0
0 0
-65536 0
0 0
0 -65536
-196608 -65536
-65536 0
131072 -65536
0 0
0 -65536
0 0
-65536 65536
0 -65536
0 0
-65536 0
0 -65536
0 0
0 0
65536 -131072
0 0
0 0
0 0
-65536 -65536
-65536 -65536
-131072 -131072
-131072 0
196608 0
-65536 -196608
-65536 -131072
-65536 65536
-65536 0
0 -65536
0 0
-131072 -131072
0 131072
0 0
-65536 -262144
0 262144
0 0
-131072 -131072
0 196608
196608 0
-65536 -262144
0 65536
131072 -196608
-262144 -65536
0 262144
131072 -196608
-65536 0
-131072 65536
-65536 -393216
0 -131072
-65536 -65536
-65536 0
196608 -131072
0 131072
-65536 65536
0 -327680
-393216 65536
-327680 0
196608 -131072
131072 65536
-262144 0
327680 -196608
131072 0
-458752 65536
-196608 -262144
131072 65536
-196608 65536
0 -65536
0 0
65536 196608
0 -196608
-524288 -131072
131072 131072
65536 -65536
-65536 -65536
262144 0
-65536 0
-131072 0
65536 -262144
-458752 -196608
-65536 0
196608 -131072
-327680 262144
458752 0
0 -131072
-196608 131072
-131072 -655360
-131072 0
131072 131072
-196608 0
262144 262144
0 -65536
-262144 -65536
131072 -589824
-196608 -65536
0 65536
131072 65536
-196608 196608
65536 131072
-131072 0
-131072 -393216
262144 -458752
-196608 65536
0 0
-65536 131072
-65536 131072
0 131072
0 -327680
131072 -262144
-65536 0
65536 0
65536 -262144
-327680 327680
65536 0
-393216 -262144
720896 -786432
-327680 327680
0 -131072
-458752 393216
0 0
-65536 65536
-393216 -524288
393216 -458752
-196608 917504
-196608 -196608
65536 524288
-262144 -655360
917504 131072
-196608 -196608
196608 -131072
-655360 -262144
-262144 -65536
0 131072
196608 -196608
786432 -196608
393216 131072
-589824 1048576
-1441792 -524288
655360 -1835008
65536 1507328
327680 -393216
8912896 -65536
-327680 65536
1048576 -1048576
327680 851968
-1310720 -65536
-262144 -589824
2097152 -720896
196608 983040
-1114112 589824
-917504 -589824
0 -458752
-65536 0
262144 -65536
196608 -65536
131072 393216
-327680 524288
-589824 65536
393216 -458752
0 -196608
-196608 -524288
0 393216
131072 65536
0 65536
65536 -393216
131072 -131072
-262144 -196608
-262144 -196608
458752 458752
-589824 -589824
0 0
-65536 -196608
0 458752
0 -196608
-393216 -65536
196608 131072
-720896 -65536
524288 -327680
0 -65536
-196608 327680
131072 0
-262144 196608
65536 -327680
-327680 131072
-131072 -262144
327680 -262144
0 327680
0 0
393216 0
-589824 196608
-65536 -262144
262144 -262144
0 0
0 -720896
-65536 131072
65536 -262144
-327680 0
-65536 65536
-196608 -327680
131072 393216
-131072 -65536
-458752 -196608
262144 327680
-327680 0
0 -262144
262144 -65536
-196608 393216
0 -65536
196608 0
-327680 196608
-196608 -65536
393216 -131072
65536 -65536
65536 -196608
-65536 0
0 -65536
0 0
-65536 -65536
-327680 -393216
-131072 65536
131072 -131072
-65536 0
0 196608
0 -65536
-327680 0
65536 65536
0 -131072
-196608 -65536
65536 131072
-131072 -262144
65536 0
0 327680
-65536 -196608
131072 -131072
131072 0
-196608 -196608
-131072 0
-262144 0
-131072 -65536
0 131072
131072 0
65536 -196608
0 0
131072 -65536
-131072 -131072
-262144 0
-65536 0
-65536 -65536
131072 -65536
0 -131072
-131072 0
0 0
0 0
0 65536
-131072 0
0 0
0 0
0 -262144
-65536 -65536
0 0
0 0
0 65536
0 0
-131072 -65536
-131072 0
0 -65536
0 -65536
0 0
0 0
-65536 0
-65536 0
0 0
0 0
0 -65536
0 -131072
-131072 0
0 0
0 -131072
0 0
0 0
-131072 -131072
65536 -65536
0 0
-196608 -196608
-131072 -65536
0 131072
-65536 -131072
-65536 0
0 65536
65536 0
0 131072
-65536 -131072
-262144 -196608
-262144 65536
0 0
65536 0
65536 262144
262144 -196608
-131072 -131072
-131072 196608
-131072 -131072
-65536 -65536
0 -65536
0 -327680
0 131072
0 131072
-131072 0
0 0
-131072 0
-196608 -262144
0 -327680
0 0
-196608 -131072
131072 262144
0 524288
-131072 -131072
393216 -524288
-65536 0
-720896 0
262144 -458752
327680 65536
-393216 65536
-131072 0
131072 0
0 196608
-131072 -196608
-65536 -327680
65536 65536
-393216 0
0 0
327680 131072
0 -196608
-327680 -196608
327680 -262144
-131072 -65536
-196608 131072
0 -262144
-262144 262144
262144 196608
0 -589824
0 0
0 -131072
-393216 131072
65536 131072
-458752 -196608
196608 131072
0 -262144
65536 0
262144 0
-393216 0
0 -131072
-262144 65536
-131072 0
-131072 65536
327680 -196608
0 -65536
0 65536
-65536 -458752
-196608 131072
-262144 -65536
-196608 131072
393216 0
262144 -327680
65536 131072
-327680 -458752
-196608 196608
-196608 0
-196608 0
524288 -65536
-131072 -131072
458752 65536
-720896 -65536
0 -131072
-196608 131072
0 -196608
327680 -196608
-196608 131072
0 -196608
-655360 720896
0 -458752
524288 327680
-262144 -589824
393216 0
-196608 -327680
-65536 -131072
0 196608
-196608 327680
-589824 327680
0 -65536
458752 -589824
131072 -589824
262144 -65536
-1048576 589824
65536 1048576
589824 -393216
131072 -589824
-131072 0
10944512 1966080
-65536 589824
-983040 -983040
1245184 393216
-196608 655360
-851968 -458752
-327680 -1048576
458752 -655360
851968 786432
0 786432
-851968 -196608
0 -262144
-458752 -65536
-65536 0
196608 -524288
655360 262144
-196608 262144
-131072 -196608
-589824 -131072
65536 131072
65536 196608
262144 -393216
65536 -196608
-65536 65536
-458752 -196608
196608 458752
0 -65536
0 -458752
131072 -393216
-262144 -131072
-65536 196608
-327680 -196608
262144 327680
-131072 0
-131072 -262144
196608 131072
-655360 0
524288 -65536
-327680 -65536
0 65536
458752 0
-655360 131072
131072 -262144
-393216 524288
0 -196608
196608 -65536
0 327680
0 -589824
393216 262144
-327680 327680
-131072 -393216
196608 -131072
-131072 -131072
131072 -524288
-131072 131072
-131072 -196608
65536 0
-262144 196608
-327680 -196608
-65536 131072
0 -65536
-327680 -262144
196608 65536
-262144 65536
-196608 65536
262144 -65536
65536 196608
-131072 0
0 -131072
-65536 131072
-196608 65536
262144 -393216
0 -131072
65536 -65536
131072 0
65536 -65536
-327680 -65536
-196608 0
-131072 -65536
-196608 0
65536 -524288
-65536 0
0 131072
0 0
-65536 262144
0 131072
-65536 -262144
-131072 -131072
-65536 0
-65536 -262144
0 0
262144 196608
0 -131072
-65536 0
0 0
-131072 -327680
-65536 0
-196608 196608
-131072 -196608
0 0
65536 131072
131072 -131072
0 -65536
0 -65536
-196608 -131072
-262144 0
0 131072
-131072 -131072
0 -196608
0 -65536
0 0
-65536 -65536
-65536 -65536
65536 65536
0 0
0 0
0 0
-65536 -196608
-131072 -65536
-131072 131072
0 -131072
0 -131072
-65536 0
-131072 0
0 0
0 0
0 -65536
-65536 -65536
0 0
-131072 0
-65536 -131072
131072 0
0 0
-65536 -131072
65536 -65536
0 0
-131072 0
0 0
0 0
0 0
-131072 -196608
-196608 -196608
0 0
0 0
-65536 -262144
-65536 131072
0 65536
-65536 -131072
0 131072
65536 -65536
-131072 -262144
-131072 65536
0 65536
-196608 65536
0 262144
327680 -65536
-196608 -131072
0 0
65536 -393216
-196608 65536
-65536 65536
0 -196608
-65536 196608
0 0
-65536 -262144
65536 0
0 -65536
-131072 -262144
-65536 -196608
-131072 393216
-131072 0
65536 0
-65536 262144
-131072 -131072
262144 -262144
-65536 65536
-393216 -327680
131072 -393216
65536 524288
-131072 196608
65536 -196608
0 0
-327680 196608
0 -327680
-65536 -458752
0 131072
0 0
0 65536
0 458752
131072 -65536
-196608 -196608
262144 -327680
-262144 -327680
-196608 65536
262144 0
-196608 327680
-131072 131072
-65536 -327680
-196608 0
131072 -524288
-65536 -393216
131072 327680
-131072 -131072
-131072 393216
-131072 65536
-65536 -65536
-131072 -458752
196608 -196608
65536 0
-131072 -65536
-65536 196608
-393216 262144
262144 -196608
-196608 -65536
196608 -196608
131072 -327680
-262144 262144
0 -196608
-327680 196608
0 -131072
131072 -196608
0 -131072
65536 -262144
-262144 262144
-131072 131072
-131072 65536
196608 -65536
0 -524288
65536 0
-65536 -65536
-524288 327680
327680 0
-393216 0
393216 -393216
-131072 -196608
327680 -524288
-524288 917504
-524288 131072
458752 -196608
0 0
-65536 -458752
-327680 65536
-458752 -262144
327680 589824
65536 -196608
393216 -589824
-65536 262144
-393216 524288
-327680 -131072
-589824 -524288
-65536 262144
655360 -196608
1835008 524288
-1048576 262144
-917504 -1966080
-131072 327680
11403264 2359296
983040 -262144
-1114112 65536
131072 196608
720896 -196608
65536 196608
-1310720 655360
-655360 -720896
589824 -917504
1310720 65536
-131072 -65536
-327680 262144
-655360 393216
-458752 65536
327680 -65536
131072 -393216
458752 -131072
-786432 196608
-65536 196608
-131072 589824
0 -262144
0 -262144
262144 -589824
-65536 196608
-196608 131072
-131072 -131072
589824 327680
-196608 -851968
0 -131072
-524288 -458752
-196608 262144
196608 65536
-196608 0
524288 -131072
-327680 65536
65536 -327680
-393216 0
-786432 0
524288 0
0 0
0 -131072
327680 0
-589824 0
196608 0
-589824 524288
0 -393216
327680 -262144
0 196608
196608 -524288
196608 65536
-131072 458752
-65536 -262144
65536 131072
0 -393216
0 -720896
0 0
-327680 -196608
0 262144
-65536 0
-262144 -131072
0 327680
0 -196608
-131072 -393216
-196608 131072
-458752 262144
131072 131072
327680 -196608
-65536 -262144
65536 0
0 262144
-131072 65536
-65536 0
131072 -196608
-65536 -65536
262144 -262144
131072 -327680
131072 -262144
-196608 196608
-327680 131072
-196608 -131072
-131072 196608
0 -458752
-65536 -262144
-65536 65536
0 -65536
0 65536
0 262144
-131072 -65536
0 0
-131072 131072
0 -262144
0 -131072
-65536 131072
0 -262144
131072 -65536
0 65536
-196608 -131072
0 0
0 131072
-262144 0
0 0
131072 65536
65536 -196608
0 -327680
0 -65536
-196608 0
-65536 0
65536 65536
-131072 -65536
-65536 -65536
-131072 -65536
-65536 -65536
0 0
-196608 0
0 0
-65536 0
65536 0
65536 0
0 -65536
0 -65536
-65536 0
-131072 -65536
0 -65536
0 -65536
-196608 0
0 0
131072 -65536
-131072 -65536
-131072 -65536
0 0
0 131072
-131072 -65536
-65536 -131072
0 65536
-65536 0
131072 -131072
65536 -65536
-262144 0
0 0
65536 0
-196608 -131072
-65536 -131072
0 0
-65536 -65536
0 0
65536 -196608
-262144 0
-131072 327680
65536 -196608
-131072 -196608
-65536 65536
0 -262144
-262144 -65536
65536 393216
131072 0
-196608 -65536
65536 65536
0 -327680
-131072 -131072
65536 -65536
0 0
-65536 131072
0 0
-65536 0
65536 -65536
0 -262144
-262144 -65536
65536 -196608
0 131072
-262144 -131072
0 131072
0 65536
-196608 -327680
196608 -65536
-65536 196608
-327680 -262144
196608 0
196608 393216
-524288 -262144
0 -196608
196608 0
-196608 -65536
-65536 -393216
-65536 -65536
0 655360
-65536 -65536
-196608 -65536
131072 196608
0 -327680
-131072 -262144
393216 0
-65536 -65536
-262144 131072
65536 -65536
-393216 65536
131072 131072
196608 -589824
-131072 65536
131072 65536
-327680 -131072
-65536 262144
-196608 -393216
-327680 196608
196608 -262144
-131072 65536
262144 0
131072 -262144
-393216 0
-65536 0
-131072 262144
-262144 -131072
327680 0
-65536 65536
0 -196608
-131072 -65536
-131072 0
0 0
-65536 -196608
131072 0
131072 -65536
-196608 0
131072 65536
-524288 -327680
65536 327680
0 -262144
327680 -196608
131072 -196608
-589824 0
131072 65536
-524288 0
655360 -65536
-393216 0
458752 -589824
-262144 131072
-327680 -65536
-327680 196608
-524288 131072
393216 -393216
-131072 524288
327680 -1048576
327680 262144
-655360 131072
0 786432
-65536 -458752
131072 -655360
-393216 -458752
0 -196608
589824 589824
-196608 524288
-262144 393216
-524288 -131072
1245184 -1966080
851968 196608
-1441792 1900544
-655360 -196608
-1048576 -458752
9240576 3866624
-524288 -917504
-327680 65536
-65536 327680
1114112 -720896
655360 -65536
0 917504
-524288 655360
-786432 -524288
0 -851968
393216 -655360
-393216 327680
262144 589824
-131072 458752
-393216 -262144
-196608 -327680
131072 -327680
65536 131072
-262144 262144
262144 196608
0 -131072
-262144 0
-65536 -327680
0 -393216
131072 196608
-65536 65536
327680 -262144
327680 262144
-524288 -393216
0 65536
-262144 -524288
-131072 458752
0 -393216
0 -131072
327680 65536
-655360 131072
393216 -262144
-524288 196608
-393216 262144
458752 -327680
-262144 -327680
327680 -262144
0 262144
-524288 -131072
262144 131072
-262144 851968
0 -458752
262144 0
0 -65536
131072 -655360
-65536 131072
-262144 458752
327680 -262144
0 -65536
131072 -393216
-196608 -524288
-262144 131072
-262144 -327680
131072 393216
-65536 0
-327680 -262144
327680 196608
-262144 -327680
-524288 -262144
131072 262144
-196608 458752
131072 -65536
458752 -131072
-327680 0
-196608 -131072
327680 65536
-131072 327680
-196608 -131072
262144 -131072
0 65536
196608 -327680
65536 -131072
-131072 -327680
-131072 -65536
-131072 393216
-196608 0
0 65536
-65536 -327680
-262144 -327680
0 262144
0 65536
-196608 -65536
65536 131072
0 -131072
65536 0
-65536 131072
-196608 -262144
65536 -65536
0 393216
-131072 -196608
0 -262144
131072 -65536
-65536 -131072
0 0
0 131072
-131072 65536
0 0
196608 0
0 -196608
-327680 -327680
131072 -131072
0 -65536
-131072 0
-65536 0
-131072 0
0 -131072
-65536 0
-131072 0
131072 -65536
-65536 0
65536 65536
0 0
-65536 0
0 -65536
-131072 -131072
0 -131072
0 0
-131072 -131072
0 0
0 0
-131072 0
0 0
0 -65536
-196608 0
0 0
0 -65536
0 0
0 0
0 0
0 65536
65536 0
-65536 -131072
0 -65536
-196608 0
0 -65536
131072 0
0 -65536
-131072 -196608
0 131072
0 0
-131072 -65536
-65536 0
-65536 -196608
-131072 65536
131072 0
0 -196608
-262144 0
0 131072
0 -65536
-262144 131072
196608 0
131072 -393216
-196608 0
0 65536
0 -262144
-131072 65536
0 65536
0 -131072
0 -131072
-65536 0
0 -262144
131072 -393216
-196608 327680
-65536 -131072
196608 -65536
0 262144
-327680 -131072
0 -65536
-327680 0
-65536 -131072
327680 -262144
65536 196608
-196608 0
393216 -131072
0 -131072
-524288 196608
-131072 -262144
65536 -458752
-131072 196608
-196608 0
0 0
65536 131072
-131072 -262144
-196608 0
196608 0
0 -327680
-262144 196608
262144 196608
-65536 -196608
-65536 131072
-65536 -524288
-262144 0
65536 -65536
-131072 -393216
0 589824
196608 -196608
-262144 -65536
-65536 -65536
-327680 0
196608 -262144
0 0
0 393216
-262144 -196608
-131072 0
-196608 -131072
0 0
131072 -393216
65536 65536
0 0
-327680 262144
-393216 393216
131072 -589824
65536 0
262144 -458752
0 -65536
0 327680
-327680 0
-65536 458752
0 -393216
393216 -196608
0 -327680
-524288 -131072
196608 327680
-589824 65536
393216 262144
0 -393216
0 -589824
-65536 -196608
-589824 131072
458752 196608
-393216 524288
458752 -262144
-131072 0
-196608 -786432
-458752 458752
-196608 -262144
589824 0
655360 -65536
0 -65536
-393216 65536
-655360 393216
-65536 -131072
131072 -393216
393216 -327680
196608 524288
-589824 0
-917504 196608
0 -786432
1114112 0
1245184 458752
-1245184 524288
7667712 6488064
-1179648 196608
-65536 720896
65536 -655360
0 262144
262144 -720896
0 -131072
524288 0
-196608 720896
-720896 -196608
-196608 65536
196608 -393216
196608 -196608
393216 0
-655360 65536
-196608 -65536
-262144 131072
720896 -196608
-262144 0
65536 -262144
-65536 393216
-131072 65536
-327680 589824
65536 -262144
65536 -655360
327680 131072
-524288 -524288
196608 0
65536 65536
65536 131072
-262144 -196608
-327680 -524288
131072 327680
-327680 0
131072 -196608
327680 0
-393216 -65536
196608 -131072
-327680 0
-262144 196608
131072 65536
-524288 0
720896 -327680
-196608 196608
-393216 -65536
0 65536
-262144 720896
131072 -720896
131072 262144
0 -327680
0 -524288
327680 524288
0 65536
262144 -196608
-393216 0
-196608 -458752
0 -458752
-196608 131072
-327680 -393216
65536 327680
262144 65536
-327680 -131072
-65536 65536
-327680 -196608
-327680 65536
131072 0
-196608 65536
0 0
262144 -196608
0 0
-131072 131072
196608 -65536
0 196608
-131072 0
131072 -262144
-65536 0
65536 -524288
131072 -393216
-196608 -196608
-196608 196608
131072 196608
-131072 0
-196608 0
-65536 -262144
-196608 -196608
-65536 -65536
131072 -65536
-131072 0
0 327680
-65536 0
0 -196608
-65536 196608
-65536 -65536
196608 -327680
65536 65536
-196608 -262144
0 0
0 0
-196608 -65536
0 0
65536 196608
-65536 0
-65536 -131072
131072 0
0 -131072
-327680 -65536
0 0
0 -65536
-65536 0
0 0
-262144 65536
-65536 0
0 -65536
-196608 0
0 0
0 0
0 0
0 -65536
0 -65536
0 65536
-65536 0
0 -65536
65536 0
-262144 -65536
-131072 -65536
131072 -65536
0 0
-65536 -131072
65536 0
-131072 65536
0 0
0 0
-131072 0
0 0
65536 -65536
-131072 -65536
0 -65536
0 -131072
0 0
0 0
0 -65536
0 0
0 0
0 -196608
-131072 0
-131072 0
0 -262144
-65536 0
-65536 0
65536 0
-65536 0
0 0
-131072 -65536
-393216 0
131072 0
65536 0
-65536 65536
262144 -65536
0 -131072
-262144 262144
65536 -65536
-65536 -196608
0 -65536
0 -262144
0 -196608
0 131072
0 262144
-65536 -262144
-131072 131072
-131072 0
-65536 -655360
131072 -65536
-196608 65536
0 -131072
65536 196608
0 720896
-196608 -327680
0 -327680
0 131072
-196608 -65536
196608 -589824
262144 0
-393216 524288
-196608 -65536
65536 -196608
-196608 262144
0 -262144
-65536 -262144
131072 0
0 65536
-262144 196608
393216 -131072
-327680 -196608
-262144 393216
458752 -655360
-65536 -65536
-65536 0
-131072 -131072
-131072 524288
196608 -131072
-262144 -65536
0 -262144
-65536 -327680
-65536 -65536
0 -131072
-131072 196608
-262144 65536
524288 196608
-65536 -196608
0 -327680
-131072 -131072
-589824 131072
-196608 0
65536 131072
131072 -65536
524288 -393216
-131072 196608
0 -196608
-327680 -196608
-196608 262144
-65536 -65536
0 0
393216 -65536
-65536 -65536
0 65536
-327680 -327680
0 65536
-65536 -65536
0 65536
327680 131072
-327680 65536
524288 -262144
-851968 -131072
196608 -327680
-524288 327680
524288 -524288
65536 -65536
-131072 65536
-262144 -327680
-393216 655360
-262144 65536
196608 0
0 -589824
524288 0
-196608 0
-65536 196608
-131072 196608
-458752 -262144
0 -393216
393216 -131072
1245184 0
-196608 2359296
-1638400 -524288
65536 -2031616
393216 -524288
1376256 -65536
6225920 6094848
0 393216
1048576 983040
-262144 -655360
-327680 327680
-1179648 393216
131072 -327680
720896 -196608
589824 0
-131072 -65536
-131072 -65536
0 -65536
0 -262144
-131072 -327680
262144 327680
-458752 196608
-327680 0
-458752 -65536
655360 -131072
-262144 -327680
-327680 -196608
0 458752
458752 196608
-65536 65536
-131072 -393216
0 -458752
65536 458752
-327680 -327680
524288 131072
-65536 -524288
196608 131072
-327680 -458752
-393216 0
131072 262144
-393216 -65536
393216 -131072
-196608 65536
-65536 -65536
196608 -65536
-524288 0
-65536 65536
65536 0
-327680 -327680
393216 -327680
-458752 196608
-131072 0
327680 327680
-327680 851968
65536 -655360
-65536 0
-65536 -196608
131072 -589824
393216 262144
0 -65536
131072 -131072
-65536 327680
-131072 -327680
-65536 -327680
-327680 -196608
-393216 -262144
65536 458752
0 -393216
0 -327680
131072 393216
-458752 -131072
0 0
65536 196608
-458752 65536
65536 65536
131072 0
-65536 -196608
131072 -65536
196608 -65536
-65536 65536
0 131072
65536 0
0 65536
-65536 -458752
-262144 -393216
0 -196608
65536 65536
196608 -65536
-262144 0
-262144 262144
-65536 -131072
-131072 -196608
-65536 0
-65536 -262144
-131072 -196608
131072 131072
0 65536
0 -131072
0 262144
-131072 -65536
65536 -458752
-131072 262144
-393216 -131072
0 -196608
196608 131072
-65536 0
-65536 -65536
0 131072
0 0
-65536 -196608
-65536 0
-65536 -131072
-131072 -196608
0 0
0 -131072
-65536 -196608
0 -65536
-196608 131072
0 0
0 0
-262144 65536
0 -65536
65536 -65536
0 -65536
-131072 -131072
-131072 -65536
0 65536
0 0
-65536 -262144
0 -65536
0 131072
-65536 0
0 -65536
0 0
-262144 -65536
0 -65536
65536 65536
0 0
0 -65536
0 0
-65536 0
0 -131072
0 0
-65536 65536
0 0
131072 -65536
0 -131072
0 -65536
0 -131072
-131072 0
-65536 -65536
0 -262144
-262144 131072
0 131072
65536 -131072
-262144 0
0 0
0 -262144
-327680 -65536
131072 0
-65536 0
-131072 262144
262144 0
0 -131072
-65536 0
65536 -262144
-196608 -65536
0 0
-65536 0
-65536 -65536
0 0
-65536 131072
65536 -327680
131072 -65536
0 0
-196608 -196608
-131072 0
-131072 0
-196608 0
-65536 65536
0 131072
65536 -262144
262144 0
65536 -131072
-458752 -196608
0 0
262144 131072
-196608 196608
-131072 -327680
-131072 0
-196608 327680
196608 -589824
-262144 -262144
0 196608
65536 0
-262144 196608
262144 196608
-65536 -131072
-65536 0
327680 -524288
-262144 -65536
65536 0
-196608 -327680
-327680 458752
196608 0
-131072 -65536
327680 -262144
0 -524288
-327680 0
65536 65536
-262144 262144
-196608 -65536
65536 65536
0 65536
131072 -655360
65536 -196608
-262144 0
-262144 131072
0 262144
-131072 196608
262144 -196608
0 -393216
131072 -131072
-196608 -327680
-262144 393216
0 -131072
0 0
196608 196608
-131072 -655360
196608 131072
-458752 -65536
0 327680
131072 0
-65536 -393216
393216 131072
-524288 -458752
851968 -131072
-655360 0
65536 0
-65536 0
-65536 -196608
0 -196608
-458752 -196608
0 -458752
-655360 983040
65536 -589824
327680 131072
0 -131072
-65536 458752
-393216 -524288
131072 0
589824 131072
-327680 458752
-65536 -131072
-262144 65536
458752 -720896
589824 -262144
262144 -327680
-589824 983040
0 131072
-1310720 720896
327680 -2818048
4063232 5242880
65536 327680
917504 -262144
262144 327680
-327680 -262144
-393216 786432
458752 0
0 131072
327680 -524288
196608 -196608
-655360 131072
-720896 0
65536 65536
65536 -393216
393216 -196608
-393216 -196608
65536 262144
-327680 327680
-131072 -327680
-65536 -65536
0 -131072
0 458752
-65536 0
327680 -196608
65536 327680
-393216 -393216
327680 0
196608 65536
-65536 -393216
0 -327680
-262144 -393216
-65536 655360
-393216 -131072
0 -131072
196608 196608
-524288 -327680
458752 -327680
-327680 -131072
-65536 -131072
327680 0
-327680 196608
196608 0
-524288 262144
-327680 -262144
458752 -393216
-458752 458752
65536 -393216
393216 196608
-262144 196608
65536 -131072
-65536 327680
-131072 -262144
196608 -393216
65536 131072
196608 -196608
65536 -196608
-262144 262144
-65536 -655360
-65536 0
-327680 0
-458752 -589824
458752 458752
-65536 0
-327680 -262144
196608 0
-589824 131072
-131072 65536
589824 -131072
-458752 0
-196608 0
196608 65536
-131072 131072
0 -262144
327680 -65536
-65536 327680
131072 65536
196608 -327680
-131072 -131072
-196608 -393216
-131072 131072
0 -196608
0 -196608
65536 -131072
-131072 0
-65536 393216
0 -196608
-65536 -131072
-196608 0
-65536 -131072
-196608 -65536
0 131072
0 131072
65536 -196608
196608 131072
-196608 0
0 -524288
196608 131072
-262144 65536
-327680 -131072
0 0
0 0
65536 0
131072 65536
65536 -65536
0 -327680
-131072 0
-262144 0
-131072 0
65536 -65536
0 -65536
-131072 -131072
65536 0
-196608 0
-196608 -131072
0 -65536
-131072 262144
0 0
0 -262144
65536 0
-65536 65536
-65536 -65536
0 0
0 -65536
-196608 -196608
-65536 -65536
0 0
0 0
0 -65536
0 0
-196608 0
-131072 -65536
0 0
-65536 0
-65536 -65536
0 -65536
0 -65536
-131072 0
0 -65536
0 0
0 0
131072 0
65536 -327680
-262144 0
-65536 -65536
0 -196608
-65536 65536
0 -131072
-131072 -131072
-196608 262144
196608 0
-131072 -393216
-196608 -65536
65536 65536
-327680 -131072
-131072 131072
262144 65536
0 65536
-65536 0
65536 -262144
-65536 -131072
-65536 0
-65536 -131072
65536 0
0 196608
0 131072
131072 -458752
-65536 65536
-327680 -65536
-65536 -393216
65536 65536
-65536 0
-131072 -196608
65536 131072
-65536 196608
-131072 -196608
65536 -65536
0 0
-327680 -131072
262144 -65536
196608 131072
-458752 327680
-65536 -458752
327680 -131072
-196608 65536
-131072 -327680
-65536 -65536
0 262144
-262144 0
-327680 65536
393216 131072
196608 -262144
-262144 0
458752 -327680
-196608 -131072
-262144 262144
-65536 -524288
-327680 327680
131072 65536
-65536 -262144
327680 -196608
131072 -131072
-393216 0
-131072 -131072
-327680 131072
-262144 0
131072 -65536
262144 -131072
65536 -262144
196608 0
-655360 131072
-458752 65536
131072 -131072
-327680 131072
458752 -393216
262144 0
-262144 196608
-65536 -589824
-131072 393216
0 -131072
-131072 -131072
262144 196608
131072 -524288
-131072 524288
-393216 -262144
0 -131072
196608 393216
0 -262144
327680 0
-327680 -393216
0 262144
-327680 -131072
-196608 -196608
655360 0
-393216 -65536
262144 -458752
-589824 65536
0 -262144
-720896 131072
65536 65536
196608 -65536
131072 -65536
-131072 -458752
262144 262144
-524288 458752
0 327680
131072 -589824
393216 -393216
65536 262144
-196608 458752
-131072 -131072
-393216 -196608
-983040 -917504
917504 458752
1703936 262144
-65536 262144
-1507328 -589824
3932160 4915200
0 262144
-786432 -393216
327680 589824
-458752 -262144
262144 -262144
-393216 393216
-262144 -131072
131072 -196608
393216 -131072
-131072 65536
0 262144
-327680 -65536
-65536 0
-131072 -458752
524288 -327680
-589824 -65536
196608 196608
-393216 131072
65536 0
-65536 327680
131072 -458752
131072 0
-131072 0
0 0
0 393216
-327680 -524288
327680 131072
-131072 -393216
131072 0
-262144 -262144
-131072 -131072
458752 393216
-262144 -196608
65536 -393216
-196608 0
-589824 0
196608 65536
-131072 0
0 0
393216 0
-196608 -65536
131072 -327680
-655360 262144
-131072 65536
196608 -327680
-458752 655360
393216 -589824
262144 262144
-327680 196608
65536 -196608
131072 524288
-327680 -393216
262144 -327680
196608 -196608
0 -327680
65536 -65536
-262144 458752
-393216 -327680
0 0
65536 -131072
-589824 -655360
196608 131072
131072 -262144
-262144 0
-65536 196608
-262144 196608
65536 262144
131072 -327680
-524288 0
-196608 327680
196608 -131072
196608 -65536
0 -196608
196608 -65536
65536 196608
65536 -131072
0 -262144
-393216 262144
-131072 -262144
0 -131072
0 -327680
0 -262144
0 -65536
-131072 -65536
-196608 458752
-65536 0
0 0
-131072 0
0 -262144
0 -196608
131072 65536
0 131072
-131072 -131072
65536 65536
0 131072
-262144 -393216
0 0
-131072 0
-196608 0
0 196608
0 65536
65536 -196608
196608 0
-65536 -196608
-131072 -196608
-65536 131072
0 65536
0 -65536
0 -131072
-131072 -65536
-131072 -131072
65536 -131072
-131072 0
-65536 0
0 0
0 196608
0 0
-131072 -196608
-65536 0
0 -65536
0 -262144
0 0
-131072 0
-131072 0
65536 0
0 0
-196608 -65536
0 -65536
0 0
-262144 0
-65536 0
65536 0
0 -65536
0 0
0 65536
0 -65536
-131072 -65536
-131072 0
0 -65536
0 -196608
0 0
65536 -262144
-65536 -65536
-65536 196608
0 -131072
-65536 -65536
-196608 65536
-65536 -131072
0 -65536
65536 65536
65536 -196608
-327680 -196608
-327680 327680
0 131072
-65536 0
65536 0
262144 -262144
0 -131072
-65536 0
0 0
0 0
-196608 0
0 0
196608 -327680
-65536 65536
0 -131072
0 -262144
-196608 131072
-131072 0
65536 -65536
-196608 0
-262144 -65536
-131072 -131072
0 131072
0 -131072
0 -262144
196608 65536
0 196608
-262144 196608
262144 -262144
0 0
-589824 0
131072 -393216
-65536 -196608
-262144 196608
131072 0
-131072 65536
196608 196608
-131072 -196608
-196608 0
524288 -196608
-458752 -196608
0 196608
458752 -393216
-458752 458752
65536 -65536
-131072 -131072
196608 0
131072 -327680
-327680 -262144
131072 -65536
0 393216
-393216 -65536
196608 -65536
0 196608
-262144 -458752
65536 -327680
-262144 262144
-262144 -131072
0 65536
-131072 196608
262144 -327680
0 -65536
-524288 65536
196608 -131072
-131072 393216
0 -65536
196608 -524288
0 196608
-196608 -458752
-196608 196608
131072 131072
-196608 -65536
0 327680
-65536 -524288
327680 65536
-131072 -131072
-262144 -65536
262144 262144
-524288 0
589824 -65536
-655360 -327680
327680 -393216
-262144 131072
196608 -262144
-196608 0
-393216 393216
262144 -786432
131072 655360
-262144 -458752
-458752 131072
-262144 -393216
327680 851968
0 196608
-196608 -589824
-196608 -1245184
0 786432
524288 262144
-196608 458752
-262144 -131072
0 196608
655360 -196608
-655360 -131072
131072 -1900544
196608 1245184
3473408 3538944
-720896 -983040
-458752 327680
-393216 720896
524288 131072
458752 -458752
-196608 327680
-655360 196608
-196608 -262144
589824 65536
589824 -917504
-131072 196608
-589824 131072
-327680 131072
-262144 0
65536 0
196608 -393216
0 -65536
-65536 262144
-393216 0
-327680 0
-196608 -262144
327680 -131072
0 131072
-65536 0
262144 131072
-65536 262144
65536 -327680
458752 -131072
-327680 -720896
-65536 196608
-65536 -262144
-196608 196608
0 196608
-262144 -327680
458752 0
-458752 -131072
-65536 -131072
65536 65536
-196608 -196608
0 -131072
-65536 0
-65536 0
0 65536
-720896 327680
0 -131072
131072 -196608
-327680 393216
458752 -851968
65536 65536
-196608 393216
0 0
0 589824
-65536 -262144
196608 -262144
0 -393216
-65536 -458752
0 0
0 131072
-131072 -327680
0 393216
-65536 -262144
-393216 -524288
0 262144
-589824 -196608
0 0
458752 262144
-458752 -65536
0 -65536
131072 -131072
-458752 131072
65536 196608
0 65536
-196608 65536
65536 -131072
524288 -262144
131072 0
0 -262144
65536 -131072
-131072 196608
-262144 -65536
-131072 65536
-65536 -327680
0 -393216
0 0
0 -131072
0 327680
-131072 65536
65536 -65536
-65536 65536
-393216 0
-196608 -196608
65536 0
0 0
131072 -65536
196608 0
-131072 -65536
-131072 -327680
0 196608
-327680 65536
-327680 -65536
131072 65536
65536 131072
-65536 -262144
131072 -65536
0 -196608
-131072 -131072
65536 131072
-65536 0
-196608 -196608
0 0
-65536 0
-65536 -131072
0 -131072
-196608 0
0 0
0 0
-65536 0
0 0
0 -131072
0 0
-65536 0
-131072 -196608
0 -65536
-65536 0
-196608 0
131072 0
65536 -65536
-196608 0
-65536 -65536
65536 0
-131072 0
-131072 -131072
0 65536
-65536 131072
0 -196608
65536 -65536
0 0
-131072 -131072
131072 0
0 65536
0 -131072
0 0
0 65536
0 -131072
0 -65536
-196608 -65536
0 -131072
-65536 -65536
0 65536
65536 0
-196608 -65536
-131072 0
0 -65536
-327680 65536
0 131072
196608 -262144
0 0
0 0
0 -131072
-65536 196608
-65536 196608
0 -196608
65536 -262144
-196608 65536
65536 -262144
131072 -262144
-65536 327680
0 0
-196608 -196608
-196608 65536
131072 131072
-131072 -655360
-196608 -65536
196608 131072
0 131072
0 262144
0 131072
-524288 0
0 -327680
327680 -131072
0 -65536
0 -327680
-196608 0
0 524288
-196608 0
-655360 -196608
393216 65536
65536 -262144
-131072 0
393216 -65536
-196608 0
-65536 327680
0 -262144
-524288 131072
458752 -65536
0 -458752
0 -65536
65536 131072
-327680 196608
0 -131072
-131072 131072
-393216 -327680
393216 -327680
0 -131072
-65536 -65536
131072 131072
-393216 262144
-589824 -262144
524288 65536
0 -327680
-327680 -131072
131072 65536
-524288 196608
0 -196608
-131072 131072
65536 0
524288 -589824
0 393216
0 -327680
-524288 0
-196608 393216
-65536 -524288
262144 393216
0 -327680
393216 -196608
-262144 -65536
-524288 -65536
196608 262144
-196608 -262144
524288 131072
-327680 -131072
0 -327680
65536 0
-524288 65536
196608 0
-589824 0
262144 -655360
-655360 65536
65536 -524288
327680 327680
-196608 524288
-458752 196608
851968 -655360
0 -131072
-393216 196608
-1179648 0
327680 -196608
786432 327680
0 0
-524288 0
851968 -1048576
0 917504
-1507328 1048576
720896 -851968
-65536 -393216
3538944 3145728
-1572864 -786432
-458752 0
65536 262144
786432 262144
131072 -262144
-196608 -524288
196608 196608
-131072 327680
-524288 -65536
0 -196608
-131072 -393216
65536 131072
-65536 -196608
-131072 262144
-458752 -196608
393216 0
-393216 -262144
65536 -458752
-196608 524288
0 0
0 458752
-196608 -65536
589824 -393216
262144 -196608
-327680 -196608
327680 393216
-393216 0
65536 0
0 -65536
-262144 -524288
-65536 196608
-131072 -458752
262144 0
0 327680
-458752 -458752
524288 -131072
-655360 -131072
-327680 65536
65536 65536
-262144 0
458752 -131072
-262144 0
262144 -327680
0 -65536
-786432 458752
0 -196608
65536 262144
-65536 393216
393216 -720896
-131072 0
-262144 0
458752 65536
131072 524288
0 -393216
131072 -262144
-327680 -262144
0 -524288
65536 131072
-131072 65536
-393216 -458752
327680 655360
131072 -131072
-655360 -983040
65536 -65536
-458752 262144
-131072 131072
589824 -131072
-524288 131072
-196608 196608
393216 -196608
-262144 131072
-131072 -65536
65536 0
0 524288
131072 -131072
393216 -524288
0 0
-131072 -262144
0 -196608
-65536 196608
-131072 0
65536 0
-262144 -262144
-262144 -196608
-131072 -65536
0 -327680
65536 196608
-196608 131072
-65536 0
196608 65536
-65536 65536
-196608 -196608
0 -65536
-131072 65536
0 -393216
65536 0
-131072 196608
-196608 -262144
196608 0
0 65536
-393216 0
0 65536
131072 0
0 -262144
0 -65536
0 0
-65536 -262144
65536 -65536
0 196608
-131072 -131072
0 -131072
-65536 0
-196608 0
65536 -196608
-196608 131072
-65536 0
65536 -131072
0 0
-65536 0
-65536 -131072
0 0
0 0
-131072 -131072
-131072 -65536
0 65536
-65536 0
65536 -65536
0 -196608
-196608 0
0 0
65536 0
-65536 0
-65536 0
-65536 0
0 131072
0 -131072
-65536 -196608
0 0
-65536 65536
131072 -131072
0 -65536
-196608 65536
0 -131072
0 -131072
-65536 -65536
0 -262144
-196608 -65536
0 196608
65536 0
-262144 -131072
0 65536
0 -196608
-262144 -196608
0 0
65536 0
-131072 196608
0 0
0 -65536
0 0
-131072 -131072
0 0
196608 -131072
-196608 0
0 -131072
-65536 0
-131072 262144
0 -262144
131072 -131072
0 0
-131072 -131072
-65536 -262144
0 131072
-131072 -262144
-393216 -196608
65536 131072
0 65536
-131072 -65536
458752 65536
131072 0
-589824 0
131072 -327680
0 -196608
-458752 0
-327680 -131072
0 -65536
393216 327680
-196608 -458752
-458752 -65536
327680 196608
-196608 0
-327680 262144
262144 0
-262144 0
196608 -65536
0 -524288
0 0
0 -65536
-589824 0
0 196608
131072 327680
0 -524288
458752 -262144
-131072 0
-327680 -196608
0 -65536
-262144 393216
-524288 -65536
589824 65536
0 -131072
0 -524288
0 -524288
-720896 524288
65536 65536
65536 393216
-65536 196608
65536 -655360
-458752 131072
-65536 -327680
65536 -196608
196608 786432
0 -327680
-131072 327680
0 -393216
-131072 -262144
-65536 196608
0 -393216
393216 458752
0 -65536
-458752 -196608
0 -262144
-262144 -262144
524288 -65536
-589824 -131072
393216 0
-720896 327680
-65536 -327680
-196608 65536
458752 327680
-458752 -327680
262144 196608
393216 -458752
-196608 327680
-851968 -262144
589824 -393216
262144 262144
196608 786432
-655360 -393216
-327680 -524288
131072 -327680
0 393216
-393216 65536
-458752 131072
327680 -458752
1048576 -131072
-393216 -131072
2752512 786432
-196608 589824
-327680 196608
196608 -131072
-393216 131072
-327680 -262144
-393216 -589824
655360 0
131072 393216
-65536 -131072
-131072 196608
-131072 -458752
-262144 -262144
-65536 131072
0 -65536
327680 262144
-589824 -131072
65536 65536
-262144 -196608
262144 -65536
0 262144
131072 0
-131072 262144
-393216 -65536
0 -393216
-65536 0
-65536 -327680
458752 655360
196608 -196608
393216 0
-327680 -458752
-458752 -262144
0 262144
-393216 -65536
262144 0
-131072 0
-131072 -262144
262144 0
-262144 -131072
0 196608
131072 0
-327680 -65536
262144 0
-524288 0
0 -327680
-131072 0
-393216 786432
262144 -327680
0 262144
0 -65536
262144 -851968
0 262144
-196608 131072
393216 65536
0 524288
-262144 -393216
65536 -262144
-196608 -262144
-131072 -720896
196608 -131072
65536 196608
-262144 0
393216 393216
0 -524288
-786432 -262144
-327680 131072
-327680 -262144
131072 196608
393216 0
-262144 -131072
0 196608
131072 -65536
-196608 196608
-262144 131072
0 65536
0 196608
196608 0
393216 -655360
0 -262144
-131072 -262144
0 -65536
131072 327680
-196608 -65536
-262144 0
-196608 -262144
-131072 -65536
65536 0
0 -393216
0 0
0 262144
0 0
0 65536
-131072 65536
-131072 -131072
196608 -196608
0 131072
-65536 -196608
131072 -65536
0 65536
-196608 -196608
0 65536
-131072 0
-65536 0
196608 196608
65536 0
-131072 -262144
0 -65536
0 0
-65536 -131072
0 -131072
65536 0
-131072 0
-65536 -65536
0 0
-262144 0
0 -196608
0 0
0 65536
0 -131072
-65536 0
-65536 65536
-65536 65536
0 0
65536 -65536
-131072 -131072
-65536 -131072
131072 0
-65536 -65536
0 -65536
-65536 0
-131072 131072
-65536 0
0 -65536
-65536 -65536
0 0
0 -65536
0 -65536
0 0
-65536 131072
0 -65536
0 65536
65536 65536
65536 -262144
-131072 -131072
0 65536
-65536 -196608
-131072 -131072
0 65536
-65536 0
-131072 0
262144 65536
0 -262144
-327680 -131072
-65536 -131072
-65536 -131072
-262144 196608
0 131072
65536 0
131072 131072
-131072 0
-65536 -196608
65536 -262144
-393216 131072
131072 -131072
131072 0
-65536 327680
131072 -65536
0 -65536
-196608 0
0 -196608
0 -393216
-65536 -131072
131072 -65536
-131072 65536
-196608 262144
0 65536
-65536 0
65536 -131072
0 -131072
-131072 -65536
393216 0
-65536 -65536
-196608 262144
0 -131072
-262144 -524288
65536 262144
65536 -131072
-262144 -131072
327680 65536
-524288 0
-393216 393216
393216 -196608
-262144 -131072
393216 196608
196608 -458752
-65536 -65536
-65536 0
-786432 65536
65536 131072
327680 327680
0 -262144
393216 -327680
-65536 -196608
-458752 -65536
-131072 65536
-131072 196608
0 -393216
655360 131072
-65536 131072
-196608 -524288
65536 0
-786432 131072
-393216 -196608
196608 262144
0 0
458752 -393216
0 131072
-65536 131072
0 -327680
-524288 589824
0 -458752
65536 131072
0 65536
-65536 -327680
196608 327680
-196608 -262144
0 65536
196608 -327680
-65536 -262144
65536 0
-720896 0
524288 131072
-458752 65536
0 0
-131072 -65536
131072 -262144
327680 -262144
-327680 262144
0 -393216
-65536 655360
-262144 -393216
196608 65536
65536 -65536
-196608 655360
-262144 -393216
131072 -458752
524288 -196608
-786432 131072
-589824 -524288
0 131072
851968 0
65536 2097152
-851968 -851968
262144 -655360
-262144 65536
1048576 -786432
2162688 -1638400
655360 131072
524288 262144
0 -262144
-458752 524288
-917504 327680
0 -131072
131072 -131072
393216 -65536
0 -131072
65536 -262144
-196608 131072
-393216 131072
0 262144
524288 -327680
65536 -65536
-458752 -65536
-327680 -131072
0 589824
-196608 -589824
-65536 -327680
-131072 -196608
262144 458752
-65536 393216
-65536 -131072
524288 0
-131072 196608
0 -458752
0 0
-131072 -327680
65536 262144
-131072 -327680
-196608 65536
0 196608
-196608 -458752
589824 0
-458752 -131072
-65536 -65536
131072 0
-458752 -65536
0 0
-393216 0
0 -65536
327680 -262144
-327680 -65536
196608 -196608
0 196608
-458752 524288
0 -262144
0 262144
-196608 0
0 -524288
65536 393216
262144 -262144
327680 0
131072 458752
-65536 -262144
0 -65536
-327680 -262144
-393216 -458752
0 196608
131072 -196608
65536 -524288
327680 458752
-393216 -327680
-131072 -393216
65536 458752
-1048576 0
0 0
524288 0
-655360 -65536
0 0
327680 0
-65536 131072
65536 -131072
65536 131072
-131072 327680
0 -65536
131072 -589824
-262144 -65536
-65536 65536
196608 -262144
262144 -65536
0 -65536
-196608 196608
-262144 -65536
-262144 -65536
-65536 -65536
-65536 -327680
-65536 65536
131072 131072
0 -65536
0 131072
131072 196608
-196608 -131072
-65536 -393216
-131072 0
-196608 -196608
0 0
-131072 131072
-131072 -327680
327680 131072
0 327680
-131072 -196608
65536 -262144
0 0
-196608 -131072
0 0
65536 65536
0 -131072
65536 -131072
0 -65536
-196608 0
-65536 -65536
0 -65536
-262144 196608
0 65536
65536 0
0 0
0 -196608
-196608 0
0 0
0 -65536
0 -196608
0 0
-65536 0
-131072 0
0 0
0 0
-196608 -65536
0 -131072
65536 -65536
-131072 -65536
-65536 0
0 -65536
-65536 0
0 0
-65536 -65536
0 -65536
-131072 196608
65536 0
0 -327680
0 0
65536 -131072
-65536 -262144
-65536 131072
0 196608
-196608 -196608
-131072 -65536
0 65536
-131072 -262144
0 -196608
131072 -131072
-196608 0
-458752 196608
-65536 65536
0 65536
0 65536
0 -262144
262144 -196608
65536 -65536
-327680 0
131072 -65536
-131072 131072
-262144 0
262144 -262144
131072 0
-196608 -65536
0 -327680
0 -131072
-65536 196608
65536 -131072
-196608 -262144
-196608 131072
0 0
-131072 0
131072 65536
131072 -65536
-327680 -131072
131072 262144
0 65536
-131072 0
65536 -393216
0 -327680
65536 393216
-131072 -524288
-262144 -458752
327680 458752
-458752 0
-65536 327680
393216 0
-458752 65536
131072 -65536
65536 -524288
0 65536
65536 131072
-458752 -327680
0 196608
-65536 524288
0 -458752
720896 -196608
0 0
-524288 -327680
65536 0
0 458752
-262144 -327680
0 -196608
0 131072
-65536 -458752
196608 -65536
-655360 0
-131072 0
393216 0
-393216 327680
262144 -262144
-131072 -65536
-327680 0
196608 -393216
-196608 524288
65536 -262144
-131072 0
65536 0
65536 -458752
0 458752
-65536 -262144
-131072 65536
65536 327680
-262144 -327680
0 -65536
-196608 -131072
524288 327680
0 65536
-131072 -196608
393216 -196608
-589824 -196608
-65536 -196608
-262144 0
327680 -327680
-589824 458752
131072 -196608
-131072 -131072
0 0
196608 0
65536 -131072
-458752 0
-65536 0
-393216 -65536
262144 -196608
196608 983040
0 458752
65536 -655360
-458752 -1114112
196608 -262144
1048576 1703936
-589824 1572864
458752 -2293760
3604480 -1769472
-262144 -458752
-393216 -131072
65536 -327680
327680 65536
65536 655360
0 458752
-655360 -65536
196608 -262144
393216 131072
-458752 0
-131072 -327680
327680 196608
-131072 -65536
0 -131072
-327680 -1048576
131072 196608
-196608 196608
65536 -65536
0 131072
-65536 -131072
-262144 0
-524288 -262144
589824 196608
131072 458752
-393216 -458752
393216 65536
-131072 -131072
0 0
65536 65536
393216 -131072
0 196608
-327680 -458752
-196608 -131072
-327680 131072
-393216 -262144
524288 0
-131072 -65536
131072 196608
262144 -131072
-393216 -65536
131072 0
-458752 0
65536 0
-65536 -327680
-655360 0
0 -262144
65536 196608
65536 262144
196608 -65536
0 327680
-262144 0
0 -131072
-65536 393216
0 -655360
131072 -65536
131072 458752
0 -262144
131072 0
-262144 -262144
-196608 -524288
327680 131072
0 -196608
-589824 -458752
458752 262144
-327680 131072
-524288 -196608
458752 -65536
-655360 0
-262144 65536
524288 -65536
-393216 131072
-65536 131072
196608 -196608
-262144 196608
-196608 0
262144 0
262144 196608
0 0
0 -327680
-65536 0
131072 -196608
0 -393216
-131072 -65536
0 -65536
0 196608
0 0
-131072 65536
-131072 0
0 -393216
0 -65536
-196608 -65536
-131072 0
0 131072
196608 131072
-65536 0
65536 -196608
-65536 65536
-262144 -196608
65536 -65536
0 262144
-589824 -196608
196608 -65536
327680 65536
0 -131072
0 -131072
0 131072
-196608 0
65536 0
65536 0
-196608 -327680
-65536 -196608
131072 0
-65536 0
-131072 -65536
65536 0
-196608 196608
0 -65536
131072 -65536
-65536 0
0 -262144
0 -65536
0 0
-131072 0
-131072 -131072
0 0
65536 131072
0 -65536
0 -196608
0 65536
-196608 -65536
-131072 -65536
0 -65536
-131072 0
-65536 131072
131072 0
0 -65536
-65536 0
0 0
65536 0
-65536 65536
65536 65536
131072 -196608
-196608 0
0 0
65536 -196608
-65536 -196608
-131072 0
0 0
0 -65536
0 0
0 -131072
-65536 -131072
-262144 0
-65536 -65536
-131072 65536
0 196608
65536 -65536
65536 -131072
0 -65536
-262144 65536
131072 -65536
-65536 0
-65536 131072
196608 -131072
-65536 -131072
-65536 0
196608 -196608
-131072 -262144
-196608 196608
65536 -65536
-196608 -131072
-65536 65536
131072 -393216
-131072 -196608
0 196608
65536 0
-65536 0
-131072 262144
-327680 -131072
-196608 0
327680 -131072
196608 -458752
131072 0
-65536 -327680
-196608 0
0 393216
-655360 -327680
-393216 262144
458752 -65536
-65536 -196608
327680 0
65536 -131072
-327680 131072
-65536 262144
-327680 -262144
0 0
65536 0
0 -393216
393216 196608
0 196608
-262144 -262144
0 -65536
-196608 131072
-131072 -327680
458752 -196608
0 196608
-458752 -196608
393216 65536
-262144 65536
-196608 -196608
196608 0
-458752 0
0 -393216
196608 262144
-262144 65536
0 -196608
-65536 524288
65536 -131072
65536 -262144
-65536 262144
-131072 -393216
-262144 327680
0 0
-196608 -196608
196608 327680
0 -131072
458752 65536
0 -131072
-196608 65536
65536 -65536
-393216 -327680
524288 -65536
-327680 -262144
131072 -131072
-65536 262144
0 0
-262144 -327680
0 -327680
0 -393216
0 458752
-262144 -196608
-196608 393216
-262144 65536
-65536 524288
0 -327680
131072 -327680
524288 0
-196608 458752
327680 -65536
-524288 524288
-1703936 -1245184
-131072 327680
2097152 -196608
1441792 524288
-196608 -196608
8388608 -1245184
-524288 -262144
-1638400 196608
-655360 589824
0 -786432
851968 -720896
65536 262144
-786432 524288
-393216 0
393216 -196608
262144 65536
0 -131072
-65536 -393216
131072 -65536
-65536 393216
0 262144
-196608 -524288
65536 65536
-65536 -262144
65536 -131072
-327680 -131072
-65536 196608
131072 393216
-196608 0
196608 131072
-131072 0
-65536 -524288
0 393216
0 -131072
327680 0
0 -393216
-196608 -393216
-262144 262144
-131072 -65536
393216 196608
0 -262144
0 0
65536 65536
-524288 -458752
0 65536
-65536 -65536
-65536 65536
327680 -131072
-524288 -65536
196608 65536
-131072 -196608
-524288 0
196608 -65536
0 262144
-131072 -65536
-65536 -196608
-65536 589824
-327680 0
65536 -262144
458752 393216
0 -655360
65536 -196608
196608 262144
-131072 -131072
0 196608
-131072 -131072
-327680 -458752
-65536 0
327680 -196608
0 -327680
65536 0
-327680 0
0 458752
131072 -65536
-1048576 -458752
-196608 196608
393216 131072
-327680 -196608
0 0
196608 -131072
-65536 393216
327680 131072
196608 -262144
-262144 -65536
-262144 0
0 -196608
0 65536
65536 -262144
65536 -393216
0 -131072
-65536 -65536
-131072 65536
-262144 -65536
-65536 0
-131072 131072
-131072 -393216
0 0
0 0
0 -65536
196608 131072
131072 0
-196608 -131072
-196608 -327680
0 0
-262144 0
-196608 -65536
131072 131072
-196608 0
65536 0
262144 0
-65536 -262144
0 -327680
0 196608
-262144 0
0 -65536
0 65536
-131072 0
65536 -262144
65536 -131072
-196608 0
-196608 0
65536 0
-65536 393216
-65536 -65536
0 -262144
0 196608
0 0
0 -262144
0 -65536
-131072 65536
-131072 0
0 -65536
0 65536
-65536 -65536
0 -262144
0 65536
-131072 0
-65536 -65536
65536 0
-131072 0
-131072 0
131072 -65536
0 -65536
-131072 -65536
-131072 -65536
196608 65536
65536 0
-65536 -65536
65536 -65536
0 65536
-131072 -65536
0 -262144
65536 -65536
-262144 -131072
-65536 0
196608 0
-131072 0
-262144 -131072
0 -262144
-131072 0
-196608 0
-65536 -196608
131072 196608
0 131072
-262144 0
131072 -131072
-65536 0
-131072 0
262144 -262144
0 65536
-131072 0
65536 -196608
0 0
-196608 262144
0 -327680
-131072 -65536
131072 131072
196608 -393216
-196608 -131072
0 65536
-131072 -262144
-393216 196608
131072 327680
0 -262144
-65536 65536
196608 65536
65536 -196608
-65536 196608
0 -524288
-131072 -458752
-65536 327680
-262144 -131072
0 131072
524288 0
-458752 -131072
0 0
0 -458752
-327680 0
-131072 262144
0 0
393216 65536
0 0
0 -524288
65536 0
-524288 131072
-262144 -65536
262144 0
262144 262144
0 -458752
196608 -196608
65536 196608
-524288 -262144
131072 0
-327680 131072
-262144 -393216
393216 -131072
-393216 -65536
-65536 -65536
131072 0
-524288 65536
589824 0
0 131072
-458752 -65536
196608 -327680
-131072 393216
196608 -393216
-262144 65536
0 327680
-131072 -393216
0 458752
-65536 -458752
327680 -196608
0 0
-196608 0
0 65536
-393216 196608
393216 0
-131072 -196608
131072 -262144
393216 0
-65536 -131072
0 -196608
-524288 0
0 -589824
-65536 262144
0 0
-262144 262144
-196608 0
0 -65536
131072 -196608
-327680 -131072
-131072 -655360
-589824 327680
196608 524288
131072 0
131072 -262144
786432 917504
-65536 983040
-1900544 -589824
524288 -2424832
1376256 917504
11141120 -1572864
-65536 -1441792
-983040 262144
-851968 851968
0 -458752
-262144 -393216
-327680 -327680
524288 327680
65536 1048576
0 327680
-65536 -917504
-327680 0
-589824 -196608
458752 262144
393216 -327680
262144 393216
-196608 0
-196608 -524288
-327680 131072
-327680 -327680
0 65536
-131072 -65536
196608 0
0 0
-262144 -262144
327680 262144
-458752 0
65536 -65536
327680 393216
327680 -327680
0 -131072
-65536 -65536
-393216 0
-65536 262144
0 -393216
524288 65536
-720896 -524288
-131072 -65536
196608 458752
-327680 131072
327680 65536
0 -131072
65536 -196608
-65536 -262144
-851968 -65536
196608 -65536
-327680 0
-327680 131072
458752 -196608
131072 0
-131072 0
0 0
0 393216
-196608 196608
-65536 0
131072 131072
-65536 -1048576
0 -65536
327680 131072
65536 -196608
196608 524288
-131072 -65536
-131072 -327680
0 196608
-327680 -655360
-262144 -851968
65536 327680
-786432 65536
327680 0
786432 0
-1048576 0
-262144 65536
524288 0
-524288 -131072
-327680 0
65536 65536
0 196608
393216 -327680
262144 -393216
-65536 262144
-65536 196608
131072 -131072
0 196608
-65536 -327680
-327680 -655360
-65536 -131072
0 -196608
131072 327680
-65536 196608
0 65536
-131072 131072
-196608 -327680
0 0
-131072 -131072
-262144 -327680
196608 131072
196608 65536
0 196608
-131072 -65536
0 -131072
-196608 -196608
-196608 0
-65536 196608
-131072 -131072
131072 0
327680 131072
-262144 -196608
-65536 -196608
196608 131072
-65536 -65536
0 -131072
131072 65536
-262144 0
-65536 -327680
0 -65536
-131072 196608
-65536 0
262144 -262144
0 65536
-131072 0
-65536 -196608
0 65536
0 65536
-65536 -262144
0 -131072
-131072 0
-196608 0
196608 -131072
131072 0
-196608 0
-65536 -131072
0 0
-196608 196608
-131072 -65536
0 -131072
0 0
0 0
65536 -131072
0 -65536
-65536 196608
-65536 0
0 0
0 0
0 -65536
-65536 -131072
131072 65536
65536 -131072
-196608 -327680
-65536 65536
-131072 0
-131072 65536
65536 0
196608 -196608
-196608 -131072
-131072 -262144
-131072 -131072
-65536 196608
-196608 0
0 131072
327680 0
-327680 0
-131072 0
196608 -131072
-196608 -131072
0 -131072
327680 -65536
-65536 0
-262144 327680
196608 -65536
-196608 0
-131072 0
196608 -393216
-65536 -262144
0 0
65536 0
-393216 262144
-65536 196608
-131072 -196608
-65536 131072
0 0
196608 -524288
196608 196608
262144 -458752
-262144 0
-65536 458752
-327680 -393216
-262144 -65536
524288 65536
0 -393216
65536 0
-65536 -131072
-524288 524288
-65536 262144
-65536 -327680
262144 -131072
262144 65536
196608 -655360
-262144 131072
-458752 196608
-196608 131072
196608 65536
0 65536
131072 -262144
327680 -65536
-131072 -65536
-589824 -458752
327680 -65536
-131072 262144
-458752 -327680
458752 196608
0 0
-196608 -720896
65536 -196608
-589824 393216
-65536 -65536
-196608 327680
0 -196608
524288 -458752
-327680 524288
131072 -262144
-65536 0
-131072 458752
-262144 -589824
0 65536
0 -524288
0 262144
-65536 262144
-524288 0
327680 262144
65536 -65536
-65536 -589824
131072 0
-65536 0
327680 458752
-589824 -131072
262144 -262144
-196608 -327680
65536 -524288
-65536 131072
0 393216
-196608 -262144
131072 0
-393216 -1114112
-327680 131072
-393216 0
262144 786432
-131072 655360
-65536 131072
-196608 -655360
-524288 0
-196608 -983040
1900544 0
720896 1245184
-2031616 2097152
-589824 -1376256
131072 -524288
10878976 -786432
-1048576 -2228224
327680 65536
-327680 917504
786432 720896
-720896 65536
-851968 -458752
65536 -786432
589824 0
327680 655360
-131072 -65536
-262144 0
-131072 196608
-524288 -262144
65536 -262144
262144 -393216
655360 131072
-196608 -262144
-524288 -262144
-65536 327680
-65536 0
65536 -65536
-262144 -262144
65536 65536
0 131072
-262144 0
196608 393216
-65536 -131072
262144 0
0 -196608
-131072 -655360
-327680 -131072
0 -131072
0 327680
65536 327680
-65536 -458752
393216 -131072
-589824 -131072
-65536 196608
196608 -131072
-262144 65536
262144 -327680
-458752 -196608
131072 65536
0 -131072
-393216 196608
262144 -65536
-327680 196608
-393216 65536
196608 -393216
-65536 -65536
-262144 -196608
65536 131072
65536 589824
0 0
131072 0
262144 327680
-327680 -786432
65536 -65536
131072 0
-327680 -393216
262144 524288
65536 196608
-65536 -655360
262144 -262144
-458752 0
-589824 -196608
655360 0
-262144 0
-327680 196608
327680 -262144
-655360 -131072
-262144 131072
131072 -65536
-393216 262144
131072 262144
393216 -65536
0 65536
-65536 -131072
65536 -458752
0 0
-131072 327680
65536 -131072
131072 65536
-131072 -196608
-262144 -393216
0 -65536
-131072 -327680
0 0
0 0
-65536 0
-65536 458752
-131072 -131072
0 -65536
0 0
-65536 -262144
65536 -196608
0 -65536
0 0
0 -131072
0 0
-327680 0
-131072 0
196608 327680
-65536 -65536
-65536 -327680
131072 0
-65536 -65536
-65536 -196608
196608 65536
-65536 0
-65536 -131072
65536 0
-262144 65536
-196608 -196608
0 -196608
0 65536
-131072 0
131072 -262144
-65536 -65536
-131072 196608
0 0
65536 0
0 0
-65536 -196608
-65536 -131072
0 0
-196608 0
0 -65536
0 -131072
-131072 0
-65536 0
65536 -131072
0 0
-65536 0
0 0
0 -65536
-131072 0
0 0
0 -65536
0 131072
131072 0
0 -131072
-131072 0
196608 -131072
65536 -196608
-262144 0
0 0
-65536 -65536
-196608 131072
-65536 0
196608 -196608
65536 0
0 -327680
-131072 -327680
-196608 327680
-393216 131072
-131072 131072
196608 0
-131072 -65536
65536 -196608
196608 -131072
-65536 65536
0 65536
0 0
-196608 0
-196608 131072
65536 -327680
-196608 -65536
131072 65536
131072 -262144
-65536 0
131072 196608
-65536 -262144
-589824 0
0 262144
0 -327680
-65536 0
196608 0
65536 -131072
-262144 524288
65536 -196608
0 -65536
0 131072
-393216 -655360
0 0
524288 131072
-393216 -262144
-196608 -65536
65536 -196608
-458752 196608
-262144 65536
0 -65536
393216 327680
0 0
131072 -786432
-65536 131072
-327680 -65536
-458752 0
131072 393216
262144 327680
196608 -458752
0 -458752
0 131072
-262144 0
262144 262144
-65536 196608
-393216 -655360
262144 0
-131072 131072
-65536 -524288
458752 -196608
-655360 196608
-131072 -262144
196608 262144
-393216 0
196608 -65536
-65536 131072
0 -131072
0 -196608
-458752 131072
-196608 -655360
131072 393216
262144 327680
-65536 0
65536 0
-327680 -65536
65536 0
-65536 0
131072 -131072
196608 0
-524288 -131072
524288 0
-458752 -131072
262144 0
196608 -131072
0 -262144
0 -458752
-327680 0
-458752 -262144
65536 917504
131072 -262144
-131072 -65536
-917504 -393216
-131072 262144
786432 -327680
458752 458752
196608 -262144
-589824 0
-524288 65536
-655360 1310720
-983040 -655360
720896 -983040
2031616 -524288
1048576 2228224
-1835008 196608
9699328 917504
-917504 -786432
917504 -1114112
131072 -65536
-458752 393216
655360 0
-131072 393216
-983040 131072
-720896 -524288
458752 -524288
720896 589824
65536 -262144
131072 -65536
-524288 0
-327680 131072
0 -131072
65536 -262144
-65536 65536
-131072 -196608
196608 327680
-131072 -65536
-262144 65536
0 131072
-458752 0
65536 65536
131072 -327680
131072 -327680
-65536 458752
-65536 0
262144 0
0 0
-196608 -65536
65536 -65536
0 -458752
0 131072
-65536 -196608
-65536 65536
196608 131072
-393216 -393216
0 196608
65536 -196608
-131072 196608
0 -65536
-131072 0
458752 -65536
-393216 -524288
-589824 0
65536 -65536
-196608 393216
0 327680
458752 -262144
0 0
-458752 -65536
0 0
196608 393216
-65536 -131072
-65536 -131072
262144 131072
-327680 -589824
196608 -131072
196608 -262144
-393216 0
524288 720896
589824 -131072
-393216 -524288
-524288 0
-262144 -327680
-131072 -262144
65536 -65536
-393216 -393216
131072 327680
589824 524288
-589824 -196608
-196608 -65536
0 196608
-524288 131072
131072 0
131072 -65536
131072 65536
327680 -65536
65536 -65536
0 0
65536 65536
65536 -262144
0 0
-262144 0
-327680 -262144
0 -131072
0 -196608
-65536 131072
0 65536
65536 -131072
0 131072
-65536 0
0 0
0 0
-131072 -196608
-65536 -65536
0 0
-131072 131072
-131072 -131072
131072 -65536
-131072 0
-196608 0
196608 0
0 -196608
-65536 0
0 262144
0 0
-65536 -327680
196608 -131072
0 0
-131072 -131072
65536 0
-65536 65536
-262144 0
-65536 -65536
0 0
-131072 65536
131072 -131072
0 0
-131072 65536
-65536 0
0 -65536
0 -131072
-65536 -131072
-131072 0
65536 0
0 -131072
-65536 0
0 0
0 -131072
0 -65536
-65536 -65536
-131072 -65536
0 0
0 196608
0 0
-196608 -131072
0 131072
65536 0
-65536 -65536
131072 65536
196608 -65536
-131072 0
-131072 0
65536 -65536
-196608 -65536
-196608 0
196608 -131072
262144 0
-65536 0
0 -262144
0 -65536
-262144 131072
-327680 -196608
-65536 65536
196608 65536
-196608 0
65536 0
65536 -65536
-262144 -65536
0 0
65536 -65536
-262144 0
-65536 131072
262144 -131072
-131072 65536
65536 0
196608 -524288
-131072 131072
0 131072
0 -262144
-196608 0
0 65536
0 -524288
-65536 262144
131072 0
-131072 -393216
-196608 393216
196608 65536
-327680 -131072
-65536 262144
327680 -589824
0 -65536
196608 -65536
-196608 -262144
0 -65536
-131072 -131072
-917504 327680
-131072 65536
393216 -393216
196608 65536
0 0
131072 -262144
-131072 393216
-393216 0
-327680 -196608
0 0
0 131072
131072 -65536
262144 0
0 262144
-524288 -393216
0 65536
131072 65536
-196608 -589824
262144 0
0 196608
0 -196608
720896 196608
-589824 -131072
-589824 -655360
0 131072
-327680 262144
458752 -327680
0 0
-262144 262144
65536 -131072
-524288 524288
-65536 -262144
65536 131072
65536 0
-65536 -458752
131072 524288
-393216 -131072
0 -196608
327680 262144
65536 -65536
196608 -262144
-196608 0
65536 65536
-131072 0
0 -458752
393216 -262144
-458752 0
0 -131072
-458752 393216
-196608 -393216
131072 262144
196608 -327680
-131072 -196608
0 458752
-262144 131072
0 196608
-589824 -393216
327680 -917504
-393216 -327680
0 65536
589824 720896
983040 983040
-1179648 1048576
-1769472 -2686976
589824 -1703936
1179648 3080192
1441792 1441792
10092544 3997696
-655360 1245184
-458752 -2097152
327680 -655360
-1310720 851968
-196608 -196608
1572864 -262144
524288 720896
-786432 589824
-851968 -524288
65536 -327680
262144 -131072
-65536 -458752
0 196608
0 524288
-262144 393216
-458752 -262144
65536 -65536
0 65536
-196608 -983040
393216 -65536
-327680 65536
-327680 393216
-65536 196608
65536 -65536
131072 0
-393216 -131072
262144 -196608
65536 327680
-65536 131072
327680 -65536
0 -524288
-393216 -262144
-131072 -65536
0 -327680
327680 720896
-65536 0
196608 0
196608 0
-720896 -262144
-65536 -196608
-262144 -393216
196608 327680
196608 0
-65536 -196608
262144 -131072
-524288 -65536
-458752 196608
131072 65536
0 393216
0 -196608
-196608 -589824
-393216 0
0 65536
0 0
393216 327680
262144 -65536
0 131072
65536 327680
-393216 -655360
0 0
-131072 -327680
-131072 -327680
655360 458752
65536 -196608
-65536 -458752
196608 393216
-720896 -65536
-589824 -458752
524288 0
-917504 -65536
-262144 -262144
1048576 131072
-327680 0
-458752 -196608
131072 196608
-393216 589824
131072 196608
393216 -196608
-131072 -131072
-196608 -196608
196608 -131072
196608 -65536
0 0
0 -196608
131072 65536
-65536 65536
-327680 0
-65536 -262144
-196608 -393216
0 65536
131072 0
-131072 -131072
0 393216
0 65536
0 0
0 -65536
-131072 -327680
-196608 -327680
0 -131072
0 65536
-262144 0
-65536 131072
65536 0
0 0
65536 196608
-196608 -262144
-131072 -327680
131072 65536
0 65536
-131072 -131072
131072 -65536
0 0
-65536 -65536
65536 -131072
-65536 -65536
-393216 0
-131072 0
0 0
-65536 0
0 -327680
65536 -65536
65536 131072
0 -65536
-65536 0
-65536 131072
0 0
-65536 -131072
0 0
-131072 -196608
-131072 -131072
0 65536
65536 -65536
0 -196608
-65536 0
0 131072
0 0
0 -131072
0 0
-65536 -65536
-196608 0
65536 0
131072 -65536
-65536 0
0 0
65536 -65536
-65536 0
-65536 65536
0 -327680
-65536 -65536
-65536 131072
131072 -196608
0 -65536
-131072 0
-262144 -131072
-65536 0
65536 -65536
-327680 0
65536 -65536
131072 -65536
-131072 196608
0 0
0 -65536
-262144 65536
0 65536
65536 -262144
-131072 65536
393216 -65536
0 -196608
-524288 131072
65536 0
65536 -196608
-196608 65536
327680 0
65536 -393216
-458752 196608
0 0
-131072 -393216
-393216 393216
65536 -196608
-196608 -131072
0 589824
458752 -262144
0 0
393216 0
-327680 -524288
-262144 -131072
0 0
-458752 131072
0 0
327680 -131072
0 262144
-262144 -327680
-196608 -524288
-131072 458752
-196608 0
262144 -393216
262144 196608
-262144 0
-327680 -262144
131072 -65536
0 393216
0 -262144
196608 0
65536 393216
-262144 -393216
262144 -196608
0 196608
-262144 -327680
524288 0
-196608 -262144
-262144 -524288
131072 0
-720896 0
327680 -65536
262144 393216
-458752 65536
0 -458752
-458752 65536
-131072 -262144
262144 65536
131072 262144
-131072 -262144
-131072 327680
-131072 -131072
0 -65536
0 327680
131072 0
524288 -196608
-393216 -65536
-131072 -65536
-65536 0
-196608 0
720896 -131072
-458752 -131072
-65536 -393216
-65536 131072
0 0
-131072 262144
-65536 -262144
0 -917504
-131072 458752
-524288 -131072
393216 131072
327680 0
327680 393216
-589824 -327680
-458752 -327680
-393216 0
0 655360
1245184 -1048576
393216 -131072
-2359296 851968
-1310720 1703936
262144 0
4521984 -1769472
12386304 4653056
1703936 2686976
-1966080 -131072
-589824 -1572864
458752 -65536
-458752 1179648
0 -786432
655360 -786432
327680 327680
-589824 1310720
-1114112 -196608
196608 -65536
196608 -327680
0 -196608
393216 -131072
65536 -196608
-131072 262144
-131072 -65536
0 -196608
-65536 -131072
-262144 -196608
131072 65536
-393216 65536
0 393216
196608 131072
-65536 -524288
-65536 0
-196608 0
196608 0
0 262144
131072 65536
131072 -131072
-393216 -327680
-393216 65536
0 0
65536 -393216
589824 -131072
-262144 -524288
-327680 196608
131072 196608
-196608 262144
131072 0
-327680 0
393216 -65536
0 -458752
-524288 -196608
131072 -65536
-393216 0
-65536 65536
327680 0
-65536 262144
-65536 -131072
-131072 65536
-262144 458752
0 -262144
0 -393216
0 196608
0 -327680
196608 0
327680 327680
-458752 -131072
327680 262144
65536 -262144
-524288 -327680
458752 196608
196608 -65536
-327680 -524288
131072 -196608
-458752 0
-786432 65536
655360 -262144
-196608 -65536
-524288 327680
589824 196608
-65536 -196608
-458752 -131072
0 196608
-65536 327680
196608 0
0 -393216
-131072 131072
0 458752
262144 -65536
196608 -393216
65536 -196608
-131072 -327680
-131072 0
-65536 65536
-196608 65536
0 0
-196608 -131072
0 -65536
-65536 -327680
-131072 -131072
196608 393216
131072 -131072
-131072 65536
0 0
-65536 -196608
-262144 0
-65536 -131072
0 -65536
-196608 -65536
196608 131072
196608 0
-131072 -262144
65536 131072
0 65536
-393216 -196608
0 131072
131072 65536
-131072 -196608
131072 -65536
131072 -131072
-262144 -196608
-131072 -65536
0 65536
-196608 327680
0 0
196608 -262144
-65536 65536
-131072 -131072
65536 -131072
65536 0
-131072 -65536
-196608 -65536
0 0
65536 131072
0 -131072
0 -196608
0 65536
-65536 0
-65536 -131072
-65536 -65536
-131072 65536
-131072 0
65536 -196608
65536 65536
0 0
-196608 -131072
0 131072
0 196608
-65536 0
0 -131072
0 -65536
0 0
65536 -65536
262144 -262144
0 0
-327680 65536
-131072 -262144
0 196608
0 0
0 -458752
196608 -131072
0 0
-458752 -65536
131072 0
-131072 0
-393216 65536
196608 -65536
65536 0
-196608 0
0 0
131072 -131072
-262144 0
196608 0
65536 -196608
-393216 0
0 196608
-65536 -65536
-131072 65536
458752 0
131072 -458752
-65536 0
65536 -196608
-262144 -131072
-262144 524288
0 -65536
-458752 -65536
65536 131072
262144 -262144
65536 65536
589824 -131072
-131072 -327680
-131072 196608
-262144 -65536
-589824 0
0 -65536
196608 -65536
0 -65536
-65536 -196608
0 0
-524288 458752
-327680 0
262144 -131072
131072 0
0 -393216
131072 -458752
-262144 262144
-393216 655360
65536 -262144
196608 196608
0 327680
-65536 -655360
524288 -131072
0 0
-458752 -196608
589824 327680
-262144 131072
-262144 -524288
524288 -131072
-458752 -196608
0 -196608
65536 131072
-327680 0
262144 -393216
-458752 196608
-196608 -196608
65536 -196608
-131072 524288
65536 -196608
65536 65536
-196608 0
-196608 -458752
0 393216
-131072 196608
196608 65536
131072 0
-131072 0
0 -65536
-65536 131072
458752 -196608
-393216 0
262144 -458752
0 -262144
-393216 65536
0 -262144
65536 0
-131072 -131072
0 589824
-458752 -589824
-65536 196608
-327680 65536
393216 -131072
458752 -655360
-65536 131072
-262144 327680
-917504 917504
-393216 -131072
262144 -917504
0 -2162688
1900544 2162688
-720896 2949120
-1966080 -720896
524288 -2686976
10551296 5636096
3014656 -2228224
-589824 1179648
-1441792 -131072
393216 -458752
786432 0
-1507328 1048576
-1638400 -655360
524288 -393216
1835008 -65536
393216 589824
-655360 -458752
-131072 -65536
-524288 0
0 458752
131072 -458752
-65536 -327680
0 0
-262144 131072
65536 393216
-131072 -458752
0 -458752
196608 65536
-458752 -131072
-196608 327680
-65536 262144
0 65536
-65536 0
-196608 -262144
393216 -262144
196608 0
131072 -393216
0 -196608
-196608 0
196608 327680
0 -327680
-262144 0
0 0
-458752 -262144
196608 327680
262144 -65536
-65536 -131072
65536 -720896
-458752 -131072
0 196608
-131072 0
-65536 0
131072 0
-327680 262144
-131072 -196608
0 -393216
-262144 458752
-131072 -262144
-65536 -131072
196608 393216
65536 -196608
-262144 -196608
262144 393216
196608 0
-131072 0
196608 0
-393216 -196608
131072 0
0 -458752
-65536 -131072
393216 65536
-131072 -262144
0 131072
196608 327680
-589824 -524288
-524288 0
196608 65536
-655360 -655360
-327680 -196608
655360 458752
-327680 65536
-131072 131072
458752 262144
-65536 65536
-131072 0
-131072 0
-65536 0
131072 0
327680 -131072
0 -393216
-65536 -131072
0 -65536
0 0
-65536 196608
-131072 65536
0 -196608
-196608 -393216
-65536 131072
-131072 -65536
-65536 -65536
131072 262144
262144 -196608
0 0
0 131072
0 -458752
-131072 -131072
-262144 -65536
-65536 196608
-327680 131072
65536 0
327680 0
-65536 -196608
0 -65536
131072 65536
-131072 -65536
0 0
0 65536
-262144 0
0 -196608
65536 -196608
-131072 0
-196608 0
131072 -65536
196608 65536
-131072 0
-65536 -262144
-131072 262144
0 0
65536 -196608
65536 -196608
0 -65536
-65536 0
0 -65536
65536 65536
-65536 0
-65536 -327680
-131072 -65536
0 0
-131072 0
-65536 -131072
0 0
0 196608
-65536 -327680
-65536 -131072
0 65536
-131072 0
-131072 0
131072 65536
0 0
-131072 -65536
65536 0
196608 -262144
0 0
-131072 -131072
-131072 -131072
-131072 393216
-131072 0
131072 -262144
327680 -65536
0 -393216
-262144 -327680
0 0
-262144 262144
-262144 262144
65536 0
-65536 -196608
-196608 -65536
131072 -65536
131072 -131072
-65536 131072
262144 131072
-327680 -196608
-589824 131072
131072 -65536
0 -393216
-65536 0
720896 0
0 -196608
-196608 196608
65536 -131072
-262144 -196608
-589824 262144
65536 -393216
65536 -196608
0 393216
-65536 -131072
0 65536
327680 131072
-262144 -196608
-393216 -262144
65536 -65536
-196608 0
262144 0
393216 -65536
-65536 0
-655360 -196608
-131072 -393216
-393216 196608
-65536 0
131072 0
458752 262144
-65536 -65536
-327680 -262144
-262144 0
-131072 131072
-131072 0
262144 262144
-65536 65536
0 -458752
131072 327680
131072 262144
-131072 -458752
327680 0
-458752 131072
-262144 -393216
524288 65536
0 -393216
65536 -393216
131072 0
-917504 65536
0 -65536
0 131072
0 -327680
0 -196608
-65536 524288
-458752 -393216
-131072 -131072
0 262144
0 -393216
262144 262144
0 0
-131072 327680
-131072 196608
-524288 -65536
917504 -393216
-131072 196608
0 -327680
-65536 -327680
-65536 196608
0 393216
0 0
65536 -720896
262144 0
-524288 -655360
-65536 196608
-327680 65536
-65536 262144
327680 262144
65536 -458752
-589824 -327680
-786432 -524288
262144 -131072
917504 786432
458752 589824
-393216 -65536
-1507328 -262144
-589824 -1048576
1179648 196608
589824 655360
-65536 1245184
-2162688 1441792
7471104 10682368
-983040 -6029312
851968 -1376256
-393216 1638400
917504 720896
655360 -1376256
-65536 458752
-917504 851968
-1048576 0
131072 -327680
1048576 -655360
-327680 0
-983040 0
262144 393216
-131072 196608
458752 131072
0 -131072
131072 -262144
-131072 -393216
-327680 0
65536 262144
-393216 -196608
0 -196608
-65536 -65536
-327680 0
131072 524288
196608 -131072
393216 -131072
-196608 196608
-262144 262144
0 -196608
-196608 -196608
-65536 -65536
196608 0
-131072 0
458752 131072
-65536 -589824
-327680 -131072
131072 196608
-262144 0
131072 -131072
65536 0
0 327680
-262144 -131072
-393216 0
458752 -65536
-65536 -458752
-327680 -131072
65536 -65536
0 196608
-65536 0
-65536 0
-65536 393216
-262144 -65536
-327680 0
327680 196608
131072 -458752
-196608 -131072
196608 131072
131072 -458752
0 262144
196608 393216
-458752 0
262144 524288
-65536 -262144
-196608 -1048576
196608 -131072
-655360 -65536
131072 -393216
1048576 0
-786432 0
-983040 0
851968 262144
-262144 65536
-983040 -524288
327680 0
0 327680
0 -65536
393216 -524288
-262144 65536
0 327680
131072 196608
0 196608
-65536 0
196608 -393216
65536 -393216
0 -196608
-65536 -458752
-65536 0
-65536 262144
0 131072
-65536 196608
-262144 -65536
65536 -65536
65536 -262144
0 -196608
0 65536
0 -262144
-65536 0
-65536 327680
-65536 -196608
-65536 0
-131072 -131072
65536 0
-131072 0
65536 131072
196608 -131072
-196608 -196608
-65536 196608
196608 65536
-65536 -196608
0 0
131072 65536
-65536 0
-131072 -196608
0 -196608
-65536 -65536
-65536 0
0 -65536
0 0
-65536 65536
0 0
0 0
0 -65536
0 -196608
0 -65536
0 -131072
-65536 65536
0 65536
0 -65536
-196608 65536
0 0
-131072 -131072
-65536 -131072
0 -65536
65536 0
-196608 -131072
0 65536
0 0
-327680 -65536
-262144 0
196608 65536
0 0
0 0
131072 0
131072 -65536
-131072 65536
-65536 -196608
-65536 -327680
-196608 196608
0 0
196608 -196608
196608 131072
0 -131072
-131072 -131072
0 -131072
-458752 -131072
-393216 0
262144 0
131072 0
-131072 0
65536 -131072
0 -65536
-393216 131072
131072 -131072
0 -196608
-131072 262144
131072 0
-65536 0
0 65536
196608 -65536
-131072 -262144
65536 196608
327680 -131072
-327680 -196608
-458752 131072
262144 -131072
-393216 -65536
0 196608
327680 -524288
-262144 196608
0 458752
0 -262144
0 65536
327680 65536
-262144 -327680
327680 -262144
65536 0
-196608 131072
-196608 -393216
0 -65536
-524288 458752
-131072 -196608
131072 -131072
196608 196608
-65536 -65536
393216 -327680
-65536 -131072
-851968 131072
-458752 -131072
262144 262144
-65536 262144
327680 -393216
196608 131072
0 196608
-458752 -327680
196608 327680
0 -327680
-196608 -983040
524288 327680
65536 262144
-131072 -131072
262144 -262144
-655360 -196608
-65536 -262144
0 0
0 -65536
0 -262144
-327680 393216
-196608 131072
589824 -196608
-327680 196608
-196608 -458752
65536 262144
-196608 196608
-196608 -262144
393216 -327680
-196608 0
196608 196608
-589824 655360
262144 -327680
0 -262144
-131072 262144
655360 -786432
-131072 524288
65536 131072
0 0
-262144 -524288
131072 -524288
-393216 -65536
-65536 -65536
524288 917504
327680 -720896
196608 -589824
-851968 -524288
-327680 851968
-655360 65536
196608 524288
589824 -1507328
196608 0
-720896 393216
-196608 1441792
-2555904 0
851968 -1376256
3604480 -720896
-786432 4194304
10485760 11796480
-1900544 -1245184
0 -1507328
-720896 393216
196608 0
-589824 -589824
131072 -1441792
983040 851968
-1048576 524288
-917504 655360
65536 -589824
655360 -65536
-262144 -196608
0 -131072
65536 0
-262144 393216
196608 262144
-262144 -524288
-131072 -720896
0 -65536
327680 131072
131072 262144
-458752 -65536
0 0
-524288 -65536
-196608 -65536
196608 65536
-196608 0
0 327680
0 393216
131072 -262144
196608 -327680
-65536 -393216
0 -131072
65536 65536
0 196608
262144 0
-524288 0
-393216 65536
131072 -393216
-196608 0
196608 -65536
65536 -65536
327680 65536
0 -131072
-262144 -65536
-131072 -131072
-655360 -65536
-196608 327680
196608 131072
131072 0
65536 -524288
-196608 -393216
-131072 262144
-65536 0
-65536 262144
393216 524288
-65536 -327680
-393216 -131072
65536 262144
-65536 -327680
65536 -65536
327680 262144
-262144 0
786432 131072
65536 -327680
-655360 -458752
131072 -65536
-196608 262144
-262144 0
524288 -393216
-65536 -65536
-589824 196608
458752 -393216
-131072 -524288
-851968 131072
0 458752
0 262144
65536 131072
196608 -196608
-196608 -65536
0 131072
0 -65536
262144 -65536
131072 131072
-65536 -131072
0 -262144
0 -65536
-327680 -262144
131072 0
0 65536
-131072 0
196608 0
-131072 0
-262144 0
-131072 0
-65536 -196608
65536 0
0 -262144
131072 0
65536 65536
-131072 -196608
0 0
-327680 65536
-65536 65536
-65536 -65536
-65536 0
196608 0
-65536 -131072
0 -65536
327680 0
-65536 -131072
-196608 65536
65536 0
-131072 0
-131072 -196608
-65536 -65536
-65536 0
0 0
0 0
0 0
-65536 0
0 -196608
0 65536
0 0
-65536 -196608
0 65536
0 -65536
-131072 -262144
0 0
65536 -131072
-131072 0
0 0
65536 0
-65536 0
-327680 -131072
0 65536
65536 0
-196608 -131072
-131072 -131072
65536 0
-65536 65536
0 0
131072 0
0 -65536
-65536 131072
0 -196608
-65536 -131072
-196608 131072
0 -196608
0 -65536
131072 65536
65536 -196608
-65536 -65536
65536 0
-327680 0
-196608 0
0 -262144
-262144 -65536
0 0
262144 -65536
-131072 0
-131072 196608
262144 0
-524288 0
-393216 65536
393216 -196608
-131072 -131072
65536 0
458752 -131072
-196608 -131072
-327680 393216
131072 -65536
-196608 -262144
-131072 65536
327680 -327680
-327680 -131072
65536 327680
0 -327680
-589824 0
131072 196608
-196608 -65536
-65536 131072
393216 0
65536 -131072
196608 0
-65536 -65536
-196608 -131072
-327680 -393216
-65536 65536
-131072 131072
0 -327680
262144 -65536
65536 131072
-458752 -131072
-65536 -65536
0 65536
-196608 0
0 -458752
-65536 262144
-131072 262144
196608 -262144
-65536 196608
0 0
-262144 -393216
196608 393216
0 0
-131072 -327680
262144 262144
-327680 0
65536 -262144
851968 -262144
-655360 -458752
-196608 -524288
0 196608
-262144 524288
131072 -65536
65536 65536
-393216 -327680
0 -327680
-65536 262144
65536 -589824
0 0
-131072 262144
-524288 -196608
196608 327680
-458752 65536
196608 -131072
65536 0
-196608 131072
131072 -458752
-196608 393216
262144 -262144
-327680 262144
327680 -524288
524288 0
-196608 131072
131072 -393216
262144 131072
-327680 -458752
0 655360
-262144 -851968
-327680 -655360
-327680 -655360
-65536 720896
589824 720896
131072 524288
-655360 -1441792
-720896 -524288
-524288 -589824
524288 720896
524288 2162688
-262144 1245184
-1966080 -2424832
-524288 -1966080
1048576 1179648
8257536 5177344
1048576 1245184
983040 -393216
-524288 -458752
-1507328 196608
-720896 655360
-131072 -589824
917504 -983040
589824 458752
-851968 393216
-393216 393216
-131072 -720896
589824 0
-655360 -589824
262144 -65536
-65536 524288
0 393216
131072 0
-131072 -196608
262144 -196608
-458752 -458752
0 -196608
-131072 458752
-393216 -196608
65536 0
0 -65536
0 -131072
-327680 262144
-196608 196608
655360 0
131072 -65536
-196608 -327680
-65536 -65536
-458752 -196608
0 327680
131072 65536
327680 0
458752 -458752
-393216 -262144
-262144 65536
-196608 0
-65536 196608
65536 -196608
-65536 -65536
327680 131072
-196608 -458752
-393216 -262144
65536 0
-327680 65536
65536 65536
327680 -65536
0 0
-262144 -327680
-458752 0
131072 655360
65536 0
-196608 -196608
393216 -65536
0 -262144
-262144 0
393216 -65536
-262144 -262144
-131072 589824
524288 196608
-65536 -196608
65536 196608
-131072 -262144
-65536 -524288
0 -327680
-458752 -458752
0 -65536
458752 393216
-65536 0
-327680 -131072
0 327680
-720896 0
-393216 -458752
458752 65536
-196608 262144
131072 -131072
262144 -262144
-458752 65536
0 393216
196608 327680
65536 -65536
131072 -262144
0 -131072
-131072 -262144
0 -65536
-327680 -262144
0 -131072
131072 65536
-196608 65536
65536 65536
-65536 0
0 65536
196608 0
-196608 -393216
-196608 -131072
-65536 -327680
-65536 -65536
-65536 131072
-65536 0
0 65536
0 131072
327680 0
-65536 -196608
-458752 -65536
65536 65536
65536 -65536
-327680 65536
65536 65536
131072 -196608
0 -65536
196608 0
-65536 0
-393216 -65536
-196608 0
0 65536
-131072 0
0 -131072
196608 -131072
0 196608
0 -65536
0 -131072
0 0
-196608 -131072
0 0
131072 0
0 -196608
-327680 -65536
65536 0
131072 65536
-65536 0
-131072 -196608
0 0
-196608 0
-327680 -65536
131072 -196608
0 0
-262144 65536
-65536 0
196608 0
0 0
-327680 65536
65536 -262144
131072 65536
0 65536
65536 -393216
0 0
0 196608
-196608 -131072
-65536 0
262144 -65536
-262144 -131072
0 -131072
65536 -196608
-196608 65536
-65536 0
0 -196608
-131072 0
-65536 131072
0 -131072
-327680 -65536
65536 131072
196608 0
-327680 -65536
262144 65536
327680 -131072
-393216 -262144
-65536 196608
131072 0
-262144 65536
65536 262144
262144 -458752
-262144 -196608
131072 131072
262144 -524288
-393216 65536
-65536 327680
-589824 -262144
-131072 262144
196608 131072
262144 -196608
458752 -65536
131072 -131072
-393216 -131072
-131072 -65536
0 0
-327680 0
131072 -262144
458752 -131072
-262144 65536
-262144 -131072
65536 131072
0 458752
-458752 0
262144 -589824
0 -196608
-458752 0
0 -196608
196608 393216
-65536 655360
-327680 -262144
-262144 131072
131072 0
196608 -655360
524288 65536
0 -65536
-327680 65536
196608 393216
-262144 -458752
65536 -524288
0 -196608
-458752 196608
327680 -65536
131072 0
-327680 0
0 -524288
-65536 0
-458752 -131072
-65536 196608
-65536 458752
-196608 -524288
524288 196608
-262144 -131072
-262144 -262144
65536 0
-458752 458752
524288 -458752
0 458752
262144 -262144
-131072 393216
-65536 458752
327680 -655360
-131072 0
393216 -851968
131072 393216
-393216 -393216
-65536 327680
-65536 -327680
65536 -327680
65536 393216
-655360 -327680
131072 -196608
524288 0
458752 262144
-1114112 -1245184
-720896 327680
-983040 458752
327680 983040
1114112 -1114112
2686976 -1835008
-1507328 1572864
-5308416 4784128
0 -1900544
-1179648 3735552
1769472 327680
1441792 -1638400
1638400 -917504
-1441792 917504
-327680 917504
-131072 1376256
-589824 -1638400
196608 -1245184
262144 -327680
-131072 917504
-196608 262144
327680 524288
-131072 0
-983040 -655360
196608 -327680
0 -131072
327680 327680
65536 393216
0 -327680
131072 -196608
-851968 -196608
65536 -196608
-131072 196608
327680 0
327680 65536
-458752 -196608
-65536 0
-196608 131072
-327680 262144
458752 65536
458752 -327680
0 -65536
0 0
-262144 -65536
262144 131072
-65536 131072
-65536 -196608
-65536 -327680
-720896 327680
65536 -65536
262144 -65536
196608 0
0 -393216
-65536 -131072
327680 0
-262144 -65536
-589824 0
-131072 -131072
-327680 327680
131072 65536
0 -393216
-131072 0
196608 -196608
-131072 -196608
131072 196608
65536 0
-327680 262144
-131072 393216
131072 65536
-131072 0
-131072 -327680
-393216 -524288
524288 393216
655360 -65536
-196608 -393216
458752 524288
-131072 196608
-458752 -720896
65536 -327680
-655360 65536
-393216 -327680
983040 -131072
262144 0
-851968 -458752
262144 0
0 589824
-917504 0
0 0
0 327680
-196608 0
131072 -262144
65536 65536
196608 -131072
327680 -196608
65536 -65536
-262144 0
-262144 131072
0 65536
-65536 0
-196608 -196608
131072 -327680
196608 -327680
-327680 0
65536 327680
0 262144
-262144 0
65536 -65536
0 -393216
-327680 0
131072 -262144
131072 -327680
-196608 131072
-196608 65536
131072 0
-131072 0
0 -65536
0 -196608
-196608 65536
0 196608
196608 -65536
-131072 0
0 0
65536 -196608
-196608 -131072
0 -196608
0 0
-262144 196608
-65536 0
196608 -131072
0 -65536
-196608 0
-65536 -196608
131072 131072
0 65536
-131072 -262144
0 0
0 131072
0 -65536
0 -131072
131072 -131072
-131072 0
-196608 -65536
65536 -196608
0 0
-393216 0
0 0
393216 0
-131072 -65536
-262144 -262144
0 -131072
0 65536
-262144 131072
-65536 0
196608 -65536
-65536 196608
-65536 -65536
327680 -327680
65536 0
-196608 -131072
-262144 -131072
0 196608
65536 0
-131072 -131072
196608 -131072
131072 -196608
-131072 -65536
0 -131072
-65536 0
-262144 65536
-196608 65536
0 -131072
-327680 0
131072 0
262144 -196608
-262144 -65536
65536 196608
0 0
-524288 -131072
-65536 0
131072 -327680
-196608 0
131072 327680
589824 -196608
0 131072
-131072 65536
-131072 -655360
-589824 -65536
-65536 0
-196608 -393216
131072 327680
327680 262144
0 131072
196608 131072
0 -196608
-262144 -327680
-196608 -196608
65536 -65536
65536 131072
262144 -262144
65536 131072
-131072 0
-131072 -458752
0 0
-131072 0
-196608 -131072
327680 -65536
-65536 196608
-327680 -65536
65536 -589824
-262144 458752
-393216 196608
65536 -589824
131072 327680
0 196608
-65536 -262144
393216 458752
-65536 -327680
-524288 -131072
327680 262144
65536 -65536
458752 -196608
458752 -524288
-524288 -131072
-196608 -65536
0 196608
-262144 196608
65536 -589824
65536 65536
-589824 -327680
-131072 -262144
65536 589824
-131072 -327680
327680 65536
65536 -65536
-524288 -524288
-327680 131072
-917504 655360
720896 65536
262144 327680
262144 -393216
0 -720896
-524288 327680
327680 -524288
-196608 851968
393216 -524288
327680 458752
-458752 -196608
-458752 -524288
0 0
327680 -655360
720896 65536
65536 -262144
-524288 458752
-851968 -131072
-196608 -262144
917504 -1114112
524288 851968
-655360 -524288
0 2031616
-393216 327680
-1245184 -2031616
-1441792 -3670016
2228224 1900544
-589824 5046272
1835008 917504
-262144 6356992
-786432 2228224
-917504 -1900544
1703936 -2162688
655360 -720896
0 1638400
458752 393216
-1376256 262144
-1310720 -1245184
458752 196608
196608 -524288
589824 851968
-196608 -720896
-327680 65536
-458752 262144
-327680 -65536
393216 -458752
0 131072
458752 131072
-131072 0
196608 -131072
-65536 0
-458752 -524288
-262144 65536
-720896 262144
393216 -327680
196608 65536
-262144 0
524288 0
-196608 65536
-262144 393216
196608 196608
0 -720896
-131072 -262144
-65536 -65536
-262144 196608
327680 65536
0 131072
-65536 -393216
65536 -196608
65536 458752
65536 -589824
-458752 -65536
-131072 327680
0 -196608
-131072 0
262144 -196608
131072 -458752
-196608 -65536
-65536 65536
-65536 327680
196608 0
-196608 -262144
-458752 262144
0 -262144
-65536 -131072
0 262144
0 -65536
65536 131072
327680 65536
0 -196608
-262144 0
0 65536
-589824 -196608
0 262144
589824 0
-262144 -327680
458752 -196608
196608 -131072
-327680 -196608
65536 -327680
-65536 -196608
-720896 131072
-65536 65536
655360 -196608
-458752 0
-524288 0
131072 131072
0 0
0 -196608
-327680 0
-262144 327680
196608 65536
131072 131072
65536 0
0 -65536
196608 -196608
65536 -131072
0 0
0 0
-196608 0
-327680 0
0 -393216
-65536 -65536
-327680 131072
327680 0
458752 -131072
-196608 196608
0 0
-65536 -393216
-393216 0
-65536 -131072
-65536 -327680
-196608 196608
0 131072
327680 -65536
0 0
65536 65536
-131072 -196608
-327680 -65536
0 196608
0 0
-196608 0
0 65536
327680 -196608
-65536 -65536
-131072 -131072
65536 -131072
0 65536
-131072 131072
-65536 -131072
-196608 -65536
-131072 196608
0 -65536
196608 -262144
0 -65536
-131072 0
0 0
0 0
0 0
-131072 -65536
-65536 -65536
65536 0
-65536 0
-262144 -131072
65536 0
196608 0
-65536 -65536
0 -65536
-65536 -65536
-327680 0
-393216 131072
0 0
262144 -131072
0 131072
131072 0
262144 -65536
0 65536
-131072 -131072
-196608 -196608
-131072 0
0 0
0 0
393216 -65536
196608 0
-196608 0
-65536 -262144
-131072 -262144
-327680 65536
-131072 0
196608 -196608
0 0
131072 131072
0 -65536
-262144 0
196608 0
-131072 -131072
-458752 -131072
262144 131072
0 -65536
-458752 131072
262144 65536
196608 -196608
-458752 131072
393216 -131072
196608 -655360
-589824 327680
-131072 65536
-131072 -393216
131072 196608
65536 0
-196608 -262144
262144 131072
0 196608
-131072 0
-196608 -327680
131072 131072
-65536 -65536
131072 -196608
393216 0
-65536 -196608
-393216 -327680
65536 0
-458752 0
-262144 65536
327680 0
131072 131072
0 -262144
524288 -262144
-327680 65536
-655360 0
-65536 -196608
-65536 196608
-393216 -196608
131072 -131072
458752 589824
65536 196608
-327680 -327680
327680 0
-327680 -196608
0 -65536
589824 0
0 0
-262144 -327680
-65536 65536
-393216 0
393216 -393216
262144 -65536
-327680 -458752
-65536 -458752
-131072 720896
-655360 -327680
458752 196608
-131072 0
-786432 -327680
262144 -65536
-589824 131072
131072 0
262144 131072
0 327680
196608 -327680
-983040 393216
262144 -720896
-262144 262144
720896 327680
786432 65536
-262144 0
65536 -917504
-131072 -65536
-524288 -655360
0 720896
0 -720896
0 65536
458752 524288
-327680 655360
-327680 -1179648
-196608 -1048576
327680 196608
-720896 655360
0 -393216
1114112 -327680
-720896 655360
-2162688 1572864
-1900544 -1179648
1769472 -2359296
4063232 1835008
5242880 4784128
2162688 1048576
-1048576 327680
-983040 -917504
524288 -458752
-65536 0
-262144 -1245184
-131072 458752
-589824 1114112
131072 0
458752 -458752
-131072 -524288
65536 -196608
-393216 -458752
327680 1245184
-196608 327680
-131072 -327680
-131072 -589824
-65536 -131072
327680 -262144
-458752 -131072
851968 -65536
-262144 327680
-393216 -458752
-196608 262144
-589824 -65536
393216 -131072
196608 262144
-196608 -327680
65536 0
-393216 262144
458752 65536
393216 -65536
-65536 -327680
196608 327680
-262144 65536
-196608 0
65536 -327680
-262144 0
-131072 -327680
-65536 -65536
131072 196608
131072 -524288
-65536 65536
65536 327680
65536 -589824
0 -327680
-131072 -65536
-655360 65536
-262144 131072
65536 -65536
0 65536
0 -393216
-131072 -458752
65536 458752
196608 0
-65536 -65536
65536 262144
0 0
-393216 0
-131072 -131072
-65536 65536
0 262144
131072 -196608
-196608 -262144
393216 262144
720896 -393216
-65536 -458752
65536 327680
-262144 -65536
-393216 -131072
65536 65536
-393216 -655360
-327680 -393216
524288 393216
458752 -458752
-458752 -524288
-131072 655360
0 655360
-393216 -393216
-65536 -262144
-524288 262144
-196608 262144
524288 0
393216 -65536
262144 -262144
0 -65536
0 -131072
-327680 -196608
-262144 0
0 262144
131072 131072
-196608 0
0 -393216
65536 -262144
-262144 0
-65536 -65536
131072 -196608
-196608 131072
65536 196608
65536 -196608
-196608 0
-196608 -196608
0 -327680
-131072 131072
-196608 0
65536 -65536
-65536 0
65536 65536
131072 0
-262144 0
0 0
131072 0
-196608 0
-65536 0
196608 -393216
-196608 -196608
-131072 0
65536 65536
0 65536
-131072 0
0 0
0 0
0 -65536
0 -131072
65536 -65536
-65536 0
-196608 0
65536 0
-131072 0
-131072 -131072
65536 -65536
65536 0
-65536 -131072
0 0
0 0
-196608 65536
0 0
65536 -196608
-131072 -65536
-262144 0
0 -65536
131072 131072
-196608 196608
0 -196608
131072 -131072
-131072 131072
-65536 -131072
65536 -262144
-65536 65536
-65536 -65536
0 -131072
262144 0
-196608 65536
0 0
262144 -131072
-65536 -65536
-393216 -65536
0 -131072
0 0
-196608 65536
327680 0
65536 -327680
-262144 65536
131072 196608
-262144 -65536
-262144 -131072
131072 131072
-65536 -458752
-131072 0
327680 0
0 0
-262144 262144
262144 196608
-65536 -458752
-458752 -65536
196608 -393216
-65536 -262144
131072 458752
196608 0
-262144 -524288
-327680 196608
-458752 131072
0 0
327680 0
393216 131072
-131072 -327680
-65536 -262144
0 -65536
-262144 262144
-65536 -327680
196608 65536
0 -65536
-262144 -327680
-65536 0
0 458752
0 0
458752 -65536
-524288 -327680
-589824 -262144
-196608 -262144
-131072 655360
196608 262144
196608 -327680
-393216 196608
-65536 0
-327680 -524288
458752 458752
-131072 -131072
-131072 0
589824 65536
-262144 65536
0 -393216
786432 -327680
-327680 0
131072 0
-65536 -131072
-393216 -196608
-327680 -720896
-65536 589824
-65536 -196608
655360 0
0 65536
-786432 -851968
-196608 -131072
-458752 458752
131072 131072
393216 131072
-655360 65536
65536 -393216
-786432 458752
458752 -65536
458752 0
851968 589824
0 -720896
-786432 262144
65536 -851968
-327680 262144
393216 -262144
524288 0
262144 -65536
-1048576 327680
-458752 0
262144 -1376256
1376256 -131072
-262144 131072
-983040 655360
-917504 0
524288 1114112
-983040 -1900544
983040 -720896
2097152 -851968
262144 3080192
-5963776 1048576
131072 -2686976
-393216 -917504
3145728 3735552
4915200 -4063232
327680 1441792
-2228224 -262144
0 983040
1245184 -1507328
-917504 589824
0 -983040
393216 1376256
-327680 -196608
-65536 131072
-393216 -1179648
-327680 0
0 131072
-65536 -131072
851968 196608
-589824 196608
262144 -131072
-327680 -393216
-65536 65536
0 327680
-327680 -131072
655360 -655360
-524288 -65536
0 -589824
-196608 524288
-393216 131072
589824 0
-131072 196608
-393216 0
458752 0
0 -262144
196608 0
-196608 -65536
-524288 0
327680 196608
65536 -65536
0 -393216
0 -262144
-131072 458752
131072 -196608
-65536 262144
65536 196608
-131072 -589824
-131072 -131072
0 65536
-196608 -524288
-262144 -131072
65536 65536
0 262144
262144 131072
-131072 -393216
-131072 -65536
-131072 0
-655360 0
65536 393216
327680 -327680
-327680 -262144
0 0
65536 -196608
-65536 131072
65536 393216
0 0
-65536 262144
-65536 131072
-458752 -458752
262144 -196608
131072 -327680
-327680 -393216
917504 -131072
131072 131072
-524288 -65536
458752 0
-131072 65536
-1179648 -458752
-196608 -327680
196608 65536
-524288 0
262144 -262144
720896 65536
-393216 131072
-131072 -196608
-196608 262144
-393216 524288
131072 0
262144 -65536
0 -196608
65536 -458752
196608 -393216
-131072 131072
0 0
65536 -65536
0 131072
-393216 65536
-131072 -65536
0 0
-131072 0
65536 -196608
327680 -262144
-65536 0
0 0
0 -393216
-196608 196608
-393216 0
0 -262144
131072 327680
-65536 65536
131072 -262144
-65536 -65536
-131072 131072
131072 -196608
-262144 -262144
-196608 196608
196608 65536
0 -196608
0 0
131072 -65536
-262144 0
-196608 -131072
131072 -65536
0 -65536
-196608 -65536
0 0
131072 262144
0 65536
-196608 -262144
65536 -65536
0 0
-196608 -196608
0 -65536
0 0
-262144 0
-65536 0
196608 0
0 -65536
-131072 -131072
0 0
0 -65536
-196608 -65536
-65536 -65536
0 -131072
-65536 0
-131072 196608
196608 0
0 0
-327680 131072
0 -65536
0 0
0 -65536
0 -262144
0 65536
65536 65536
-196608 0
0 65536
0 -131072
-131072 -262144
0 -131072
0 -65536
-196608 -131072
0 0
196608 131072
-327680 -196608
-131072 0
196608 0
-458752 -262144
-131072 0
393216 0
-131072 -262144
-131072 262144
327680 65536
-131072 -262144
-524288 131072
65536 0
0 -327680
-262144 393216
393216 -196608
-65536 -458752
0 196608
131072 -262144
-131072 -327680
-262144 196608
-393216 0
-262144 131072
0 65536
262144 0
65536 -327680
262144 -196608
0 196608
-327680 65536
0 -458752
196608 262144
-262144 -196608
-196608 -327680
458752 -65536
-262144 65536
-524288 0
327680 196608
-65536 -196608
-65536 -327680
0 -524288
-196608 262144
-65536 65536
0 -131072
-196608 393216
-327680 0
-458752 -196608
393216 524288
65536 -524288
0 -196608
262144 131072
-262144 524288
327680 -65536
786432 -131072
-524288 -262144
-458752 -720896
-196608 0
65536 524288
458752 -655360
131072 196608
-393216 -393216
0 -65536
-196608 65536
-786432 -655360
393216 262144
-131072 262144
-655360 -65536
655360 131072
-524288 131072
65536 -65536
-393216 -196608
196608 0
327680 0
-393216 786432
327680 -720896
-327680 262144
131072 0
-131072 0
589824 0
262144 -393216
0 0
-393216 -1310720
0 786432
-196608 -196608
-327680 393216
65536 -1376256
655360 1114112
-327680 131072
131072 524288
327680 -2097152
0 983040
-2621440 -786432
0 -655360
-393216 -458752
2621440 1900544
0 458752
-5242880 -196608
4718592 3538944
1835008 -4325376
3997696 655360
-2424832 1638400
-1048576 -458752
262144 -589824
589824 -720896
-655360 196608
-327680 -1507328
65536 786432
-327680 131072
524288 1114112
-262144 -1310720
196608 524288
-720896 -393216
-327680 -327680
196608 131072
-131072 65536
655360 -262144
-393216 0
524288 65536
-524288 -65536
-262144 -524288
393216 0
-458752 0
0 -131072
-196608 655360
-393216 -393216
-65536 0
-196608 196608
458752 -65536
458752 0
-262144 -393216
0 196608
-458752 262144
65536 458752
655360 -262144
-393216 -196608
-262144 -458752
-262144 -393216
-327680 262144
196608 -131072
327680 196608
262144 -131072
-196608 -327680
-131072 262144
-65536 -65536
-327680 -393216
-196608 -65536
0 0
-196608 0
196608 -196608
-65536 -196608
-196608 131072
262144 -65536
-131072 196608
0 393216
131072 -262144
-393216 -196608
-131072 262144
-262144 -65536
-65536 -327680
0 -196608
-262144 196608
196608 458752
655360 262144
-327680 -131072
-65536 -196608
196608 -131072
-524288 -65536
131072 -655360
0 -196608
-393216 589824
393216 65536
589824 -655360
-655360 -131072
-786432 196608
458752 -65536
65536 0
-458752 -65536
-262144 -262144
-196608 262144
196608 65536
65536 0
65536 393216
262144 0
262144 -196608
0 -65536
-393216 -196608
-196608 -327680
0 0
-65536 -131072
0 -196608
262144 327680
-196608 131072
-131072 -196608
262144 0
-262144 -65536
-393216 -458752
131072 -327680
0 0
0 393216
0 -196608
0 131072
-327680 196608
-196608 -393216
262144 -196608
-262144 0
-196608 -196608
-65536 -65536
0 458752
65536 196608
-65536 -327680
0 -65536
262144 131072
-131072 -262144
-327680 -131072
-65536 0
0 131072
-65536 -131072
0 -196608
131072 0
0 131072
0 0
0 0
0 0
-196608 -196608
-262144 -65536
0 65536
65536 -131072
0 -65536
0 -131072
131072 -65536
-65536 65536
-196608 0
0 -327680
-131072 -131072
-262144 131072
0 -65536
131072 -262144
-65536 131072
-196608 131072
0 -393216
0 0
-262144 262144
-131072 -131072
0 0
131072 131072
65536 -65536
-65536 -196608
0 -131072
-393216 65536
0 65536
65536 -196608
-65536 65536
0 0
0 -262144
0 -131072
0 131072
131072 -65536
-131072 -196608
-131072 65536
-131072 0
-524288 -196608
0 0
262144 0
-131072 -131072
0 65536
196608 0
-262144 -131072
-262144 65536
0 -262144
-327680 -65536
-131072 327680
524288 -131072
0 0
65536 196608
0 -393216
-262144 -131072
-327680 -131072
-327680 -327680
-196608 0
262144 262144
327680 327680
0 131072
131072 -65536
-262144 0
-458752 -393216
131072 -393216
65536 262144
0 -196608
65536 -327680
262144 65536
-458752 0
-131072 -196608
262144 131072
-196608 131072
-65536 -393216
262144 -589824
-458752 262144
-262144 65536
-65536 -262144
-262144 458752
0 -65536
-262144 -458752
-131072 393216
196608 65536
0 0
196608 0
-589824 0
-196608 0
851968 262144
65536 -65536
262144 -851968
131072 0
-786432 327680
262144 -327680
524288 655360
-131072 -327680
-327680 -655360
-262144 196608
-655360 -524288
262144 196608
-196608 327680
0 -196608
720896 131072
-1114112 -458752
-393216 -589824
-131072 65536
-458752 786432
524288 0
0 131072
524288 -196608
-1179648 -65536
196608 196608
720896 -524288
65536 851968
589824 -786432
-131072 393216
-393216 -917504
-983040 524288
458752 -983040
917504 655360
917504 589824
-1441792 0
-393216 -1245184
0 -262144
458752 -589824
-393216 -655360
1179648 655360
-1048576 1245184
-2228224 2424832
-851968 -2359296
3735552 -4128768
-1048576 589824
-3866624 2883584
8257536 -458752
-2883584 589824
4718592 -3801088
1048576 1835008
-1179648 786432
-2490368 262144
327680 -1507328
786432 720896
-262144 -720896
-589824 -393216
458752 655360
262144 65536
-196608 262144
-983040 -1638400
917504 0
-983040 -327680
524288 786432
0 327680
-65536 327680
262144 -393216
-786432 -655360
786432 -458752
-655360 327680
131072 -524288
0 196608
-196608 -65536
196608 -196608
-262144 65536
-589824 -262144
131072 720896
0 196608
393216 -65536
131072 -196608
-196608 -589824
65536 0
-655360 262144
393216 458752
524288 -262144
-458752 0
0 -262144
-262144 -196608
0 262144
131072 -196608
0 0
-327680 -65536
0 -589824
65536 65536
-65536 -196608
-458752 -196608
-131072 0
65536 262144
0 393216
196608 -262144
-131072 -393216
-327680 131072
0 -196608
-262144 0
0 196608
65536 -131072
-65536 0
262144 0
65536 -262144
-393216 65536
-262144 131072
-65536 196608
0 393216
327680 -131072
-131072 -458752
0 -196608
196608 -327680
-65536 -131072
196608 0
-131072 65536
0 131072
393216 0
-393216 -458752
-786432 -393216
-262144 131072
-131072 65536
0 -262144
327680 -196608
65536 196608
-524288 327680
327680 -65536
-65536 -65536
-262144 262144
0 -131072
65536 -131072
131072 0
0 -131072
0 -196608
0 0
-196608 -131072
-131072 -327680
196608 131072
-327680 458752
-262144 -65536
524288 -131072
0 0
-458752 -131072
65536 -327680
0 -262144
-131072 196608
-65536 -196608
0 0
0 458752
-65536 -65536
131072 -327680
-196608 131072
0 0
-65536 -327680
-65536 0
196608 131072
0 -196608
-196608 -131072
262144 0
0 -131072
-262144 0
0 65536
0 -65536
-65536 -65536
-65536 0
-65536 -131072
0 0
131072 131072
0 -65536
-131072 0
0 0
0 65536
-131072 0
65536 -327680
65536 0
-327680 0
-131072 -196608
262144 -65536
-262144 0
-262144 0
262144 -131072
131072 0
-196608 0
-131072 -393216
0 -196608
-393216 393216
-262144 0
65536 -262144
0 327680
131072 196608
262144 -196608
65536 -65536
-196608 0
-393216 0
0 -196608
-65536 -65536
0 131072
327680 -131072
65536 0
-65536 65536
0 -131072
0 -262144
-524288 -262144
0 -131072
0 -65536
-393216 0
262144 196608
196608 0
-262144 -65536
0 0
65536 -131072
-262144 0
-65536 65536
196608 -262144
-327680 0
-262144 327680
196608 -65536
0 -65536
196608 131072
131072 -458752
-262144 -327680
-131072 0
-196608 0
-131072 131072
0 65536
0 65536
-131072 -131072
262144 -196608
-65536 65536
-262144 -196608
131072 0
0 262144
-131072 -196608
196608 -196608
262144 196608
-327680 -196608
-262144 -131072
131072 131072
-589824 -196608
-131072 -262144
720896 65536
-196608 0
-131072 -131072
262144 -131072
-393216 393216
-327680 -262144
-327680 -458752
65536 196608
-65536 65536
-393216 131072
655360 131072
0 -262144
-65536 0
393216 196608
-262144 393216
393216 -458752
196608 -458752
-786432 0
262144 -131072
65536 655360
0 -65536
196608 -720896
65536 131072
-655360 -917504
65536 196608
196608 589824
-458752 -262144
262144 196608
-589824 -589824
-524288 -655360
0 0
-655360 262144
589824 655360
65536 393216
65536 -196608
-327680 -1245184
-524288 851968
327680 -196608
-196608 1048576
1048576 -196608
-458752 327680
65536 -1114112
-262144 -393216
655360 393216
-524288 196608
983040 196608
196608 -1769472
-393216 655360
-1572864 -262144
393216 1245184
131072 -1835008
917504 851968
-1638400 -1638400
1245184 917504
-720896 -393216
1245184 -917504
-2752512 -1769472
-2031616 2359296
720896 1441792
6815744 -1966080
-1114112 5898240
-1572864 -2949120
4521984 -1572864
0 917504
-786432 983040
-2162688 1310720
917504 -2818048
524288 -131072
-65536 -917504
-196608 1310720
-65536 -262144
262144 1114112
-786432 -196608
-458752 -1441792
524288 0
-393216 0
1179648 589824
-917504 -327680
458752 65536
-65536 -196608
-458752 -196608
393216 -131072
-720896 131072
458752 -458752
-327680 262144
0 -327680
327680 0
-458752 131072
-458752 -65536
196608 655360
-131072 -262144
655360 -65536
0 -131072
-327680 -65536
65536 196608
-851968 524288
458752 0
327680 -786432
-262144 -131072
0 -393216
-262144 65536
-65536 196608
65536 -196608
327680 262144
0 0
196608 -524288
-65536 -262144
-589824 -262144
-589824 131072
0 327680
131072 -262144
262144 -65536
262144 -196608
-327680 -262144
-196608 327680
262144 196608
-65536 131072
-393216 65536
-65536 -262144
0 0
0 -262144
-393216 -524288
-262144 327680
262144 262144
0 -196608
131072 393216
589824 458752
0 -262144
-65536 -393216
-262144 -131072
-851968 -196608
131072 -524288
524288 0
-262144 0
262144 -131072
655360 327680
-589824 0
-851968 -458752
65536 196608
-327680 196608
-393216 -917504
65536 -196608
-327680 786432
393216 65536
655360 -131072
65536 327680
-65536 -327680
65536 -131072
0 65536
-589824 -131072
-196608 -262144
262144 131072
-65536 -196608
-262144 -262144
524288 0
65536 393216
-327680 0
327680 -262144
-65536 -65536
-655360 0
196608 -393216
0 -327680
-327680 262144
0 65536
262144 -131072
0 196608
-131072 -65536
65536 -262144
-262144 131072
0 0
65536 -262144
-327680 196608
0 262144
327680 -262144
-65536 -196608
0 -131072
0 -327680
-131072 0
0 327680
-65536 65536
-131072 -262144
0 131072
-65536 -65536
0 -196608
196608 0
0 0
-196608 65536
0 0
131072 -65536
-131072 0
-262144 -327680
0 0
131072 131072
-196608 -196608
65536 -131072
0 131072
-131072 131072
0 -131072
0 -393216
-131072 -196608
-327680 0
0 0
65536 131072
-131072 196608
65536 -65536
0 0
-65536 0
0 -196608
-65536 -131072
0 -65536
-131072 0
0 196608
0 0
-196608 0
65536 65536
196608 -131072
0 -262144
-262144 -262144
0 65536
-262144 0
-262144 -131072
458752 0
0 0
-327680 -131072
131072 65536
0 -65536
-393216 -65536
-65536 0
196608 -196608
-262144 0
0 131072
393216 -131072
-196608 327680
131072 262144
0 -655360
-327680 0
-65536 0
-131072 -393216
196608 0
262144 0
0 65536
-524288 -131072
-196608 196608
0 327680
0 -327680
262144 -262144
0 131072
-65536 -65536
131072 131072
131072 65536
-262144 -196608
0 -262144
65536 -65536
-524288 -131072
65536 0
327680 65536
-262144 262144
196608 -393216
65536 -589824
-917504 0
-327680 -131072
262144 -327680
0 458752
-327680 -65536
-196608 0
131072 655360
-65536 327680
0 -458752
196608 -196608
-458752 196608
65536 0
589824 0
-196608 65536
196608 -393216
131072 327680
-393216 0
-131072 -655360
196608 0
-393216 -655360
0 -131072
262144 524288
-589824 -458752
393216 65536
-327680 -196608
-393216 -393216
524288 65536
-589824 131072
0 196608
-65536 -327680
-524288 524288
-65536 -589824
-720896 196608
1179648 -458752
-196608 786432
458752 524288
-196608 -262144
-131072 524288
-262144 -1769472
393216 196608
327680 -524288
524288 1638400
-524288 -851968
-1048576 131072
65536 -1179648
393216 851968
1048576 -786432
1114112 720896
-1310720 -1048576
-1835008 851968
-589824 -851968
196608 -1048576
655360 -131072
-196608 1572864
-3473408 -983040
4653056 -65536
9502720 524288
2359296 4915200
-2490368 1048576
2097152 -3211264
917504 -2424832
-851968 655360
65536 1966080
-1376256 -458752
-65536 -1179648
327680 851968
65536 -1114112
0 983040
65536 -1179648
589824 1048576
-983040 -458752
-262144 -65536
-131072 -720896
-327680 -131072
851968 720896
-851968 196608
1310720 0
-720896 0
196608 -720896
-262144 -262144
-786432 0
524288 -524288
0 589824
-131072 -262144
196608 327680
-327680 -65536
-262144 -196608
131072 720896
0 -196608
524288 -131072
-458752 -262144
-327680 0
196608 -65536
-262144 327680
786432 -262144
-196608 -262144
-262144 720896
196608 -262144
-196608 -196608
-196608 0
65536 -327680
262144 0
-65536 -196608
65536 -589824
65536 0
-589824 196608
-131072 262144
589824 262144
-196608 -393216
-393216 -65536
0 -65536
-65536 0
0 65536
131072 -458752
-131072 -131072
-65536 262144
-65536 -131072
196608 65536
65536 131072
-524288 0
-327680 0
65536 -196608
-65536 -262144
0 0
917504 0
0 -131072
-327680 -262144
196608 0
-327680 393216
-327680 -196608
262144 -458752
-196608 0
-458752 -131072
262144 -393216
262144 65536
-720896 0
0 -262144
131072 196608
-524288 65536
-65536 -65536
0 720896
131072 0
327680 -655360
0 0
-393216 -131072
0 -262144
393216 327680
-131072 393216
0 -262144
131072 -327680
-327680 -131072
-524288 -65536
393216 -131072
131072 262144
-327680 65536
393216 -262144
196608 65536
-589824 131072
0 -589824
-131072 -589824
-196608 327680
0 65536
196608 -196608
-65536 327680
-65536 131072
65536 -393216
-131072 0
-327680 0
0 -524288
0 65536
65536 458752
262144 -327680
0 -327680
-131072 196608
-131072 -65536
-196608 -131072
131072 0
65536 0
-196608 -327680
-131072 196608
131072 131072
-65536 -196608
0 -65536
0 0
131072 0
0 -65536
-65536 -131072
-65536 131072
0 -65536
0 -65536
65536 0
-131072 -196608
-65536 0
0 65536
65536 -65536
131072 -131072
-327680 -131072
-196608 -131072
0 0
-65536 196608
0 0
-65536 65536
0 0
-65536 0
-196608 65536
196608 -262144
0 -196608
0 65536
65536 -131072
-196608 65536
0 196608
0 -65536
0 -131072
0 -196608
65536 -262144
-262144 -196608
-131072 131072
393216 262144
-196608 -131072
-262144 -196608
0 0
-65536 -327680
-393216 0
262144 0
327680 -131072
-262144 262144
-65536 65536
131072 -327680
-524288 262144
-65536 0
0 -393216
65536 -131072
0 -131072
0 -131072
65536 327680
65536 65536
-65536 0
-327680 -655360
-196608 65536
-262144 327680
-262144 131072
524288 -65536
65536 65536
-131072 -655360
0 0
327680 458752
-65536 131072
0 -196608
131072 0
-65536 -851968
-262144 -196608
262144 196608
-393216 196608
65536 65536
524288 65536
-262144 -458752
-262144 -786432
-65536 -196608
-196608 917504
0 -524288
-458752 -262144
-131072 262144
-131072 0
0 0
524288 458752
-524288 -196608
-327680 0
786432 0
0 393216
327680 -458752
-196608 0
-524288 0
65536 -327680
131072 131072
131072 -458752
393216 -589824
0 1114112
-851968 -458752
262144 -65536
-196608 -458752
-589824 -851968
458752 196608
-131072 0
-196608 196608
0 -131072
-720896 0
393216 -327680
-524288 393216
458752 524288
-262144 -262144
0 720896
0 -1245184
-589824 1048576
851968 -1114112
0 1703936
262144 -851968
0 -196608
589824 -720896
-655360 655360
-589824 0
-196608 131072
1114112 -393216
131072 -983040
-327680 393216
-1310720 -917504
786432 458752
-851968 -393216
1638400 1048576
-131072 262144
-1900544 -2359296
-3473408 -2555904
3145728 1572864
13631488 1703936
3080192 917504
-262144 1966080
-2359296 -131072
1048576 -1441792
-589824 393216
720896 -983040
131072 1638400
-983040 -655360
196608 0
131072 -1572864
65536 -65536
-393216 458752
65536 -589824
458752 1114112
-1048576 -393216
393216 0
-786432 -1048576
131072 393216
720896 262144
-589824 -262144
1179648 -65536
-786432 131072
458752 -786432
-655360 262144
-196608 262144
0 -131072
-131072 327680
0 -786432
65536 65536
-524288 -196608
196608 393216
458752 262144
-327680 -262144
131072 0
-720896 0
196608 131072
458752 -196608
-458752 65536
131072 -589824
-524288 0
327680 393216
458752 -458752
-196608 -196608
-196608 131072
0 0
131072 131072
-131072 -196608
-196608 -524288
65536 -196608
-327680 65536
-196608 0
131072 -196608
-327680 -196608
0 393216
393216 131072
0 -196608
-131072 -65536
-196608 0
-327680 0
-196608 65536
0 -131072
0 -131072
65536 -196608
-196608 -131072
-131072 524288
262144 262144
131072 -131072
0 196608
393216 -131072
-131072 -196608
-196608 65536
0 -327680
-393216 -262144
0 196608
327680 -65536
0 -655360
-131072 196608
131072 655360
262144 -262144
-458752 -655360
-655360 -131072
-524288 196608
-196608 0
524288 -65536
0 655360
65536 65536
393216 -458752
196608 0
-458752 -65536
-327680 -327680
196608 65536
-65536 131072
-196608 -196608
0 0
-65536 262144
-196608 0
393216 -524288
196608 -65536
-393216 65536
65536 -262144
262144 0
-524288 327680
-196608 0
-131072 -393216
-65536 131072
0 0
131072 -327680
131072 0
-131072 131072
0 -262144
0 0
-196608 327680
-65536 -65536
0 -196608
131072 262144
131072 -131072
-196608 -393216
-131072 0
65536 0
0 -131072
-131072 -196608
-131072 262144
65536 131072
0 65536
-65536 0
0 -196608
0 -196608
-262144 -65536
-65536 -65536
131072 0
0 0
-65536 196608
196608 0
0 -131072
-196608 0
-131072 -65536
0 -327680
-65536 -65536
-131072 0
262144 -131072
-65536 0
-196608 131072
0 -131072
-262144 0
-196608 -65536
0 0
65536 0
196608 -131072
0 0
65536 65536
-196608 -196608
-196608 65536
65536 0
0 -131072
-131072 0
65536 0
65536 0
-196608 -65536
0 0
458752 65536
-262144 -65536
-131072 -65536
0 0
-262144 -131072
-327680 0
393216 -196608
0 -65536
-196608 196608
327680 -65536
131072 -65536
-655360 65536
0 -458752
-262144 -262144
-196608 458752
65536 65536
393216 -262144
131072 131072
131072 0
-196608 -196608
-262144 -327680
-262144 0
-458752 -65536
0 0
589824 131072
-65536 327680
0 -327680
-65536 262144
-65536 131072
-393216 -524288
131072 -393216
196608 196608
-196608 -131072
-65536 131072
327680 0
-655360 196608
131072 65536
262144 -327680
-393216 -262144
196608 -327680
65536 -524288
-851968 458752
0 -524288
65536 0
-131072 262144
-393216 131072
65536 0
458752 131072
-327680 -655360
-393216 -65536
65536 327680
-524288 1114112
720896 -262144
589824 0
-327680 -458752
-655360 -786432
196608 655360
720896 524288
262144 -393216
65536 131072
-786432 -1376256
-262144 65536
65536 393216
0 -458752
851968 327680
-327680 -393216
-786432 -262144
131072 -524288
-1376256 0
327680 720896
0 -655360
327680 524288
262144 -524288
-983040 1245184
131072 -851968
-851968 1114112
786432 -393216
393216 0
720896 -327680
-262144 327680
-262144 -65536
-917504 -720896
786432 720896
327680 -720896
196608 786432
131072 -720896
-720896 524288
-1245184 -720896
1048576 720896
-851968 -1835008
851968 458752
720896 -1114112
393216 0
-4915200 -262144
2031616 393216
-2490368 65536
11665408 6684672
4980736 -3473408
983040 4194304
-2621440 1114112
-983040 -65536
2359296 -1835008
262144 -458752
458752 -1572864
-1048576 1441792
-327680 -262144
-524288 1376256
-589824 -1310720
1310720 131072
-196608 -786432
0 -655360
458752 262144
-786432 196608
655360 655360
-1245184 -589824
655360 327680
-655360 0
0 -65536
851968 -327680
-393216 65536
851968 -458752
-983040 327680
0 -458752
0 -131072
-131072 0
0 -131072
0 851968
-327680 -131072
458752 393216
-131072 -524288
-655360 -393216
262144 65536
-196608 196608
589824 -196608
65536 -458752
-458752 262144
131072 -65536
-262144 524288
327680 262144
65536 -524288
-131072 -131072
-327680 -393216
65536 -458752
327680 0
-131072 -131072
-196608 -131072
0 196608
-262144 131072
0 196608
262144 0
-524288 -196608
-196608 -65536
393216 -131072
-524288 -262144
-262144 -196608
524288 -65536
0 65536
-196608 131072
-131072 -65536
-65536 131072
-262144 196608
-393216 0
0 65536
524288 -262144
0 -720896
0 -65536
720896 262144
-131072 65536
0 131072
262144 196608
-851968 65536
-65536 -524288
524288 -393216
-851968 -327680
-458752 -327680
1114112 65536
327680 131072
-917504 -393216
65536 -65536
-131072 917504
-786432 393216
327680 -851968
0 262144
-262144 196608
393216 -786432
262144 -65536
-393216 196608
-65536 -262144
393216 0
-196608 458752
-327680 -131072
131072 -131072
-65536 65536
-262144 -65536
131072 -589824
262144 -65536
-65536 262144
131072 -65536
327680 -131072
-393216 262144
-262144 -65536
-196608 -458752
0 131072
-65536 65536
0 -327680
0 0
0 196608
0 -131072
-65536 -196608
-65536 131072
131072 0
-65536 -327680
-262144 65536
65536 0
0 -131072
-65536 65536
0 -131072
0 -65536
-65536 -65536
-131072 196608
65536 0
196608 -131072
-196608 0
-393216 0
65536 -131072
0 0
-65536 -65536
65536 0
196608 -131072
-131072 0
-131072 65536
0 -196608
0 -196608
-131072 65536
0 0
196608 -196608
-65536 0
-65536 0
0 -262144
-327680 0
0 -65536
-65536 -65536
-196608 0
196608 65536
196608 131072
131072 0
-262144 -196608
-131072 65536
131072 -131072
-327680 -131072
-131072 0
262144 0
65536 -65536
-131072 0
196608 0
65536 0
-524288 -131072
65536 -131072
131072 -262144
-262144 -262144
-65536 65536
327680 65536
0 0
-262144 196608
65536 -131072
0 -262144
-196608 -65536
0 -262144
-393216 -196608
-131072 262144
131072 0
131072 65536
131072 0
0 -327680
-196608 -131072
0 -65536
-65536 -65536
-327680 -65536
-131072 -65536
0 262144
-65536 65536
196608 -393216
0 0
0 65536
-196608 -262144
0 65536
-65536 327680
-131072 0
196608 -65536
393216 0
-524288 -327680
-65536 -196608
0 65536
-65536 196608
458752 -720896
131072 -524288
-524288 393216
-65536 0
0 0
131072 0
-393216 -589824
-393216 -262144
-131072 262144
-196608 -65536
65536 196608
524288 393216
-458752 393216
196608 0
196608 327680
0 -327680
0 -983040
-65536 196608
-196608 393216
458752 -65536
720896 262144
-524288 -655360
-262144 -524288
327680 0
-327680 -524288
458752 524288
65536 -393216
-1048576 -393216
131072 0
-786432 -196608
0 327680
327680 -524288
-524288 786432
327680 -786432
-917504 458752
655360 -589824
-1048576 720896
393216 786432
196608 -524288
65536 589824
458752 -1179648
-131072 917504
-65536 -327680
-327680 786432
458752 -1376256
0 983040
0 -720896
-262144 65536
-65536 -720896
720896 458752
655360 -262144
-655360 262144
-851968 -262144
-2031616 -1179648
-262144 -1835008
2949120 262144
3538944 1179648
-7995392 -393216
9437184 13565952
720896 -6815744
6225920 2949120
-196608 1572864
-3538944 2031616
-655360 -2818048
1245184 -786432
-655360 -1572864
393216 262144
65536 786432
589824 786432
-65536 1114112
-393216 -2490368
458752 -393216
-1638400 -327680
327680 524288
-65536 262144
131072 327680
458752 0
-1114112 -851968
1114112 -65536
-917504 196608
1179648 65536
0 131072
-327680 -131072
65536 -786432
-1048576 458752
196608 -393216
-65536 327680
-131072 -327680
131072 -65536
262144 655360
-65536 -524288
327680 0
-720896 -65536
-458752 458752
131072 196608
-393216 0
655360 -589824
196608 -589824
-65536 0
65536 -131072
0 589824
65536 131072
-65536 -327680
65536 131072
0 -327680
-131072 -458752
0 65536
-524288 -65536
0 -196608
393216 131072
0 -196608
-196608 0
196608 0
-458752 65536
-393216 393216
327680 0
0 -131072
-327680 -131072
65536 -524288
0 -196608
-131072 -65536
-196608 -65536
-262144 262144
262144 196608
196608 131072
-131072 262144
131072 0
0 -131072
-262144 -196608
327680 -524288
-262144 0
-196608 131072
917504 -327680
-65536 131072
-720896 131072
196608 -196608
-65536 65536
-655360 0
131072 -655360
458752 -131072
-655360 131072
-327680 -589824
0 196608
-393216 983040
393216 -262144
262144 131072
-196608 327680
-65536 -786432
262144 -196608
-327680 262144
-524288 -589824
327680 -393216
262144 524288
-458752 131072
131072 -131072
327680 196608
-262144 65536
-131072 -524288
196608 -327680
-196608 -65536
-196608 -131072
327680 -131072
-131072 327680
-327680 393216
0 -196608
65536 -262144
-262144 0
-131072 -262144
131072 -196608
-196608 196608
0 0
0 -131072
-196608 196608
131072 65536
327680 -524288
-262144 0
-196608 196608
0 -196608
0 0
-65536 0
-131072 -65536
0 -196608
65536 0
-131072 65536
0 -65536
131072 0
-196608 196608
0 0
65536 -196608
0 -262144
-196608 0
0 -65536
65536 -65536
0 0
-65536 65536
-65536 0
131072 0
-65536 65536
0 -393216
-131072 -327680
-327680 0
0 -131072
0 0
-65536 65536
65536 0
0 196608
0 0
-65536 -327680
0 -131072
0 -131072
-393216 0
65536 0
131072 0
-327680 196608
-131072 0
458752 -196608
0 -131072
-262144 -65536
262144 -65536
-131072 0
-393216 65536
0 0
65536 -262144
-65536 0
0 196608
262144 -262144
-196608 0
-393216 196608
0 -458752
-65536 -327680
-65536 131072
0 -131072
65536 196608
65536 262144
-196608 -65536
-196608 -196608
-131072 -196608
65536 0
0 -196608
131072 -196608
0 196608
-327680 0
0 65536
0 327680
-131072 0
-131072 -524288
0 0
131072 262144
-65536 -131072
327680 65536
262144 196608
-655360 -327680
0 -196608
131072 -131072
-458752 262144
655360 65536
327680 -65536
-655360 65536
-65536 -786432
0 -458752
-196608 655360
-65536 -458752
0 -720896
-327680 131072
-655360 458752
131072 327680
458752 0
-262144 -65536
65536 0
-458752 -131072
-458752 393216
589824 -524288
524288 262144
65536 458752
-196608 -131072
196608 458752
-327680 -458752
65536 -983040
262144 393216
-262144 -524288
327680 196608
-131072 -262144
-1310720 -393216
720896 393216
-262144 -786432
-65536 0
1048576 -458752
-1310720 327680
65536 -196608
-1048576 262144
196608 524288
-393216 -589824
262144 786432
1179648 -786432
-917504 1376256
196608 -655360
-917504 720896
786432 -1310720
458752 589824
524288 -327680
-786432 327680
458752 458752
-655360 -65536
-327680 65536
-851968 -1245184
1703936 -262144
-65536 -917504
1900544 786432
-2818048 524288
-851968 2031616
-2293760 -2555904
5242880 -4915200
-983040 1376256
-2555904 720896
11534336 13172736
-8585216 5373952
3735552 -5373952
3538944 -196608
655360 1179648
-2949120 2555904
-1179648 -2949120
1376256 1245184
589824 -1376256
196608 -131072
-720896 -524288
655360 1310720
-1638400 65536
-589824 -1900544
1769472 196608
-196608 -327680
917504 655360
-983040 -65536
196608 327680
-720896 -65536
-655360 -458752
1114112 0
-917504 327680
1376256 -720896
-524288 -131072
327680 0
-262144 65536
-327680 393216
0 -720896
-524288 524288
-524288 -524288
65536 131072
196608 262144
-196608 -327680
327680 0
-917504 -196608
0 327680
720896 65536
-262144 0
393216 -262144
-262144 -131072
-458752 65536
-262144 0
196608 327680
524288 -196608
65536 -262144
262144 65536
-65536 -655360
-458752 -655360
-65536 393216
-458752 327680
131072 196608
327680 0
-327680 -458752
-327680 0
-65536 131072
0 -65536
196608 0
131072 -262144
-131072 -131072
-196608 0
131072 0
-65536 65536
-262144 -131072
-196608 -327680
-327680 327680
65536 0
327680 -327680
65536 262144
327680 65536
196608 -458752
-262144 -196608
-196608 -65536
-131072 458752
262144 393216
327680 -458752
-393216 -524288
-327680 0
393216 -131072
-131072 -524288
-262144 -327680
65536 65536
0 196608
-262144 131072
-65536 -131072
-196608 393216
-327680 524288
458752 -983040
196608 -393216
-458752 458752
-262144 -196608
458752 0
196608 458752
-458752 -131072
0 -589824
262144 0
-458752 262144
0 0
393216 -65536
-196608 131072
-327680 -196608
196608 -327680
-65536 -65536
-262144 0
327680 -262144
0 0
-65536 458752
0 -131072
-65536 -327680
-393216 262144
-131072 0
196608 -524288
-131072 65536
-65536 65536
196608 -262144
0 65536
0 196608
-65536 -524288
-327680 0
-131072 458752
-65536 -196608
0 -196608
65536 0
-65536 -131072
-262144 -131072
65536 0
0 0
-262144 0
65536 0
131072 0
0 0
0 -131072
-65536 -196608
-65536 -65536
0 0
0 0
-65536 -131072
-65536 0
0 196608
196608 -196608
0 -196608
-262144 -196608
-65536 -196608
-196608 131072
-65536 -65536
0 -65536
-131072 262144
0 0
-65536 -196608
131072 0
0 -131072
-262144 -327680
131072 -131072
0 65536
-196608 196608
65536 0
262144 196608
-196608 0
-131072 -458752
196608 -327680
-262144 -65536
-131072 0
262144 65536
65536 0
-327680 196608
-131072 0
131072 -393216
-65536 -65536
-65536 -65536
196608 -327680
-262144 131072
-196608 196608
0 -196608
-196608 65536
-131072 0
0 -327680
65536 -131072
65536 -65536
0 262144
-131072 0
196608 0
-262144 0
-524288 -327680
-196608 0
-196608 327680
262144 0
262144 -393216
131072 -131072
-131072 -131072
-458752 0
131072 720896
196608 262144
-327680 -327680
0 -262144
0 0
-458752 -262144
262144 -131072
131072 65536
0 131072
196608 -589824
0 65536
-262144 327680
-262144 -458752
65536 -131072
131072 65536
-458752 -786432
-458752 -196608
196608 786432
0 327680
-65536 -196608
-196608 -393216
-262144 458752
262144 327680
327680 589824
65536 0
-262144 -655360
-65536 458752
-589824 -327680
262144 -393216
524288 720896
65536 -524288
65536 0
262144 0
-1114112 -786432
65536 262144
131072 -655360
-327680 327680
983040 -524288
-1245184 -655360
196608 -65536
-786432 196608
-131072 1114112
786432 -655360
-393216 655360
851968 -917504
-1507328 131072
327680 65536
-851968 1048576
262144 458752
655360 -393216
786432 -393216
-65536 -458752
-589824 1245184
-393216 -1441792
720896 786432
-524288 -655360
589824 1638400
-262144 -917504
589824 -458752
-2293760 -720896
1900544 -917504
1114112 -131072
589824 0
-3145728 1048576
-2031616 -3604480
5373952 -720896
13107200 8257536
-2752512 12910592
-2621440 -1179648
917504 -2752512
2818048 -2752512
-524288 1441792
-2228224 1966080
-131072 -1703936
2293760 -851968
0 -1179648
-458752 786432
-917504 -393216
1507328 2228224
-1966080 -65536
851968 -1310720
458752 -1245184
-458752 -655360
262144 720896
-1376256 327680
1245184 786432
-655360 589824
720896 -786432
0 -851968
-851968 131072
851968 -131072
-851968 196608
589824 -65536
-65536 -131072
-196608 -524288
-589824 -589824
-393216 983040
65536 -262144
458752 720896
65536 -65536
-458752 -524288
0 -458752
-917504 0
196608 589824
589824 0
-196608 -65536
0 -327680
-131072 -196608
0 -65536
393216 -131072
196608 262144
-196608 -131072
-196608 65536
393216 -65536
-327680 -786432
-458752 -589824
196608 458752
-327680 131072
0 -262144
458752 262144
-458752 -196608
-131072 -65536
196608 589824
-196608 -131072
-262144 -524288
-131072 -65536
-131072 327680
65536 0
327680 -720896
-65536 -131072
-327680 0
-327680 -262144
-262144 458752
131072 720896
327680 196608
0 0
65536 -131072
-262144 -589824
-458752 -262144
196608 0
0 0
65536 -196608
655360 0
-131072 458752
-589824 0
393216 -131072
-131072 196608
-851968 -851968
0 -1048576
262144 524288
-589824 458752
262144 -589824
589824 393216
-458752 1114112
-65536 -786432
262144 -196608
-262144 589824
-327680 -393216
262144 -393216
131072 0
-524288 -393216
-196608 -262144
327680 393216
0 327680
131072 0
458752 -262144
-196608 0
-393216 -65536
65536 -327680
-262144 -262144
-589824 0
196608 0
0 0
0 327680
0 0
196608 -393216
-196608 0
-327680 0
-65536 -589824
-196608 131072
-65536 458752
196608 -65536
0 -262144
0 0
0 -262144
-131072 -327680
0 131072
0 0
-196608 -65536
-262144 65536
0 131072
0 -131072
0 0
65536 -131072
0 -131072
0 0
-196608 -131072
0 -131072
-65536 65536
-65536 196608
196608 0
65536 -196608
-196608 -65536
-262144 0
0 -196608
65536 -65536
0 -131072
65536 -131072
-65536 0
-65536 -65536
-65536 131072
-262144 0
-196608 -327680
-65536 -131072
262144 65536
0 -196608
-196608 0
262144 65536
-65536 65536
-458752 -65536
-65536 -262144
131072 0
-196608 0
0 -131072
393216 -131072
-327680 0
-196608 0
65536 0
0 0
-196608 0
0 -262144
65536 -327680
-327680 131072
-262144 -65536
131072 -327680
-65536 196608
262144 327680
65536 -458752
-65536 -196608
-131072 0
-393216 -65536
-131072 -131072
262144 0
0 131072
0 -131072
-65536 0
-65536 262144
0 -458752
0 -458752
-393216 65536
0 -65536
-65536 65536
327680 131072
0 -65536
-262144 65536
-196608 327680
0 0
-393216 -196608
458752 -196608
262144 -458752
-131072 -196608
131072 327680
-196608 196608
-851968 262144
720896 0
393216 -262144
-393216 -327680
0 -786432
327680 -458752
-458752 327680
-524288 -262144
131072 0
262144 589824
-1048576 524288
196608 65536
196608 -458752
-786432 0
0 -65536
786432 327680
65536 589824
-393216 -655360
-458752 0
-196608 0
327680 196608
917504 720896
655360 -720896
-327680 -589824
-458752 327680
-1048576 -1114112
131072 393216
1114112 -196608
-655360 -65536
1310720 -196608
-851968 -262144
-458752 65536
-458752 -786432
-720896 720896
786432 -196608
-327680 -131072
786432 -393216
-1376256 131072
-589824 786432
-262144 0
196608 1179648
1441792 -851968
327680 262144
0 -1376256
-786432 1048576
-589824 0
-720896 917504
-262144 -1114112
2031616 -1441792
1048576 983040
393216 327680
-1310720 851968
-2097152 -1048576
786432 -917504
-786432 -3866624
4063232 3080192
-983040 3342336
-4259840 -4194304
1114112 -3145728
3866624 6750208
5177344 1900544
-1048576 2949120
196608 851968
-1703936 -1441792
1376256 -2686976
196608 2818048
-720896 -262144
-786432 -1048576
393216 -851968
-65536 0
393216 262144
-262144 -327680
1310720 1572864
-1638400 -327680
655360 -917504
-1114112 -1048576
327680 196608
196608 720896
-393216 589824
1376256 -262144
-1245184 -65536
983040 -917504
-1048576 -65536
-65536 327680
655360 -65536
-65536 393216
458752 -524288
-655360 0
-65536 -458752
-524288 196608
-393216 1114112
0 -458752
458752 0
0 -655360
-589824 -196608
-131072 196608
-65536 393216
720896 262144
65536 -393216
-524288 0
0 -65536
0 131072
-131072 -65536
0 -327680
131072 131072
327680 -131072
131072 0
655360 0
-524288 -393216
-851968 -458752
0 524288
-393216 131072
-131072 -262144
589824 196608
-262144 65536
-131072 -131072
131072 65536
-131072 65536
-196608 -196608
196608 131072
196608 65536
0 0
-393216 -458752
-458752 -65536
-131072 131072
-196608 -65536
-131072 131072
589824 65536
917504 -327680
0 -196608
-131072 262144
-65536 65536
-524288 0
0 -262144
0 -65536
-458752 -65536
655360 -524288
720896 0
-524288 0
0 -393216
524288 0
-786432 65536
-1245184 -393216
262144 393216
0 983040
-196608 -589824
524288 -851968
0 786432
-65536 -327680
196608 -524288
-196608 524288
-524288 131072
262144 -196608
196608 327680
-655360 0
0 -458752
589824 -262144
-131072 0
-131072 -131072
262144 -196608
-131072 458752
-262144 196608
196608 -458752
-131072 -196608
-458752 131072
262144 -262144
0 -327680
-65536 262144
-131072 196608
0 -393216
0 -65536
-196608 327680
-131072 -262144
0 0
65536 131072
196608 -65536
-262144 -262144
-131072 0
65536 -131072
-65536 -131072
-196608 0
-65536 -65536
0 65536
-196608 196608
0 0
131072 -458752
-65536 -65536
-262144 0
0 -131072
393216 0
-327680 65536
-131072 65536
196608 65536
0 -65536
-131072 -327680
65536 -262144
0 -65536
-196608 65536
0 0
196608 0
-196608 0
-65536 -131072
65536 0
-327680 -262144
-262144 -196608
0 65536
65536 131072
-262144 -131072
0 65536
393216 131072
-393216 0
-196608 -65536
589824 -131072
0 -65536
-655360 -131072
131072 -131072
393216 196608
-393216 65536
196608 -65536
262144 0
-196608 65536
-327680 -196608
65536 -458752
0 -262144
-262144 262144
262144 -65536
262144 0
-393216 458752
0 65536
-131072 -458752
262144 0
-196608 -524288
-393216 -458752
0 131072
65536 458752
-65536 196608
327680 -262144
131072 0
-65536 65536
-327680 -458752
0 -65536
-393216 0
-196608 -196608
-65536 65536
262144 196608
0 0
-65536 -262144
-262144 131072
327680 131072
-262144 -196608
65536 0
-65536 131072
-327680 262144
131072 -131072
131072 -458752
-131072 131072
720896 -65536
-589824 65536
262144 -131072
65536 -1048576
-458752 131072
-262144 655360
393216 -851968
-65536 -65536
-262144 393216
-1245184 -393216
393216 -327680
327680 -65536
0 -131072
-131072 65536
-655360 983040
-327680 983040
589824 -786432
196608 0
-131072 -589824
-458752 -327680
458752 917504
327680 0
131072 -458752
0 -65536
-655360 -1114112
-262144 1048576
1310720 131072
-655360 -196608
1376256 -327680
-589824 -1441792
-786432 0
0 -262144
-1310720 851968
1179648 131072
-65536 -262144
393216 65536
-655360 -851968
-786432 917504
-65536 -65536
-917504 1114112
1638400 -655360
524288 65536
-65536 -720896
-327680 196608
-1048576 0
589824 1376256
786432 65536
851968 -1572864
-917504 131072
-589824 -2031616
-262144 1638400
-458752 -65536
3080192 589824
-2424832 262144
-458752 -917504
786432 -851968
3080192 -3866624
-1638400 2031616
-2686976 4259840
-1114112 14286848
1572864 -1572864
-3080192 -1572864
1114112 1441792
720896 917504
131072 -786432
917504 -1835008
983040 2359296
-2097152 -262144
-1245184 327680
0 -1900544
1179648 327680
0 -786432
589824 589824
851968 393216
-1966080 458752
393216 -196608
-1048576 -655360
1441792 -786432
-393216 131072
327680 196608
65536 327680
-786432 786432
1114112 -327680
-1048576 -262144
262144 -524288
-327680 -393216
-131072 0
524288 -262144
-589824 786432
-131072 -589824
-524288 262144
0 196608
65536 -524288
327680 131072
-458752 -327680
-196608 327680
65536 65536
-131072 -262144
458752 -262144
-131072 -131072
-196608 524288
458752 327680
65536 0
-131072 -524288
0 -131072
327680 327680
196608 -458752
-65536 -131072
65536 65536
-720896 -393216
-393216 -196608
458752 327680
-131072 0
-262144 -65536
262144 196608
-131072 -131072
-131072 -131072
196608 327680
-196608 0
0 -327680
65536 0
-262144 -131072
0 -393216
196608 -196608
-65536 196608
0 65536
-131072 -131072
-196608 393216
0 327680
65536 -327680
-131072 0
131072 196608
327680 -458752
-196608 -196608
-65536 0
65536 -262144
-327680 0
0 262144
327680 0
0 -196608
0 -65536
-65536 -262144
-393216 -393216
-589824 -196608
0 131072
0 458752
65536 0
393216 -262144
-196608 458752
-262144 -196608
65536 -524288
0 262144
-327680 0
65536 -524288
196608 0
-262144 458752
-262144 -131072
262144 -327680
0 131072
-131072 131072
131072 -393216
327680 -65536
-262144 131072
-327680 -196608
-65536 -327680
-327680 65536
0 65536
-65536 -262144
131072 -65536
131072 262144
-65536 0
-65536 -327680
-262144 196608
-196608 65536
0 -131072
0 -65536
196608 -65536
0 -65536
-327680 65536
65536 0
131072 -131072
-196608 -131072
-327680 -65536
65536 65536
0 0
-327680 0
-131072 -65536
65536 -65536
0 0
-65536 0
327680 0
-65536 0
-262144 0
65536 0
0 -196608
-262144 -262144
-65536 131072
196608 0
65536 0
-65536 -65536
65536 -131072
-196608 -131072
-327680 -327680
0 -131072
0 0
-65536 0
-262144 0
65536 327680
65536 0
-262144 -131072
131072 -131072
196608 -131072
-262144 -65536
-327680 -65536
131072 -65536
-131072 196608
-262144 131072
524288 0
0 -196608
-327680 0
0 0
196608 -262144
-196608 -65536
-393216 131072
0 -196608
-65536 65536
-65536 327680
327680 -131072
0 -327680
-65536 131072
-131072 -327680
-131072 -262144
0 0
0 196608
65536 131072
196608 -131072
-262144 65536
-589824 0
0 -458752
393216 0
-65536 -131072
65536 -458752
-196608 0
-196608 655360
0 131072
65536 -65536
-131072 0
-196608 -393216
-524288 -327680
327680 327680
0 0
65536 131072
589824 0
0 -196608
-589824 -131072
0 -65536
-262144 131072
131072 131072
131072 -524288
262144 -393216
-393216 -65536
-131072 -65536
524288 262144
589824 -131072
-1048576 -1114112
-458752 -131072
-327680 786432
0 458752
262144 -262144
0 0
-589824 393216
-131072 -393216
0 131072
327680 0
65536 -327680
-131072 524288
-131072 262144
0 131072
-196608 131072
262144 -786432
-196608 0
1048576 0
-196608 -655360
1179648 0
-720896 -589824
-1507328 655360
851968 -458752
-786432 -196608
917504 589824
131072 -1310720
262144 -65536
-786432 -65536
-1441792 983040
131072 -524288
-458752 524288
655360 65536
524288 -196608
0 65536
0 851968
-1376256 65536
458752 -393216
1114112 -524288
589824 -1441792
-327680 589824
-1769472 786432
-196608 589824
-1245184 983040
2555904 -2424832
1114112 -589824
917504 -1507328
-786432 3866624
-4390912 -2031616
-65536 -3342336
7667712 -1638400
-589824 4718592
4259840 19202048
2162688 -1638400
-3211264 5570560
-4390912 -917504
3014656 -1245184
-327680 -1376256
1966080 -1572864
786432 -786432
589824 1507328
-1900544 1900544
-131072 196608
-1572864 -1572864
1572864 -917504
327680 -851968
524288 131072
196608 458752
-327680 1966080
393216 -851968
-1966080 -458752
524288 -1572864
-1245184 458752
1245184 262144
196608 851968
458752 720896
327680 -983040
-1572864 -458752
131072 -917504
-458752 524288
131072 196608
917504 -131072
-65536 131072
-458752 -655360
-786432 589824
-65536 65536
-393216 -786432
262144 0
0 -196608
0 131072
262144 0
0 -65536
-65536 262144
-524288 327680
-131072 0
327680 -393216
-131072 0
65536 -327680
131072 -262144
262144 196608
-131072 -393216
0 -393216
65536 327680
-393216 131072
0 -327680
131072 0
-1179648 -131072
-458752 -131072
524288 196608
0 0
131072 -262144
589824 0
0 65536
-393216 -393216
65536 -131072
-196608 458752
-458752 -262144
-131072 -589824
-262144 131072
131072 327680
131072 -196608
0 -65536
327680 196608
393216 -196608
-327680 -262144
-131072 196608
-262144 131072
-524288 65536
327680 0
0 -393216
-720896 -524288
917504 0
983040 0
-589824 -589824
-131072 -196608
0 589824
-983040 196608
-655360 -262144
327680 0
-196608 655360
65536 -393216
983040 -1179648
-131072 327680
-589824 327680
196608 -196608
131072 65536
-524288 131072
-196608 -65536
65536 65536
0 262144
0 -65536
131072 -458752
0 -393216
0 65536
-196608 -196608
65536 -131072
0 327680
-131072 393216
0 -196608
-196608 -262144
196608 0
-196608 -65536
-262144 -393216
65536 0
0 196608
-131072 -262144
0 131072
65536 196608
65536 -131072
-131072 -196608
-65536 0
-196608 -131072
-262144 0
131072 0
65536 -196608
-131072 -131072
-131072 -65536
0 65536
0 0
-196608 0
-131072 0
-65536 0
131072 -196608
-196608 -262144
0 0
131072 0
0 -131072
-131072 131072
0 131072
0 -327680
-65536 65536
-65536 65536
327680 -262144
0 -262144
-262144 -131072
0 0
0 0
-131072 0
-262144 -65536
65536 196608
0 65536
-327680 0
196608 -196608
196608 -262144
-196608 0
-196608 -262144
327680 -262144
-65536 327680
-262144 262144
262144 -65536
0 0
-196608 0
0 -393216
0 -393216
-65536 131072
-65536 0
131072 -196608
-196608 458752
-131072 262144
65536 -327680
-131072 -196608
-65536 0
0 -589824
0 0
196608 65536
-131072 0
-196608 0
0 -131072
-65536 131072
-65536 -196608
196608 -262144
0 458752
0 -131072
131072 -458752
-196608 -65536
-393216 0
-131072 -65536
0 262144
131072 131072
-65536 -393216
0 -393216
65536 131072
-393216 0
-327680 393216
327680 196608
-196608 -393216
-196608 0
196608 -262144
-131072 -196608
131072 458752
655360 -327680
0 -131072
-65536 0
65536 -327680
0 196608
-65536 262144
-524288 -983040
0 -393216
131072 -65536
-393216 327680
131072 196608
-65536 262144
-524288 -393216
-524288 -786432
-589824 983040
131072 458752
983040 -917504
0 458752
-327680 -196608
-589824 -196608
0 393216
786432 -131072
-327680 0
1114112 0
-393216 -655360
-458752 589824
131072 -983040
-917504 131072
1048576 327680
-524288 -655360
983040 65536
65536 -1507328
-983040 524288
-917504 -327680
-589824 65536
327680 327680
-524288 131072
655360 -131072
786432 -131072
-1310720 131072
-393216 -65536
-524288 262144
327680 917504
851968 327680
-65536 -1572864
196608 -65536
-2424832 458752
1441792 -262144
0 1441792
2555904 -1572864
0 1376256
-2031616 -3211264
-589824 -393216
-327680 1114112
2097152 3538944
1048576 -1507328
2228224 -3211264
-6356992 -6684672
720896 11075584
1638400 -6356992
4063232 6029312
-393216 2031616
-3407872 65536
-327680 -1048576
-1114112 -720896
1179648 -2555904
655360 524288
2490368 524288
-786432 2424832
-393216 -327680
-2097152 -393216
786432 -2097152
-327680 -196608
1638400 196608
-65536 524288
262144 786432
-1310720 -655360
-1376256 655360
655360 -1900544
-327680 786432
1835008 -262144
-65536 327680
524288 262144
-786432 0
-851968 393216
0 -786432
-327680 65536
786432 -1114112
131072 -589824
-458752 720896
0 327680
-262144 327680
65536 -131072
-720896 -589824
-65536 -65536
0 -262144
196608 458752
65536 0
-131072 -655360
0 -65536
-65536 393216
131072 131072
262144 0
0 655360
131072 -327680
-262144 -786432
0 -196608
-65536 -589824
-131072 -262144
327680 524288
-262144 262144
-131072 -589824
262144 0
-786432 196608
-393216 0
458752 131072
0 -131072
-262144 -458752
0 -262144
0 65536
0 65536
327680 -393216
0 -262144
-393216 0
-196608 65536
-196608 393216
0 393216
262144 -65536
-393216 -262144
-196608 -327680
196608 -524288
-393216 -65536
196608 393216
786432 0
-131072 131072
65536 -196608
0 -65536
-1048576 327680
-131072 -262144
786432 -720896
-393216 -131072
-262144 -196608
589824 -196608
0 327680
-786432 262144
0 -393216
65536 458752
-458752 458752
0 -1048576
65536 0
-65536 458752
196608 -655360
262144 -327680
-262144 131072
-196608 0
65536 327680
65536 393216
-131072 0
0 -131072
-65536 -393216
0 -196608
-131072 -131072
65536 -327680
65536 -131072
-196608 524288
0 196608
-327680 -262144
-65536 -65536
0 65536
-65536 -393216
0 -196608
131072 262144
-65536 -262144
-65536 0
131072 327680
-65536 -262144
-262144 -262144
0 262144
131072 0
-65536 -131072
0 -65536
-65536 0
-262144 0
-262144 -131072
131072 0
0 0
-65536 0
65536 0
-131072 0
65536 -65536
-131072 -196608
-196608 -196608
65536 65536
0 0
0 0
-262144 196608
-65536 -131072
196608 -65536
-196608 0
0 -393216
196608 -262144
-65536 131072
-196608 0
-65536 -65536
0 65536
-458752 -131072
-196608 -65536
655360 -65536
65536 -65536
-393216 0
65536 -131072
196608 0
-655360 65536
-262144 -196608
393216 -131072
0 65536
0 -196608
196608 -327680
0 0
-262144 262144
-196608 0
65536 0
-196608 65536
0 -131072
196608 -393216
-131072 0
65536 0
-65536 -196608
-131072 131072
196608 0
-65536 -196608
0 -65536
0 -196608
-196608 262144
0 -327680
131072 -262144
-196608 196608
0 -131072
65536 -65536
0 131072
0 -65536
-196608 -327680
-196608 0
65536 262144
131072 -327680
196608 -65536
-65536 131072
-655360 -393216
-524288 65536
196608 393216
-65536 -131072
262144 131072
786432 -589824
-262144 -262144
-458752 327680
0 -131072
131072 131072
65536 262144
65536 -524288
131072 -65536
-196608 -196608
-196608 -655360
786432 -327680
65536 -65536
-917504 262144
131072 -131072
-262144 -131072
-983040 393216
-131072 -327680
196608 -262144
65536 0
720896 393216
-131072 262144
-131072 -917504
-589824 0
-655360 1048576
458752 131072
262144 0
1114112 -196608
-131072 -851968
-196608 327680
655360 -131072
-1900544 65536
983040 327680
262144 -1179648
393216 262144
131072 -1376256
-327680 196608
-262144 262144
-1441792 327680
0 65536
393216 -720896
458752 -458752
0 -196608
-1310720 -65536
-589824 1114112
-851968 655360
-65536 -327680
2621440 262144
-196608 -65536
589824 0
-2359296 0
458752 -393216
-1179648 1048576
786432 -1769472
1769472 -131072
589824 786432
-1441792 983040
-3538944 -458752
1507328 -1769472
6619136 -2490368
2818048 589824
-6881280 4194304
-4915200 -3604480
-5308416 5898240
-10747904 -524288
3145728 -2490368
4325376 -131072
-458752 1114112
-720896 2424832
-1114112 1441792
-65536 -1310720
1245184 -1769472
720896 -1376256
65536 -131072
-458752 2162688
-786432 589824
-851968 -262144
1310720 -1966080
0 262144
1638400 -1179648
-1048576 786432
786432 524288
-1245184 458752
-327680 786432
-524288 -1835008
-131072 524288
458752 -1376256
0 983040
1245184 589824
-524288 589824
131072 -393216
0 -851968
-1310720 65536
-458752 -917504
-196608 196608
720896 720896
720896 -196608
-393216 -655360
-131072 -720896
-917504 131072
0 786432
327680 65536
196608 196608
0 -327680
-393216 -524288
-327680 0
-262144 589824
327680 131072
327680 -262144
65536 393216
393216 -458752
196608 -589824
-196608 196608
-786432 -131072
-327680 -65536
131072 262144
-458752 0
262144 -786432
393216 0
-786432 131072
-262144 -131072
327680 131072
-262144 0
0 -196608
262144 196608
65536 0
65536 -327680
0 -655360
-786432 -196608
-655360 262144
262144 0
65536 196608
131072 393216
589824 -196608
0 -393216
-589824 0
-262144 0
-262144 0
65536 0
262144 -589824
-262144 196608
131072 458752
524288 -327680
-131072 -131072
-131072 0
131072 -393216
-196608 -458752
-393216 0
-524288 131072
-131072 0
196608 262144
131072 -327680
-65536 -327680
65536 458752
0 -458752
-65536 -196608
-131072 327680
-327680 -65536
-131072 -262144
0 131072
-131072 131072
262144 0
458752 -65536
0 0
-65536 0
-131072 -262144
-196608 -131072
-327680 65536
-65536 -262144
131072 -131072
0 524288
196608 0
-196608 -458752
0 0
0 131072
-196608 -589824
-262144 -262144
0 655360
-65536 0
0 -131072
327680 65536
0 -262144
-327680 -393216
65536 0
65536 -131072
-393216 0
-262144 131072
0 0
65536 65536
-65536 -65536
0 -327680
0 -196608
0 0
196608 65536
-196608 -65536
-65536 0
-65536 131072
-262144 65536
131072 -131072
131072 -196608
0 -327680
-65536 0
-131072 131072
196608 -65536
0 0
-327680 0
-65536 -196608
0 -65536
0 0
-262144 -262144
-65536 65536
393216 0
-262144 0
-393216 0
196608 -196608
0 0
-262144 65536
196608 -327680
131072 -262144
-458752 0
-131072 131072
196608 -196608
0 -131072
-262144 196608
-131072 -65536
0 -196608
-131072 327680
-65536 -196608
0 -524288
-65536 0
0 65536
-196608 -262144
65536 262144
196608 327680
0 0
0 -458752
-65536 -458752
-393216 -131072
-131072 -65536
196608 131072
0 131072
-131072 -327680
-131072 0
-262144 327680
65536 0
0 -524288
-196608 0
-131072 -131072
-196608 -327680
65536 393216
458752 131072
-196608 -589824
-65536 196608
-262144 131072
-262144 -327680
327680 65536
65536 -65536
-393216 -65536
196608 0
-262144 -327680
-589824 393216
131072 327680
851968 -196608
65536 -131072
0 -196608
0 -917504
0 458752
131072 524288
-262144 -786432
-131072 -393216
-393216 262144
-458752 -131072
393216 -589824
65536 65536
-131072 524288
-65536 0
-524288 262144
-196608 65536
-589824 -589824
-786432 131072
917504 524288
0 393216
1114112 0
0 -1048576
-1376256 0
458752 -131072
-720896 -196608
1179648 1310720
655360 -1179648
-196608 327680
524288 -655360
-1114112 -262144
-196608 -393216
-524288 -589824
458752 458752
131072 458752
327680 -786432
-131072 196608
-1114112 -327680
-1310720 0
393216 458752
-458752 589824
2359296 917504
-1179648 -1179648
655360 -393216
-2359296 0
-720896 -327680
851968 1048576
1835008 0
196608 262144
-327680 720896
-655360 -2293760
-65536 1572864
0 720896
1572864 -1900544
-1179648 -4849664
1441792 2293760
-524288 1900544
7536640 1703936
917504 -720896
-10551296 10616832
-458752 -2031616
786432 -327680
2031616 -3866624
196608 524288
1900544 1441792
-1638400 2228224
-393216 -1835008
-327680 -983040
65536 -1441792
393216 1310720
2359296 1441792
0 983040
-1179648 -131072
-655360 -2228224
-131072 0
65536 -1966080
-786432 1769472
1835008 -851968
-655360 1769472
0 589824
-1572864 -1572864
65536 983040
-524288 -917504
851968 0
786432 -720896
-262144 917504
196608 -458752
-327680 -655360
-1245184 589824
65536 -131072
0 -327680
917504 -131072
458752 -458752
-589824 -196608
-786432 0
-1114112 917504
327680 262144
655360 -786432
0 -65536
-65536 -131072
-393216 -262144
131072 655360
0 720896
65536 -458752
0 -196608
393216 851968
131072 -589824
-458752 -1048576
-196608 196608
-327680 -196608
-196608 -262144
524288 524288
-65536 131072
-262144 -851968
393216 131072
-589824 458752
-196608 -589824
524288 0
-327680 458752
0 -327680
458752 -327680
-65536 -65536
-196608 -327680
196608 -196608
-196608 196608
-589824 524288
-65536 65536
-65536 0
65536 262144
131072 -327680
-393216 -655360
-262144 -65536
196608 131072
65536 -196608
0 0
0 131072
-65536 262144
262144 131072
262144 -65536
-589824 -393216
-262144 -458752
262144 -131072
-327680 -196608
0 -458752
262144 393216
131072 589824
65536 -131072
0 -458752
-589824 65536
-458752 393216
0 -458752
65536 -131072
262144 65536
65536 65536
-65536 -131072
65536 -65536
0 196608
-262144 196608
65536 -196608
0 0
65536 262144
0 -327680
0 -458752
-262144 65536
-262144 -131072
65536 -589824
65536 196608
65536 393216
-196608 -196608
65536 0
65536 196608
-458752 -131072
-393216 -589824
131072 327680
262144 131072
0 -458752
-65536 0
65536 131072
-131072 -196608
-262144 131072
-65536 -65536
0 -131072
-131072 131072
-131072 0
131072 -262144
0 -196608
-196608 0
-65536 0
0 0
196608 65536
-196608 65536
-131072 -65536
65536 0
-65536 0
65536 -524288
0 -262144
-393216 65536
0 0
65536 131072
0 131072
-131072 -196608
0 -65536
0 -131072
-327680 -524288
65536 -196608
131072 65536
-524288 196608
0 0
393216 0
-262144 262144
-327680 0
524288 -589824
131072 -196608
-589824 0
-65536 -196608
65536 -196608
-196608 524288
-131072 131072
131072 -458752
131072 0
-262144 196608
65536 -655360
131072 -327680
-458752 327680
-262144 196608
0 -131072
131072 327680
-65536 -196608
-262144 -262144
327680 -65536
262144 -131072
-262144 -131072
0 -196608
-65536 -65536
-262144 589824
-65536 -262144
0 -131072
-196608 65536
0 0
-65536 -458752
196608 -196608
0 -393216
-196608 262144
0 524288
262144 327680
0 -458752
-327680 -131072
-393216 -327680
-196608 -131072
0 327680
196608 -65536
-196608 -720896
65536 327680
-131072 -131072
131072 327680
131072 458752
-327680 65536
-458752 -131072
393216 -524288
-327680 -851968
589824 1179648
393216 -65536
-262144 -262144
589824 -327680
-524288 -851968
-2031616 0
262144 589824
983040 131072
327680 -262144
-983040 -786432
-851968 196608
0 196608
131072 0
-65536 196608
720896 -262144
-1048576 -327680
524288 655360
327680 -196608
-720896 393216
196608 458752
-1048576 -655360
655360 327680
1179648 -1245184
-458752 458752
983040 -655360
-655360 65536
196608 983040
-983040 -983040
0 -458752
196608 393216
983040 -393216
-327680 131072
-327680 -131072
-1507328 -720896
-262144 458752
-1507328 -655360
2293760 917504
0 393216
131072 196608
-1048576 -720896
-2097152 65536
393216 917504
720896 655360
2359296 -2228224
393216 1179648
-2359296 -720896
-1507328 -196608
983040 -196608
5177344 655360
-262144 524288
-2097152 1900544
-2555904 -983040
1441792 -6815744
5439488 2686976
1900544 -5767168
-1966080 6225920
-1245184 -1638400
917504 655360
-917504 196608
0 -1900544
1245184 -917504
851968 2359296
-786432 2621440
-131072 -1507328
-393216 -1376256
524288 -1703936
458752 262144
262144 -196608
0 2621440
-262144 -196608
-851968 -1114112
0 327680
-393216 -1703936
327680 1310720
458752 -2424832
-196608 2359296
65536 -131072
-917504 -524288
720896 917504
-1048576 -1179648
786432 0
0 -524288
262144 1114112
589824 -524288
-589824 -262144
-1048576 131072
-458752 -720896
-589824 -393216
1179648 327680
196608 -589824
-589824 -131072
524288 -65536
-393216 786432
-327680 196608
-327680 -589824
-65536 196608
-196608 131072
-131072 -458752
524288 -327680
65536 262144
0 196608
131072 196608
458752 589824
131072 -786432
-524288 -786432
-262144 65536
-458752 -65536
-196608 -262144
131072 -65536
-393216 131072
-262144 -524288
786432 0
-65536 327680
-524288 -262144
65536 0
-262144 393216
-65536 -196608
262144 -327680
-131072 -131072
-65536 -196608
131072 -393216
-524288 -327680
-327680 393216
196608 393216
0 0
0 131072
327680 0
-131072 -262144
-458752 -65536
-65536 -196608
-458752 -262144
-327680 0
524288 0
262144 0
0 0
786432 0
0 0
-1114112 -327680
-458752 -458752
-131072 0
-458752 -65536
-65536 -262144
589824 0
196608 327680
0 -327680
0 -458752
-262144 655360
-196608 0
0 -524288
-65536 -196608
-327680 196608
-131072 65536
65536 -196608
262144 -65536
131072 65536
-65536 -262144
0 -65536
196608 262144
-458752 -65536
-393216 -393216
0 65536
-65536 0
-131072 -524288
0 -65536
458752 327680
0 0
-131072 -327680
0 -65536
-327680 327680
-262144 -262144
0 -131072
196608 131072
65536 -196608
-327680 -196608
-131072 131072
131072 -196608
0 -65536
-131072 -65536
-65536 -262144
0 0
-196608 65536
-131072 0
0 -65536
-131072 0
0 0
0 -131072
0 -196608
-131072 0
0 0
196608 -131072
-262144 0
-262144 -65536
131072 0
-262144 196608
-131072 -131072
196608 -327680
65536 0
-196608 -196608
0 -327680
196608 0
-327680 0
-524288 -65536
131072 0
0 65536
-327680 65536
131072 -196608
458752 -131072
-262144 -131072
-327680 -327680
196608 -262144
-196608 65536
-262144 589824
65536 0
65536 -262144
-196608 0
-262144 -131072
262144 -524288
0 -65536
-262144 65536
-65536 -196608
-131072 -65536
0 720896
0 -131072
-262144 -327680
131072 -131072
-65536 -131072
-196608 -262144
262144 -196608
0 196608
-262144 262144
-131072 -524288
-131072 65536
-327680 0
-131072 -393216
327680 -131072
393216 262144
-65536 -327680
-458752 -393216
-393216 0
-196608 393216
-65536 -131072
458752 0
196608 -655360
-589824 -524288
-65536 262144
0 131072
-589824 0
327680 589824
-65536 -589824
-655360 0
-131072 -65536
131072 -262144
131072 131072
917504 65536
262144 -655360
-196608 458752
-589824 0
65536 -65536
262144 -262144
-458752 -589824
-458752 -1048576
327680 -327680
-196608 786432
196608 524288
327680 -1179648
-589824 -524288
-1310720 393216
-458752 458752
131072 327680
1376256 196608
-589824 -1048576
-65536 196608
-65536 -65536
-1376256 0
786432 327680
655360 -655360
196608 1114112
786432 -589824
-589824 0
393216 131072
-1507328 -655360
131072 -327680
524288 -786432
983040 458752
-393216 131072
65536 -589824
-786432 0
-589824 393216
-851968 -2031616
655360 589824
-524288 -131072
458752 1507328
-720896 -65536
-851968 -65536
589824 -589824
-1572864 -851968
1245184 786432
1245184 983040
1114112 -393216
-1507328 -327680
-1703936 -458752
-327680 393216
0 2031616
1376256 -2031616
2490368 -983040
720896 -1900544
-65536 3538944
-3866624 -1310720
2359296 0
-655360 1703936
-2293760 -327680
6488064 1114112
-6291456 131072
-655360 -1769472
2621440 3145728
1900544 -131072
-2555904 -1572864
1376256 -1966080
1310720 1703936
-589824 786432
-1638400 -196608
-131072 -1179648
-655360 -1048576
-65536 1245184
1179648 -458752
1507328 2162688
-327680 -1376256
-589824 262144
0 -917504
-1703936 -851968
262144 1114112
458752 -1376256
1572864 2883584
-851968 -655360
-458752 -196608
0 -196608
-1966080 -1048576
1310720 -65536
524288 -589824
196608 917504
196608 -655360
-393216 -327680
-917504 655360
-589824 196608
-196608 -589824
1310720 -524288
0 -524288
-393216 0
0 -262144
-524288 589824
65536 524288
-458752 -393216
65536 262144
393216 0
0 -458752
-196608 131072
-196608 589824
0 -196608
458752 -524288
458752 196608
-65536 -589824
-131072 -589824
-65536 458752
-524288 -262144
-327680 -589824
0 0
-327680 327680
-65536 -196608
524288 196608
-131072 0
-524288 -524288
131072 65536
0 393216
65536 -524288
262144 -131072
-327680 0
-262144 -458752
0 0
-393216 524288
-196608 393216
393216 -196608
0 -458752
-327680 -65536
131072 0
65536 -393216
-327680 65536
65536 327680
65536 -65536
-196608 131072
0 -131072
196608 -327680
-65536 0
262144 -327680
262144 -851968
-524288 65536
-589824 327680
65536 -196608
131072 0
-393216 393216
0 -458752
393216 -131072
-131072 196608
-458752 -589824
0 0
196608 196608
-196608 -262144
-131072 -196608
0 524288
0 327680
0 -393216
0 -393216
-65536 0
-131072 -131072
0 -262144
327680 0
0 131072
-131072 -65536
-131072 -196608
-262144 65536
-196608 -65536
-262144 -327680
196608 0
196608 65536
-65536 -196608
0 -65536
0 393216
0 -65536
-262144 -458752
-131072 65536
65536 0
-131072 -196608
0 196608
262144 -65536
-131072 -262144
-196608 -131072
-131072 -65536
-65536 -131072
-131072 0
-131072 65536
0 131072
0 0
-65536 -131072
0 -262144
0 -131072
-65536 0
-65536 0
65536 -65536
-65536 131072
-393216 65536
131072 -131072
0 -131072
-131072 -131072
0 -327680
131072 -131072
0 0
-327680 -65536
-327680 0
65536 -65536
-262144 0
-196608 131072
327680 -262144
327680 -196608
-327680 65536
0 0
196608 -196608
-458752 -65536
-393216 131072
0 -196608
65536 -196608
131072 0
0 -196608
65536 -327680
-196608 262144
-196608 131072
-262144 -327680
-131072 65536
0 327680
-131072 -524288
0 -262144
262144 65536
-327680 0
0 0
393216 0
-262144 131072
-393216 -262144
65536 -262144
-196608 131072
-196608 -131072
65536 -262144
-65536 0
-65536 0
0 -458752
0 -131072
131072 196608
-393216 0
-196608 0
196608 327680
0 -458752
-393216 -327680
131072 65536
-196608 -327680
-524288 0
0 393216
0 -65536
65536 327680
524288 0
-458752 -458752
-458752 0
393216 131072
-65536 -196608
-131072 196608
524288 -524288
-524288 -131072
0 458752
524288 -458752
0 -786432
-65536 65536
0 262144
0 458752
-131072 -262144
-1245184 -786432
-458752 0
-196608 393216
65536 -196608
1507328 393216
393216 -917504
-327680 0
-1048576 -131072
-2228224 589824
1048576 1441792
393216 -983040
720896 -131072
1572864 -983040
-983040 262144
327680 851968
-589824 -720896
-131072 1048576
131072 -655360
589824 -1376256
65536 196608
196608 524288
-327680 -524288
-655360 589824
-720896 -1441792
-196608 393216
-131072 -1048576
262144 524288
1048576 720896
-786432 0
-327680 196608
-1638400 -851968
-131072 851968
1900544 196608
458752 -393216
458752 -1703936
-2031616 65536
-655360 -786432
589824 3014656
1310720 0
1966080 131072
-2621440 -2949120
-1114112 -3080192
-2293760 1966080
5439488 3604480
6946816 3538944
-6094848 -7012352
589824 4653056
12189696 -5701632
-3276800 3866624
-4653056 655360
393216 -1769472
2818048 -655360
65536 524288
-1310720 -655360
393216 -2490368
917504 2359296
131072 1441792
-983040 851968
262144 -2949120
0 786432
0 -851968
65536 -131072
589824 2555904
-458752 -983040
-196608 655360
-917504 -2031616
-524288 524288
720896 -131072
131072 -1638400
1376256 2883584
-1572864 -1703936
0 393216
-196608 196608
-1179648 -196608
1048576 -655360
0 -917504
851968 327680
-458752 -65536
-851968 0
262144 917504
-65536 -458752
-786432 -851968
720896 -458752
-851968 0
65536 393216
786432 0
-655360 65536
-196608 0
-458752 -65536
65536 393216
-131072 196608
-393216 -262144
720896 -131072
327680 196608
0 -131072
458752 -655360
65536 393216
-786432 131072
-196608 -458752
393216 -327680
-655360 -524288
-327680 -458752
393216 262144
-327680 327680
-393216 -393216
720896 131072
0 196608
-393216 -262144
327680 0
0 393216
-196608 -327680
131072 -589824
-393216 -65536
-851968 0
262144 0
327680 65536
-65536 0
196608 -131072
-131072 -131072
-393216 65536
65536 262144
-65536 -327680
-327680 -131072
131072 0
-131072 -524288
-393216 262144
393216 393216
327680 -589824
0 -262144
393216 262144
-65536 -524288
-720896 -393216
-458752 327680
-458752 0
-65536 -393216
196608 393216
196608 -327680
0 -458752
262144 458752
-65536 -131072
-393216 -327680
-196608 131072
-327680 65536
-327680 -327680
262144 131072
196608 327680
0 -262144
131072 -393216
65536 0
-131072 -65536
-327680 -458752
0 -65536
-65536 393216
-131072 0
-65536 -196608
-65536 65536
65536 -65536
-131072 -458752
0 -262144
0 196608
-65536 -131072
0 -131072
0 393216
-65536 65536
-65536 -458752
-65536 -131072
65536 65536
0 -196608
0 -262144
0 -65536
-327680 65536
-131072 0
65536 -65536
0 -65536
-65536 0
-131072 -65536
0 0
131072 0
0 -65536
-327680 -65536
-65536 0
65536 0
-131072 65536
-131072 -131072
131072 -262144
-65536 65536
0 65536
65536 -196608
0 -131072
-196608 0
-393216 -65536
0 -262144
131072 -196608
-327680 0
-65536 0
327680 -196608
-65536 196608
-589824 0
0 -262144
131072 -131072
-262144 65536
65536 0
0 -327680
-262144 65536
-65536 327680
65536 -393216
0 -393216
-327680 65536
-131072 0
65536 -196608
0 65536
-65536 0
-65536 -393216
-65536 -65536
-65536 65536
-262144 -65536
65536 131072
196608 0
-131072 131072
65536 -393216
0 -327680
-589824 131072
65536 -65536
393216 -458752
0 0
-65536 0
-393216 -65536
-131072 262144
131072 131072
-262144 -786432
-131072 -458752
65536 196608
0 -131072
-196608 0
327680 262144
-196608 -458752
-851968 -196608
65536 131072
0 0
-524288 458752
327680 -196608
131072 -720896
-196608 0
0 0
-393216 0
327680 983040
720896 65536
-524288 -786432
65536 -262144
0 -196608
-131072 65536
524288 65536
-65536 -131072
-851968 -327680
-262144 -720896
-65536 -262144
131072 589824
-655360 -393216
-65536 -262144
851968 1179648
-327680 -1179648
-917504 -655360
-262144 131072
-1310720 -131072
851968 1245184
786432 -393216
720896 786432
786432 -1048576
-1245184 -589824
-655360 1114112
-786432 -655360
655360 393216
1310720 0
917504 0
-131072 0
-458752 -458752
-327680 -1048576
-1310720 1048576
524288 -1769472
655360 262144
-65536 851968
-655360 -262144
0 196608
-983040 -983040
-655360 -262144
393216 -786432
-524288 1310720
983040 983040
-393216 -65536
917504 -589824
-1245184 -1114112
-1638400 -720896
1048576 -131072
655360 1245184
2949120 0
-458752 2162688
-2031616 -4718592
-4456448 4194304
1441792 -1572864
10158080 2162688
393216 -1245184
-9175040 -4587520
9240576 10158080
-3735552 -11993088
3735552 -393216
-1703936 1310720
-196608 2097152
-2097152 -393216
3801088 -131072
-65536 2490368
-851968 -1114112
-851968 -2359296
1441792 327680
-524288 917504
-655360 524288
327680 -2162688
458752 1769472
-1048576 -1310720
-655360 1376256
1376256 0
0 -1179648
458752 1048576
-1114112 -2162688
-131072 1179648
-1376256 -458752
655360 -720896
2359296 2097152
-1769472 -1245184
1245184 983040
-458752 -458752
-1638400 -393216
720896 0
-524288 -1114112
589824 -196608
196608 393216
196608 196608
524288 65536
-917504 -655360
-1310720 -131072
589824 -196608
-851968 458752
524288 0
983040 -1638400
-917504 -65536
-262144 786432
-262144 327680
0 393216
131072 589824
-65536 -131072
393216 -720896
0 -65536
65536 -65536
-65536 -851968
0 131072
0 131072
262144 -131072
131072 -131072
-589824 -196608
-655360 -262144
0 65536
-196608 131072
-327680 -262144
524288 131072
131072 65536
-393216 -393216
131072 -131072
131072 0
0 -327680
-196608 -65536
-327680 196608
-589824 196608
131072 131072
65536 -196608
-327680 -327680
262144 -262144
131072 -393216
-393216 -196608
196608 262144
262144 131072
-262144 65536
-65536 196608
-262144 0
-262144 196608
393216 -327680
65536 -851968
-589824 -262144
262144 -131072
589824 -393216
-458752 65536
-458752 458752
65536 196608
131072 -65536
-393216 -131072
-458752 -720896
-131072 -262144
327680 393216
131072 -393216
-131072 -196608
0 196608
-196608 327680
-262144 -65536
131072 -65536
0 131072
-196608 65536
0 -589824
0 -393216
-131072 65536
-196608 -262144
131072 -393216
65536 393216
0 131072
0 -393216
-196608 0
0 65536
-262144 -262144
-327680 -458752
0 65536
-131072 0
-65536 -262144
458752 131072
131072 0
-327680 -196608
-196608 -65536
0 0
-262144 0
-262144 -65536
65536 -262144
0 0
65536 65536
0 -262144
-131072 -262144
0 65536
0 196608
-393216 0
-65536 -196608
65536 0
-262144 0
-131072 -65536
327680 -262144
262144 -131072
-327680 0
-262144 -196608
65536 0
0 262144
-131072 -65536
-131072 -327680
65536 -65536
0 0
-196608 -196608
65536 -327680
65536 -131072
-131072 196608
-196608 -65536
65536 -65536
-131072 262144
-131072 262144
327680 -262144
0 -655360
-196608 -65536
0 0
0 -196608
0 131072
-131072 327680
-65536 -196608
-131072 -327680
-131072 131072
65536 -65536
-131072 -655360
-65536 65536
65536 131072
-327680 -65536
0 0
65536 65536
-196608 196608
131072 -262144
262144 -262144
-196608 0
-131072 -327680
0 196608
-65536 262144
0 -458752
-65536 -524288
-131072 262144
-196608 196608
196608 -393216
196608 -196608
-131072 0
-327680 -393216
-131072 327680
393216 327680
-131072 -655360
-458752 -262144
131072 -131072
-655360 -327680
-262144 196608
655360 -131072
0 0
-131072 65536
327680 0
-262144 327680
0 393216
131072 -589824
-524288 -131072
262144 65536
65536 -917504
-131072 0
786432 786432
393216 -589824
-458752 -589824
-131072 -65536
-851968 -720896
-1048576 458752
327680 0
786432 -983040
196608 196608
-524288 -262144
-262144 524288
131072 0
-1310720 -917504
-131072 1310720
393216 -1114112
0 589824
1507328 0
-1114112 -393216
-786432 1114112
0 -720896
262144 720896
65536 -327680
1114112 -1114112
655360 65536
-917504 589824
-131072 -1376256
-196608 786432
-262144 -983040
-720896 0
720896 65536
1245184 -983040
-524288 589824
-851968 -1376256
-1638400 0
-327680 720896
-1114112 65536
1507328 524288
1245184 0
0 65536
524288 -2359296
-2228224 983040
1114112 1245184
-2555904 2228224
2424832 -3866624
196608 1638400
-589824 -4194304
-262144 2490368
327680 1638400
4456448 1900544
-2818048 -3735552
-2686976 -1048576
1966080 -131072
19202048 4063232
-12779520 720896
-1310720 -589824
1966080 -1179648
1703936 -1114112
-458752 327680
-1835008 1245184
3866624 -851968
0 1835008
-1441792 -2097152
-1966080 -131072
1966080 -1245184
-1507328 3866624
655360 -1179648
458752 -1441792
-262144 720896
-524288 -1507328
655360 1572864
327680 -720896
-65536 786432
-65536 327680
-1441792 -1572864
393216 1900544
-1703936 -1703936
1245184 -458752
1703936 1114112
-1769472 -1048576
1376256 589824
-1179648 65536
-786432 458752
851968 -327680
-983040 -1703936
720896 262144
65536 -65536
327680 -196608
786432 65536
-786432 -131072
-1245184 262144
524288 -327680
-393216 196608
524288 327680
-131072 -1048576
-983040 0
65536 131072
-196608 196608
131072 262144
393216 196608
-131072 262144
786432 0
-131072 -65536
-393216 -458752
0 -983040
0 262144
-327680 -65536
65536 -393216
131072 -131072
-458752 -327680
-262144 -196608
393216 262144
-327680 196608
-458752 -262144
393216 0
-262144 131072
-65536 -196608
720896 -65536
-131072 -327680
-393216 -393216
-65536 0
-262144 0
-655360 0
327680 458752
655360 131072
-327680 -327680
-65536 -196608
0 -327680
-524288 -65536
0 131072
131072 -262144
-327680 0
196608 262144
524288 -65536
-65536 262144
-262144 0
131072 -720896
-327680 -196608
-524288 0
0 -786432
196608 -65536
-65536 655360
-196608 -196608
393216 -655360
0 524288
-786432 65536
0 -524288
589824 262144
-196608 -131072
-393216 -589824
0 0
-131072 327680
-65536 -65536
262144 0
131072 65536
0 131072
0 -262144
-196608 -262144
-131072 0
-393216 -196608
-65536 -458752
131072 65536
131072 196608
0 0
-65536 0
131072 0
-65536 0
-655360 -393216
0 -196608
196608 262144
0 -131072
65536 -196608
65536 -131072
-131072 0
-196608 0
0 -196608
0 -196608
-131072 196608
-131072 -65536
0 -196608
65536 -65536
0 0
-196608 -196608
-65536 -65536
131072 65536
-262144 65536
-131072 -131072
65536 -131072
0 0
0 0
0 -262144
-65536 -262144
-65536 131072
-131072 196608
-196608 -196608
0 -131072
131072 65536
0 -131072
0 -327680
196608 -262144
-131072 -65536
-655360 196608
-327680 -131072
196608 -131072
-131072 262144
0 65536
458752 -327680
196608 -196608
-65536 0
-262144 -327680
-262144 -262144
-131072 327680
-196608 131072
0 -458752
-65536 0
196608 131072
131072 -458752
-65536 -655360
-131072 131072
-262144 65536
-393216 131072
196608 196608
65536 65536
-196608 -262144
-131072 -262144
196608 131072
0 65536
262144 -524288
0 -65536
-196608 0
0 0
-196608 -131072
-524288 196608
65536 -131072
196608 -262144
196608 0
0 -262144
-262144 -458752
-524288 589824
-131072 196608
-65536 -196608
393216 -262144
196608 -393216
-655360 -327680
-262144 524288
524288 0
-196608 0
-196608 -65536
262144 -65536
-655360 -131072
-655360 720896
393216 -327680
0 -196608
589824 -196608
393216 -262144
-65536 786432
131072 786432
-131072 -589824
-458752 -458752
262144 -1376256
-851968 -393216
-458752 1179648
524288 65536
786432 -327680
589824 917504
-1310720 -2097152
-1376256 -851968
0 1441792
-524288 -65536
393216 0
851968 -1245184
-983040 1179648
458752 131072
-655360 -1114112
-262144 1441792
-196608 -1310720
851968 327680
655360 393216
393216 393216
-458752 -65536
-1048576 -65536
655360 -917504
131072 655360
0 -1835008
720896 -196608
-589824 1703936
-655360 -983040
-327680 -524288
983040 -524288
-1048576 -983040
-196608 0
-131072 983040
-655360 2490368
786432 -720896
-1310720 -655360
1900544 -2490368
-4194304 -786432
1966080 -65536
1507328 3211264
1507328 1310720
-1048576 -65536
-2228224 -3670016
-458752 -1507328
-786432 2752512
4063232 -1376256
3014656 3866624
-5046272 1114112
-4980736 -3997696
8454144 -2097152
18677760 -12189696
-4521984 1769472
720896 1703936
3407872 4587520
-2359296 -4063232
-65536 -524288
-2424832 2424832
-262144 -1048576
1376256 -720896
1966080 983040
-131072 -1114112
-1179648 655360
983040 -458752
-917504 3866624
-327680 -2359296
-262144 393216
1572864 -65536
-917504 -1703936
0 983040
-131072 -1441792
917504 1835008
-720896 -786432
-393216 -1114112
458752 1572864
-2949120 -1376256
1245184 -65536
786432 262144
-1310720 -851968
2293760 1376256
-393216 -589824
-327680 0
-589824 327680
-1441792 -1310720
1441792 131072
65536 131072
720896 0
851968 -655360
-1572864 -196608
-1048576 655360
262144 -655360
-1376256 0
1048576 196608
720896 -983040
-655360 196608
0 262144
-589824 0
-327680 458752
0 720896
131072 -65536
655360 -1245184
65536 -131072
-262144 0
-327680 -1048576
-131072 262144
0 327680
65536 -262144
196608 -131072
-196608 65536
-327680 -131072
131072 -196608
-327680 131072
-655360 -65536
589824 -65536
393216 655360
0 -327680
393216 -524288
-327680 -65536
-720896 -262144
-131072 131072
-196608 262144
-327680 131072
327680 131072
458752 -655360
-131072 -524288
-131072 65536
65536 0
-393216 -262144
-262144 131072
0 327680
-65536 262144
0 65536
131072 -393216
65536 -196608
0 65536
0 -589824
-65536 -720896
-327680 393216
-131072 327680
262144 -196608
327680 -131072
-524288 262144
-262144 -524288
327680 -131072
-393216 196608
-524288 -458752
458752 -131072
0 196608
-458752 0
65536 65536
0 262144
-131072 -131072
131072 -327680
-65536 -131072
-131072 65536
196608 -131072
0 -131072
0 0
-196608 -65536
-65536 -327680
-196608 -65536
0 65536
131072 131072
-65536 0
0 -262144
131072 0
-458752 0
-327680 -196608
327680 0
65536 -196608
-458752 -65536
0 0
327680 -65536
-131072 0
-131072 0
65536 -393216
-65536 0
-196608 65536
-65536 -65536
-65536 -131072
-196608 0
0 0
0 0
65536 -131072
-65536 -131072
0 -65536
65536 65536
-131072 0
-65536 -262144
-65536 0
-262144 65536
-131072 -262144
262144 -131072
65536 65536
-196608 -196608
65536 -131072
327680 0
-458752 -131072
-524288 -65536
0 -196608
0 196608
-458752 196608
0 -262144
393216 -131072
0 0
0 -65536
65536 -393216
-327680 0
-393216 393216
-196608 0
131072 -393216
65536 -65536
196608 -131072
-131072 -262144
0 -65536
-65536 262144
-393216 -327680
-589824 -262144
131072 262144
65536 131072
-65536 -327680
0 -131072
327680 131072
-131072 65536
0 -262144
-131072 65536
-196608 0
-196608 -196608
0 -327680
0 0
0 -458752
-262144 0
327680 131072
65536 -196608
-262144 -393216
-458752 0
-262144 -65536
-327680 393216
327680 458752
458752 -131072
0 -1179648
-65536 -65536
65536 -524288
-917504 0
0 524288
655360 0
-589824 -196608
-196608 262144
458752 -983040
-983040 720896
327680 786432
851968 -589824
-524288 -262144
-458752 0
-131072 -589824
-131072 786432
589824 524288
131072 -589824
-196608 -786432
0 327680
655360 -131072
0 196608
-1114112 -1769472
-655360 196608
-524288 786432
-524288 -720896
1179648 786432
1835008 -786432
-1048576 -327680
-65536 196608
-1245184 -393216
-1179648 1310720
131072 -1769472
655360 983040
-65536 589824
851968 -393216
720896 -65536
-983040 524288
0 -1638400
-196608 655360
65536 262144
327680 -262144
-524288 589824
1245184 -393216
-851968 0
-327680 393216
131072 -1900544
-327680 393216
0 -655360
-1572864 -786432
2686976 262144
-2621440 655360
2031616 -720896
-2818048 -65536
-393216 1441792
-196608 589824
1179648 -1769472
3407872 -1572864
-3276800 1703936
-1245184 -2621440
-262144 4915200
1114112 -524288
1703936 2097152
1572864 -4063232
2883584 1572864
-6881280 65536
-655360 9437184
12582912 -3997696
-10289152 -1835008
2490368 -6750208
4521984 2555904
1966080 3866624
-3670016 1245184
2555904 -1966080
-4128768 2162688
65536 -655360
786432 1245184
2621440 -2031616
-2097152 524288
196608 -786432
-262144 -262144
-196608 3276800
393216 -1900544
917504 1179648
0 -2686976
-1638400 65536
262144 65536
-458752 -1507328
1441792 2424832
-655360 -1179648
393216 -655360
-983040 1048576
-2555904 -1245184
1900544 196608
327680 720896
0 -131072
2490368 589824
-2424832 -1245184
-262144 327680
-458752 327680
-1245184 -524288
2162688 131072
196608 -1048576
131072 -720896
393216 65536
-1179648 524288
-589824 720896
196608 -720896
-655360 196608
131072 -65536
-393216 -1048576
-196608 131072
458752 196608
-720896 0
0 393216
655360 393216
65536 65536
131072 -524288
-589824 -65536
-327680 -65536
-262144 -917504
196608 -262144
0 -196608
0 131072
65536 327680
0 -65536
-327680 -65536
-196608 -131072
-196608 65536
-327680 262144
327680 -131072
262144 0
-196608 -262144
65536 -458752
-196608 -196608
-393216 -65536
0 524288
131072 0
-196608 -458752
196608 65536
-131072 0
-458752 -131072
196608 0
196608 -393216
-720896 -655360
-458752 196608
327680 262144
0 -65536
0 327680
458752 131072
196608 -327680
-327680 0
0 -131072
-524288 -524288
-720896 -65536
393216 0
524288 0
-131072 -393216
65536 196608
131072 0
-196608 0
-327680 131072
-393216 -393216
-196608 -262144
-262144 131072
-65536 0
196608 -196608
131072 131072
0 0
0 -131072
-65536 0
0 0
0 -196608
-262144 0
-65536 -65536
-327680 -65536
-131072 -65536
0 -196608
65536 0
458752 196608
65536 0
-327680 -393216
65536 131072
-196608 131072
-589824 -524288
0 -65536
262144 0
-196608 -196608
-65536 0
458752 0
-65536 -262144
-458752 0
0 -131072
65536 0
-262144 0
-196608 -65536
65536 65536
-196608 65536
0 -196608
262144 -196608
0 -196608
-327680 0
-131072 0
65536 0
-131072 131072
-327680 -196608
0 -327680
262144 65536
0 0
-65536 -327680
131072 0
0 131072
-589824 -131072
-65536 -262144
131072 -262144
-65536 196608
-131072 0
196608 -262144
0 0
-393216 196608
-131072 0
65536 -262144
0 -65536
0 0
-65536 -393216
65536 0
0 393216
0 -131072
-131072 -589824
-65536 0
-196608 65536
-65536 -458752
0 0
0 393216
-327680 -196608
-65536 -393216
196608 -196608
-65536 131072
-393216 131072
262144 0
65536 131072
-131072 -65536
-131072 -458752
0 -131072
0 65536
131072 -393216
-131072 -327680
0 131072
-262144 0
-65536 -65536
-131072 262144
-65536 -196608
-458752 -327680
65536 65536
524288 -393216
65536 -393216
65536 65536
0 -589824
-720896 131072
0 393216
65536 -262144
-524288 0
-131072 65536
196608 -983040
-720896 -262144
196608 393216
131072 262144
-131072 786432
196608 131072
-327680 -655360
-720896 393216
524288 65536
458752 -786432
458752 131072
458752 -917504
-720896 -1048576
-655360 1638400
262144 -1114112
-196608 -1048576
-65536 851968
-589824 -131072
589824 1048576
1638400 -655360
-1572864 -720896
-1310720 -458752
-851968 -1376256
-786432 1703936
983040 -393216
1441792 1245184
720896 393216
-589824 -917504
-786432 0
-1441792 65536
524288 -1245184
-131072 983040
458752 196608
1179648 0
-589824 1048576
-196608 -786432
-196608 -1572864
655360 786432
655360 -1703936
-1441792 -262144
1376256 1310720
-2359296 196608
1114112 196608
-2621440 -1966080
1310720 -524288
-524288 -1310720
-720896 917504
3473408 1703936
-2031616 2686976
262144 -3276800
-3211264 -983040
65536 -851968
-65536 4653056
1179648 -393216
4521984 2490368
131072 -851968
-5701632 -5963776
-3735552 -4784128
10551296 9306112
1572864 10944512
13172736 15990784
1441792 8847360
-9699328 -2162688
-2490368 -8126464
5308416 2097152
3604480 2686976
-917504 -262144
-262144 -1507328
-2162688 2621440
-131072 -589824
-1179648 327680
2752512 -2752512
-262144 2162688
327680 -2097152
-1310720 1048576
262144 2031616
-327680 -1703936
524288 1835008
0 -3276800
655360 1179648
-786432 -1441792
-262144 327680
1114112 2424832
-2293760 -1507328
917504 0
-393216 393216
-1900544 -1507328
1507328 458752
-196608 131072
196608 -851968
2097152 524288
-1638400 -458752
786432 720896
-1114112 196608
-1048576 -262144
2097152 -393216
-1179648 -983040
0 -458752
1179648 0
-393216 196608
0 720896
-196608 -1048576
-1638400 65536
262144 720896
-65536 65536
-262144 -262144
393216 -327680
-327680 131072
0 65536
131072 0
65536 65536
720896 -524288
-131072 196608
-65536 196608
-65536 -917504
-131072 -65536
-786432 -262144
-196608 -262144
196608 196608
131072 -262144
131072 -262144
-196608 262144
-196608 327680
0 -196608
0 -131072
65536 131072
65536 -196608
0 -458752
-655360 0
-524288 0
327680 131072
262144 0
-458752 -393216
131072 0
393216 131072
0 -393216
-131072 -131072
-131072 0
-524288 -65536
-458752 393216
131072 131072
0 -327680
131072 0
655360 -327680
262144 -589824
-589824 131072
-65536 0
0 -262144
-983040 393216
-262144 65536
851968 -327680
65536 -393216
-458752 -131072
131072 -393216
65536 0
-196608 327680
-524288 -393216
-131072 0
-131072 524288
-65536 65536
65536 -196608
0 -131072
0 -262144
196608 -196608
0 -196608
-327680 -196608
65536 131072
-65536 393216
-65536 -196608
0 -131072
0 65536
-262144 -393216
-196608 -458752
327680 0
-65536 196608
-524288 -327680
196608 131072
327680 393216
-524288 -393216
-65536 -393216
327680 65536
-196608 -131072
-327680 -196608
196608 0
0 0
-262144 0
0 -327680
327680 0
65536 0
-327680 -196608
0 0
0 262144
-131072 -196608
-262144 -262144
-131072 -65536
131072 0
0 0
0 -65536
131072 -131072
0 131072
-393216 -65536
-131072 -262144
327680 0
-65536 0
-524288 -327680
262144 -65536
262144 0
-327680 196608
-131072 -393216
262144 -393216
-131072 196608
-458752 0
0 -196608
0 131072
0 458752
0 -196608
0 -720896
-131072 0
-65536 0
196608 -327680
65536 0
-65536 327680
-262144 -196608
-262144 -196608
-65536 131072
0 -262144
-65536 -458752
0 0
65536 131072
-262144 196608
-196608 -196608
0 131072
-131072 327680
-65536 -262144
0 -393216
-65536 65536
0 65536
0 -393216
196608 -65536
131072 196608
-393216 -589824
-393216 0
65536 327680
196608 -458752
0 -327680
0 262144
-131072 65536
-393216 196608
262144 0
196608 -458752
-524288 -196608
196608 -131072
131072 -262144
-720896 65536
65536 0
262144 -720896
-720896 327680
262144 786432
0 -262144
-393216 524288
131072 -196608
0 -917504
-393216 131072
0 0
262144 -262144
655360 1179648
589824 -393216
-393216 -786432
-720896 851968
-131072 -786432
-655360 0
131072 655360
65536 -1835008
65536 65536
1048576 131072
-851968 655360
65536 -196608
-393216 -1376256
-2162688 1114112
655360 -524288
851968 786432
131072 262144
131072 -1441792
131072 393216
-2031616 131072
131072 -720896
131072 1376256
655360 1048576
1441792 -917504
-65536 -720896
-131072 -262144
-786432 -393216
-1441792 458752
720896 -65536
-524288 -720896
2293760 983040
-1638400 -2818048
1966080 1376256
-655360 131072
-1835008 -131072
917504 -917504
-3866624 393216
2752512 -524288
-1245184 786432
3866624 -65536
-2162688 917504
-2490368 -1966080
1048576 -327680
-327680 2686976
2424832 -1441792
2162688 327680
0 -4456448
-6946816 6946816
-4194304 2621440
10027008 1966080
2424832 -15990784
6553600 17104896
21823488 2490368
-5177344 6225920
-5832704 -2752512
-4718592 -4718592
6488064 -65536
-720896 2097152
1048576 -655360
-1835008 327680
589824 262144
-1703936 393216
262144 655360
2424832 -2949120
-720896 2818048
-786432 -2818048
-458752 3014656
-720896 -851968
-589824 458752
2162688 1048576
-655360 -3670016
131072 2097152
-2162688 -2621440
983040 0
720896 2162688
-393216 -917504
1835008 0
-1507328 327680
-2490368 -983040
786432 196608
-1048576 -65536
1703936 -262144
2490368 196608
-1769472 -1114112
1310720 917504
-1441792 655360
-1638400 0
1769472 -393216
-1048576 -655360
131072 -196608
1048576 -458752
-393216 -65536
-196608 262144
-196608 -393216
-1572864 851968
327680 0
-65536 -458752
0 131072
327680 -131072
-458752 262144
327680 196608
524288 -131072
-458752 -65536
262144 -524288
393216 -131072
-65536 131072
-589824 -589824
196608 -131072
-262144 -131072
-458752 131072
196608 393216
65536 -65536
-131072 -393216
-131072 0
-65536 131072
0 0
65536 0
262144 65536
-262144 -458752
-458752 -327680
-131072 65536
-131072 0
131072 0
458752 0
-196608 -262144
-196608 0
0 -65536
-262144 -458752
-196608 131072
196608 196608
-131072 -524288
-196608 65536
262144 393216
0 -262144
-196608 65536
262144 0
262144 -786432
-262144 65536
-65536 327680
0 -589824
-327680 0
-65536 393216
196608 -327680
-131072 -655360
-131072 458752
131072 131072
0 -524288
0 0
-589824 -196608
-327680 -131072
65536 262144
65536 196608
0 0
65536 65536
-65536 -262144
0 -131072
-131072 -65536
-393216 -327680
131072 -262144
131072 327680
-65536 0
-196608 -262144
131072 262144
-65536 0
-393216 -524288
65536 -393216
131072 393216
-327680 -65536
65536 -262144
524288 393216
-262144 0
-589824 -655360
0 0
65536 262144
-196608 -262144
0 -262144
0 65536
65536 196608
-196608 -327680
-262144 -327680
196608 0
-131072 0
-196608 0
-65536 0
0 -131072
-131072 0
-393216 131072
196608 -458752
393216 -65536
-65536 131072
-327680 -393216
0 -65536
0 458752
-524288 -131072
-131072 -393216
589824 0
0 0
-196608 0
327680 -393216
65536 0
-655360 196608
-458752 -262144
0 -131072
-262144 131072
-131072 131072
327680 -131072
458752 -196608
131072 0
-262144 -196608
-393216 -131072
-262144 262144
0 0
-65536 -393216
0 -131072
262144 65536
0 -262144
-262144 -458752
-65536 0
0 262144
-262144 0
-65536 -131072
0 262144
-458752 -65536
-262144 -131072
196608 131072
262144 -65536
65536 -393216
-65536 -262144
131072 262144
0 0
-196608 -458752
65536 0
-262144 65536
-262144 -131072
0 -131072
131072 -131072
0 -196608
-327680 131072
196608 196608
0 -65536
-131072 0
196608 -131072
-458752 -393216
-589824 -65536
458752 0
-131072 -524288
-458752 458752
458752 196608
-262144 -524288
-327680 393216
393216 -196608
-196608 -589824
-524288 458752
327680 196608
65536 524288
0 1179648
720896 -983040
-327680 -1179648
-983040 524288
0 -1638400
-65536 -196608
655360 1703936
851968 -1310720
-65536 589824
458752 851968
-1966080 -393216
-589824 -1048576
720896 -1179648
-393216 655360
524288 -1114112
0 1114112
0 2031616
327680 -589824
-589824 -393216
-1441792 -458752
589824 -524288
0 1048576
131072 786432
1179648 -262144
-589824 131072
-720896 -655360
196608 -1900544
-458752 786432
720896 1572864
-589824 -1638400
2293760 2555904
-1179648 -1966080
-327680 -524288
0 -1114112
-3014656 -1441792
3080192 983040
-2031616 0
2883584 1114112
-1638400 786432
-720896 -393216
2424832 -3014656
-2228224 655360
1245184 -589824
-2752512 2752512
2490368 -1441792
-589824 4456448
-1835008 -6946816
-1048576 589824
4325376 2228224
5701632 10158080
-7274496 -1507328
-5963776 -15663104
-1835008 22216704
5177344 -13107200
8388608 327680
-2555904 1769472
-3604480 2883584
-3407872 -1572864
3801088 -393216
-1245184 3670016
3342336 -917504
-2097152 -786432
1310720 -1310720
-3342336 2424832
327680 -2097152
327680 -458752
917504 1572864
-589824 -3473408
-393216 3407872
-196608 -1507328
786432 2359296
262144 -1048576
-786432 -2162688
786432 1835008
-3014656 -3014656
1572864 1048576
786432 1245184
-655360 -1048576
1376256 0
-1048576 1048576
-1114112 -786432
524288 983040
-1310720 -196608
1572864 -1245184
786432 -589824
-2162688 0
2686976 655360
-851968 524288
-655360 589824
1245184 -786432
-2097152 -1441792
-262144 131072
1441792 -786432
-262144 -131072
-327680 851968
393216 -655360
-786432 65536
-655360 786432
-720896 196608
65536 0
917504 -393216
0 65536
196608 -524288
262144 -655360
-327680 655360
196608 262144
65536 -262144
65536 -65536
-196608 -393216
-131072 -65536
-262144 -327680
-262144 -131072
-327680 196608
65536 -131072
262144 -262144
-65536 393216
0 393216
327680 -131072
0 -393216
-327680 -458752
-524288 -262144
-524288 393216
0 131072
262144 -196608
0 0
327680 -131072
131072 -720896
-262144 -131072
-131072 524288
-65536 -65536
-196608 -196608
-131072 327680
-327680 -131072
-196608 0
393216 196608
0 -393216
0 -262144
458752 0
65536 -524288
-524288 -196608
0 655360
65536 327680
-327680 -393216
-131072 -458752
0 196608
-262144 -327680
0 -589824
458752 0
-131072 0
-262144 -65536
-327680 131072
-262144 327680
65536 0
65536 -131072
0 0
131072 -65536
-131072 -524288
-65536 -65536
131072 65536
-327680 -262144
0 -196608
131072 327680
-65536 131072
-327680 -65536
65536 0
0 -131072
-393216 -262144
-196608 -524288
196608 131072
0 327680
0 -262144
196608 -131072
-65536 196608
-458752 0
-196608 -327680
131072 -196608
-65536 0
-65536 -196608
-65536 -65536
262144 131072
196608 0
-589824 -131072
-196608 -196608
65536 0
0 0
-262144 0
0 -65536
327680 0
-196608 327680
-196608 -196608
131072 -589824
65536 65536
-327680 0
-327680 -327680
262144 0
262144 131072
-458752 65536
65536 0
524288 -524288
-65536 -131072
-589824 -131072
-196608 -196608
131072 65536
-262144 262144
-131072 131072
131072 -131072
196608 -65536
65536 0
-196608 -458752
-65536 -262144
-262144 196608
-196608 65536
0 -196608
196608 -65536
-65536 196608
65536 -262144
131072 -262144
65536 65536
-589824 -327680
-524288 -131072
0 131072
65536 65536
-65536 -393216
65536 -262144
0 393216
196608 131072
-65536 -131072
-131072 0
-65536 -65536
-131072 -196608
-131072 -131072
131072 -131072
-196608 -131072
0 -65536
458752 327680
524288 131072
-589824 -524288
-720896 -131072
0 65536
-196608 0
0 131072
983040 -393216
-65536 -524288
-524288 -196608
0 -327680
0 -65536
-393216 786432
327680 -131072
-327680 -720896
-720896 655360
-196608 0
-131072 -589824
0 1114112
983040 393216
-131072 -1245184
-262144 262144
196608 131072
-65536 -720896
-65536 131072
458752 -655360
-851968 458752
-65536 589824
655360 -1441792
655360 655360
327680 -524288
-2031616 -983040
393216 589824
524288 -65536
-1507328 589824
983040 -851968
524288 655360
-983040 393216
131072 -917504
65536 -327680
-1310720 -196608
-393216 -655360
393216 1310720
131072 1179648
983040 -655360
458752 -786432
-720896 589824
-393216 -524288
-851968 196608
655360 851968
-393216 -2883584
1179648 1835008
131072 -1441792
-131072 -262144
983040 2097152
-3342336 -2752512
1966080 786432
-1703936 -1114112
0 -65536
2097152 0
-917504 2097152
2162688 -917504
-5439488 -1245184
2490368 -1179648
-1376256 3407872
1310720 0
1245184 -262144
393216 -720896
-1310720 -917504
-3473408 2162688
1507328 -4456448
3407872 3932160
-786432 -65536
1703936 917504
9961472 24969216
-10944512 -7733248
5505024 -851968
131072 2490368
1900544 2883584
-4390912 -1376256
-1441792 -1245184
1900544 -131072
2752512 -65536
1245184 -1507328
-2424832 1966080
1507328 -1179648
-4784128 3735552
917504 -3604480
1245184 1245184
786432 -2097152
-786432 -851968
589824 2555904
-1507328 -2621440
458752 3604480
-458752 -1900544
1245184 0
-65536 1310720
-2752512 -2818048
1900544 786432
-917504 262144
-327680 -131072
2621440 -262144
-917504 196608
-589824 0
262144 655360
-2228224 -1245184
720896 -327680
1114112 262144
-327680 0
3538944 0
-1769472 131072
-1441792 -196608
262144 -131072
-1769472 0
458752 327680
1179648 -1310720
-131072 -589824
131072 458752
-524288 -655360
-1310720 327680
-65536 655360
-131072 720896
-131072 524288
983040 -458752
-131072 -196608
-196608 -65536
-65536 -393216
-196608 65536
720896 -393216
262144 -65536
-131072 131072
-262144 -196608
-65536 131072
-393216 -393216
-393216 -262144
-65536 327680
0 65536
0 -262144
262144 327680
262144 -196608
-196608 -851968
-327680 0
-196608 196608
-131072 -131072
-65536 524288
65536 131072
196608 -720896
-131072 0
0 196608
-131072 -458752
-327680 -196608
0 65536
0 -393216
-458752 -65536
131072 720896
327680 0
-65536 -262144
65536 196608
-65536 -131072
-458752 -458752
-131072 -262144
0 -262144
-262144 -131072
262144 131072
917504 0
-65536 -65536
-917504 -262144
-131072 393216
65536 0
-393216 -524288
-65536 -393216
0 0
0 0
-65536 -131072
0 0
0 65536
0 -65536
-65536 131072
0 131072
-65536 -262144
-65536 -262144
0 -65536
-393216 -262144
-65536 -589824
0 0
131072 327680
0 65536
131072 131072
65536 0
-196608 0
-524288 -393216
-65536 -196608
131072 0
-131072 -131072
-131072 -131072
262144 65536
65536 262144
-131072 0
0 -327680
-65536 -131072
-65536 65536
-131072 -196608
-196608 -262144
65536 0
-196608 65536
-65536 -131072
0 -65536
262144 -65536
0 -65536
-393216 0
-65536 0
0 65536
-262144 0
-393216 -393216
0 -262144
458752 0
65536 0
-196608 0
262144 -65536
131072 -65536
-524288 196608
-458752 -524288
196608 -458752
-65536 131072
-327680 131072
196608 -327680
0 -65536
0 393216
0 65536
-65536 -458752
0 -196608
-458752 0
-65536 0
131072 0
327680 131072
0 -131072
-65536 -393216
-131072 65536
0 -131072
-131072 -327680
0 0
-327680 -65536
-196608 196608
-131072 0
0 0
0 65536
0 -262144
-65536 0
262144 0
-458752 -262144
-262144 0
131072 196608
524288 65536
-65536 -589824
-262144 -196608
-196608 393216
131072 0
-196608 -327680
458752 -65536
-524288 -458752
-917504 -131072
0 589824
786432 327680
0 -524288
393216 -917504
262144 -196608
-786432 0
-1441792 393216
786432 65536
-262144 -196608
-262144 0
262144 -1179648
-524288 -196608
-393216 1769472
1245184 0
131072 -262144
262144 589824
-524288 -1245184
-1114112 -655360
-458752 1900544
1048576 -851968
327680 -1048576
851968 131072
65536 -851968
-851968 786432
-393216 589824
-1114112 -1572864
-65536 -917504
524288 393216
-65536 1245184
1703936 -1179648
65536 393216
-1441792 131072
-720896 -655360
0 -851968
-655360 65536
262144 131072
196608 1572864
-393216 983040
589824 0
524288 -983040
-983040 -1048576
0 -1441792
65536 786432
0 2555904
196608 -3080192
1507328 2162688
-851968 -786432
-1703936 -2818048
1703936 2555904
-1179648 -2621440
1441792 851968
65536 -589824
-2031616 196608
786432 1114112
-4587520 -327680
3932160 -1441792
-65536 -262144
-131072 1310720
458752 -131072
-1114112 2162688
3211264 -1966080
-3801088 0
2228224 -6029312
-65536 5832704
-1179648 -786432
-1441792 8781824
-1572864 -5963776
1966080 -8519680
1835008 3538944
16973824 7602176
-9502720 -4325376
3145728 -6094848
4980736 8585216
0 -851968
65536 1245184
-6160384 327680
655360 -1769472
-1769472 -458752
3538944 -262144
786432 983040
1310720 -327680
-196608 -720896
-3014656 2359296
-131072 -3080192
-1048576 2818048
524288 -2621440
65536 1179648
393216 -131072
-1048576 -1572864
1769472 4325376
-1507328 -3473408
1966080 589824
-393216 196608
-2752512 -2883584
1441792 524288
-983040 786432
524288 0
1769472 983040
-720896 0
458752 -1114112
-393216 262144
-2686976 -65536
1572864 262144
524288 327680
-1179648 -393216
3735552 -1310720
-1966080 0
-1245184 1245184
1310720 262144
-1376256 -524288
262144 -393216
458752 -1507328
-1179648 -786432
0 786432
393216 65536
-524288 655360
-327680 327680
-65536 0
0 131072
524288 -524288
0 0
393216 -327680
262144 -589824
-393216 524288
131072 -65536
-131072 -262144
-131072 262144
-65536 -262144
196608 -262144
0 -589824
-393216 -131072
-524288 327680
-131072 393216
196608 65536
196608 0
196608 -393216
-196608 -458752
-327680 -65536
-196608 0
-196608 -327680
0 196608
65536 196608
196608 -327680
-131072 65536
196608 327680
458752 -589824
-262144 -524288
-851968 0
-458752 0
-262144 65536
196608 393216
393216 -196608
65536 -458752
196608 131072
262144 0
-327680 -524288
-720896 0
0 196608
131072 -196608
-65536 -65536
65536 0
393216 -262144
-196608 -393216
-327680 393216
65536 -65536
-131072 -589824
-393216 0
-262144 196608
0 0
0 0
0 65536
0 -131072
65536 -327680
65536 -65536
65536 0
0 -196608
-196608 0
-65536 131072
-327680 65536
-131072 -524288
-65536 -196608
196608 196608
131072 -196608
-65536 -65536
0 -131072
0 65536
-524288 0
-65536 -196608
262144 -196608
-65536 65536
-131072 65536
327680 -262144
0 -131072
-393216 131072
0 -131072
-131072 -327680
-65536 131072
65536 -65536
-131072 -196608
65536 65536
0 131072
0 -196608
-65536 -196608
-262144 -196608
-131072 -262144
-65536 131072
0 196608
0 -196608
131072 0
131072 131072
-196608 -196608
-131072 -393216
196608 -131072
-65536 -65536
-327680 0
65536 -196608
262144 65536
-327680 131072
-196608 -65536
262144 -327680
-131072 -262144
-196608 65536
-262144 0
-131072 -65536
196608 196608
0 0
0 -393216
-65536 -262144
131072 262144
0 -65536
0 -262144
0 65536
0 0
-327680 -65536
-65536 -131072
-131072 -393216
-131072 0
0 -196608
393216 65536
0 0
-393216 0
-393216 131072
-196608 0
-196608 -262144
327680 0
-131072 -65536
0 0
196608 -131072
196608 0
-65536 -131072
0 -65536
-327680 0
0 0
-65536 -458752
-196608 -131072
-262144 131072
393216 65536
131072 0
131072 0
0 -262144
-524288 -524288
-262144 327680
458752 -65536
-589824 -458752
131072 0
65536 -524288
-589824 131072
-65536 851968
393216 327680
-393216 0
262144 -131072
-131072 -1179648
-1048576 -327680
-131072 917504
1376256 -327680
0 655360
589824 0
-65536 -1900544
-1507328 1245184
0 196608
-458752 -1703936
720896 655360
458752 -131072
-1572864 -589824
1441792 196608
1048576 1572864
-262144 -1507328
-655360 -1900544
-327680 458752
-1638400 1179648
262144 -262144
917504 589824
196608 458752
-196608 -1114112
983040 -917504
-1310720 1048576
-1114112 65536
131072 -851968
458752 2162688
720896 -2555904
655360 1245184
-327680 -131072
-524288 -2293760
0 4325376
-1572864 -3473408
851968 -393216
1310720 851968
-2949120 -2293760
3211264 1179648
-1376256 0
-65536 1048576
-262144 -1441792
-1179648 -524288
3932160 851968
-4325376 2162688
3604480 -2818048
-3080192 196608
1048576 -2031616
-2162688 2359296
917504 -589824
1638400 2686976
3014656 1703936
-1835008 -7012352
-5308416 -2621440
-7012352 16252928
6094848 5832704
-10092544 2949120
-7208960 -8192000
5242880 -1638400
4784128 3866624
262144 720896
196608 2293760
-3604480 196608
-1114112 -393216
-2555904 -196608
5111808 -2293760
-1572864 458752
1638400 -1441792
-1966080 3080192
-1769472 720896
-917504 -2359296
917504 2883584
1900544 -4587520
589824 2621440
-131072 -1769472
-327680 -458752
-131072 3080192
-2555904 -2293760
3014656 786432
-786432 -589824
-1245184 -1114112
2031616 393216
-2621440 -262144
-196608 327680
1900544 720896
-786432 -524288
720896 -196608
65536 1048576
-3080192 -65536
786432 -65536
786432 -65536
-851968 -393216
3276800 -1245184
-983040 0
-196608 720896
458752 0
-2293760 131072
-196608 65536
262144 -1114112
-589824 -262144
786432 458752
262144 -1310720
-720896 -65536
-65536 917504
-393216 458752
-262144 655360
786432 -262144
196608 -262144
-65536 -196608
-65536 -851968
-262144 -131072
327680 -65536
-65536 0
196608 65536
-131072 -65536
-262144 393216
-262144 -458752
-327680 -393216
-458752 458752
0 -65536
589824 -196608
65536 196608
-131072 -458752
-65536 -655360
-589824 0
-262144 196608
65536 196608
262144 327680
0 131072
-65536 -589824
-65536 -131072
0 65536
-131072 -983040
-458752 -458752
-327680 720896
131072 65536
0 -327680
0 393216
196608 196608
-131072 -393216
0 -65536
65536 65536
-393216 -524288
-524288 0
262144 393216
196608 -327680
0 -262144
327680 393216
131072 -65536
-458752 -851968
-131072 327680
-196608 196608
-655360 -851968
-65536 -262144
0 393216
0 131072
393216 -65536
196608 0
-327680 65536
-65536 -131072
-65536 -196608
-327680 0
-65536 0
65536 -131072
65536 -65536
-131072 196608
0 -262144
-393216 -327680
0 131072
262144 -65536
-458752 0
-131072 0
524288 65536
-131072 0
-524288 -196608
131072 -393216
65536 -196608
-393216 0
0 -131072
327680 -196608
-262144 131072
-65536 196608
65536 -196608
-131072 -65536
0 -65536
-327680 -131072
65536 -131072
0 0
-65536 -65536
0 -196608
-196608 0
-131072 0
131072 -131072
196608 0
0 0
-262144 -131072
0 0
0 -65536
-458752 -262144
-393216 0
196608 -196608
393216 0
-131072 131072
0 -65536
327680 -393216
-262144 0
-458752 65536
-524288 -458752
-131072 -196608
0 458752
65536 0
393216 -327680
196608 -65536
-65536 131072
-327680 -196608
-131072 0
65536 131072
-262144 -262144
-65536 -327680
327680 -65536
65536 -196608
-196608 0
0 -196608
-65536 196608
-196608 0
-131072 -327680
-196608 -131072
-131072 65536
-131072 0
-131072 131072
131072 -131072
196608 -131072
0 -65536
0 65536
0 -262144
-196608 -65536
-393216 0
0 -262144
0 -327680
-393216 65536
327680 -262144
0 -65536
-458752 196608
524288 0
524288 -65536
-327680 0
-131072 -65536
65536 -327680
-524288 -327680
-65536 -65536
131072 -851968
-458752 262144
-131072 589824
131072 -327680
-589824 131072
0 393216
131072 -1703936
-983040 -131072
-131072 1310720
458752 -262144
131072 458752
1572864 786432
0 -1507328
-2162688 -393216
131072 -720896
-262144 -131072
983040 327680
1048576 -262144
-786432 458752
589824 589824
-917504 655360
-720896 -1245184
-196608 -1376256
65536 -917504
-131072 -589824
-131072 1245184
-65536 1900544
589824 786432
-262144 -1638400
0 -720896
-1966080 -131072
-196608 -720896
1048576 327680
-786432 4128768
917504 -3080192
1179648 393216
-2031616 655360
-1245184 -4390912
655360 3801088
1114112 -1245184
851968 -458752
1048576 2686976
-1966080 -2097152
262144 1572864
-2162688 -2424832
-262144 -1638400
5177344 -196608
-4128768 1048576
2031616 131072
-3866624 1835008
2555904 393216
-786432 -2293760
-589824 -1048576
2031616 -393216
-1900544 4849664
-1048576 0
1900544 3473408
-4390912 -10027008
-1966080 -3342336
2424832 6094848
5963776 10551296
1835008 12517376
8978432 15269888
-12845056 3735552
-4456448 -9568256
4784128 -2621440
2097152 1048576
2555904 1114112
-2031616 589824
-2359296 -393216
-2162688 2686976
-393216 -2293760
2490368 -1835008
-131072 2359296
3211264 -1769472
-2031616 1966080
-1114112 -327680
-1310720 -65536
65536 720896
327680 -3670016
1572864 4063232
-786432 -3801088
720896 1179648
131072 1769472
-1900544 -1572864
2621440 1310720
-1572864 -1048576
-1310720 -1835008
589824 -262144
-2949120 0
1638400 1179648
2228224 917504
-458752 0
1179648 -851968
-196608 -131072
-3604480 327680
1179648 720896
458752 -262144
-1114112 -131072
3145728 -1310720
-1114112 -589824
-458752 0
1179648 262144
-1441792 589824
-65536 131072
0 -589824
-1114112 -917504
-65536 -262144
-131072 0
-655360 655360
786432 0
524288 65536
0 458752
262144 -458752
-327680 -65536
131072 393216
-131072 -262144
-720896 -196608
131072 -524288
0 -131072
131072 131072
65536 -458752
65536 196608
-131072 65536
0 -524288
-327680 458752
-851968 393216
393216 -262144
524288 -131072
-458752 -655360
-196608 -393216
-131072 196608
-131072 327680
262144 -131072
131072 -262144
-196608 262144
-65536 -65536
0 -262144
-65536 196608
-196608 -65536
-196608 -524288
-196608 -65536
0 0
-393216 -327680
0 196608
655360 393216
262144 -327680
0 -327680
131072 262144
-196608 -65536
-851968 -65536
0 131072
262144 -131072
-393216 -524288
65536 -196608
655360 262144
-131072 -393216
-65536 -262144
65536 262144
-851968 0
-458752 -131072
0 196608
0 131072
65536 -393216
327680 -327680
0 65536
0 -65536
0 -327680
0 131072
0 131072
-65536 -65536
-131072 -131072
-327680 262144
0 0
-131072 -458752
-196608 -196608
262144 -327680
65536 0
-196608 65536
458752 65536
196608 0
-655360 -65536
-393216 -196608
0 -196608
-131072 0
-196608 -65536
262144 -262144
262144 0
0 196608
0 -65536
0 -196608
-65536 -131072
-655360 196608
-65536 0
196608 -327680
-196608 0
-196608 0
131072 -65536
327680 0
-65536 0
-262144 -262144
65536 -131072
-196608 -65536
-458752 0
65536 0
393216 -65536
-131072 262144
-327680 0
327680 -589824
65536 -393216
-589824 131072
0 -131072
0 -458752
-131072 327680
-196608 327680
0 -65536
262144 0
262144 0
-131072 -262144
-393216 -589824
-196608 -65536
-65536 327680
-65536 0
262144 0
262144 -65536
-65536 -131072
65536 -262144
0 -524288
-393216 196608
-131072 196608
-196608 -262144
-262144 0
-65536 -327680
-262144 -262144
131072 262144
524288 131072
0 -65536
-65536 -65536
-131072 131072
-327680 -131072
-196608 -131072
131072 0
131072 -458752
-65536 -65536
65536 262144
393216 -524288
-458752 -196608
-393216 327680
0 65536
-196608 196608
0 -65536
393216 0
0 -589824
-262144 -393216
327680 65536
0 -458752
-655360 262144
0 131072
-65536 -589824
-786432 65536
196608 -131072
0 -458752
-1048576 589824
196608 0
917504 -851968
-655360 983040
458752 393216
720896 -1572864
-720896 327680
0 -65536
-1310720 -589824
720896 1048576
655360 262144
-851968 -983040
1114112 -720896
-720896 589824
-851968 -1114112
983040 -655360
589824 393216
-1441792 327680
-524288 131072
1114112 -65536
131072 458752
-720896 -1179648
720896 -655360
-1245184 0
-1507328 -131072
983040 -131072
-196608 3145728
1572864 -2097152
917504 458752
-1638400 983040
0 -3801088
-983040 3473408
-1310720 -1114112
851968 -1703936
2228224 4063232
-589824 -3604480
327680 655360
1245184 524288
-3801088 -1638400
2949120 65536
-3014656 -1179648
2490368 1114112
-2293760 1245184
-1048576 524288
3145728 -1835008
-2686976 -393216
2228224 -2752512
-3735552 2424832
1769472 -655360
720896 3211264
2621440 -2293760
-2883584 2752512
-3801088 3670016
-3407872 1638400
4718592 -19267584
-8323072 3735552
21561344 -327680
3342336 9306112
-8781824 655360
-6619136 -6946816
786432 1048576
2424832 -720896
3604480 458752
-1703936 917504
1245184 1245184
-3801088 1179648
-851968 -2293760
983040 -327680
524288 -1245184
1179648 -2555904
-786432 4849664
-655360 -1900544
-2097152 3014656
0 393216
1179648 -2818048
1179648 1245184
-1245184 -5046272
1900544 2162688
-851968 786432
-1835008 -327680
3014656 1638400
-1507328 -1376256
-720896 -720896
917504 65536
-3014656 -327680
983040 458752
1507328 0
-786432 -458752
1114112 -327680
327680 1245184
-2752512 1310720
1441792 393216
-65536 -917504
-2031616 -327680
2490368 -2031616
-786432 196608
393216 262144
1179648 -262144
-1638400 262144
-589824 0
0 -786432
-1179648 262144
-196608 131072
720896 -524288
393216 786432
131072 -327680
-393216 -851968
-720896 917504
458752 327680
393216 0
589824 0
196608 -589824
-393216 -131072
-524288 -196608
-524288 -131072
131072 0
-65536 -524288
-131072 196608
0 458752
262144 -327680
-131072 0
-327680 131072
589824 -786432
0 -327680
-851968 0
-131072 65536
131072 131072
0 0
196608 -196608
0 -262144
0 262144
196608 0
-262144 -720896
-327680 0
65536 65536
-196608 -393216
-458752 0
131072 458752
65536 0
-196608 -131072
262144 -131072
0 -327680
-327680 -393216
65536 65536
262144 131072
-327680 327680
0 131072
131072 -458752
-393216 -131072
-458752 -65536
524288 -65536
196608 -524288
-262144 -327680
-196608 196608
-393216 131072
0 0
65536 0
-131072 262144
0 0
262144 -458752
0 -65536
-65536 0
0 -524288
-131072 -196608
0 65536
-65536 0
0 -65536
-131072 262144
65536 262144
65536 -327680
-524288 -196608
-262144 -65536
262144 0
-196608 -196608
0 -65536
458752 0
-196608 0
-524288 0
65536 -65536
327680 -196608
-393216 0
-327680 -131072
262144 -262144
0 0
-327680 -65536
-196608 -327680
262144 -196608
-65536 131072
-196608 196608
65536 -262144
0 0
-131072 262144
-393216 -131072
0 -327680
196608 0
-393216 -196608
-131072 -131072
393216 0
0 -65536
-262144 262144
65536 0
196608 -327680
-327680 0
-196608 131072
0 -589824
-393216 -327680
0 262144
0 0
-65536 -196608
131072 196608
131072 327680
-131072 -327680
-393216 -655360
-65536 196608
-196608 327680
0 -196608
393216 -65536
0 0
-196608 -65536
131072 -196608
65536 -196608
-65536 65536
-262144 -524288
-262144 -131072
0 327680
0 0
-262144 -131072
-131072 0
-131072 0
0 -196608
-65536 -131072
0 65536
0 -131072
196608 327680
327680 0
0 -655360
-393216 -131072
-131072 327680
196608 0
0 -65536
-393216 -524288
-196608 -524288
-458752 393216
-65536 851968
589824 65536
655360 -786432
-327680 -131072
0 0
-131072 -458752
-262144 720896
65536 196608
0 -917504
-524288 -393216
-196608 -196608
-262144 -655360
-196608 589824
851968 917504
655360 -327680
-1179648 196608
131072 262144
-720896 -655360
-1835008 458752
1507328 -786432
589824 -786432
131072 458752
458752 65536
131072 589824
393216 196608
-1900544 -65536
-393216 -1572864
458752 -131072
65536 458752
458752 -393216
589824 0
-393216 458752
-589824 524288
-65536 -1179648
196608 -655360
-1835008 -327680
-393216 196608
2031616 851968
-1441792 2555904
1048576 -2424832
1114112 -524288
-3014656 1245184
131072 -4653056
458752 2424832
131072 851968
786432 -1310720
327680 4521984
-983040 -1769472
-1310720 -917504
2031616 -131072
-1703936 -4587520
3801088 2686976
-1703936 524288
-1376256 458752
1769472 524288
-3866624 196608
5767168 -2490368
-2818048 -1310720
3080192 -131072
-4456448 2424832
-786432 3080192
-1245184 -1376256
589824 -917504
-655360 -7208960
9175040 1769472
-2883584 6029312
-6881280 11534336
-5046272 -14942208
-26148864 2097152
4718592 -11993088
9961472 1572864
5242880 5767168
-10289152 3407872
-524288 -2949120
-524288 -1638400
2359296 -2293760
1703936 2621440
655360 -2031616
-786432 2031616
-4915200 2555904
262144 -2555904
-262144 262144
1507328 -2359296
1769472 -1310720
-196608 2752512
-262144 -1769472
-983040 4325376
-196608 -2293760
458752 -589824
65536 1769472
-655360 -4456448
1703936 1900544
-786432 -393216
-393216 -196608
2555904 1048576
-2555904 -655360
458752 0
65536 -589824
-3735552 196608
851968 458752
1441792 -524288
-1048576 327680
2228224 327680
1179648 -327680
-2883584 458752
720896 0
-655360 -1048576
-2359296 1507328
3014656 -524288
-131072 -851968
65536 -1114112
720896 -393216
-983040 393216
-720896 327680
-131072 -327680
-327680 196608
-196608 262144
-327680 -655360
524288 196608
393216 -131072
196608 -131072
-131072 1048576
458752 -65536
0 -589824
-65536 327680
-589824 -196608
-327680 -458752
524288 -327680
0 0
-131072 0
65536 -262144
-131072 327680
-393216 262144
327680 -458752
262144 -196608
-720896 65536
0 -720896
65536 65536
-393216 524288
327680 -196608
131072 -262144
-458752 327680
196608 131072
196608 -327680
-196608 -196608
131072 0
-65536 -589824
-589824 -196608
-131072 458752
131072 0
-65536 -262144
131072 0
131072 -65536
-458752 -131072
-131072 65536
65536 -65536
-131072 -262144
-131072 262144
393216 131072
262144 -262144
-327680 0
-327680 -131072
0 -131072
-65536 -196608
65536 0
0 -524288
-196608 -589824
-65536 524288
-262144 589824
-65536 -327680
0 -65536
0 327680
0 -65536
262144 -524288
0 -65536
-65536 0
-65536 -262144
-196608 -196608
-131072 -65536
-131072 65536
65536 65536
0 0
0 65536
131072 -131072
-262144 -196608
-524288 -327680
262144 65536
0 0
-327680 -196608
196608 0
262144 196608
-131072 65536
-327680 -196608
131072 -393216
0 65536
-524288 0
-65536 -393216
262144 0
-65536 262144
-393216 0
262144 -196608
262144 -196608
-327680 65536
-327680 0
-65536 -262144
65536 -65536
-65536 131072
-262144 -196608
327680 -196608
262144 0
-262144 65536
-196608 65536
0 -589824
-65536 -131072
-262144 327680
0 -196608
65536 -524288
0 196608
0 196608
-196608 -524288
-131072 -393216
-131072 524288
-196608 131072
0 -262144
65536 -131072
0 0
-393216 -393216
-131072 0
327680 458752
196608 0
-131072 -524288
0 131072
0 65536
-65536 0
0 -524288
0 -262144
-458752 -131072
-65536 -196608
65536 -65536
65536 262144
-65536 -65536
-131072 65536
-65536 0
-262144 -262144
-524288 -327680
65536 196608
65536 0
327680 0
196608 -327680
-196608 -131072
-589824 0
-131072 393216
524288 -131072
65536 -458752
-983040 -262144
-196608 0
0 0
131072 655360
327680 0
655360 -393216
-262144 -327680
-655360 393216
0 -458752
393216 -524288
-196608 -262144
131072 -65536
-655360 -524288
-1179648 917504
65536 393216
524288 0
-393216 327680
589824 -1376256
-720896 -1114112
-720896 1507328
1245184 -393216
-327680 65536
327680 1048576
393216 -393216
-1114112 -65536
131072 65536
-393216 -327680
458752 -1835008
65536 262144
458752 1638400
-851968 -262144
262144 -262144
1179648 -458752
-983040 -196608
-1572864 -393216
1245184 0
-196608 0
-1114112 -589824
1114112 -655360
-917504 2031616
917504 -917504
1245184 0
-2555904 1441792
393216 -3604480
-917504 2228224
-1048576 327680
1572864 -2621440
917504 3473408
-65536 -1310720
-917504 -1245184
1835008 3080192
-2752512 -3604480
1376256 589824
2097152 851968
-2883584 -589824
3538944 1245184
-3866624 -1048576
3735552 65536
-3342336 -2162688
-524288 524288
589824 -1179648
-1376256 4390912
3801088 -3670016
-196608 4521984
65536 -3407872
-5570560 3276800
-5898240 -10485760
3342336 5439488
10223616 786432
9043968 7667712
-2097152 17432576
-14090240 -9568256
6750208 -1245184
7012352 -1376256
3473408 7405568
-8126464 -2424832
-1572864 -2359296
-4456448 -589824
4653056 -1179648
655360 983040
3080192 -1179648
0 4259840
-2883584 -131072
0 -2621440
-1769472 2228224
786432 -4325376
393216 -196608
196608 1048576
1572864 -917504
-917504 4325376
-1441792 -2097152
1048576 1441792
-655360 -720896
-1048576 -4259840
2686976 2228224
-1376256 -1638400
-1048576 458752
2490368 2097152
-2686976 -851968
983040 65536
1048576 -655360
-2031616 -393216
458752 -131072
-589824 458752
-1441792 524288
2293760 -65536
1835008 -851968
-1966080 851968
1310720 393216
-917504 -65536
-1900544 851968
2686976 -2097152
-917504 -786432
-327680 -655360
1245184 -131072
-786432 393216
-655360 458752
0 -131072
-917504 0
-131072 196608
196608 -196608
196608 524288
-131072 -196608
393216 -1048576
-65536 458752
-262144 131072
-458752 -393216
720896 524288
524288 262144
-327680 -393216
0 -917504
-458752 -131072
-655360 131072
-327680 -655360
-65536 327680
327680 917504
786432 -458752
327680 -524288
-655360 196608
-524288 -655360
0 -262144
-196608 655360
0 131072
131072 -262144
-196608 393216
196608 0
262144 -655360
-196608 -327680
131072 -65536
-196608 -458752
-655360 -65536
65536 720896
393216 196608
-262144 -393216
-131072 0
131072 65536
-196608 -327680
-196608 -327680
-65536 0
0 -196608
65536 196608
393216 262144
131072 -327680
-327680 0
-131072 262144
0 -65536
-458752 -786432
-131072 -196608
0 -65536
-262144 -327680
196608 65536
65536 655360
-65536 0
65536 -327680
-65536 0
-393216 0
0 -393216
0 -196608
-131072 0
65536 -131072
0 -131072
-131072 -131072
0 65536
65536 196608
-131072 0
-196608 0
196608 -65536
-131072 262144
-589824 -327680
196608 -458752
262144 0
-393216 0
0 -262144
393216 -131072
65536 196608
-393216 0
-327680 -327680
65536 0
0 131072
-393216 -327680
-131072 -131072
393216 0
-65536 0
-196608 0
65536 -262144
0 -327680
-196608 131072
-327680 196608
-65536 -262144
393216 0
-65536 262144
-262144 -131072
262144 -458752
196608 -393216
-393216 262144
-393216 0
65536 -262144
131072 131072
-131072 196608
0 -327680
65536 -262144
65536 0
-262144 -65536
-524288 -524288
-327680 0
0 131072
262144 65536
131072 -196608
0 0
0 65536
-196608 0
-131072 -196608
0 65536
0 -196608
0 -131072
262144 -393216
0 0
-131072 -131072
-65536 131072
-262144 327680
0 0
-131072 -786432
-262144 -196608
-196608 -131072
0 0
131072 0
0 327680
-393216 0
196608 65536
196608 -65536
0 196608
-327680 -327680
-65536 0
0 -393216
-393216 -393216
-65536 -65536
327680 0
-327680 0
131072 589824
65536 131072
196608 131072
-65536 -327680
0 -65536
65536 -917504
-393216 -524288
-393216 0
196608 -327680
-524288 -589824
-65536 1114112
262144 327680
-196608 65536
-393216 0
524288 -1048576
-983040 -786432
-1114112 393216
1048576 -196608
327680 1441792
589824 655360
327680 -1179648
-983040 -65536
65536 -196608
-589824 -720896
1114112 -1048576
-131072 589824
-1114112 458752
-327680 0
1441792 1572864
131072 -196608
-786432 -1638400
-131072 -1769472
524288 0
-1966080 131072
196608 786432
2162688 524288
-2359296 1179648
-524288 -1507328
1507328 0
-2359296 917504
1638400 -4259840
983040 1441792
-524288 2621440
262144 -2162688
-917504 3342336
-262144 -589824
-1048576 -3670016
2031616 1769472
131072 -1966080
-131072 720896
1376256 3473408
-3932160 -3211264
4128768 1703936
-3342336 -2949120
-262144 -1114112
3342336 -524288
-3670016 4390912
2883584 -262144
-6619136 1835008
5767168 -4390912
-3211264 -983040
4259840 -3866624
458752 3473408
393216 4915200
-11468800 8519680
1048576 -7208960
7929856 -18808832
6422528 6881280
33947648 3604480
-16646144 2097152
1376256 -5898240
-2097152 -1638400
8323072 -1966080
0 7274496
-4784128 -1572864
-2424832 2424832
-1900544 -1048576
3735552 -983040
-1048576 -1441792
5636096 -3080192
-2293760 4456448
-3276800 -1376256
-65536 1703936
-65536 720896
1048576 -4390912
65536 1048576
-131072 -1441792
-65536 131072
-983040 4194304
-65536 -3276800
1048576 2228224
-327680 -589824
-917504 -3014656
2686976 1769472
-2097152 -1703936
0 458752
2097152 589824
-2752512 -65536
1769472 983040
983040 -589824
-3538944 65536
0 -720896
-327680 0
-1114112 655360
2949120 -131072
2293760 -720896
-2293760 786432
1114112 -524288
-720896 -196608
-2490368 1114112
1769472 -1572864
-196608 131072
131072 -851968
1703936 -1048576
-720896 -65536
-1507328 0
-65536 131072
-327680 983040
-458752 589824
196608 -1048576
1048576 65536
-196608 458752
-262144 -1179648
-65536 327680
65536 327680
-393216 -458752
524288 65536
327680 -196608
-524288 -65536
0 -262144
-196608 -131072
-327680 393216
-65536 -327680
-131072 0
0 393216
458752 -655360
131072 -786432
-327680 65536
-458752 0
-196608 0
0 524288
65536 262144
131072 -720896
-65536 -196608
0 327680
262144 -196608
-262144 -524288
-131072 -196608
-65536 0
-458752 -65536
0 0
393216 262144
-262144 -65536
0 -65536
655360 0
-196608 -262144
-917504 -262144
-262144 327680
131072 0
-65536 -196608
196608 0
524288 -196608
-65536 -196608
-196608 0
393216 -65536
-589824 -262144
-851968 0
65536 -65536
-262144 -65536
0 0
262144 131072
131072 -196608
0 -393216
0 -65536
-196608 65536
0 0
65536 -65536
-131072 -65536
0 -65536
-196608 0
-393216 -327680
0 -327680
327680 0
-65536 0
-262144 65536
131072 -65536
393216 524288
-327680 196608
-458752 -720896
65536 -327680
-65536 65536
-196608 -262144
-65536 -393216
131072 0
131072 262144
-196608 65536
-65536 0
262144 -131072
0 -131072
-589824 0
-196608 -131072
65536 -327680
0 0
-196608 -65536
-196608 -458752
327680 65536
327680 655360
-327680 0
-65536 -262144
196608 0
-262144 -196608
-393216 -196608
65536 -327680
65536 0
-65536 327680
65536 65536
262144 -131072
-196608 -196608
-131072 -131072
-65536 -327680
-196608 -458752
-327680 -65536
0 262144
0 327680
0 -65536
196608 -65536
131072 -131072
-196608 -327680
-131072 0
0 196608
-131072 -65536
-65536 65536
196608 -131072
65536 0
131072 -131072
-65536 -196608
-262144 -65536
0 -65536
0 -327680
-393216 -131072
-196608 -196608
-196608 -65536
-65536 131072
0 262144
196608 -196608
65536 131072
0 393216
-65536 -196608
-327680 -786432
-196608 65536
196608 65536
-196608 -65536
393216 0
327680 -131072
-720896 -262144
-524288 131072
196608 65536
0 0
-65536 196608
393216 -65536
131072 -1179648
-458752 0
196608 262144
327680 -131072
-65536 196608
-393216 458752
0 -917504
-655360 -196608
-786432 524288
655360 -720896
0 -393216
-262144 983040
720896 -458752
-983040 655360
851968 1179648
655360 -851968
-524288 -1114112
0 -1114112
-1114112 -393216
393216 262144
-131072 1376256
327680 720896
196608 -1245184
-393216 196608
851968 131072
393216 -983040
-786432 -1114112
0 720896
-1048576 0
-458752 589824
1572864 -524288
-1048576 655360
786432 -589824
1376256 -786432
-2686976 196608
720896 -1900544
-393216 1507328
-1572864 1572864
1966080 -2293760
655360 2752512
262144 -524288
-524288 -4194304
393216 2949120
-1769472 -1048576
-1179648 -2293760
3276800 5046272
-2883584 -2752512
1966080 1245184
1638400 -2621440
-3211264 -655360
2097152 1179648
-5898240 196608
7077888 196608
-3670016 983040
2949120 655360
-2228224 -3014656
0 2555904
-3538944 -2818048
-262144 1966080
3997696 -4980736
7864320 9371648
-5963776 -6553600
-5111808 -3932160
-12845056 2359296
24182784 -14745600
3211264 14286848
-8454144 -3604480
-5177344 1638400
-2621440 -4849664
11010048 -262144
-2621440 4194304
524288 -1245184
-2031616 1441792
-1835008 -3145728
393216 2424832
-983040 -2097152
4915200 -2228224
-2621440 5701632
-65536 -3276800
-327680 393216
-1114112 -786432
524288 -1900544
-655360 1572864
720896 -2293760
1572864 2031616
-655360 2162688
-458752 -2686976
983040 3211264
-983040 -1638400
-1703936 -1900544
2621440 1310720
-2031616 -3538944
131072 1114112
1376256 1179648
-2162688 851968
1900544 196608
720896 -1114112
-2686976 0
-131072 -458752
-851968 327680
-1179648 1507328
1966080 -786432
2162688 -1703936
-1179648 983040
1638400 -589824
-393216 458752
-2097152 2162688
1179648 -1638400
-917504 -458752
-917504 -1376256
1572864 -1572864
-262144 196608
-720896 1376256
262144 262144
327680 65536
-458752 720896
-720896 -720896
196608 -393216
65536 851968
0 -983040
196608 -131072
65536 262144
-589824 -589824
524288 131072
262144 262144
-524288 0
262144 -720896
-131072 -196608
-786432 589824
-65536 -393216
65536 -262144
0 327680
393216 -196608
393216 -458752
-393216 0
-589824 196608
0 65536
131072 -196608
-65536 131072
-196608 65536
0 0
327680 0
131072 -458752
-393216 -524288
-196608 -131072
131072 65536
-327680 65536
-524288 0
262144 262144
65536 65536
-196608 -393216
131072 -458752
-65536 65536
-589824 196608
0 65536
327680 -196608
-131072 65536
-262144 0
327680 -458752
327680 0
-262144 65536
65536 -393216
-131072 -327680
-720896 327680
-327680 65536
-131072 -131072
327680 0
196608 0
0 0
0 -65536
0 -131072
-262144 -65536
65536 65536
65536 -131072
-327680 -327680
0 0
0 196608
-524288 -131072
-196608 -131072
262144 -131072
-65536 -196608
-196608 327680
65536 0
393216 -196608
0 65536
-393216 -131072
-131072 -458752
-65536 -196608
0 131072
0 0
-131072 -65536
262144 0
262144 0
-327680 -131072
-327680 -458752
65536 -327680
-65536 262144
-262144 262144
0 -131072
196608 -196608
-65536 262144
-327680 131072
-65536 -524288
327680 -131072
65536 -65536
-262144 -262144
-131072 65536
65536 0
-65536 131072
-131072 262144
65536 -131072
196608 -393216
-196608 -196608
-65536 65536
-65536 -131072
-393216 -393216
-131072 0
131072 65536
-131072 -65536
0 196608
458752 196608
0 -262144
-524288 -458752
-196608 -65536
-131072 -131072
0 131072
0 131072
327680 -65536
196608 131072
262144 0
0 -458752
-393216 -131072
-262144 -131072
-262144 -131072
-262144 0
393216 -196608
0 -393216
-196608 196608
0 131072
0 -262144
-196608 0
-262144 131072
-131072 -327680
65536 0
0 262144
0 -262144
-393216 -196608
524288 327680
327680 -327680
-458752 -655360
65536 -327680
-393216 262144
-1179648 589824
524288 393216
983040 -196608
-65536 -720896
-393216 -131072
196608 0
0 0
-196608 0
131072 -196608
196608 -655360
-1507328 -262144
-786432 0
524288 0
-327680 393216
0 -196608
1441792 -720896
-655360 983040
-393216 655360
-655360 -589824
65536 0
393216 -983040
-327680 -1048576
786432 0
-720896 1376256
524288 655360
851968 -589824
-786432 327680
-786432 -655360
-917504 -1638400
196608 0
720896 1441792
-196608 -917504
0 327680
1441792 851968
-2490368 65536
-131072 -1769472
655360 -1245184
-2293760 655360
1900544 -1835008
1048576 1245184
-2097152 3801088
655360 -1114112
393216 196608
327680 -851968
-458752 -5570560
327680 1769472
-786432 1179648
-917504 -262144
1114112 6422528
-851968 -3670016
1835008 -786432
2621440 -1048576
-5963776 -4194304
5963776 3145728
-5111808 1638400
524288 2621440
-2293760 -3014656
720896 -262144
5046272 -3932160
-3080192 3538944
4128768 -1835008
-4194304 8585216
-2949120 -3735552
-3145728 -1048576
3801088 -13172736
6356992 7471104
-3473408 6815744
-10289152 589824
4259840 3932160
15532032 1835008
-2686976 1966080
-4128768 -2228224
-1769472 5832704
-3538944 -7798784
8323072 2818048
-2097152 655360
589824 -2555904
-6488064 2359296
1900544 -1114112
-851968 1835008
1114112 -3342336
5832704 0
-1114112 1769472
-1572864 -2490368
-2818048 4194304
-1179648 -1245184
1310720 -524288
-196608 327680
1900544 -4063232
1114112 1245184
-1245184 1376256
-1114112 -720896
1376256 3932160
-983040 -2228224
0 -1376256
2293760 393216
-4128768 -3080192
65536 1310720
1703936 131072
-2097152 655360
2228224 262144
1441792 -589824
-2490368 458752
-393216 393216
-458752 0
-1441792 262144
1114112 -589824
2228224 -1114112
-786432 524288
1441792 -458752
196608 262144
-2162688 1048576
720896 -1703936
-524288 786432
-1441792 -327680
1114112 -1441792
0 -131072
-458752 327680
196608 -589824
-131072 327680
-327680 1310720
-327680 -327680
458752 0
196608 1048576
-131072 -1376256
-262144 -720896
-65536 458752
-786432 -131072
655360 -393216
1048576 -131072
-458752 655360
-196608 -327680
0 -458752
-458752 655360
-262144 0
327680 -720896
65536 -65536
-262144 0
65536 -393216
-65536 -65536
-196608 262144
65536 0
-65536 -262144
-196608 327680
131072 327680
131072 -655360
-65536 -589824
-131072 65536
-262144 -65536
-262144 -65536
131072 0
0 -65536
-458752 -131072
262144 0
327680 0
-393216 -131072
-196608 -131072
262144 196608
-131072 65536
-458752 0
0 -393216
131072 -262144
-196608 131072
0 -196608
589824 -393216
196608 -65536
-131072 -65536
-524288 -327680
-655360 65536
-65536 393216
-65536 65536
0 -65536
262144 -131072
327680 -131072
196608 -65536
0 -196608
-327680 -327680
-65536 0
0 0
-393216 -131072
-131072 -65536
196608 393216
0 0
-196608 -327680
0 -131072
-65536 -393216
0 -65536
0 262144
131072 0
65536 -131072
-196608 131072
-131072 131072
-65536 -327680
0 -327680
65536 0
-196608 -131072
-131072 -262144
131072 0
0 65536
-327680 -65536
0 0
262144 0
65536 -131072
-131072 0
-262144 -65536
-131072 -262144
0 65536
-65536 -196608
-262144 -196608
196608 131072
327680 -65536
-196608 131072
-65536 65536
131072 -262144
-196608 -65536
-458752 0
131072 -131072
0 -393216
-131072 0
262144 131072
0 -262144
-589824 0
-65536 131072
65536 0
-131072 -262144
0 -262144
0 -65536
-131072 0
-262144 262144
0 65536
393216 -327680
-131072 0
-196608 0
131072 65536
262144 -65536
0 -589824
-458752 -131072
-65536 0
196608 -196608
-65536 196608
0 0
0 -524288
-65536 0
-262144 327680
-393216 -131072
-65536 -262144
-65536 262144
65536 0
458752 -524288
-131072 -65536
0 -65536
-262144 0
-262144 393216
524288 -262144
-262144 -458752
-589824 -196608
0 262144
65536 393216
196608 -196608
458752 -131072
0 -262144
-393216 65536
-131072 458752
458752 -65536
0 -1114112
-589824 -720896
-196608 -196608
0 -327680
-524288 589824
393216 786432
524288 0
-1310720 0
-65536 -393216
-196608 -720896
327680 131072
983040 -196608
65536 196608
327680 131072
-1376256 786432
-65536 131072
-131072 -1048576
-589824 -524288
786432 -720896
-196608 -589824
-262144 983040
917504 1376256
0 -786432
-655360 65536
786432 65536
-1900544 -589824
65536 0
1179648 -1048576
-1900544 -327680
1179648 -720896
-524288 1310720
-1900544 1835008
2555904 -1703936
262144 589824
-983040 524288
327680 -4980736
131072 2031616
-2883584 2097152
-655360 -2621440
2424832 5898240
917504 -2424832
-983040 -3407872
3735552 1310720
-5111808 -4849664
1966080 5439488
-3211264 -983040
1572864 1966080
4063232 -524288
-5963776 524288
3997696 -3997696
-5046272 1441792
4390912 -1638400
-5177344 1572864
6029312 -2097152
-851968 3801088
-1441792 1638400
-5177344 -655360
8716288 -4784128
-3407872 5242880
65536 -8060928
2490368 8060928
8126464 -65536
-4456448 -2359296
1703936 917504
-1441792 -1310720
-2097152 3801088
-65536 -6488064
6356992 2752512
-3538944 -393216
1114112 3735552
-4849664 262144
2818048 -2293760
-3080192 1572864
1703936 -5308416
3670016 -589824
-1179648 2097152
262144 -327680
-1900544 4456448
-1441792 -2818048
917504 1310720
-655360 -1507328
458752 -3670016
262144 2752512
589824 131072
-131072 -1441792
2097152 4128768
-1441792 -2424832
-720896 -262144
1310720 65536
-3538944 -1769472
720896 589824
1310720 -393216
-2031616 524288
1638400 65536
851968 -720896
-1572864 1245184
65536 -262144
-262144 131072
-1835008 983040
458752 65536
1966080 -851968
-589824 -65536
1507328 -1966080
983040 -262144
-2424832 1966080
589824 -720896
131072 589824
-1703936 -131072
196608 -2293760
393216 -65536
-720896 1376256
0 -851968
655360 131072
0 1966080
-1179648 -983040
393216 -1245184
262144 1179648
-262144 -196608
0 -458752
851968 262144
-524288 0
-327680 -458752
-131072 -786432
-327680 458752
196608 65536
327680 -589824
131072 327680
0 655360
-131072 -720896
-327680 -720896
-524288 393216
131072 131072
131072 -262144
-131072 0
-196608 131072
-196608 -262144
393216 0
393216 0
-196608 -720896
-327680 -196608
0 589824
65536 0
-327680 -327680
0 65536
131072 0
-589824 -327680
-196608 -65536
327680 0
-65536 -131072
-196608 -196608
196608 262144
131072 196608
-262144 65536
-262144 -131072
-131072 -327680
0 0
0 -131072
131072 -458752
-65536 -524288
0 -65536
-65536 393216
-524288 393216
0 0
262144 0
-65536 131072
-196608 -327680
131072 -524288
131072 0
65536 0
-131072 -327680
-65536 -131072
0 65536
-131072 0
-196608 0
65536 327680
0 -131072
-327680 -524288
-327680 65536
-131072 -131072
65536 -393216
65536 65536
131072 196608
131072 -196608
-65536 0
-65536 196608
-131072 -262144
-262144 -458752
0 -65536
-131072 -65536
-65536 0
131072 0
0 65536
-65536 0
196608 -65536
0 -65536
-524288 -458752
-65536 -196608
65536 262144
-393216 -131072
0 65536
327680 65536
-65536 -196608
-196608 65536
262144 -196608
0 -393216
-393216 0
-65536 65536
65536 -131072
-458752 0
131072 131072
458752 -262144
-131072 -327680
-131072 -65536
0 -327680
-589824 0
-458752 196608
262144 65536
393216 -262144
-131072 -327680
-196608 0
0 131072
0 131072
-131072 262144
-65536 -196608
0 -131072
131072 -65536
0 -131072
131072 -327680
65536 -262144
-262144 0
-262144 196608
0 -262144
-65536 -131072
-196608 0
-131072 65536
131072 -524288
-65536 -196608
-196608 131072
-65536 131072
0 131072
131072 327680
327680 -393216
-589824 -327680
-327680 -65536
458752 0
-65536 65536
-131072 -393216
327680 -786432
-327680 0
-851968 393216
196608 655360
262144 196608
-393216 458752
589824 -589824
655360 -851968
-327680 -458752
-458752 0
327680 -720896
-262144 0
-1310720 524288
327680 -131072
983040 0
-983040 1179648
131072 -720896
-196608 -1245184
-65536 393216
-262144 -196608
-327680 -131072
1507328 393216
-1376256 589824
-393216 -65536
1245184 -131072
0 196608
-458752 -1703936
-589824 -1245184
0 1441792
65536 1441792
-196608 -983040
1048576 786432
393216 -131072
-3211264 -1179648
262144 -65536
2555904 -917504
-1835008 -65536
1507328 -589824
-262144 917504
-3276800 2621440
589824 -589824
851968 -917504
327680 -393216
983040 -4325376
327680 1114112
-1966080 2818048
458752 -1376256
-262144 5177344
65536 -2555904
-524288 -4980736
2686976 3866624
-3997696 -5832704
1703936 5439488
720896 1900544
-3670016 655360
6160384 -2490368
-5308416 -3801088
6225920 -1638400
-5898240 2818048
3014656 1835008
-3014656 3604480
-1114112 983040
-589824 -5832704
3080192 -4587520
1179648 3014656
3276800 3342336
-8781824 -3276800
-3407872 0
16711680 -131072
7536640 4390912
1703936 -65536
131072 7471104
786432 4390912
-917504 -5439488
-983040 262144
-3080192 -1441792
655360 -4128768
4390912 3211264
983040 65536
1245184 2752512
-6225920 -1245184
720896 -1376256
-2818048 1966080
2228224 -4784128
1835008 1376256
1048576 -786432
1769472 -524288
-3014656 3997696
-1310720 -2031616
-196608 2818048
-1310720 -1179648
1900544 -3407872
1572864 1441792
0 -589824
-983040 0
2424832 3407872
-2949120 -2883584
196608 327680
2162688 -720896
-3407872 -1310720
720896 851968
655360 -327680
-3342336 0
786432 262144
1441792 -917504
0 1114112
983040 65536
-393216 -65536
-2490368 327680
-786432 196608
1966080 -1114112
-327680 -65536
1114112 -1310720
1769472 -65536
-1638400 1441792
196608 -1703936
0 0
-2097152 1179648
-589824 -1245184
851968 -458752
327680 1441792
-458752 -1048576
65536 -1245184
851968 2097152
-1310720 327680
-458752 -1114112
393216 655360
65536 -65536
131072 -851968
786432 -262144
-720896 -131072
-327680 0
0 -65536
-327680 262144
65536 65536
262144 -327680
131072 -262144
196608 0
-393216 -786432
-524288 -458752
-196608 851968
196608 262144
-65536 -393216
-131072 -65536
131072 131072
-131072 -393216
0 -196608
458752 262144
-262144 -393216
-458752 -524288
65536 262144
131072 196608
-327680 -262144
0 0
524288 0
-262144 -131072
-524288 -196608
131072 -131072
-196608 0
-589824 0
262144 131072
720896 -65536
0 -196608
-196608 0
65536 0
0 -65536
-131072 -262144
65536 -393216
-458752 -196608
-262144 65536
458752 65536
-196608 196608
-262144 65536
196608 -262144
65536 0
-327680 131072
0 -262144
196608 -131072
0 65536
-131072 -262144
-131072 -393216
-327680 0
0 65536
65536 -458752
-65536 0
0 458752
65536 -196608
-196608 65536
-262144 131072
65536 -393216
0 -458752
-327680 65536
262144 -65536
262144 -131072
-196608 0
-131072 65536
-65536 -65536
0 0
-65536 -65536
-65536 -131072
131072 -196608
0 65536
-262144 0
0 -393216
196608 -131072
-131072 -65536
-327680 -327680
131072 196608
65536 262144
-196608 0
0 131072
262144 -393216
-131072 -458752
-196608 0
0 -262144
-65536 -327680
-196608 327680
393216 327680
0 -131072
-327680 0
65536 -131072
65536 -589824
-524288 -393216
-196608 -131072
65536 262144
-65536 327680
-196608 262144
196608 -262144
-131072 -393216
-131072 0
0 0
0 -196608
0 196608
65536 0
-131072 -65536
196608 -262144
0 0
-262144 -131072
-196608 65536
327680 -65536
65536 -458752
-131072 -262144
-196608 65536
-65536 -458752
-262144 262144
65536 65536
-196608 -131072
-65536 0
0 524288
196608 -196608
-131072 -524288
-131072 -196608
0 131072
65536 -524288
262144 -65536
65536 0
-917504 -65536
-524288 65536
131072 458752
-393216 65536
-131072 327680
1179648 -458752
131072 -262144
-458752 -917504
65536 -65536
393216 0
-655360 196608
0 262144
851968 -131072
-1245184 -65536
-1507328 196608
1835008 -1638400
65536 -458752
-458752 196608
-65536 65536
-131072 1507328
393216 983040
-1376256 -131072
1245184 -851968
65536 -1507328
-1179648 196608
1310720 -393216
0 -65536
-1507328 720896
65536 393216
65536 -262144
589824 2031616
1441792 -786432
-1048576 -2359296
-262144 0
655360 0
-2031616 -131072
1507328 786432
-458752 131072
-1966080 524288
2293760 -655360
655360 196608
-851968 0
1114112 -3407872
-262144 1179648
-4128768 2555904
983040 -2818048
1376256 3604480
983040 -1245184
-851968 -5373952
1572864 5111808
-2752512 -4390912
-1703936 3997696
3932160 2752512
-2686976 -2359296
6619136 1572864
-6422528 -4063232
1245184 -1114112
-3342336 1048576
524288 2424832
2555904 262144
983040 -1179648
3932160 -655360
-5963776 0
-720896 -1048576
-1048576 -1114112
3080192 786432
-8519680 6094848
7536640 -5111808
9437184 0
19202048 21954560
-5767168 -18481152
8519680 8978432
3997696 1572864
1048576 3801088
-6029312 -6160384
-1966080 3932160
-4194304 -3604480
1572864 -65536
4587520 -1376256
2555904 -720896
-65536 3407872
-4718592 458752
2031616 -196608
-4784128 2490368
3080192 -4456448
1507328 0
458752 -3866624
786432 1507328
-3014656 3801088
-655360 -851968
655360 4325376
65536 -2621440
589824 -3866624
262144 786432
-131072 -1441792
-983040 196608
3080192 2949120
-2293760 -1441792
0 131072
1310720 -786432
-3145728 -458752
983040 65536
655360 -1114112
-2752512 393216
1114112 1048576
786432 -589824
-786432 983040
1114112 -458752
262144 -196608
-2097152 458752
-65536 851968
1769472 -393216
-1638400 65536
1114112 -2031616
2424832 -1507328
-1703936 1114112
-393216 -983040
393216 589824
-1769472 2097152
-458752 -393216
589824 -1376256
0 131072
-720896 -262144
196608 -1048576
786432 1114112
-786432 524288
0 -917504
458752 917504
-65536 327680
-458752 -851968
720896 -393216
-327680 0
-589824 -196608
196608 -655360
-262144 262144
-131072 589824
393216 -262144
458752 -458752
131072 524288
-655360 -131072
-589824 -655360
-65536 262144
-131072 65536
-65536 -393216
131072 0
262144 393216
0 0
0 -327680
458752 -196608
-131072 -262144
-786432 -262144
-196608 262144
196608 327680
-65536 -65536
-262144 -196608
327680 -327680
327680 -196608
-589824 -196608
-589824 -131072
65536 262144
0 262144
0 65536
327680 -327680
131072 -65536
-131072 262144
65536 -196608
0 -393216
-458752 -65536
-327680 -262144
-262144 -196608
0 262144
393216 0
0 0
0 131072
65536 -196608
-131072 -196608
-327680 196608
0 -196608
131072 -393216
65536 -65536
-131072 0
0 -262144
-196608 -196608
0 131072
0 -131072
-327680 -131072
-131072 393216
196608 65536
131072 0
-196608 -65536
-131072 -327680
65536 -393216
-131072 -65536
-65536 0
327680 0
0 131072
-262144 327680
-65536 65536
65536 -196608
0 -458752
-393216 -196608
-131072 -262144
131072 -327680
65536 327680
-131072 196608
-131072 -196608
65536 0
-262144 0
-327680 0
262144 -196608
262144 -327680
-262144 131072
0 0
0 -393216
-262144 0
-262144 262144
262144 0
0 -196608
65536 0
196608 -196608
-131072 -393216
-393216 -262144
-65536 -131072
-196608 131072
-196608 131072
65536 65536
458752 0
-65536 -131072
-262144 -196608
-393216 0
-131072 -131072
-131072 -262144
-65536 -65536
0 262144
458752 196608
131072 131072
0 0
-196608 -393216
-196608 -589824
-196608 -65536
65536 0
0 -327680
65536 -327680
-131072 262144
0 -131072
-65536 -196608
-131072 196608
-262144 393216
262144 -262144
-196608 -524288
-65536 -65536
65536 -131072
-196608 65536
-65536 327680
720896 -589824
-65536 -655360
-786432 0
-524288 327680
-262144 393216
-196608 851968
720896 -524288
262144 -786432
-393216 -196608
-196608 65536
458752 -131072
0 786432
327680 0
458752 -1835008
-720896 -393216
-1048576 393216
393216 -589824
-393216 393216
720896 327680
-65536 -589824
-983040 0
65536 786432
-917504 917504
1310720 -851968
524288 -1572864
-851968 327680
-131072 -983040
-524288 -131072
196608 2293760
524288 917504
-524288 -2031616
-65536 1376256
524288 -327680
-2162688 -2490368
1376256 -65536
2031616 -65536
-3014656 -196608
1310720 2031616
786432 983040
-3145728 524288
1048576 -1835008
524288 -1572864
0 -196608
393216 -2162688
-65536 1572864
-2228224 3866624
2097152 -1245184
-589824 2031616
524288 -1900544
655360 -6356992
-655360 4521984
-1507328 -3080192
-2031616 2883584
3538944 5898240
-4653056 -4063232
6225920 393216
-1441792 -5046272
-524288 -851968
-720896 2752512
-2228224 3473408
4456448 2621440
-4718592 -3473408
3538944 -4784128
-2686976 -3276800
2162688 3670016
-4456448 5570560
2686976 -720896
-1703936 655360
7274496 -6356992
2424832 -2293760
-9895936 6750208
35520512 23986176
-18612224 -7077888
-2097152 -5177344
3604480 -2818048
1179648 -262144
3670016 6553600
-1376256 -262144
-1376256 3407872
-5505024 -2162688
2293760 -786432
131072 -5177344
3145728 983040
1114112 2752512
-3145728 -262144
1245184 1114112
-2883584 1114112
1769472 -3604480
-1966080 589824
1900544 -3407872
2162688 2031616
-1769472 1638400
262144 -1048576
-458752 3997696
-2228224 -2359296
-196608 -1835008
2031616 983040
393216 -2228224
0 65536
3211264 1638400
-2818048 -327680
-1376256 983040
1048576 -720896
-1835008 -1376256
524288 -131072
196608 -851968
-2818048 851968
720896 655360
1048576 -589824
0 720896
1638400 -720896
1048576 393216
-2097152 917504
-1441792 0
1441792 -720896
-1572864 983040
655360 -2228224
2949120 -2162688
-1179648 2097152
-589824 -524288
1179648 -524288
-1507328 1441792
-1114112 -131072
65536 -983040
0 1179648
-655360 131072
786432 -2097152
1114112 131072
-1245184 851968
-393216 -1114112
720896 524288
196608 786432
-524288 -327680
458752 -655360
0 -196608
-786432 262144
-458752 -393216
0 -131072
393216 458752
262144 -196608
0 -917504
393216 196608
-393216 327680
-720896 -589824
65536 0
-131072 655360
-262144 0
0 -393216
196608 65536
458752 -196608
0 -655360
-327680 -327680
-131072 393216
-196608 65536
-65536 -131072
131072 -131072
196608 0
-131072 0
0 -131072
131072 -458752
-262144 0
-720896 262144
0 -65536
327680 -327680
-131072 196608
-196608 -65536
458752 -262144
524288 262144
-65536 0
-262144 -589824
-393216 -131072
-458752 0
-655360 -262144
-65536 65536
786432 65536
196608 0
-131072 0
262144 -131072
65536 -196608
-262144 196608
-131072 0
0 -327680
-65536 -196608
-131072 0
0 0
-262144 -393216
-131072 -65536
196608 65536
-65536 -131072
-131072 0
196608 131072
262144 0
-196608 0
-458752 0
0 -262144
0 -196608
-196608 0
0 -131072
196608 -262144
262144 196608
0 65536
-327680 -262144
-65536 -393216
-131072 0
-458752 327680
-131072 -262144
458752 -262144
327680 0
-589824 -65536
-131072 -65536
393216 -327680
-131072 0
-262144 196608
131072 -196608
0 -131072
-131072 327680
0 0
-65536 -327680
-196608 -196608
196608 -65536
65536 -524288
-196608 -196608
65536 0
131072 65536
-131072 0
-262144 0
-196608 196608
0 0
-65536 -524288
0 -131072
0 -196608
-65536 -131072
-196608 196608
-65536 262144
-131072 65536
0 0
0 131072
131072 65536
196608 -720896
0 -524288
-327680 0
-131072 0
196608 -131072
262144 0
0 0
-65536 -131072
-458752 -196608
-262144 196608
-131072 -65536
-196608 -327680
-65536 0
655360 131072
-131072 -196608
-524288 0
458752 0
131072 196608
-720896 -65536
65536 -327680
0 -393216
-1179648 65536
-262144 65536
1114112 -393216
131072 327680
0 0
131072 -589824
-65536 1179648
-589824 1114112
786432 -917504
720896 -917504
-1441792 -262144
-851968 -1572864
1179648 -720896
-458752 1638400
393216 655360
393216 -524288
-458752 851968
-1114112 0
-1507328 -720896
2097152 -458752
262144 -262144
-327680 262144
1507328 -589824
-1179648 458752
-1900544 1441792
786432 -851968
917504 -1441792
-786432 1638400
720896 -1507328
-327680 -1507328
851968 2555904
-589824 0
-2162688 -917504
1703936 1638400
-262144 -786432
-2031616 -1114112
4259840 -262144
-65536 -655360
-2031616 65536
393216 -917504
-720896 2818048
-3670016 1966080
3538944 -3211264
1572864 720896
786432 -196608
65536 -6946816
-2686976 5111808
-589824 -786432
-3538944 786432
5177344 4259840
-1572864 -4194304
2818048 1900544
-196608 -3014656
-2293760 -2031616
-327680 2818048
-3932160 -65536
4587520 1638400
458752 -2555904
1900544 -196608
-3932160 524288
-393216 -1114112
-262144 4063232
-327680 0
2752512 851968
-1900544 -9109504
1703936 -2490368
-1769472 3342336
-2883584 9306112
30474240 17825792
-10616832 17956864
-1048576 -4587520
-9306112 393216
1245184 -3538944
4521984 1572864
5439488 -2359296
-2818048 1310720
983040 0
-6291456 262144
-131072 720896
-524288 -2162688
5963776 655360
-196608 196608
-786432 851968
-196608 65536
-2949120 589824
786432 -1769472
-2359296 458752
3538944 -5505024
1900544 2031616
-1769472 1114112
-131072 65536
-589824 5570560
-1638400 -720896
458752 -1835008
1769472 -1048576
-262144 -3342336
-983040 -589824
1507328 655360
-2162688 1179648
1310720 1900544
1441792 -458752
-2424832 -1310720
131072 65536
-262144 -1769472
-3014656 458752
1048576 524288
655360 -524288
-393216 1376256
1245184 -524288
1966080 -458752
-1245184 589824
-1245184 655360
1572864 -589824
-1572864 1900544
-851968 -983040
2162688 -3670016
-720896 786432
-786432 -196608
1703936 -786432
-786432 1966080
-1441792 1441792
0 -1114112
851968 -65536
-589824 196608
-720896 -2031616
917504 -720896
-393216 1966080
-589824 -262144
655360 -65536
524288 393216
-655360 -65536
65536 -589824
-65536 -786432
-196608 327680
65536 262144
-131072 -327680
-196608 196608
0 196608
-262144 -851968
131072 -458752
196608 655360
-262144 0
0 -655360
-262144 393216
-327680 393216
196608 -458752
65536 -196608
65536 65536
-131072 -131072
-262144 -131072
196608 65536
262144 -393216
-524288 -458752
-458752 65536
327680 131072
196608 -65536
-262144 -131072
0 -196608
196608 0
-458752 262144
-458752 131072
131072 -458752
131072 0
-196608 262144
131072 -524288
720896 -327680
131072 0
-327680 -196608
-589824 -196608
-327680 0
-393216 327680
-393216 262144
393216 -262144
393216 -327680
0 0
131072 -65536
65536 -393216
-65536 0
-131072 -65536
-131072 -65536
-65536 0
-131072 -196608
-65536 196608
0 0
-196608 -458752
0 -262144
0 -65536
-65536 0
-131072 -65536
262144 65536
262144 196608
-196608 196608
-327680 -65536
0 -393216
0 -262144
-262144 -65536
-327680 -393216
196608 -262144
327680 0
-262144 262144
-196608 -65536
0 -262144
65536 393216
-196608 -65536
-393216 -655360
65536 -327680
0 0
-262144 262144
0 0
196608 -196608
0 196608
-65536 196608
131072 -327680
0 -458752
-196608 65536
-131072 0
-262144 -524288
-131072 0
262144 131072
131072 -262144
-65536 -262144
-196608 -131072
0 -65536
-196608 -131072
-262144 196608
196608 196608
65536 -589824
-393216 -196608
-196608 0
-65536 -131072
0 196608
65536 65536
-131072 65536
-131072 131072
196608 -458752
196608 -131072
0 -65536
-65536 -393216
-65536 -196608
-131072 393216
0 65536
-65536 -589824
-131072 0
262144 327680
-393216 -720896
-458752 -327680
131072 262144
65536 65536
-196608 -65536
327680 65536
196608 -131072
-917504 -196608
-196608 0
720896 393216
-65536 -327680
-131072 -720896
458752 -131072
-655360 -196608
-917504 655360
65536 262144
196608 65536
0 393216
0 0
851968 -720896
393216 -524288
-327680 -131072
327680 -1048576
-524288 -262144
-1376256 1114112
655360 196608
-393216 -196608
-327680 393216
524288 -851968
-458752 -262144
1048576 -262144
-393216 65536
0 786432
262144 -655360
-1048576 -196608
393216 1310720
393216 -65536
-393216 -1114112
-65536 524288
524288 -1310720
-1703936 -1245184
1376256 1572864
1179648 -196608
-2293760 65536
983040 1769472
-65536 -458752
-2359296 -524288
2949120 -786432
262144 -3211264
-1245184 786432
393216 720896
-786432 1638400
-2031616 2621440
3145728 -589824
-196608 -1245184
196608 -1048576
2293760 -5832704
-3866624 4456448
589824 -131072
-2424832 1048576
2686976 5636096
-2162688 -5767168
2490368 -1900544
2293760 -1441792
-3801088 -851968
786432 4718592
-1638400 720896
327680 1966080
-1638400 -2818048
2031616 -6094848
1769472 1572864
-1310720 589824
393216 6225920
-2883584 -3932160
4653056 1769472
-3932160 -6225920
-589824 458752
-2359296 8060928
7077888 3801088
-6553600 -14483456
-1310720 24182784
11468800 10813440
1638400 -3801088
-1114112 -3342336
-4653056 6750208
-1638400 -5701632
1507328 131072
3735552 -2555904
-2686976 4521984
-1179648 -1638400
-3407872 4325376
1966080 -1835008
-524288 -3735552
4849664 -1835008
-131072 327680
1245184 2752512
-2752512 1310720
-1703936 2424832
131072 -1507328
-3604480 -393216
2621440 -5701632
2424832 1835008
-393216 -196608
589824 -131072
851968 4915200
-1769472 -917504
-1048576 131072
327680 -524288
-983040 -2949120
-458752 -983040
3080192 458752
-1310720 -131072
327680 1179648
1245184 -458752
-2686976 -917504
0 524288
589824 -458752
-2359296 851968
524288 458752
131072 -458752
-655360 1114112
1179648 -1835008
2228224 -917504
-458752 393216
-1179648 1048576
851968 -458752
-1048576 2162688
-1114112 -524288
1769472 -3670016
-393216 720896
-1310720 393216
1638400 -1572864
0 786432
-720896 1114112
-393216 -851968
-131072 -65536
-131072 1179648
-458752 -720896
393216 -983040
524288 720896
-327680 -655360
-196608 -720896
196608 131072
-786432 327680
131072 327680
327680 -393216
0 393216
65536 0
-131072 -655360
-196608 -327680
0 65536
-327680 -131072
-131072 -196608
131072 393216
-65536 0
-131072 -983040
0 196608
262144 720896
327680 -327680
-393216 -524288
-262144 0
65536 65536
-196608 -262144
-65536 -196608
262144 -65536
-262144 -65536
-196608 0
393216 -196608
65536 -262144
-655360 0
-262144 0
327680 -131072
-131072 65536
-196608 393216
196608 -393216
131072 -196608
-65536 327680
-65536 -262144
327680 -720896
131072 -393216
-196608 -65536
-589824 262144
-262144 196608
65536 0
-131072 65536
-65536 0
131072 -393216
65536 -196608
131072 131072
131072 -65536
-196608 -196608
-131072 -196608
-131072 -131072
-65536 196608
-196608 -196608
65536 -65536
196608 65536
-196608 -65536
-393216 -65536
-65536 -131072
0 0
0 65536
0 -196608
196608 -196608
196608 0
-65536 0
-262144 -196608
-65536 -262144
65536 0
-262144 0
-393216 -65536
262144 -393216
131072 65536
0 458752
-65536 -393216
0 -524288
65536 0
-393216 0
-458752 -65536
65536 65536
196608 196608
-262144 196608
-65536 -131072
327680 -458752
0 -196608
-196608 -65536
65536 -393216
-65536 -196608
-196608 262144
0 262144
0 131072
0 -65536
131072 -262144
0 -655360
-655360 -589824
-327680 131072
327680 262144
0 0
131072 131072
0 -327680
-393216 -327680
-393216 131072
0 131072
0 0
0 -196608
131072 0
196608 65536
-327680 -196608
-65536 -262144
131072 65536
0 262144
0 -327680
131072 -262144
-65536 196608
-327680 -327680
-262144 -458752
393216 -131072
-65536 -131072
-327680 0
-458752 262144
262144 327680
393216 -196608
-393216 -524288
-131072 -262144
65536 131072
-131072 65536
131072 -65536
262144 -458752
-393216 -655360
-1048576 458752
-196608 393216
131072 262144
0 720896
-65536 131072
1114112 -1310720
196608 0
-1048576 0
262144 -1900544
786432 0
-720896 1572864
-65536 -589824
-589824 -458752
65536 1441792
-262144 -917504
-589824 -1900544
1638400 -262144
-786432 1114112
-524288 655360
1048576 -131072
-851968 1048576
-917504 65536
458752 -2228224
655360 -196608
65536 1507328
720896 -2621440
-786432 -1179648
-65536 3604480
-1441792 0
-1441792 -1245184
2883584 1703936
-1048576 -1572864
-1179648 -2097152
4390912 983040
-983040 -589824
-3080192 655360
1310720 65536
-1900544 1048576
-2621440 1114112
4980736 -2293760
1245184 -1048576
-1441792 1507328
1310720 -4128768
-3276800 3145728
1048576 1376256
-3211264 -1703936
3538944 3276800
851968 -5046272
-655360 851968
524288 -131072
-2883584 -2359296
393216 4521984
-1572864 -458752
917504 131072
2818048 131072
1966080 -4128768
-3014656 1835008
-2490368 -2359296
0 5701632
-3407872 -1048576
3145728 -720896
1638400 -4653056
1048576 -1835008
-393216 8192000
4128768 2621440
-5111808 1507328
786432 -11730944
-21233664 21168128
15859712 5373952
-8912896 -2752512
1441792 -5832704
-2883584 1048576
1507328 2490368
-3997696 -1245184
4194304 393216
2818048 -917504
589824 3735552
-2621440 -3145728
-2949120 2818048
-589824 -3407872
-3407872 1900544
5373952 -2097152
983040 -65536
2621440 851968
-1966080 -393216
327680 1310720
-2031616 720896
-3276800 1769472
983040 -5439488
1507328 1179648
65536 -1638400
1114112 -720896
65536 4259840
-1572864 786432
917504 786432
1507328 -1703936
-1572864 -2424832
-1441792 -1572864
1572864 -327680
-1900544 65536
458752 1572864
2228224 -131072
-2097152 -524288
262144 1048576
1048576 -524288
-3014656 131072
-458752 -131072
524288 -917504
-524288 1966080
262144 -196608
2293760 -196608
262144 -327680
-1572864 327680
1572864 -1638400
0 1376256
-2752512 983040
851968 -1835008
458752 196608
-1638400 458752
1376256 -2359296
524288 131072
-851968 1376256
-327680 -65536
196608 0
0 589824
-720896 -983040
262144 -720896
327680 786432
-720896 65536
-393216 -458752
589824 -327680
-393216 196608
0 327680
262144 -983040
196608 327680
65536 524288
-65536 -458752
-458752 -589824
-327680 458752
-327680 327680
65536 -524288
327680 -524288
0 65536
-327680 -262144
0 0
327680 196608
131072 -196608
-524288 -327680
-131072 -65536
131072 0
-262144 196608
-327680 0
458752 -393216
327680 -393216
-524288 -196608
-393216 -262144
131072 -131072
-393216 393216
-458752 327680
589824 -131072
458752 -131072
-262144 393216
-327680 -196608
65536 -458752
131072 65536
-131072 -196608
-196608 -786432
-131072 -262144
-65536 196608
0 458752
0 262144
0 -131072
-327680 0
-196608 131072
0 -131072
-65536 -196608
131072 -65536
458752 -131072
-65536 -131072
-196608 -131072
-65536 -327680
0 131072
-196608 0
-327680 -196608
-131072 65536
-65536 131072
-65536 65536
0 -65536
131072 -327680
65536 -131072
0 0
0 -131072
0 -131072
65536 0
-131072 196608
-458752 -65536
-131072 -327680
327680 -131072
-131072 65536
-327680 -327680
65536 -393216
458752 196608
0 65536
-524288 -327680
-65536 65536
0 65536
-458752 -65536
-327680 0
458752 -65536
262144 -196608
0 0
-65536 -196608
0 -196608
-327680 0
-131072 196608
0 0
-65536 0
65536 0
262144 -196608
-131072 -393216
0 -327680
-131072 0
-393216 0
-393216 131072
262144 327680
131072 -262144
0 -393216
-65536 65536
-65536 -131072
-589824 -393216
65536 65536
0 0
-262144 196608
131072 262144
524288 -65536
-196608 -65536
-327680 -131072
-131072 -393216
524288 -65536
0 0
0 -393216
-65536 -262144
-131072 196608
-196608 65536
0 -327680
-262144 0
327680 131072
-458752 -131072
-196608 -327680
393216 -262144
0 393216
-524288 0
589824 -458752
720896 131072
-720896 -393216
-1572864 -262144
262144 131072
-131072 786432
-458752 0
589824 -720896
1048576 -131072
-720896 655360
-327680 -327680
1114112 -458752
0 1114112
-1441792 -327680
851968 -1900544
-524288 131072
-524288 655360
458752 -1376256
851968 -65536
589824 720896
-1900544 -131072
-720896 65536
0 458752
-393216 917504
1572864 -786432
196608 -1638400
-1507328 262144
458752 983040
1245184 -2359296
-1507328 196608
917504 1703936
-458752 -1376256
-2621440 851968
1900544 3145728
-262144 -3014656
-524288 -2490368
2162688 262144
-1048576 -1638400
-1179648 1769472
1245184 2818048
-1376256 -458752
-1245184 393216
3407872 -720896
-1703936 -2555904
-720896 196608
3997696 -1769472
-4194304 3342336
1310720 2293760
-589824 -2686976
1048576 3997696
-65536 -6422528
-262144 -2162688
2293760 1769472
-2752512 65536
-655360 4653056
-196608 589824
-1048576 -1638400
458752 -786432
3145728 -6946816
-524288 1572864
-1507328 1114112
-655360 4194304
-917504 1966080
524288 -1900544
1179648 393216
-720896 -7274496
-786432 3473408
-720896 -131072
917504 2097152
-4325376 -1245184
20709376 4718592
-19005440 19529728
10551296 -3604480
1572864 3276800
-4980736 6291456
1310720 -5832704
-589824 -393216
-458752 -262144
-4063232 3014656
5046272 -5963776
-524288 983040
2555904 1441792
-3276800 -720896
-1769472 3670016
458752 -589824
-524288 3473408
1900544 -6881280
0 -393216
3145728 -131072
-2883584 -196608
589824 2359296
-1703936 2031616
-1835008 1966080
458752 -4849664
1703936 851968
-851968 -2949120
655360 -589824
1572864 3538944
-786432 1310720
0 786432
393216 -983040
-1572864 -1835008
-1507328 -1638400
2424832 -65536
-1179648 -393216
458752 393216
1638400 196608
-2555904 65536
0 131072
1245184 -917504
-2228224 917504
-65536 786432
327680 -393216
-458752 1245184
-393216 -917504
1966080 -1179648
1179648 -589824
-1048576 1376256
786432 -1507328
0 983040
-2490368 2162688
196608 -2359296
1310720 -1048576
-1441792 983040
65536 -1900544
1048576 -393216
262144 1441792
-720896 -131072
-327680 -851968
0 1179648
-851968 655360
65536 -1048576
1245184 -262144
196608 -196608
-1048576 -196608
0 -327680
-196608 -65536
-458752 917504
-196608 -65536
655360 -262144
851968 0
-327680 -196608
-786432 -655360
131072 -196608
-65536 196608
-393216 0
-262144 -196608
0 393216
65536 327680
131072 -393216
262144 -655360
65536 -196608
-393216 0
-655360 0
0 0
393216 262144
-65536 0
-65536 -393216
262144 -327680
-196608 131072
-655360 0
-131072 -524288
131072 -131072
-196608 327680
0 -65536
393216 -524288
196608 458752
-196608 655360
0 -393216
262144 -458752
-458752 -196608
-851968 -655360
-196608 -327680
131072 0
0 131072
131072 262144
262144 -65536
-262144 0
-196608 393216
131072 0
-65536 -327680
-196608 -65536
393216 -327680
0 -393216
-393216 0
0 -262144
131072 -131072
-393216 0
-262144 196608
0 196608
0 0
65536 0
0 -65536
-327680 -524288
-262144 -393216
131072 0
65536 196608
-196608 0
65536 -131072
327680 65536
0 131072
-327680 -196608
65536 -655360
-65536 -65536
-196608 327680
-262144 -327680
-65536 -196608
458752 327680
65536 -131072
-458752 -262144
65536 0
262144 -131072
-458752 -131072
-393216 262144
131072 -131072
65536 -327680
-196608 65536
131072 0
0 -393216
-262144 65536
196608 65536
196608 -393216
-131072 -393216
0 0
0 0
-262144 0
-393216 196608
0 65536
-65536 -327680
131072 0
-65536 -327680
-262144 -524288
0 0
327680 131072
-524288 -65536
-196608 262144
0 196608
-131072 131072
0 0
524288 -589824
0 -851968
0 262144
-393216 196608
65536 -393216
196608 131072
262144 262144
-262144 -720896
-262144 -196608
-327680 262144
-131072 -131072
-524288 -393216
589824 65536
458752 0
-262144 -131072
-196608 -262144
458752 327680
0 0
-589824 -786432
-131072 65536
196608 131072
-1441792 0
0 -65536
851968 -131072
458752 -131072
-458752 0
0 -131072
393216 196608
-393216 1376256
-327680 131072
1179648 -1638400
-655360 -589824
-65536 -196608
-458752 -1179648
262144 458752
1376256 851968
-1638400 65536
-458752 -196608
0 -131072
-1441792 1310720
589824 -786432
1441792 -1769472
851968 524288
-65536 655360
-327680 -2031616
-917504 1507328
262144 1769472
-2228224 -2621440
-851968 -524288
3407872 2555904
-524288 -2424832
458752 -1245184
3276800 1769472
-3932160 -720896
-3604480 720896
1769472 1310720
65536 -720896
-720896 -458752
4849664 -2162688
-786432 -1376256
-2555904 2949120
1441792 -655360
-3538944 1572864
1966080 2490368
-589824 -4390912
1507328 1900544
2228224 -3538944
-2162688 262144
131072 1835008
-1507328 -2555904
-1179648 1835008
-458752 1179648
1900544 -1835008
1507328 1638400
2555904 -2949120
-3080192 0
-3604480 524288
-1966080 2031616
-196608 1048576
4784128 -5308416
4325376 65536
-2490368 -2097152
-1507328 3932160
-5963776 2752512
-196608 2162688
0 65536
11993088 -9306112
1441792 8323072
10092544 35717120
-7733248 -25886720
4128768 655360
-720896 3997696
5308416 3538944
-5767168 -4718592
-65536 2359296
-983040 -458752
-4784128 2686976
3407872 -5439488
1572864 2293760
3801088 -1310720
-4390912 2490368
983040 65536
-2228224 -1441792
-786432 4325376
0 -5439488
1966080 1966080
2097152 -2228224
-1310720 262144
2162688 786432
-2293760 1245184
-2490368 2031616
-1048576 -3276800
1376256 1310720
-589824 -2883584
1835008 -720896
2555904 1703936
-1245184 327680
-589824 1835008
589824 262144
-1638400 -1310720
-1310720 -1245184
2818048 -1572864
-2621440 -655360
-1179648 655360
2555904 458752
-1638400 196608
196608 786432
2228224 -851968
-2359296 589824
-1048576 327680
786432 -720896
-524288 458752
-1572864 65536
2293760 196608
2228224 -1245184
-1048576 458752
720896 -1638400
720896 -917504
-2228224 2686976
-983040 -262144
720896 -1310720
-1441792 1376256
-393216 -327680
1441792 -1966080
1507328 -655360
-851968 720896
-1310720 327680
262144 327680
196608 1179648
-524288 -393216
196608 -1245184
131072 -655360
-655360 393216
131072 0
131072 -524288
65536 655360
131072 262144
-262144 -524288
0 -524288
0 131072
-524288 65536
0 -393216
131072 -131072
-262144 458752
-131072 0
196608 -327680
327680 131072
-65536 -65536
-393216 -393216
-131072 -65536
0 131072
-131072 0
0 -196608
524288 -196608
-65536 131072
-524288 0
393216 -524288
393216 -393216
-589824 65536
-720896 65536
0 -131072
0 0
-131072 524288
65536 -196608
589824 -393216
393216 262144
-131072 -196608
-131072 -851968
-327680 -196608
-786432 0
-589824 0
65536 0
131072 131072
327680 327680
393216 -196608
0 -327680
-65536 131072
65536 131072
-131072 -327680
-327680 -262144
65536 0
196608 -65536
-196608 -196608
-196608 -131072
0 0
-131072 -196608
-131072 -131072
65536 196608
-65536 0
0 -196608
0 65536
-65536 327680
-262144 -327680
-65536 -327680
327680 0
0 -65536
-262144 -196608
131072 -65536
196608 0
-196608 0
-131072 -131072
-393216 -262144
0 327680
196608 196608
-262144 -327680
-65536 -393216
458752 -262144
-262144 -262144
-589824 65536
327680 262144
196608 -65536
-524288 196608
0 327680
458752 -327680
-196608 -524288
-196608 0
327680 -262144
0 -196608
-262144 0
65536 0
0 0
-458752 -65536
-131072 -196608
131072 -131072
-65536 0
-196608 131072
131072 -262144
196608 -196608
0 -65536
-196608 -65536
-393216 -262144
-65536 0
0 65536
-262144 262144
131072 0
327680 -131072
0 -131072
-196608 -65536
-65536 -458752
131072 -65536
-65536 327680
-131072 131072
0 -458752
-131072 0
-196608 -65536
0 -720896
-196608 -393216
327680 655360
524288 -65536
-327680 -131072
-65536 -65536
262144 -65536
-720896 -131072
-786432 196608
655360 0
196608 -458752
-524288 -327680
589824 -655360
327680 -655360
-1114112 655360
-983040 786432
458752 -196608
0 393216
-917504 1114112
524288 -1572864
1703936 -786432
65536 655360
65536 -983040
-65536 -1703936
0 1507328
-1114112 1245184
-2097152 -786432
1376256 -458752
65536 327680
-786432 -196608
1441792 -1179648
458752 458752
-1179648 851968
-65536 -851968
720896 -1376256
-1376256 1638400
524288 196608
-393216 -1769472
-524288 2162688
1179648 1179648
-983040 -4194304
786432 -196608
1769472 1638400
-3473408 -2818048
-589824 2162688
1310720 3473408
-720896 -851968
196608 -1048576
3866624 -1376256
-3342336 -3342336
-1376256 1376256
2752512 524288
-5308416 3407872
2359296 2949120
1638400 -4259840
-327680 1572864
1441792 -4521984
-262144 -1966080
1376256 3997696
-2097152 -262144
-1572864 2293760
-720896 -393216
-655360 -2293760
0 65536
5046272 -2555904
131072 65536
-2097152 983040
-1572864 -458752
-1441792 5505024
196608 -1638400
1245184 -3932160
0 -1507328
-720896 -1179648
-4259840 5570560
1572864 -1703936
5636096 7929856
2097152 -12582912
1245184 -1048576
-17170432 9699328
24641536 19136512
-14352384 -14352384
-9240576 3145728
524288 851968
65536 851968
5963776 1245184
-4456448 -1114112
4456448 -4653056
-4980736 2752512
-458752 3604480
720896 -3473408
458752 1048576
2686976 -3145728
-3080192 3670016
262144 -1900544
-1179648 1966080
720896 5439488
-1245184 -6946816
2752512 983040
524288 -3801088
-1376256 -458752
1179648 1441792
-1114112 4128768
-917504 2359296
-2031616 -2883584
2031616 1376256
-983040 -3866624
720896 -2490368
1966080 1507328
-589824 720896
-327680 1376256
1179648 1703936
-393216 -393216
-1900544 -1507328
1376256 -2686976
-2162688 -655360
-720896 458752
2162688 458752
-1638400 589824
-655360 983040
2359296 -1245184
-851968 917504
-393216 262144
720896 -917504
-262144 1441792
-2490368 917504
1507328 -851968
2228224 -2686976
-1114112 524288
327680 -786432
983040 -1048576
-1572864 3276800
-786432 393216
720896 -2359296
-589824 589824
-327680 196608
-65536 -1441792
393216 -720896
131072 786432
-589824 458752
196608 -262144
720896 327680
-327680 65536
-589824 -131072
655360 -655360
-262144 0
-458752 131072
-65536 -327680
-131072 -65536
0 0
0 0
262144 -196608
393216 0
-327680 262144
-327680 -393216
-262144 -589824
0 196608
-65536 131072
-327680 -262144
327680 196608
65536 131072
-524288 -393216
0 -131072
458752 -65536
0 -327680
-851968 -65536
0 0
524288 131072
-196608 196608
-131072 -458752
0 -786432
-262144 65536
-327680 393216
0 -131072
0 -458752
0 327680
0 131072
0 -589824
393216 -327680
131072 131072
-262144 -196608
-458752 -393216
-524288 0
-458752 393216
0 131072
65536 -458752
327680 0
393216 131072
-65536 -327680
-131072 -131072
196608 327680
65536 -65536
-458752 -393216
-131072 0
131072 -65536
-131072 -327680
-196608 -262144
0 65536
0 -131072
-131072 -393216
-65536 196608
0 458752
0 0
-65536 0
0 131072
0 -196608
-131072 -458752
-65536 -393216
0 0
0 65536
0 0
-65536 0
0 65536
196608 65536
-327680 -196608
-327680 -65536
655360 -131072
65536 -393216
-917504 -327680
-65536 131072
262144 0
-589824 0
-65536 262144
655360 -65536
0 -131072
-262144 0
262144 -196608
-65536 -524288
-458752 -131072
0 0
262144 131072
0 196608
-196608 0
327680 -458752
-131072 -327680
-589824 0
-131072 0
196608 65536
196608 -65536
0 -327680
-196608 -327680
-196608 -196608
-262144 327680
-196608 196608
-393216 -65536
196608 -131072
262144 -65536
-65536 -65536
131072 -65536
131072 -262144
-393216 65536
0 65536
0 -131072
-65536 -196608
-65536 262144
196608 0
131072 -983040
-131072 -327680
0 196608
-458752 -327680
-589824 458752
983040 262144
0 -393216
-983040 -393216
0 -196608
720896 458752
-131072 196608
131072 -393216
851968 -1179648
-851968 -786432
-1900544 262144
-262144 131072
786432 458752
0 1310720
-131072 196608
983040 -786432
131072 0
-655360 -196608
917504 -1179648
131072 -786432
-393216 1245184
-458752 131072
-1310720 -196608
917504 524288
-131072 -131072
0 -983040
786432 -1507328
131072 131072
-327680 1245184
-786432 65536
-458752 -65536
-131072 1310720
65536 -393216
-1245184 -2293760
1572864 393216
2490368 -65536
-1507328 -2097152
393216 1310720
393216 2162688
-5046272 -1835008
-851968 1572864
2555904 262144
327680 -1900544
1114112 -458752
4259840 -983040
-3080192 -1769472
-3604480 3801088
786432 -589824
-4194304 917504
3670016 3080192
1572864 -4980736
458752 589824
3276800 -589824
-2228224 -786432
-2162688 2097152
-524288 -2097152
-1179648 2490368
-131072 -1114112
3801088 -1966080
131072 1703936
917504 196608
-1703936 -589824
-3801088 196608
-1310720 -2031616
-1703936 -327680
6422528 -720896
5177344 -393216
-5046272 6029312
-2228224 -4653056
-2621440 3211264
-3604480 -2031616
6029312 1114112
4128768 -9437184
0 4259840
-11862016 11927552
-4259840 -3014656
-2359296 1441792
-3276800 3801088
3276800 -2490368
1638400 3342336
-5570560 -131072
1310720 196608
3932160 -2228224
-5505024 65536
3604480 -4915200
-6225920 5439488
2621440 -655360
-2293760 -786432
3997696 1048576
1900544 -3538944
-2097152 5177344
-917504 -2686976
-458752 3473408
-196608 1441792
-3080192 -6160384
2883584 1769472
1048576 -3342336
-458752 655360
2031616 1114112
196608 1638400
-1835008 1638400
-3014656 -1048576
1900544 1900544
-2621440 -1703936
1245184 -2490368
3276800 -851968
-393216 -458752
-524288 1769472
1441792 1310720
-589824 -327680
-2031616 -393216
1703936 -1507328
-2097152 -1114112
-2097152 -65536
2293760 327680
-1114112 131072
-1310720 851968
3276800 -720896
458752 458752
-1507328 983040
-262144 -458752
589824 262144
-2424832 917504
-131072 196608
2359296 -3080192
-196608 720896
-589824 262144
1572864 -2752512
-65536 917504
-1572864 1769472
131072 -1179648
-327680 131072
-786432 1310720
-262144 -589824
851968 -1769472
655360 0
-589824 262144
-458752 -524288
262144 393216
-196608 589824
-393216 131072
327680 -589824
-131072 65536
65536 393216
-65536 -589824
-131072 -262144
65536 -65536
-458752 -65536
-393216 -262144
393216 -65536
262144 196608
-131072 -65536
-262144 -262144
131072 262144
0 458752
-458752 -196608
65536 -786432
196608 -131072
-589824 196608
-262144 0
393216 -131072
196608 -65536
-262144 131072
131072 -131072
524288 -524288
-327680 0
-786432 0
-65536 -327680
196608 0
-65536 262144
-65536 0
-196608 -327680
0 131072
196608 196608
0 -393216
262144 -655360
0 -458752
-327680 -65536
-655360 196608
-524288 131072
0 131072
131072 327680
-131072 -196608
-65536 -327680
393216 131072
327680 0
0 -393216
-196608 -65536
65536 0
0 -327680
-196608 -196608
-196608 65536
131072 0
-131072 -589824
-524288 0
-65536 196608
0 -393216
-131072 -131072
131072 393216
393216 0
0 -262144
-196608 0
0 0
-196608 0
-327680 -65536
-196608 -327680
131072 -131072
65536 0
0 -262144
-196608 -131072
196608 196608
393216 -131072
-327680 -458752
-393216 0
0 0
-393216 -196608
-589824 327680
262144 327680
262144 -458752
-131072 -131072
196608 0
327680 -262144
-262144 -393216
-393216 262144
65536 196608
-196608 -131072
-458752 131072
196608 -65536
655360 -458752
131072 -262144
-262144 -393216
-393216 -327680
-458752 196608
-262144 524288
65536 131072
196608 -393216
0 -196608
-65536 0
-393216 -196608
-65536 -65536
262144 -262144
-393216 0
-262144 327680
131072 -196608
0 0
0 196608
0 -65536
0 -131072
131072 65536
0 -65536
-262144 -786432
-196608 -393216
131072 458752
0 -65536
-589824 -196608
0 393216
131072 -65536
-458752 -131072
196608 -196608
393216 -262144
-327680 0
-458752 0
589824 -65536
851968 -589824
-458752 -262144
-1179648 65536
-589824 -131072
131072 589824
-458752 589824
-65536 -851968
1048576 -1114112
0 917504
-458752 983040
1114112 -589824
327680 -262144
-393216 1048576
-1441792 -655360
-851968 -1310720
1769472 131072
-393216 458752
131072 -1179648
1245184 -1114112
-1179648 1703936
-2031616 589824
0 -1179648
1245184 589824
-196608 1114112
131072 -2162688
-131072 -983040
720896 3014656
262144 -983040
-1048576 -3473408
1376256 1966080
-1245184 917504
-3276800 -2555904
1966080 3538944
1769472 1114112
-1769472 -3342336
1310720 -589824
2752512 65536
-4325376 -2490368
-1507328 2621440
3276800 917504
-5373952 1376256
3342336 1572864
1769472 -6029312
-2031616 1703936
1376256 -1048576
131072 -983040
-262144 4653056
-917504 -393216
-1310720 393216
65536 -2490368
1703936 -1572864
-458752 -65536
3407872 -2555904
65536 2490368
-4653056 1310720
-327680 -851968
-983040 917504
-458752 3145728
5373952 -7274496
1376256 65536
-1245184 -1507328
-6160384 3080192
-2490368 786432
4849664 262144
2097152 3276800
-4587520 -11468800
2949120 11337728
-2818048 5701632
-131072 -5111808
-10158080 6356992
-10747904 12582912
5111808 -14876672
4521984 -10551296
2686976 1507328
-9437184 5373952
6750208 1966080
-983040 2293760
-2949120 327680
1310720 -5177344
-4325376 1638400
2097152 -3080192
-3145728 3735552
3604480 -2883584
1310720 -458752
196608 6094848
-262144 -7274496
-327680 4980736
-983040 2424832
-2490368 -3342336
1507328 2228224
65536 -4390912
589824 -1835008
1310720 -1507328
262144 2293760
-589824 4194304
-2883584 786432
2490368 2424832
-1769472 -1966080
196608 -4325376
720896 -2162688
-1310720 -393216
262144 1769472
2949120 1638400
65536 655360
-1703936 -327680
655360 -1769472
-1900544 -262144
-2752512 -524288
2424832 -524288
-655360 655360
-1703936 1572864
2228224 -851968
524288 0
-786432 917504
786432 -1245184
1376256 -393216
-1310720 1638400
-1835008 1900544
262144 -2818048
196608 -327680
-65536 327680
655360 -3145728
917504 -196608
-720896 3211264
-196608 0
-65536 -720896
458752 458752
-1638400 -65536
-917504 -1703936
1376256 0
-131072 983040
-983040 -524288
1310720 -655360
393216 131072
-1245184 458752
-196608 -65536
327680 -196608
262144 393216
-65536 -65536
-458752 -458752
0 -655360
-327680 458752
-393216 262144
458752 -524288
589824 -65536
-196608 131072
-655360 -196608
0 0
851968 0
-262144 0
-917504 -393216
0 0
65536 458752
-196608 131072
131072 -393216
589824 -458752
65536 -131072
-524288 -131072
-327680 -458752
0 65536
-196608 524288
-65536 -196608
131072 -327680
131072 131072
-196608 262144
-327680 -196608
131072 -65536
327680 0
-262144 -393216
-65536 -917504
-196608 -524288
-196608 131072
65536 589824
65536 131072
-327680 -262144
-131072 0
-131072 65536
-327680 -131072
131072 0
393216 0
393216 -393216
0 -196608
-131072 0
65536 -393216
-65536 -196608
-524288 0
-131072 196608
0 -65536
-327680 0
-131072 131072
262144 -196608
0 -524288
-196608 -262144
65536 0
65536 0
-196608 196608
-65536 0
0 65536
65536 0
-262144 -524288
0 -393216
0 0
0 -196608
-131072 -131072
-65536 327680
131072 0
65536 -393216
-327680 -65536
-131072 196608
262144 -262144
-65536 -196608
-458752 458752
0 -65536
131072 -393216
-196608 -131072
0 65536
327680 -262144
-65536 131072
-65536 131072
196608 -131072
65536 -196608
-327680 -262144
-65536 -393216
0 -196608
-327680 65536
-458752 262144
-131072 -196608
327680 65536
262144 65536
0 -458752
0 -524288
65536 -131072
-196608 -131072
-655360 0
-458752 196608
65536 393216
65536 131072
65536 -131072
327680 -786432
65536 -327680
-524288 131072
-65536 131072
196608 -131072
0 65536
-262144 -131072
0 -196608
-327680 -196608
196608 196608
327680 -196608
-458752 -262144
-131072 -131072
458752 0
-262144 131072
-327680 196608
655360 -393216
327680 -393216
-1048576 -131072
-458752 -720896
0 -655360
-65536 983040
-720896 458752
589824 -786432
720896 -65536
-1507328 1048576
-720896 -393216
1310720 -131072
-65536 1245184
0 0
0 -2097152
131072 -393216
65536 458752
-1114112 196608
1441792 -655360
1048576 -262144
-1769472 786432
-1245184 -720896
-589824 -131072
-196608 1310720
393216 131072
1376256 -1966080
-262144 -720896
1245184 1179648
655360 -262144
-1179648 65536
589824 2031616
-2424832 -1769472
-3670016 -1638400
1769472 2555904
2883584 -1703936
458752 -2621440
1441792 1703936
1114112 -131072
-4587520 -1048576
-2490368 4587520
2424832 -1179648
-3473408 -2752512
3932160 2031616
1114112 -4456448
-1835008 1703936
2359296 786432
-3604480 1048576
-1900544 2228224
2752512 -2883584
-196608 851968
65536 -1441792
4980736 -2490368
-1638400 3342336
-1638400 -917504
-2162688 327680
-3080192 -1114112
1900544 -851968
1769472 -1376256
1507328 2293760
7536640 -65536
-6422528 1900544
-5505024 -3407872
-1376256 -4325376
-2162688 7536640
1966080 -5963776
7602176 6029312
1179648 -6225920
-3866624 9109504
-12779520 -9633792
4259840 1310720
17301504 4653056
-10420224 -16449536
7077888 25690112
-7077888 3538944
-5111808 -13238272
-655360 -6619136
6291456 3407872
-6488064 1900544
7077888 -2162688
-1572864 5373952
3276800 -3342336
-3801088 -1966080
-3735552 1966080
2097152 -1769472
-3866624 6881280
2818048 -6225920
2490368 -786432
393216 2031616
-1441792 -5963776
1703936 6881280
-589824 1966080
-3080192 -2752512
786432 1769472
-1572864 -4456448
-393216 -524288
983040 -720896
1835008 262144
720896 3145728
-1835008 720896
3080192 1638400
-3211264 -1245184
-1048576 -2097152
2228224 -983040
131072 -1572864
-720896 65536
2555904 786432
-65536 393216
-3014656 720896
1835008 -589824
196608 -655360
-3801088 -720896
1507328 131072
131072 -65536
-2555904 1310720
1441792 -458752
2228224 -1048576
-983040 917504
-851968 262144
2162688 -589824
-196608 -393216
-2162688 2555904
131072 -1638400
589824 -1310720
-983040 1638400
-393216 -1114112
1507328 -2162688
589824 1572864
262144 524288
-655360 -1310720
-65536 -262144
-1245184 2293760
-983040 0
1835008 -1769472
1376256 -65536
-1638400 -196608
-917504 -1179648
131072 65536
0 1245184
65536 262144
0 -524288
458752 0
327680 -131072
-917504 0
-458752 -786432
524288 -65536
-65536 720896
-393216 -393216
-131072 -655360
131072 524288
262144 262144
-65536 -524288
131072 -655360
0 131072
-655360 65536
-262144 -262144
393216 131072
65536 327680
-327680 -65536
0 -393216
262144 -524288
-196608 -65536
-196608 -196608
65536 -524288
0 0
-458752 262144
-327680 131072
131072 -65536
327680 458752
-65536 262144
0 -458752
458752 -720896
-131072 -393216
-720896 -524288
-393216 -262144
0 65536
0 393216
131072 196608
-65536 -131072
-327680 65536
-65536 196608
-65536 0
0 -262144
0 -327680
262144 -327680
131072 -327680
-393216 0
-131072 -65536
196608 -131072
-524288 -262144
-327680 65536
393216 65536
0 -131072
-196608 0
0 0
-131072 -196608
-327680 -65536
0 0
65536 0
65536 65536
262144 -196608
-65536 -262144
-65536 65536
0 -327680
0 -589824
-393216 131072
-131072 196608
65536 -196608
-65536 131072
-65536 131072
196608 -458752
0 -655360
-458752 0
-65536 65536
0 -131072
-327680 327680
-131072 458752
262144 0
0 -327680
-196608 -262144
0 -655360
131072 -262144
0 0
-65536 65536
196608 0
-196608 0
-458752 -131072
-262144 0
65536 -262144
131072 196608
-131072 -65536
0 -393216
65536 -262144
0 0
-196608 -262144
-327680 0
-131072 0
-131072 65536
-327680 0
262144 327680
262144 -393216
-131072 0
-262144 0
0 -393216
-196608 -131072
131072 720896
393216 0
65536 -131072
-458752 -393216
131072 -65536
-589824 -589824
-720896 0
1114112 393216
655360 327680
-917504 -262144
327680 -393216
589824 -393216
-851968 131072
-917504 -65536
655360 -393216
0 -327680
-655360 196608
0 -524288
983040 -983040
-393216 196608
-1048576 1310720
0 -524288
0 65536
-1114112 983040
196608 0
393216 -1245184
1245184 -131072
1245184 65536
-917504 -327680
0 -458752
-65536 655360
-1572864 786432
-720896 -2162688
655360 -1048576
196608 1769472
-720896 983040
1114112 -1441792
851968 393216
65536 1245184
-1900544 -2424832
0 -1769472
1507328 2293760
-2424832 -917504
-786432 -1114112
3080192 3080192
-327680 -196608
-786432 -2228224
2228224 -65536
-65536 -1048576
-5570560 -1245184
131072 3473408
3342336 393216
-3735552 -589824
3538944 524288
1835008 -5636096
-3211264 2490368
1179648 1441792
-1245184 458752
-65536 3604480
65536 -1376256
-1179648 -1441792
983040 -2621440
4325376 -458752
-2686976 2162688
1835008 -3342336
851968 2818048
-6356992 1179648
-917504 -1507328
2621440 196608
-1835008 1245184
5636096 -4194304
196608 -3932160
-4325376 4587520
-1966080 -1900544
-3932160 7340032
7471104 -6225920
2490368 5177344
-655360 -6488064
-851968 -5439488
-4259840 6094848
-12845056 7471104
3407872 2293760
23068672 -7274496
-22937600 -18677760
35061760 -1638400
5177344 12320768
-1245184 6356992
-12451840 -2359296
5832704 -8978432
-3670016 -262144
-5177344 1376256
7143424 -2621440
-851968 4915200
4456448 -2097152
-4128768 3211264
-917504 -3866624
196608 -1703936
-3407872 8060928
2228224 -8192000
1048576 2293760
-131072 2883584
-131072 -6225920
1572864 3014656
-851968 524288
-2686976 -786432
524288 3538944
-1769472 -3211264
655360 655360
917504 -2752512
917504 -1835008
1507328 3145728
-1900544 786432
1835008 2490368
-2424832 1507328
0 -2359296
1507328 -2359296
0 -2228224
-917504 -1048576
1507328 458752
655360 1835008
-1966080 1703936
1638400 -1245184
196608 -851968
-4390912 -131072
786432 -524288
1048576 -851968
-1900544 1769472
262144 65536
851968 -655360
196608 458752
-524288 131072
1638400 -1376256
524288 -1572864
-1900544 3342336
-1048576 196608
393216 -1769472
65536 1441792
-262144 -786432
1114112 -2490368
1179648 589824
65536 589824
-1572864 0
-196608 -393216
0 720896
-524288 589824
393216 -1769472
655360 -851968
-1048576 327680
-589824 655360
393216 -458752
-131072 -131072
0 458752
0 -393216
-262144 -720896
393216 0
262144 786432
-589824 -65536
-65536 -720896
262144 196608
-262144 0
-524288 -327680
524288 327680
655360 -131072
-786432 -393216
-524288 -262144
524288 -131072
0 0
-524288 65536
262144 65536
327680 0
-327680 65536
-65536 -65536
262144 -917504
-131072 -393216
-589824 0
-655360 -262144
-65536 0
131072 393216
65536 393216
0 -131072
393216 -196608
524288 0
0 -327680
-131072 -720896
-262144 -393216
-655360 0
-589824 0
0 -196608
131072 131072
196608 196608
131072 -196608
-131072 0
-131072 65536
-262144 0
0 -65536
0 -327680
-65536 -131072
327680 0
131072 -327680
-393216 -524288
0 -65536
-131072 -131072
-524288 -131072
0 262144
0 131072
-65536 0
-196608 131072
0 0
-131072 -393216
0 -262144
131072 -196608
-65536 -65536
131072 -65536
0 0
-65536 262144
-262144 0
-131072 -524288
-131072 -65536
-196608 65536
0 -196608
393216 -196608
0 -262144
-196608 0
-262144 0
-458752 -262144
-262144 196608
131072 196608
65536 -196608
0 -196608
196608 131072
262144 -327680
-131072 -327680
-393216 0
-65536 65536
196608 0
-131072 0
0 -131072
0 -458752
-196608 -393216
-393216 131072
-262144 0
196608 -65536
524288 -65536
65536 -65536
-196608 -196608
-262144 -65536
-262144 -393216
-720896 0
-131072 65536
196608 -196608
65536 -65536
327680 589824
0 -262144
-131072 -393216
196608 327680
-196608 262144
-720896 -524288
-196608 0
65536 0
65536 -196608
0 -589824
393216 131072
393216 65536
-786432 262144
-131072 -131072
655360 -327680
-65536 -458752
-1245184 -327680
-196608 131072
917504 65536
65536 196608
196608 327680
720896 -1376256
131072 -1310720
-1507328 655360
-1769472 65536
262144 -1114112
196608 1638400
-655360 1835008
589824 -1048576
720896 -1114112
983040 1572864
65536 -524288
-524288 -1835008
1114112 -131072
-1245184 1310720
-2031616 0
131072 -1507328
589824 1179648
-131072 589824
65536 -2162688
1507328 -589824
0 1572864
-196608 -196608
-851968 -1376256
-196608 1835008
-1048576 1703936
-2031616 -2949120
1507328 -327680
2686976 1703936
0 -3014656
1114112 -65536
589824 1769472
-2621440 -983040
-4259840 -589824
720896 3342336
917504 -2097152
-1179648 -1245184
6225920 1835008
131072 -3997696
-3932160 1835008
1114112 786432
-4521984 131072
-2686976 2031616
4653056 -2097152
1835008 393216
786432 -1179648
4063232 -65536
-4325376 3080192
-2228224 -1114112
-65536 -655360
-2883584 -3604480
1835008 -1703936
4259840 2490368
-524288 786432
3211264 2818048
-1245184 -1310720
-8519680 -327680
2621440 -7208960
-3211264 7471104
6946816 -655360
2097152 -3014656
786432 3276800
-4980736 -7864320
-6422528 4653056
-5111808 -5439488
16842752 16187392
3932160 -4194304
-9830400 4259840
22937600 25886720
3997696 -29294592
7143424 -8716288
-2752512 7077888
4587520 7340032
-11599872 -327680
6881280 -8192000
-4718592 3276800
655360 -1507328
917504 1114112
-786432 3473408
5373952 -4128768
-5439488 2097152
-393216 -6815744
-786432 2031616
-2293760 7864320
589824 -6488064
2818048 3735552
1245184 -1114112
-262144 -7536640
524288 4653056
-458752 1703936
-2818048 -196608
983040 5177344
-1310720 -4587520
-262144 -1703936
-1048576 -2228224
1572864 -524288
2555904 2555904
-1048576 786432
3145728 2162688
-2097152 1310720
-2228224 -1769472
655360 -524288
0 -2424832
-1900544 -2228224
2031616 131072
2359296 262144
-3342336 1441792
327680 0
2490368 -393216
-3342336 262144
0 589824
1769472 -1638400
-2818048 262144
-1703936 983040
1572864 0
2031616 -1245184
-851968 262144
851968 393216
720896 -2555904
-786432 2555904
-917504 2097152
262144 -3211264
196608 589824
-1310720 1835008
0 -2424832
655360 -1179648
720896 589824
0 262144
0 -917504
-458752 393216
-655360 1310720
-589824 -589824
262144 -458752
131072 -327680
0 -65536
-262144 -262144
-589824 -131072
393216 393216
196608 262144
-458752 -131072
65536 -393216
458752 196608
-196608 65536
-393216 -917504
0 0
131072 720896
-458752 -196608
-131072 -196608
458752 -65536
-65536 -262144
-458752 -196608
196608 -65536
196608 0
-458752 0
-65536 0
262144 -65536
0 0
0 196608
-65536 -655360
-327680 -720896
-131072 262144
-196608 262144
-262144 -131072
-131072 -262144
196608 131072
0 262144
65536 0
786432 -393216
196608 -262144
-458752 -196608
-589824 -524288
-458752 -393216
-524288 393216
-65536 65536
0 -262144
65536 196608
262144 131072
0 -65536
0 -131072
-196608 65536
-131072 0
0 -262144
-65536 -196608
262144 -196608
262144 -262144
-458752 -262144
-196608 0
0 -196608
-327680 -131072
-65536 196608
0 65536
0 -131072
65536 0
65536 0
-196608 -262144
0 -196608
131072 -327680
-393216 -65536
-65536 131072
131072 -196608
0 0
0 327680
-196608 -262144
0 -393216
196608 0
0 -196608
-131072 -196608
-131072 -327680
-327680 0
-327680 524288
-196608 65536
0 -327680
65536 65536
131072 131072
196608 -655360
0 -262144
-65536 65536
-131072 0
-196608 196608
-327680 65536
393216 -196608
327680 -524288
0 -458752
-196608 -65536
-393216 0
-327680 0
65536 393216
131072 0
65536 -524288
0 -393216
-196608 65536
-393216 262144
131072 -262144
0 -327680
-131072 65536
-262144 65536
-131072 -327680
65536 -65536
0 327680
-393216 -262144
0 -524288
65536 262144
0 131072
-196608 -458752
131072 -131072
393216 131072
196608 -262144
-917504 -131072
-262144 0
655360 0
-131072 393216
-786432 -131072
851968 -655360
65536 -196608
-983040 786432
589824 -524288
1114112 -1441792
-131072 65536
-1441792 131072
-786432 -1114112
131072 458752
-1048576 1966080
-327680 -655360
1179648 -1441792
393216 786432
458752 851968
262144 -1048576
-65536 -65536
-196608 589824
-2490368 65536
-262144 -917504
983040 -1507328
851968 1114112
524288 327680
0 -1179648
262144 327680
-524288 1114112
-1441792 -917504
-1703936 -1703936
1048576 983040
655360 983040
-851968 -1179648
2752512 983040
1835008 1114112
-2162688 -2752512
-524288 -393216
0 -65536
-2293760 -393216
-2097152 131072
2949120 2162688
1376256 -1376256
-2359296 720896
4587520 0
-786432 -5046272
-3276800 3014656
983040 196608
-3014656 -1048576
-1638400 3080192
1703936 -589824
-524288 -393216
2883584 -1900544
4718592 1114112
-4390912 458752
65536 -3014656
786432 3801088
-4128768 1114112
524288 -3211264
4063232 917504
-1769472 -1572864
262144 0
3866624 -2490368
-6029312 3604480
2293760 -3932160
-4128768 2031616
3473408 2949120
3538944 -5439488
-4128768 5570560
-917504 -9699328
-2686976 6684672
-3604480 -1966080
3276800 4915200
7864320 -11730944
2883584 -1835008
-22085632 13041664
61276160 34144256
-15859712 -17170432
3276800 -3801088
-11403264 262144
7274496 3145728
1572864 3997696
-4718592 -786432
6094848 -8323072
-6094848 1638400
2228224 -4653056
-3014656 5767168
3670016 131072
3211264 -2424832
-5636096 7340032
720896 -8060928
-917504 1638400
-3276800 5505024
1769472 -6291456
2228224 2686976
131072 -65536
-196608 -5963776
1114112 4259840
-458752 262144
-1310720 -917504
1441792 3342336
-3670016 -1966080
-720896 2359296
-131072 -2228224
1048576 -2686976
3342336 0
-524288 -2097152
2490368 1572864
-2162688 4849664
-1245184 655360
1310720 -196608
0 -2555904
-2883584 -2818048
0 -1835008
1966080 -851968
-2031616 2228224
65536 917504
3342336 -131072
-2031616 393216
-983040 262144
1179648 -1703936
-1638400 458752
-983040 1179648
655360 196608
983040 -655360
-917504 -524288
327680 458752
786432 -2883584
1048576 0
-393216 2359296
-1507328 -524288
131072 327680
65536 1966080
-786432 -1572864
0 -1966080
917504 -983040
-65536 589824
-262144 65536
262144 -458752
65536 917504
-458752 589824
65536 -655360
-393216 -983040
-655360 327680
327680 393216
-65536 -655360
0 -327680
196608 65536
-589824 -65536
-327680 -393216
720896 131072
262144 589824
-720896 -458752
-262144 -262144
393216 262144
-262144 -262144
-196608 -262144
458752 -393216
-65536 -196608
-851968 393216
-65536 0
524288 -262144
65536 0
-131072 0
0 -196608
0 -327680
-65536 0
-196608 -65536
-327680 -393216
196608 0
0 65536
-524288 65536
-327680 0
196608 0
327680 196608
196608 -131072
327680 -917504
65536 -917504
-327680 0
-655360 196608
-458752 -65536
-131072 196608
-65536 262144
-196608 -262144
-262144 -131072
327680 131072
327680 65536
196608 -131072
-65536 -131072
0 65536
262144 -131072
-196608 -327680
-524288 -196608
131072 -131072
0 -262144
-327680 65536
0 -65536
-131072 -458752
0 0
131072 196608
-65536 -131072
-131072 -65536
196608 131072
-131072 0
-589824 0
0 -196608
65536 -524288
65536 0
0 0
0 -524288
262144 65536
-196608 458752
-458752 0
0 -262144
0 -458752
-393216 -131072
-196608 -65536
0 -262144
65536 131072
0 131072
0 -196608
0 -196608
65536 65536
0 -65536
-262144 -65536
-65536 65536
-65536 -65536
196608 -65536
65536 -196608
0 -262144
65536 -131072
-131072 -524288
-393216 -196608
-196608 458752
-196608 262144
65536 65536
327680 0
-65536 -327680
-65536 -720896
196608 -524288
-65536 0
-393216 65536
-327680 -65536
-65536 0
0 196608
65536 196608
65536 -458752
-131072 -196608
0 393216
0 -327680
-131072 -720896
327680 196608
196608 327680
-589824 -196608
-458752 0
720896 -65536
-131072 -65536
-1114112 196608
458752 -327680
1179648 -131072
-786432 327680
-196608 -131072
983040 -1048576
-131072 0
-655360 524288
-262144 -786432
0 -1245184
-262144 524288
-589824 786432
393216 -1048576
196608 -589824
-393216 786432
-458752 524288
-655360 -458752
655360 131072
917504 524288
-1638400 -327680
458752 -1310720
786432 -65536
-131072 2031616
65536 -1310720
524288 -2097152
-65536 1245184
-1638400 917504
-786432 -1835008
-196608 327680
524288 2818048
-786432 -1310720
0 -2621440
3473408 1966080
131072 196608
-1310720 -3145728
524288 1703936
-1900544 983040
-3211264 -1441792
0 262144
3276800 1507328
655360 -3604480
-524288 -262144
4915200 2359296
-3866624 -2621440
-3407872 2621440
786432 -786432
-4259840 -1441792
-524288 458752
5570560 -851968
1376256 1376256
393216 -262144
1114112 1966080
-5898240 1835008
-589824 -2949120
262144 262144
-786432 -1507328
3932160 -1310720
5046272 2883584
-1179648 -1179648
-2555904 1310720
196608 -524288
-7340032 -2228224
4653056 -3276800
-851968 393216
-65536 6356992
7798784 -6684672
-4587520 6094848
393216 -5636096
-5373952 -2752512
-524288 3735552
1245184 -1048576
8388608 6160384
-8716288 -8585216
-4849664 9371648
-16384000 -15073280
23396352 23658496
2097152 -2818048
-1638400 -12189696
15007744 393216
-10289152 3670016
9764864 -1835008
-6815744 8454144
327680 -3145728
-2621440 -6094848
-5373952 65536
6553600 -5373952
-3407872 6815744
3276800 -1900544
2686976 720896
-2555904 5111808
-1310720 -9830400
-1245184 4849664
-2686976 2752512
-196608 -5177344
786432 6094848
1769472 -327680
262144 -8912896
1966080 3080192
327680 -1376256
-1769472 -196608
851968 5832704
-2949120 458752
262144 1703936
-851968 -2752512
65536 -3211264
2162688 -983040
-2949120 -1769472
3997696 2359296
1703936 3670016
-1179648 -458752
65536 786432
65536 -2228224
-4194304 -2752512
-1048576 262144
3211264 -786432
-851968 131072
-2293760 851968
3473408 524288
-1114112 -983040
-2031616 524288
1835008 -65536
327680 -131072
-2097152 655360
-327680 1245184
983040 -983040
-851968 -1114112
786432 1114112
1114112 -2097152
-262144 -1507328
0 2424832
-393216 458752
262144 -786432
327680 983040
0 -262144
-1703936 -917504
-524288 -655360
1179648 589824
458752 262144
-720896 -1245184
458752 -589824
-458752 720896
-983040 851968
0 -589824
720896 65536
458752 327680
-327680 -720896
-655360 -917504
-131072 -65536
-262144 983040
-131072 -65536
262144 -524288
720896 458752
-65536 -196608
-786432 -786432
262144 262144
524288 0
-589824 -393216
-655360 -262144
65536 -131072
0 262144
-327680 458752
131072 -327680
327680 -327680
-65536 -65536
-131072 -131072
-65536 -393216
-65536 0
-65536 327680
-196608 0
-131072 -393216
0 0
-131072 393216
-131072 0
262144 -327680
393216 -131072
0 -196608
131072 -851968
-262144 -589824
-393216 196608
-196608 524288
-65536 0
-393216 -327680
-327680 0
-131072 65536
-393216 65536
0 0
655360 -65536
458752 -196608
65536 -65536
-262144 0
-65536 -393216
0 -131072
-655360 65536
-196608 0
65536 -327680
0 0
196608 0
-262144 -131072
-131072 -196608
65536 0
-131072 65536
-327680 65536
0 0
262144 -131072
-65536 196608
0 0
-196608 -720896
131072 -393216
196608 65536
-589824 -196608
-262144 -65536
524288 262144
0 65536
-262144 0
65536 -589824
-65536 -524288
-327680 65536
-65536 0
-196608 -196608
-196608 65536
65536 393216
0 -65536
-131072 -131072
0 -131072
65536 -131072
196608 -65536
0 0
65536 0
-65536 -65536
-131072 -327680
-327680 -131072
-458752 -196608
-131072 -131072
262144 0
196608 65536
0 0
131072 -196608
131072 -262144
-393216 -131072
-589824 -327680
-196608 -393216
-131072 196608
0 720896
196608 0
262144 -393216
196608 -131072
-524288 -65536
-589824 -524288
131072 0
262144 589824
-131072 131072
-65536 -720896
196608 -196608
0 -196608
-851968 -65536
-131072 0
589824 131072
262144 196608
-393216 -65536
131072 -458752
458752 -393216
-589824 65536
-458752 196608
393216 -917504
655360 -524288
-524288 720896
-983040 -131072
589824 -1703936
327680 655360
-851968 1114112
-393216 -1048576
-458752 -655360
0 2228224
-327680 655360
-327680 -1572864
2621440 -786432
393216 458752
-983040 393216
0 -1179648
-262144 458752
-327680 720896
-655360 -2031616
-786432 -1638400
-786432 851968
1376256 1572864
327680 -458752
851968 0
1966080 1507328
-1835008 -1572864
-1835008 -1769472
65536 1179648
-917504 -1048576
-589824 -131072
1179648 1572864
3014656 524288
196608 -1769472
-1966080 262144
1572864 -655360
-3604480 -2949120
-786432 4653056
1441792 -1376256
-2097152 -1769472
1310720 1376256
1507328 -196608
-589824 -851968
1572864 -983040
196608 2490368
-5636096 -589824
917504 -3276800
-65536 5963776
-851968 917504
4063232 -4521984
3080192 1441792
-2555904 -1245184
-2097152 -2686976
3538944 196608
-5898240 3145728
1703936 1245184
3014656 -4915200
-3932160 6488064
7602176 -4849664
-3670016 655360
2228224 -1310720
-4653056 -7208960
-2949120 9895936
-1048576 -8585216
4653056 13434880
-2686976 -13172736
7012352 5636096
-13434880 -8323072
3342336 7995392
29949952 20840448
-13107200 20774912
-11010048 -12976128
9437184 -12189696
11534336 -3932160
-12386304 3342336
11993088 -262144
-6094848 9502720
3735552 -4718592
-6684672 2293760
-65536 -4587520
1376256 -7733248
-5898240 7471104
3211264 -6422528
3276800 2621440
-2293760 5701632
1638400 -8519680
-458752 5111808
-3997696 4587520
786432 -4128768
2555904 4456448
-65536 -1048576
-1048576 -6881280
1572864 3014656
-524288 -1703936
-1900544 -589824
4784128 4325376
-2293760 -917504
-1179648 2359296
-1048576 196608
-1245184 -2686976
1376256 -786432
-1310720 -2293760
4128768 -1179648
786432 1572864
-1966080 196608
524288 2490368
1114112 720896
-2228224 -2228224
-983040 -1966080
327680 -2293760
-1114112 262144
-2228224 851968
3014656 1376256
327680 131072
-1245184 589824
524288 -720896
196608 -393216
-655360 -327680
131072 983040
65536 655360
-720896 -1114112
0 262144
131072 -589824
262144 -1900544
1310720 458752
196608 1048576
-393216 -458752
-1179648 -131072
-458752 -65536
-917504 983040
196608 -524288
1114112 -1703936
1179648 393216
-1179648 0
-1048576 -1572864
-65536 851968
786432 2293760
-262144 -917504
-196608 -1572864
524288 131072
0 65536
-917504 -327680
0 0
458752 589824
-262144 131072
-655360 -655360
327680 -131072
458752 262144
-393216 0
0 -65536
524288 -786432
-458752 -458752
-589824 393216
-131072 -65536
0 -131072
-196608 655360
-131072 327680
458752 -524288
262144 -589824
-131072 0
-131072 -65536
-327680 -393216
-131072 0
-65536 327680
-196608 131072
0 -131072
196608 196608
131072 262144
196608 -589824
458752 -786432
0 -327680
-524288 -524288
-655360 -327680
-196608 0
0 458752
327680 196608
-196608 -262144
-655360 0
0 196608
65536 0
-131072 -196608
0 0
327680 -196608
262144 -458752
-196608 196608
-65536 0
196608 -589824
-131072 -196608
-262144 327680
-131072 -131072
-327680 -327680
131072 131072
0 65536
-458752 -262144
-131072 -393216
327680 -131072
0 0
-65536 131072
327680 -65536
0 -131072
0 196608
-327680 0
-720896 -589824
0 -262144
65536 0
-393216 0
393216 -65536
851968 -393216
0 65536
-524288 65536
-262144 -458752
-393216 -196608
-589824 131072
-327680 262144
65536 -65536
196608 -65536
458752 0
327680 -262144
-65536 -262144
-393216 0
0 262144
0 196608
65536 -393216
-65536 -327680
0 -458752
-327680 -196608
-262144 65536
0 0
262144 -196608
393216 -131072
327680 -65536
-655360 458752
-131072 -196608
-65536 -393216
-458752 0
-589824 -196608
131072 -393216
458752 262144
-65536 327680
-131072 -131072
458752 -917504
-196608 393216
-262144 524288
-393216 -393216
-196608 -327680
524288 131072
0 -786432
-851968 -327680
131072 65536
393216 786432
-131072 524288
0 0
851968 -983040
-131072 -655360
-1638400 262144
-196608 0
851968 -458752
458752 655360
-65536 -65536
458752 -1441792
458752 -589824
-1441792 1114112
-917504 -393216
262144 -917504
-1114112 524288
-524288 1114112
0 -524288
131072 0
1966080 524288
393216 65536
-327680 -983040
-458752 -2097152
-524288 851968
-65536 1179648
-655360 -1638400
262144 -851968
327680 1507328
-786432 524288
-1966080 -1441792
2883584 327680
2490368 1507328
-2818048 -2359296
-589824 -720896
262144 3014656
-2621440 -327680
0 -1114112
2621440 65536
1703936 -196608
-655360 -1966080
524288 262144
1114112 1245184
-5308416 -983040
-720896 1900544
1703936 -2293760
-2031616 -393216
3735552 -458752
3473408 -1310720
-1507328 1572864
-1966080 131072
-1835008 655360
-6488064 -1441792
1376256 -1507328
2097152 1310720
2818048 -1179648
3670016 917504
1245184 5439488
-2097152 -1572864
-4718592 -1441792
655360 655360
-4128768 -2293760
4456448 589824
8585216 1114112
-6881280 2752512
7274496 -3211264
-3604480 -720896
-5963776 3014656
-851968 -13828096
-131072 11141120
2949120 -6356992
2490368 6815744
3473408 -1114112
-3735552 65536
-17104896 -11272192
-11010048 -7929856
33161216 20840448
34865152 -12320768
6029312 35192832
2424832 24444928
-17301504 -6750208
5111808 -16842752
-262144 -2686976
-983040 -2228224
8060928 -3538944
-3276800 10551296
8585216 -2818048
-8650752 4915200
-2097152 -7733248
-1376256 -3604480
-4325376 6553600
4194304 -7405568
2686976 6291456
-851968 4915200
1245184 -9175040
-720896 3407872
-2686976 2686976
-196608 -6750208
1245184 6881280
0 2621440
-2293760 -6684672
1900544 2293760
1048576 -3276800
-2424832 -3801088
2883584 3538944
-1114112 2293760
131072 2490368
-1179648 589824
-1114112 -655360
2490368 -1638400
-2883584 -3801088
1835008 -655360
2162688 2031616
-1572864 -1114112
524288 2097152
2818048 1507328
-2097152 -2949120
-3604480 -983040
589824 196608
524288 -262144
-2752512 196608
2555904 1376256
917504 -917504
-2228224 0
720896 65536
1835008 -65536
-720896 -1114112
-1376256 983040
851968 1900544
-983040 -1835008
-589824 -131072
1048576 655360
-655360 -2359296
65536 -327680
1310720 1179648
-327680 -589824
-983040 -131072
458752 196608
65536 1376256
-786432 131072
-262144 -1572864
1114112 -589824
-589824 262144
-851968 -524288
196608 -1048576
458752 1179648
0 655360
-458752 -786432
0 -196608
589824 393216
-262144 0
-851968 -589824
131072 -196608
524288 65536
-851968 -65536
-589824 327680
1114112 0
458752 -786432
-524288 -131072
196608 -327680
0 -458752
-655360 458752
-524288 589824
0 -327680
65536 0
131072 458752
262144 -458752
0 -851968
0 0
-65536 0
-458752 -262144
-262144 -65536
0 196608
-65536 262144
-196608 0
327680 -65536
655360 131072
131072 -65536
-65536 -983040
-458752 -917504
-655360 0
-262144 65536
0 -196608
0 65536
196608 393216
0 -196608
-393216 65536
-65536 393216
0 -131072
-131072 -393216
0 131072
65536 131072
458752 -655360
393216 -262144
0 65536
-65536 -327680
-327680 -589824
-327680 131072
0 327680
-393216 -65536
0 -196608
196608 0
0 0
-262144 -262144
-65536 -196608
196608 -131072
0 -65536
-131072 131072
-327680 -65536
131072 -65536
327680 131072
-589824 0
-327680 -327680
589824 -196608
0 -131072
-327680 0
0 -655360
0 -393216
-393216 196608
-458752 65536
-65536 -65536
0 0
-65536 131072
262144 0
262144 -196608
0 -196608
-262144 -196608
-65536 196608
-327680 0
65536 -131072
524288 0
196608 -589824
-327680 -327680
-131072 0
-327680 0
-131072 262144
0 196608
0 0
-196608 -262144
327680 -720896
-131072 -262144
-327680 -65536
131072 -196608
196608 -65536
-458752 458752
-262144 131072
131072 -524288
0 -196608
-196608 524288
-131072 -720896
-524288 -589824
196608 196608
458752 0
-524288 -393216
-196608 458752
917504 262144
-786432 196608
-851968 -131072
786432 -458752
393216 -589824
-1048576 131072
-65536 65536
655360 -524288
-262144 196608
65536 851968
589824 -524288
458752 -983040
196608 -131072
-786432 196608
-458752 -1376256
-786432 -786432
-1048576 851968
-65536 589824
-720896 -720896
851968 262144
2621440 851968
-655360 655360
-196608 -983040
0 -1048576
-1638400 1703936
-1245184 -1048576
393216 -2621440
1376256 1179648
327680 983040
196608 -983040
-196608 589824
1310720 2621440
-983040 -1179648
-3080192 -3407872
327680 786432
-327680 458752
-1048576 -1703936
2883584 2752512
2686976 1114112
196608 -2162688
-1703936 -720896
-1114112 1310720
-524288 -2228224
-2293760 -1179648
2031616 3276800
-131072 -2818048
-1966080 -196608
4194304 1572864
-458752 -393216
-1114112 -1048576
2293760 -1572864
-2031616 1900544
-6619136 -2424832
2293760 393216
458752 5373952
-196608 -1114112
4128768 -2228224
1114112 1245184
-4063232 -1310720
-2686976 -589824
6619136 1441792
-3538944 1114112
-2031616 -851968
6750208 -2097152
-5570560 2097152
4128768 -393216
65536 -5505024
-4194304 5439488
4063232 -8585216
-5898240 9502720
4587520 -4390912
131072 -1572864
2162688 5242880
-1703936 -17760256
5505024 9830400
-21626880 4653056
-3014656 18743296
7929856 -12255232
-12845056 7602176
34078720 -10223616
20774912 16908288
3932160 15728640
-22347776 -2293760
6160384 -11665408
-7798784 524288
4653056 -7077888
1048576 720896
2621440 7143424
5636096 -2883584
-9764864 9830400
3211264 -9895936
-720896 -1835008
-6356992 4259840
3014656 -7929856
2359296 5177344
-851968 3276800
1507328 -6881280
2031616 3604480
-3473408 1441792
-3407872 -5308416
3276800 5898240
0 655360
-2293760 -5832704
3342336 1835008
-1179648 -2228224
-4849664 -1835008
4849664 4194304
262144 720896
655360 983040
196608 589824
-1900544 65536
65536 0
-2162688 -1900544
1900544 -2686976
1900544 655360
-720896 -1507328
458752 917504
1048576 2228224
-1114112 -327680
-1769472 -458752
524288 -458752
327680 -1114112
-2949120 -1769472
262144 131072
851968 786432
-458752 1703936
786432 -327680
983040 -196608
65536 -1507328
-1507328 -983040
720896 2031616
-393216 262144
-917504 -851968
196608 1572864
-524288 393216
0 -1900544
2097152 -1114112
524288 458752
-1179648 131072
-327680 -983040
327680 1114112
-327680 983040
-917504 -1572864
589824 -655360
458752 393216
-458752 -589824
-655360 -1245184
65536 917504
720896 458752
-262144 -524288
-786432 -196608
196608 -65536
393216 65536
-327680 196608
-262144 -131072
65536 -65536
-65536 196608
-262144 65536
393216 -524288
262144 -851968
-589824 65536
-196608 0
0 -262144
-65536 65536
131072 393216
65536 -196608
0 -262144
-65536 196608
-65536 65536
0 -458752
0 -524288
-65536 -262144
-458752 0
-524288 0
-65536 -131072
196608 327680
196608 720896
196608 0
720896 -589824
327680 -262144
-131072 -327680
-786432 -720896
-655360 -131072
-196608 393216
-196608 -196608
-393216 -458752
65536 458752
458752 131072
0 -262144
-65536 393216
-65536 327680
-196608 -524288
-65536 -131072
327680 589824
196608 -589824
-65536 -983040
-131072 0
0 65536
-196608 -327680
-393216 -65536
131072 65536
0 0
-196608 65536
-131072 -65536
0 -196608
0 131072
-196608 0
-196608 -720896
-131072 -327680
458752 262144
-65536 0
-196608 -196608
655360 65536
131072 0
-786432 -65536
-65536 131072
131072 -589824
-393216 -458752
-524288 0
0 -262144
65536 -196608
-65536 196608
131072 196608
65536 -131072
-131072 0
-65536 196608
0 -196608
-327680 -65536
-655360 0
131072 0
393216 -65536
262144 -262144
196608 -262144
0 -393216
-196608 -393216
-262144 262144
-458752 0
-131072 131072
262144 131072
196608 -65536
-196608 -393216
262144 -589824
65536 -655360
-262144 131072
-65536 65536
-131072 -393216
-131072 0
-131072 786432
-458752 65536
-131072 -589824
65536 0
131072 131072
-196608 -655360
-65536 -262144
196608 196608
196608 0
-524288 0
131072 65536
131072 -327680
-589824 -65536
-983040 131072
196608 196608
655360 -262144
262144 0
524288 65536
393216 -786432
0 -458752
-393216 1310720
-720896 -262144
196608 -2359296
-196608 327680
-917504 458752
-655360 -1376256
0 -65536
1048576 2031616
0 524288
-1376256 -786432
1114112 -524288
-262144 -327680
-1769472 524288
589824 -524288
1048576 0
327680 1507328
262144 -393216
-524288 -1572864
-1048576 -196608
2359296 262144
-327680 -1245184
-2424832 -851968
917504 983040
-1114112 983040
-1835008 458752
2359296 1769472
3145728 -1376256
-131072 -1769472
-1835008 -655360
65536 65536
-655360 -589824
-3997696 1376256
2555904 655360
1835008 -3997696
-655360 1769472
2752512 1376256
-65536 -524288
-1179648 1376256
-1048576 -917504
-3866624 -1966080
-2293760 -4980736
2097152 1245184
851968 4063232
3932160 -589824
3211264 3670016
-2490368 3473408
-3473408 -5373952
-5308416 -2621440
3342336 2162688
-1114112 -3276800
3211264 -1048576
10092544 3276800
-8388608 983040
327680 983040
2555904 -1245184
-8912896 5308416
6946816 -13172736
-2424832 3145728
4128768 7602176
-917504 -7012352
-917504 10878976
-3145728 -10878976
-4259840 -196608
-3473408 -15925248
21626880 9830400
7864320 17039360
-28246016 12255232
-2686976 81330176
-3801088 -26673152
3473408 -15859712
16121856 1572864
-1572864 16777216
-10682368 3473408
6815744 -9240576
-8912896 524288
4521984 -8519680
-1900544 2686976
3997696 0
5439488 1441792
-5046272 9830400
1507328 -13565952
-4718592 2424832
-3932160 1966080
2031616 -8388608
1769472 6356992
1310720 4521984
2359296 -7405568
1179648 3801088
-2555904 1441792
-3604480 -7471104
1507328 5046272
196608 4194304
-2752512 -5373952
1441792 1769472
65536 1048576
-3211264 -4784128
5439488 -655360
-327680 1179648
-262144 2162688
-327680 1376256
-2424832 2883584
1703936 983040
-786432 -4390912
131072 -4128768
1310720 1179648
-589824 -2555904
-327680 327680
1900544 4390912
458752 65536
-2424832 -1703936
-262144 262144
1835008 -1114112
-3735552 -1966080
-786432 1114112
2162688 524288
-262144 65536
-589824 -262144
1179648 393216
917504 -983040
-1769472 -917504
786432 2490368
-131072 655360
-2621440 -851968
983040 655360
1245184 0
-1441792 -1572864
458752 -1310720
1703936 -458752
-720896 1900544
-327680 -327680
983040 -851968
-131072 589824
-1703936 0
65536 -1245184
196608 -262144
-65536 786432
196608 -720896
-196608 -327680
-65536 458752
65536 -262144
-720896 0
-393216 393216
851968 196608
131072 -393216
-851968 -262144
0 196608
851968 -393216
-458752 -65536
-262144 327680
458752 -524288
-458752 -196608
-327680 327680
262144 -131072
0 -327680
0 0
0 0
-131072 -327680
0 0
327680 0
-65536 -196608
-393216 -327680
-196608 -393216
-131072 0
-393216 524288
-393216 -65536
131072 -65536
720896 393216
458752 131072
262144 -720896
65536 -720896
0 0
-589824 0
-786432 -327680
-262144 0
-65536 -65536
-458752 -393216
-393216 196608
393216 393216
458752 -196608
131072 0
65536 458752
0 0
-196608 -589824
-131072 0
-131072 0
-131072 -327680
-196608 -262144
262144 65536
458752 -131072
-327680 -262144
-327680 -196608
0 -65536
0 262144
-458752 131072
-327680 -131072
262144 0
196608 196608
-65536 -131072
-65536 -393216
393216 -196608
196608 0
-524288 -262144
-458752 0
65536 131072
0 -196608
0 262144
131072 -65536
65536 -917504
-262144 -262144
-524288 262144
0 -196608
-131072 -458752
-393216 262144
0 393216
131072 -65536
-131072 0
0 -65536
524288 -262144
0 0
-196608 262144
65536 -262144
0 -393216
-196608 -65536
-393216 -393216
-393216 -655360
0 131072
0 458752
0 196608
524288 -65536
655360 -65536
-196608 -327680
-720896 0
-393216 -458752
-458752 -458752
0 327680
65536 262144
0 -589824
262144 -131072
0 196608
0 -196608
0 -655360
0 262144
65536 458752
-262144 -65536
-851968 0
262144 -327680
327680 -983040
-589824 65536
-524288 131072
786432 196608
458752 720896
-262144 851968
786432 -786432
0 -1114112
-720896 327680
-524288 262144
0 -1114112
786432 0
-393216 720896
-458752 -1179648
327680 -983040
-196608 983040
196608 458752
-458752 -720896
-1376256 0
65536 262144
-1245184 0
-393216 262144
851968 -1835008
1310720 327680
1441792 1703936
-262144 -1114112
0 -983040
458752 1245184
-655360 65536
-3801088 -2555904
-327680 -655360
2228224 2031616
-1966080 -262144
1114112 196608
4259840 2883584
0 -1048576
-2293760 -2424832
-1048576 -393216
-1245184 -131072
-1769472 -1245184
131072 2031616
4587520 2228224
-786432 -3473408
-720896 917504
2097152 131072
-2490368 -917504
-655360 -1441792
1769472 -1310720
-2752512 720896
-1900544 -2686976
2097152 3014656
-327680 4849664
458752 -2424832
1179648 -1048576
-262144 -786432
-2293760 -3997696
-3604480 0
5046272 5177344
-720896 1245184
-2097152 -1048576
8454144 786432
-5308416 -786432
-524288 -393216
2949120 -3735552
-7929856 4063232
6946816 -5177344
-4259840 0
-1572864 5373952
8192000 -7536640
-196608 10682368
393216 -7929856
-327680 -589824
-3604480 6094848
-13631488 -8192000
6750208 -9830400
12386304 -8192000
2097152 16515072
27000832 94568448
-15466496 6553600
-4259840 -6488064
-5242880 -14745600
17367040 2424832
-65536 11796480
-2359296 -2031616
-2162688 -4653056
-5111808 -131072
3342336 -10485760
-6488064 5505024
8388608 -131072
6094848 786432
-7012352 9043968
2293760 -9109504
-458752 3997696
-6815744 196608
-655360 -7143424
1900544 3604480
786432 3473408
1441792 -7929856
4259840 4128768
-851968 1376256
-4521984 -5898240
1048576 4325376
0 4718592
-4325376 -5242880
2490368 1245184
1572864 524288
-5767168 -3670016
4718592 -917504
983040 983040
-983040 1572864
2490368 1114112
196608 1900544
-327680 1835008
-2949120 -2031616
-851968 -3866624
1114112 655360
-262144 -1769472
65536 -1966080
1900544 1769472
983040 1310720
-589824 65536
-1245184 0
1245184 393216
-1638400 -720896
-1835008 -327680
-262144 -262144
786432 0
-262144 -1048576
-262144 786432
1900544 393216
-262144 -2621440
65536 131072
131072 2490368
-1245184 0
0 -196608
65536 1310720
-1048576 -327680
-393216 -1769472
1507328 -1572864
1638400 917504
0 -196608
-458752 -1179648
0 524288
-1048576 1310720
-720896 0
-131072 -589824
655360 196608
393216 -917504
-655360 -1245184
-327680 0
0 196608
-196608 262144
-589824 196608
65536 65536
720896 0
-196608 -262144
-524288 0
458752 -262144
131072 -393216
-524288 65536
0 -393216
-65536 -458752
-393216 393216
-131072 524288
0 -196608
327680 -327680
524288 196608
0 -131072
-196608 -851968
-327680 -393216
-262144 131072
-262144 65536
-262144 -196608
0 0
0 327680
-262144 262144
65536 -131072
655360 -131072
393216 -262144
65536 -720896
-393216 -589824
-458752 0
0 262144
65536 0
-524288 -196608
-327680 0
-65536 -327680
-655360 -65536
-65536 393216
720896 0
65536 -131072
0 262144
393216 196608
0 -589824
-393216 -262144
0 0
196608 -196608
-327680 -262144
-327680 -196608
131072 -196608
-196608 196608
-327680 0
-131072 -524288
262144 -65536
131072 196608
-262144 -65536
-131072 0
65536 196608
131072 0
-327680 -196608
-393216 -262144
262144 -327680
0 -262144
-524288 65536
131072 262144
655360 -458752
196608 -196608
-327680 65536
-196608 -393216
-262144 -393216
-655360 65536
-393216 196608
0 -65536
0 0
196608 196608
524288 -262144
131072 -131072
-458752 65536
-196608 0
196608 65536
131072 65536
-65536 -327680
0 -655360
0 -393216
-458752 131072
-458752 65536
-65536 131072
524288 196608
327680 -131072
-458752 0
0 -65536
327680 -655360
-65536 -196608
-65536 0
-327680 -327680
-262144 -131072
65536 262144
262144 131072
0 -851968
-196608 -393216
131072 327680
-65536 0
-720896 -65536
327680 0
917504 -458752
-655360 -196608
-983040 65536
0 -131072
-65536 720896
-393216 851968
983040 -393216
1310720 -1245184
-917504 -262144
-851968 0
-262144 -131072
131072 393216
1179648 786432
327680 0
0 -1638400
-131072 -589824
-262144 393216
-262144 0
-851968 -1245184
-458752 -1245184
0 262144
-1703936 983040
524288 262144
2162688 262144
917504 2424832
-589824 -851968
-1245184 -3145728
-327680 720896
0 851968
0 -2228224
-786432 -196608
1245184 2097152
-327680 -131072
-2162688 -458752
2752512 2162688
1835008 -196608
-1245184 -3538944
-1048576 458752
-1114112 196608
-1245184 -1376256
-786432 1441792
720896 2555904
3342336 -1835008
1638400 -3211264
1441792 3211264
-983040 -1966080
-4325376 -720896
0 2293760
-1048576 -262144
-2555904 -3145728
3538944 -3735552
3276800 3604480
-2162688 2555904
3276800 -2359296
-917504 3276800
-5308416 65536
-3473408 -5767168
-1769472 917504
4653056 5111808
-327680 -1245184
2293760 1507328
10747904 2490368
-9240576 -4456448
-3407872 -1572864
4521984 -1572864
-8585216 2555904
7536640 -4521984
1769472 -524288
-3014656 11796480
4784128 -7405568
-4849664 4521984
1376256 -6553600
-2424832 -12058624
1376256 4456448
4390912 -851968
2949120 22347776
-12255232 2752512
-6488064 -18612224
1048576 -37617664
9961472 72024064
-851968 8126464
15663104 -2097152
-11468800 -7340032
720896 -10616832
9568256 -1441792
-5767168 12189696
4915200 1572864
-3735552 1179648
-5505024 -458752
983040 -7536640
-4980736 2686976
6488064 -7602176
3080192 2490368
-786432 8650752
3801088 -8716288
-2162688 6094848
-5701632 2097152
-2162688 -10289152
-720896 3604480
1966080 5242880
2293760 -9437184
4063232 1310720
-851968 4194304
-3538944 -6488064
1048576 196608
262144 7602176
-3145728 -2621440
786432 393216
1114112 3997696
-5898240 -2228224
3407872 -5308416
1245184 0
-131072 1835008
1900544 -1703936
-983040 1179648
1114112 5701632
-327680 0
-2228224 -4128768
1507328 196608
524288 -3080192
-3080192 -3604480
-524288 2686976
2490368 1966080
917504 -65536
-2097152 -196608
1769472 65536
393216 -2097152
-1703936 262144
-720896 655360
196608 720896
-1245184 -196608
-851968 262144
1769472 -524288
-458752 -1835008
65536 -524288
1179648 2555904
-851968 327680
131072 -393216
786432 65536
-1179648 65536
-1114112 589824
851968 -1114112
393216 -1114112
131072 196608
196608 -1245184
-131072 -1114112
-393216 786432
720896 1507328
-524288 -589824
-262144 -262144
917504 -65536
-327680 -589824
-1638400 -131072
0 0
589824 -327680
-655360 65536
-131072 327680
1048576 -65536
0 -327680
-458752 524288
655360 0
458752 -1179648
-589824 131072
-458752 262144
-786432 -458752
-458752 0
393216 524288
327680 65536
327680 -524288
589824 -655360
65536 -65536
-655360 -262144
-458752 0
0 0
-131072 -65536
-327680 0
-262144 -65536
65536 65536
393216 655360
458752 262144
589824 -458752
-131072 -917504
-393216 -655360
-393216 -327680
-327680 0
0 262144
524288 0
-393216 -393216
-917504 131072
0 131072
0 -131072
-393216 0
458752 196608
458752 -196608
0 -262144
327680 65536
393216 -65536
-327680 -327680
-458752 -262144
131072 0
0 0
-720896 -65536
0 0
196608 -131072
-65536 -131072
-196608 -327680
0 -262144
0 131072
65536 196608
65536 131072
-262144 0
0 -196608
458752 -196608
-458752 -262144
-524288 -196608
524288 0
65536 0
-327680 327680
262144 -196608
196608 -524288
-589824 -262144
-262144 -65536
196608 -327680
-524288 -196608
-458752 393216
262144 262144
196608 -65536
65536 0
-196608 -196608
-196608 -196608
-262144 131072
0 131072
262144 -196608
589824 -524288
131072 -393216
-393216 -262144
-917504 -131072
65536 393216
262144 131072
-196608 262144
-131072 0
262144 -589824
-131072 -327680
-131072 0
327680 -524288
393216 -589824
-458752 65536
-327680 524288
-327680 196608
0 0
458752 -65536
65536 -327680
-720896 -655360
-327680 -458752
-65536 131072
458752 0
-65536 -196608
65536 131072
-131072 131072
-524288 327680
-327680 458752
655360 -65536
393216 -786432
-786432 -393216
-327680 -131072
0 -327680
0 720896
393216 1507328
655360 -262144
1245184 -2031616
131072 131072
-851968 0
-720896 -1507328
-262144 -393216
-131072 983040
-1441792 -458752
-1638400 -655360
1507328 393216
851968 1114112
458752 1441792
917504 -1572864
-917504 -1441792
-983040 983040
-786432 -393216
-786432 -786432
-196608 131072
3211264 196608
0 -589824
-2097152 589824
2818048 1572864
851968 -983040
-3211264 -1769472
-1376256 0
0 -1572864
-524288 262144
196608 2555904
3670016 1179648
2228224 -1376256
-2818048 -524288
-196608 1638400
-262144 -4128768
-3342336 -720896
1441792 524288
524288 -983040
-655360 458752
2752512 0
1703936 3211264
-3342336 -589824
655360 -3014656
-2097152 131072
-2621440 -2162688
-196608 -1507328
-983040 3211264
4063232 3407872
-1179648 65536
524288 -327680
6422528 -262144
-7012352 -4128768
262144 1048576
6356992 -4784128
-11337728 2949120
4980736 3735552
3932160 -3866624
-3866624 3604480
8126464 -5832704
-2293760 4194304
-3604480 1245184
-786432 -7864320
-5570560 7995392
-2228224 -2490368
786432 -4784128
19464192 5505024
3735552 -3145728
-10878976 -4849664
-29032448 -16384000
-23068672 19005440
8716288 16056320
-12058624 -3211264
11993088 851968
-15925248 -1769472
4784128 -9568256
2555904 1900544
5505024 8847360
8978432 -2883584
-5898240 3866624
-1703936 -851968
-1835008 -8126464
-8257536 2228224
4128768 -8192000
4653056 3735552
-65536 5898240
3801088 -8060928
327680 5570560
-4784128 1966080
-3407872 -7536640
458752 5242880
-262144 5308416
-2752512 -6619136
4980736 1245184
2359296 2686976
-4456448 -7274496
1572864 -1179648
2621440 8060928
-5636096 -1507328
458752 -196608
5767168 3211264
-7602176 -1245184
-196608 -4456448
2752512 -327680
-524288 1900544
1507328 -1114112
1048576 -1376256
1966080 3080192
131072 2555904
-2228224 -2686976
-917504 -851968
-655360 -917504
-655360 -2359296
-327680 196608
524288 720896
2621440 196608
-1310720 -131072
-786432 786432
983040 -720896
196608 -131072
-2293760 -262144
-524288 1507328
1179648 0
-1310720 -589824
262144 917504
131072 -393216
-655360 -2228224
1245184 1310720
1048576 262144
-65536 -1769472
-589824 -65536
-851968 1179648
-917504 1441792
65536 -262144
1114112 -1376256
1114112 -1114112
-458752 -917504
-655360 -131072
-655360 -65536
589824 1179648
131072 524288
-720896 -327680
131072 -786432
458752 -327680
-655360 196608
-786432 0
458752 -262144
131072 0
-1048576 65536
-262144 262144
983040 -196608
458752 -131072
0 131072
-65536 -720896
-393216 -524288
-327680 393216
-327680 131072
-196608 -131072
262144 0
262144 196608
-262144 -196608
-196608 -524288
393216 -131072
65536 -327680
-196608 -327680
-327680 -65536
-458752 -131072
-262144 458752
-65536 851968
196608 196608
720896 0
655360 -65536
327680 -851968
-655360 -1179648
-720896 -196608
-131072 65536
-131072 -327680
-131072 -65536
196608 131072
-65536 -131072
-458752 196608
0 327680
-65536 -131072
-655360 -458752
65536 131072
458752 393216
65536 -196608
262144 -262144
327680 -65536
-65536 -196608
-458752 -262144
-196608 -327680
0 -65536
-262144 65536
-65536 0
-131072 -65536
0 0
65536 0
-131072 -65536
-65536 -196608
131072 -327680
262144 -131072
-327680 262144
-393216 65536
458752 -65536
0 0
-589824 0
0 0
524288 -327680
0 -393216
-393216 -327680
0 -196608
-196608 -327680
-589824 -65536
0 131072
65536 131072
-262144 65536
0 327680
0 -65536
0 -262144
-393216 -131072
-262144 0
196608 -65536
655360 65536
196608 0
-65536 -262144
0 -458752
196608 -65536
-655360 0
-458752 0
0 -327680
131072 0
-65536 262144
131072 0
196608 -524288
0 -65536
-589824 131072
0 -196608
-131072 -393216
65536 -196608
-65536 131072
0 0
-131072 -458752
0 0
131072 131072
196608 -131072
-589824 131072
393216 0
-131072 -655360
-720896 0
-65536 0
720896 -524288
-393216 0
-1114112 589824
196608 -262144
655360 -65536
-65536 1245184
524288 -65536
786432 -1376256
-65536 327680
-1114112 1114112
-65536 -1703936
327680 -1310720
-262144 196608
-131072 -589824
-65536 -917504
-393216 786432
655360 1572864
-393216 917504
-786432 393216
-196608 -2359296
0 -1048576
65536 524288
-458752 -1179648
655360 0
1703936 2359296
917504 1114112
-2490368 -1703936
0 -262144
2097152 851968
-2555904 -1769472
-1245184 -1376256
1245184 1376256
-1245184 -851968
-1441792 589824
917504 3342336
2490368 131072
851968 -3801088
-393216 393216
851968 2555904
-3145728 -4390912
-2555904 1179648
2818048 2752512
-1769472 -2883584
0 -2293760
5177344 1048576
0 5046272
-2818048 -2359296
3211264 -1900544
-3276800 2228224
-4390912 -5177344
0 -5505024
655360 4784128
3932160 4194304
-720896 -1572864
1638400 2621440
1638400 4259840
-10616832 -5963776
-262144 -983040
7077888 -720896
-9109504 1835008
7471104 -131072
5963776 2424832
-7143424 8847360
2359296 -6422528
-2424832 -5767168
-3211264 327680
3342336 -7012352
1507328 3997696
8716288 9895936
-3473408 -5636096
-1245184 10616832
-6356992 -25886720
7864320 -5898240
-16646144 -6291456
14942208 39518208
-31653888 -11862016
2883584 21561344
458752 14614528
-1966080 7929856
9306112 131072
-12582912 -3997696
10420224 -11862016
-3997696 -524288
6356992 -196608
3342336 1048576
-2752512 8257536
786432 -2883584
-2293760 -4259840
-5308416 3801088
5046272 -10485760
-851968 589824
-1376256 7405568
3735552 -8388608
-851968 6225920
-4259840 6815744
-1835008 -8912896
-393216 786432
851968 7667712
-1507328 -7077888
4325376 -1310720
2818048 6619136
-4587520 -5242880
-1703936 -7012352
3997696 7536640
-2555904 1703936
-1245184 -3014656
5636096 3145728
-5046272 4784128
-2031616 -4259840
1703936 -4128768
786432 1048576
1966080 -2424832
-917504 -2162688
458752 3473408
2686976 4390912
-1638400 -1310720
-1900544 65536
131072 -458752
196608 -3735552
-1507328 -1310720
-1376256 655360
1572864 -655360
-589824 1179648
-720896 3276800
983040 -983040
1572864 -1441792
196608 -458752
-983040 458752
0 0
-2097152 -458752
-262144 589824
0 327680
-131072 -1703936
1638400 -851968
1179648 -131072
-720896 393216
-131072 917504
-393216 -393216
131072 1245184
0 262144
-983040 -2228224
-524288 -786432
131072 786432
655360 131072
-65536 -851968
393216 327680
786432 0
-1048576 -458752
-851968 0
327680 -196608
196608 131072
-720896 524288
-327680 -327680
196608 -458752
0 327680
131072 589824
524288 -589824
131072 -1245184
-196608 65536
-393216 0
-262144 -327680
262144 262144
0 196608
-393216 -65536
-262144 -131072
0 0
0 196608
0 -196608
196608 -524288
0 -589824
-327680 -131072
-393216 262144
-393216 262144
196608 327680
131072 458752
196608 0
524288 -655360
327680 -458752
65536 -65536
-589824 -458752
-589824 -327680
0 0
-65536 -524288
-458752 -589824
-196608 327680
131072 393216
-65536 -65536
-196608 65536
0 524288
-196608 -131072
-65536 -327680
458752 131072
196608 -393216
-196608 -655360
-131072 -131072
65536 0
0 0
-327680 0
65536 -131072
65536 -131072
65536 65536
-196608 0
-458752 -458752
0 0
65536 0
-327680 -262144
-262144 0
393216 131072
327680 65536
-196608 0
-65536 -65536
0 -262144
-327680 -393216
-327680 131072
65536 -65536
262144 -589824
-131072 -196608
-196608 262144
65536 -131072
-196608 -393216
-262144 0
-196608 -65536
-131072 -131072
0 262144
-131072 0
0 -65536
65536 196608
-65536 393216
131072 65536
458752 -262144
327680 -589824
-262144 -458752
-589824 -524288
-327680 -393216
-393216 0
-262144 655360
0 393216
393216 65536
589824 -327680
0 -262144
-458752 -327680
-196608 -589824
-262144 -131072
0 458752
0 0
-196608 -327680
0 -65536
524288 65536
393216 -393216
-196608 0
131072 131072
131072 -262144
-1310720 -65536
-327680 0
524288 -851968
-393216 0
-786432 -65536
196608 -524288
589824 131072
-393216 1441792
196608 393216
786432 -983040
0 -393216
-524288 65536
-917504 -327680
524288 -786432
458752 458752
65536 458752
196608 -1114112
-524288 -1441792
-196608 -65536
458752 917504
-1376256 589824
196608 -458752
655360 -983040
-589824 983040
-917504 -917504
-524288 -1507328
720896 2162688
917504 1245184
983040 -1310720
-393216 -655360
393216 851968
-327680 -917504
-3407872 -1572864
-131072 524288
196608 -393216
-393216 -1638400
917504 3211264
983040 2097152
1376256 -1441792
393216 -327680
-2293760 1179648
-524288 -2949120
-1310720 -4325376
327680 4259840
1572864 458752
-589824 -2162688
2424832 2555904
1572864 2228224
-3014656 -196608
-851968 -4849664
1769472 -786432
-2097152 262144
1572864 -4849664
786432 393216
-3538944 5963776
1179648 851968
-2490368 -1310720
851968 2621440
3211264 -3735552
-6750208 -6815744
327680 5373952
4784128 393216
-9175040 655360
5242880 5242880
3538944 -1572864
-4259840 2293760
6815744 -4915200
-1376256 -1835008
-7274496 1048576
5177344 -3473408
524288 2031616
589824 8912896
2818048 -17432576
7340032 12713984
-3538944 -10223616
-7012352 2424832
-6356992 -4915200
-393216 5701632
7798784 16711680
-17498112 18546688
-7733248 -9633792
16449536 8388608
-8060928 12320768
11599872 -458752
-1114112 -3538944
-8388608 524288
9306112 -10027008
-11337728 3407872
7471104 1376256
5439488 4063232
-1179648 4063232
1900544 -4587520
-1769472 -3801088
-9633792 1048576
524288 -9764864
1703936 2359296
655360 8126464
2228224 -7274496
3604480 4259840
-65536 5439488
-3801088 -8912896
-1441792 -1114112
983040 7929856
-6094848 -2686976
2293760 -2490368
6422528 5373952
-3276800 -3276800
-2949120 -7929856
6553600 3801088
-1441792 3342336
-5308416 -655360
5701632 983040
-2293760 4194304
-3211264 -262144
1572864 -4259840
-589824 -524288
524288 -524288
1245184 -1572864
524288 -1572864
2097152 2359296
917504 1179648
-1900544 0
-2424832 327680
851968 -851968
589824 -1835008
-3997696 -65536
65536 0
2555904 -720896
131072 1376256
-917504 327680
2162688 -1114112
589824 -1703936
-2424832 1245184
786432 1376256
-851968 -655360
-1048576 720896
983040 1310720
-524288 -1638400
-1048576 -1048576
262144 -393216
917504 -917504
1179648 1245184
-131072 -196608
-65536 -1048576
-196608 1245184
-1114112 1114112
-131072 -1048576
262144 -524288
917504 327680
0 -1703936
-983040 -983040
0 589824
131072 65536
-589824 0
-327680 327680
786432 -262144
0 -458752
-851968 327680
327680 393216
524288 -393216
-393216 -65536
0 262144
-65536 -1048576
-262144 -393216
0 262144
0 -327680
-65536 -262144
-131072 131072
131072 65536
0 196608
-196608 131072
196608 -65536
0 -458752
-458752 -393216
-458752 -327680
65536 -327680
0 0
-393216 262144
65536 0
720896 524288
524288 589824
393216 -458752
0 -917504
0 -196608
-262144 -65536
-786432 -524288
-524288 -327680
-131072 -131072
-393216 -327680
-262144 0
524288 458752
524288 131072
-65536 -131072
-65536 393216
0 327680
-262144 -589824
-262144 -458752
0 0
327680 0
0 -131072
65536 -131072
458752 -131072
-196608 -131072
-393216 -196608
-196608 -327680
0 -262144
-65536 131072
-262144 196608
0 0
65536 0
65536 0
0 -262144
0 -393216
65536 -262144
65536 -327680
-524288 0
-196608 655360
393216 0
327680 -131072
-65536 65536
65536 -524288
65536 -917504
-524288 -131072
-262144 65536
-131072 -393216
-524288 0
-327680 458752
262144 -65536
327680 0
0 0
-262144 -65536
-65536 196608
131072 0
65536 -393216
131072 -327680
262144 -589824
-262144 -393216
-393216 -131072
-393216 327680
-65536 196608
262144 196608
524288 -65536
196608 -262144
-131072 -655360
-327680 -524288
0 0
-196608 393216
-327680 -131072
-196608 0
131072 131072
0 -327680
-196608 -589824
0 65536
393216 65536
-131072 -196608
-458752 -196608
393216 0
131072 -393216
-720896 -65536
-196608 -131072
0 0
-720896 196608
-720896 589824
1310720 0
917504 -524288
-65536 -65536
-524288 131072
-458752 -655360
524288 -196608
327680 1835008
0 -131072
393216 -2031616
589824 131072
327680 655360
-1245184 -720896
-1245184 -851968
524288 -655360
-1048576 -655360
-786432 983040
1245184 -393216
0 327680
458752 2949120
262144 720896
-1114112 -1310720
-917504 -917504
2686976 -1048576
-983040 -2162688
-3342336 -720896
2621440 1376256
786432 655360
-2228224 851968
786432 2555904
1638400 -983040
-524288 -1900544
-917504 393216
0 -393216
-524288 -2228224
-3014656 0
1507328 4325376
1769472 -1572864
-917504 -1245184
4390912 1179648
1703936 851968
-5111808 524288
-327680 -3014656
1835008 589824
-4653056 524288
-327680 -5439488
3538944 -196608
1048576 5308416
1245184 327680
-2818048 -2818048
1966080 3932160
-589824 -851968
-8388608 -7536640
1703936 983040
3866624 1376256
-8650752 3997696
8978432 3211264
7077888 -1245184
-8716288 5963776
-458752 -7340032
1114112 -6750208
-3276800 3735552
2949120 1900544
3014656 -1638400
1769472 14942208
1835008 -10420224
-7864320 1703936
-851968 -8978432
1507328 -11927552
10944512 15335424
-4390912 -15007744
15728640 15794176
-33488896 -262144
-31719424 36896768
4259840 -10485760
-23658496 4390912
23789568 1769472
-13959168 2883584
13500416 917504
-6881280 3538944
655360 -3932160
1507328 -6946816
-4456448 4587520
10092544 -8126464
-131072 4194304
-720896 6160384
5570560 -3932160
-3866624 -1245184
-6422528 7143424
983040 -10944512
65536 -2752512
-1703936 8519680
2293760 -9437184
3604480 1114112
720896 10420224
-2883584 -4980736
-2883584 -4718592
1245184 8585216
-3473408 458752
-131072 -8060928
5242880 3211264
-917504 3932160
-5701632 -8257536
2818048 -917504
3014656 4194304
-3604480 -589824
3735552 -2686976
-196608 5767168
-1966080 3801088
-65536 -2949120
-1966080 -851968
2031616 -1572864
1966080 -3670016
-2555904 -2031616
589824 1703936
2293760 1179648
-196608 2162688
-851968 1703936
-65536 -2162688
917504 -2818048
-2686976 327680
-917504 65536
720896 -1507328
851968 1769472
-1769472 1310720
-458752 65536
1638400 -1179648
0 -1114112
589824 0
-327680 262144
-1572864 196608
196608 720896
-131072 196608
-196608 -65536
0 -458752
131072 -1376256
1507328 720896
65536 -131072
-1572864 -1441792
786432 327680
720896 1245184
-589824 -393216
-1048576 -524288
917504 720896
458752 -262144
-983040 -655360
-131072 -65536
0 -458752
-655360 -262144
-458752 65536
65536 0
393216 196608
196608 327680
131072 131072
262144 -327680
0 -196608
131072 262144
-262144 -393216
-786432 -720896
-458752 -65536
-262144 65536
196608 0
393216 -196608
458752 0
655360 0
-262144 -393216
-327680 -393216
-131072 65536
-458752 131072
-524288 0
-131072 -327680
0 -131072
-131072 655360
262144 458752
917504 -196608
524288 -196608
262144 -786432
-458752 -1048576
-655360 0
262144 524288
131072 -131072
-786432 -131072
-196608 0
0 -393216
-589824 -393216
-262144 0
393216 131072
0 0
0 196608
393216 524288
262144 -65536
-262144 -327680
-393216 -262144
196608 -262144
65536 -196608
-458752 -327680
-131072 -196608
-65536 -65536
0 0
-65536 -131072
-65536 -196608
131072 65536
131072 262144
-131072 0
-196608 0
0 -196608
0 -327680
-327680 -327680
-131072 -65536
65536 -65536
0 0
65536 458752
393216 65536
327680 -589824
-196608 -655360
-327680 -393216
0 -327680
-458752 -393216
-524288 196608
-131072 524288
131072 262144
131072 65536
0 -458752
-196608 -393216
-262144 -131072
-196608 0
196608 524288
524288 0
262144 -327680
65536 -262144
-196608 -262144
-393216 -65536
-131072 -196608
0 0
-65536 131072
-196608 -262144
-65536 -524288
0 -65536
196608 393216
131072 -196608
0 -720896
-327680 0
-524288 65536
-327680 -131072
196608 393216
262144 327680
0 -524288
-327680 -524288
-65536 131072
589824 -262144
-65536 -655360
-393216 131072
65536 -131072
-262144 -327680
-983040 458752
-327680 655360
1114112 -262144
65536 131072
-327680 65536
-65536 -1310720
-131072 -1048576
-393216 1441792
-589824 1703936
917504 -1179648
1638400 -524288
196608 589824
-262144 -1507328
-589824 -1114112
-327680 589824
0 -458752
-1507328 -983040
-1048576 589824
-65536 -917504
262144 1376256
1441792 2359296
262144 -1441792
655360 -1572864
1048576 655360
0 -262144
-3342336 -1703936
-327680 458752
2490368 1769472
-2097152 -917504
-65536 655360
3276800 1769472
-786432 -2818048
-2228224 -1441792
-262144 1835008
-655360 -1441792
-327680 -3145728
983040 2621440
1900544 4718592
-1638400 -3276800
131072 1638400
4915200 3735552
-4063232 -3080192
-4653056 -5898240
3604480 -2621440
524288 3997696
-3145728 -327680
6619136 -1507328
2883584 5832704
-4521984 2883584
-1376256 -4784128
-1048576 -1835008
458752 1703936
-589824 -6160384
-2490368 -5111808
4063232 7340032
-1114112 0
-6225920 2490368
8126464 5898240
1769472 -2097152
-6684672 786432
4849664 -7077888
-4653056 -3145728
-10092544 5570560
5373952 2097152
7340032 -2293760
-4325376 9961472
9371648 -11599872
2228224 262144
-3276800 8126464
-9371648 -18415616
9633792 22413312
-4784128 -19660800
9043968 9633792
-12320768 -12779520
13565952 -7471104
-33357824 40501248
65536 -786432
5111808 3473408
3342336 -8323072
11337728 -3014656
-13828096 8978432
15532032 131072
-14614528 7667712
7602176 -4718592
1638400 -8388608
-9502720 -786432
5963776 -5570560
3342336 6815744
2162688 4259840
5046272 -1048576
-917504 196608
-5832704 6356992
-5636096 -12255232
-2686976 -3670016
327680 9895936
-393216 -7602176
5439488 -524288
5439488 10158080
-2555904 -3604480
-3538944 -7995392
3473408 4194304
-3670016 3407872
-4915200 -4325376
3604480 1441792
2752512 6160384
-5373952 -4456448
1572864 -5308416
5111808 -851968
-5111808 3276800
2162688 -1179648
1769472 1376256
-1114112 4915200
1507328 786432
-2228224 -1835008
-2621440 -1769472
2883584 -1703936
-1048576 -2883584
-1638400 -327680
2293760 1441792
3211264 589824
-1114112 1179648
-2490368 1114112
1966080 -1638400
-917504 -1114112
-2949120 1441792
0 -1572864
1114112 -1310720
-1048576 917504
393216 1376256
2883584 -2031616
-1900544 -1376256
-786432 786432
720896 786432
-983040 262144
393216 720896
983040 -524288
-1507328 -65536
-1179648 983040
65536 -1114112
1638400 -851968
1703936 524288
-131072 -1048576
-1245184 -1048576
-655360 1245184
262144 1376256
-917504 -655360
65536 -65536
1966080 -851968
-196608 -1441792
-1507328 -262144
-196608 196608
196608 131072
-655360 589824
-327680 458752
524288 -262144
0 -589824
-131072 131072
524288 65536
131072 -720896
-65536 -262144
-65536 0
-917504 -65536
-196608 196608
196608 458752
196608 393216
-196608 -458752
-65536 -983040
393216 -262144
0 -196608
-327680 -131072
327680 -131072
0 65536
-393216 131072
-720896 131072
-393216 131072
0 655360
524288 262144
524288 -720896
0 -983040
0 -524288
0 -393216
-196608 131072
262144 262144
524288 -393216
-458752 -458752
-983040 196608
-655360 65536
-458752 0
-524288 -262144
0 196608
786432 196608
589824 -262144
131072 0
262144 0
65536 -327680
-851968 -131072
-393216 0
196608 -196608
-327680 -65536
0 0
196608 -196608
131072 -327680
65536 0
-196608 -327680
-393216 -262144
0 131072
0 0
-262144 0
-196608 262144
327680 0
0 -327680
-196608 -262144
65536 65536
131072 -262144
0 -196608
131072 -65536
131072 0
-393216 -262144
-393216 -196608
196608 0
-196608 -262144
-393216 -131072
0 262144
65536 65536
0 -65536
-327680 -131072
-589824 0
-65536 131072
589824 262144
655360 65536
458752 -393216
0 -589824
-262144 -327680
-458752 -393216
-458752 131072
-262144 196608
0 -65536
0 -262144
-65536 131072
327680 0
196608 -458752
0 -65536
196608 -65536
-196608 -589824
-655360 -196608
0 458752
393216 327680
131072 -262144
196608 -131072
131072 -327680
-589824 -720896
-1048576 196608
393216 196608
327680 -524288
-589824 196608
-327680 -327680
327680 -851968
65536 458752
-983040 786432
-65536 -589824
327680 -589824
-65536 589824
-262144 393216
-458752 65536
786432 65536
589824 786432
65536 262144
458752 -1638400
-327680 -2031616
-458752 -327680
262144 0
-524288 -196608
589824 -131072
458752 393216
-786432 2686976
-917504 0
-327680 -1638400
983040 393216
0 -1835008
-655360 -2424832
-1048576 589824
851968 2359296
786432 851968
-1638400 786432
1114112 1048576
786432 -1703936
-1376256 -3145728
-327680 786432
-786432 -393216
-851968 -1900544
327680 1441792
-262144 4063232
524288 -720896
917504 -4063232
1245184 3997696
1376256 1441792
-2555904 -3670016
589824 -1507328
917504 262144
-3604480 1900544
-2621440 -3014656
5111808 1048576
2293760 4980736
-196608 -1310720
0 -4521984
-983040 -327680
131072 983040
-3473408 -3866624
-2228224 -1900544
4849664 5046272
-2818048 -917504
-6291456 4456448
7471104 4390912
-393216 -3735552
-5963776 -196608
3866624 -9043968
-1441792 -3735552
-2621440 8650752
3735552 4849664
5046272 -589824
-1114112 12320768
4456448 -10223616
-8257536 -9764864
-3932160 6225920
5636096 -19726336
4849664 22872064
-524288 -7602176
7667712 5111808
-1572864 10223616
-5832704 -14155776
3276800 -33095680
6225920 30081024
-22020096 -1179648
24117248 -6946816
-12189696 -7405568
4587520 -4915200
0 851968
-1966080 10289152
16252928 -851968
-11403264 9961472
4849664 -8257536
-8323072 -3276800
-9568256 2818048
6160384 -10158080
-65536 720896
3080192 3997696
8388608 393216
458752 -1507328
-4259840 11862016
-3342336 -7077888
-2818048 -8060928
-1572864 10092544
-589824 -3670016
3604480 -9830400
4915200 7274496
1835008 3342336
-3342336 -8978432
327680 196608
-1310720 8388608
-4521984 -2293760
-196608 -2818048
6029312 5832704
-2818048 -851968
-6553600 -4849664
2424832 -1769472
-65536 3014656
2162688 -1966080
2031616 -2031616
917504 2752512
1638400 2621440
-2555904 2818048
-3342336 131072
2752512 -3080192
-327680 -2949120
-2162688 -1048576
-458752 -655360
2031616 65536
1835008 1638400
-1310720 1900544
1048576 -393216
1769472 -2490368
-1376256 327680
-2686976 -393216
196608 -65536
524288 -327680
-2490368 655360
655360 -262144
-262144 -917504
-655360 -524288
1966080 1048576
1507328 -196608
-917504 -262144
-1048576 131072
-1245184 1179648
-65536 1966080
131072 -131072
1048576 -1966080
1572864 -1310720
-393216 -1048576
-1310720 -65536
-393216 524288
1310720 1245184
655360 -327680
-1179648 -589824
-458752 -786432
327680 -327680
-327680 131072
-1048576 131072
196608 -262144
655360 -458752
-786432 -196608
-393216 524288
655360 131072
196608 -196608
131072 196608
0 -589824
-524288 -983040
-196608 0
-131072 655360
-196608 -131072
-262144 -262144
327680 524288
458752 0
-458752 -589824
458752 -262144
786432 -589824
-458752 -458752
-655360 -393216
-786432 -131072
-458752 196608
-131072 851968
65536 458752
786432 0
983040 -131072
524288 -458752
-655360 -720896
-720896 -196608
0 -458752
-131072 -458752
-131072 -65536
0 -131072
-65536 -327680
-131072 196608
-131072 262144
-65536 196608
-393216 -196608
-458752 0
131072 393216
327680 -196608
0 -524288
-131072 0
524288 -131072
131072 -262144
-458752 -262144
65536 -131072
65536 -196608
-131072 0
-196608 0
-327680 -131072
-196608 0
-196608 -65536
-131072 -327680
-65536 -131072
0 -65536
327680 65536
131072 65536
0 0
0 0
-196608 -262144
-393216 65536
131072 0
393216 -458752
-131072 -655360
0 0
262144 -131072
-327680 -327680
-196608 -196608
-65536 0
-393216 -65536
-196608 196608
65536 -65536
0 -196608
-196608 65536
-131072 458752
-196608 -65536
196608 0
458752 -196608
65536 -655360
0 -786432
-131072 -65536
-327680 -196608
-327680 0
-327680 196608
196608 917504
131072 0
-131072 -65536
262144 -65536
131072 -524288
-393216 -524288
131072 -65536
0 0
-262144 65536
-327680 -655360
458752 65536
65536 0
-262144 -327680
-65536 196608
131072 655360
-720896 -65536
-131072 -524288
393216 -1245184
196608 -524288
-1114112 -393216
-851968 -65536
720896 0
0 589824
-393216 1507328
327680 524288
0 -720896
327680 -458752
-393216 720896
-393216 -655360
524288 -1769472
1114112 131072
327680 720896
-589824 -917504
131072 -196608
1114112 786432
-1114112 262144
-720896 -131072
196608 -2228224
-720896 -720896
589824 786432
65536 -1703936
-1835008 -131072
-1310720 1376256
2162688 1179648
-327680 786432
-720896 1048576
4259840 -1048576
0 -2162688
-3997696 -1114112
-524288 131072
0 -1638400
-524288 393216
1376256 2621440
1376256 1835008
0 -1048576
-262144 -327680
1114112 3211264
-1048576 -2621440
-3604480 -4915200
3080192 -1376256
1966080 917504
-3473408 2686976
1703936 -1507328
6094848 5111808
-2949120 4849664
-3997696 -6160384
1572864 -6422528
524288 1572864
-917504 -1114112
-3407872 -6291456
1966080 3211264
1900544 8454144
-5898240 -3276800
-1179648 2228224
9895936 3342336
-3997696 -6881280
-3538944 -917504
8650752 -2097152
-2818048 -589824
-9830400 6488064
4063232 5111808
8454144 -1441792
-3014656 2621440
4980736 -13762560
-1900544 -6946816
-11010048 16646144
0 -12386304
458752 18874368
2621440 -2031616
-524288 -13762560
6094848 10682368
-3276800 -19202048
12255232 3604480
-18284544 -10878976
16908288 -34930688
-11993088 19595264
-13238272 6422528
10223616 1376256
-15466496 -65536
14352384 -4784128
-4128768 -7208960
3473408 1245184
11141120 -655360
-12386304 11796480
6094848 -3997696
-2490368 4128768
-6029312 -196608
0 -12386304
327680 983040
1245184 3538944
6619136 -196608
4128768 -3211264
1572864 10289152
-5963776 -2162688
-4456448 -8454144
983040 6422528
-1900544 327680
-2162688 -6881280
4259840 2818048
3080192 4259840
-4390912 -4784128
917504 -5373952
3342336 2293760
-3211264 2359296
-4456448 -1048576
3604480 2162688
65536 3276800
-4784128 1441792
3014656 -5701632
393216 -1376256
1114112 131072
-589824 -2490368
-2752512 589824
3473408 3670016
3670016 3276800
-3473408 -1114112
-720896 -1048576
1703936 -917504
-917504 -1703936
-2424832 0
1572864 196608
2228224 -2359296
-2555904 1245184
-131072 2555904
1638400 -1966080
196608 -917504
-1048576 786432
0 -131072
-589824 -1966080
-3211264 327680
1441792 983040
327680 65536
-1638400 393216
1179648 -1114112
327680 -1310720
-655360 1441792
917504 917504
393216 -983040
851968 1245184
458752 458752
-1441792 -1900544
-917504 -786432
786432 1048576
851968 -196608
-851968 -983040
196608 393216
983040 -1114112
-1048576 -327680
-983040 983040
524288 -458752
786432 -917504
-786432 131072
-655360 131072
0 -589824
-262144 327680
-131072 1376256
327680 -131072
0 -1376256
65536 -262144
-65536 196608
-524288 -589824
65536 -327680
393216 327680
0 65536
-262144 -262144
0 262144
393216 327680
-65536 -327680
-131072 -720896
196608 -655360
-196608 -589824
-589824 -65536
-655360 327680
-393216 196608
0 524288
458752 720896
458752 0
65536 -327680
262144 -458752
-65536 -393216
-393216 -327680
131072 -393216
65536 -720896
-458752 -524288
-393216 196608
65536 327680
65536 0
-327680 0
-65536 458752
-131072 65536
-458752 -458752
65536 0
589824 -131072
65536 -393216
-196608 65536
393216 0
262144 -65536
-589824 0
-196608 -131072
0 -458752
-196608 -393216
-65536 -196608
-65536 -196608
-131072 196608
131072 458752
0 -65536
-196608 0
-65536 65536
131072 -131072
0 -393216
-262144 -393216
-262144 0
65536 0
0 0
196608 -131072
589824 -262144
131072 -196608
-196608 -196608
65536 -327680
-393216 -196608
-786432 -65536
-655360 0
-131072 -65536
0 0
65536 -196608
0 -65536
0 262144
327680 458752
393216 196608
393216 0
65536 -458752
-393216 -524288
-655360 -655360
-720896 -196608
-393216 0
65536 262144
65536 0
589824 262144
851968 -196608
0 -589824
-131072 -131072
-262144 65536
-786432 0
-589824 -131072
-65536 -196608
196608 0
131072 -655360
458752 -524288
262144 327680
0 196608
-65536 -393216
262144 0
196608 -393216
-524288 -262144
-1441792 -131072
-589824 131072
327680 -327680
-655360 327680
0 524288
917504 -983040
458752 -327680
65536 983040
-720896 0
65536 -1048576
0 851968
-720896 1572864
0 -983040
589824 -851968
1048576 524288
1114112 -786432
-786432 -1376256
-655360 -262144
-983040 -1900544
-327680 458752
983040 655360
-524288 -1310720
-327680 655360
393216 2359296
-524288 1376256
-2031616 -393216
1703936 -196608
3473408 -1507328
-3014656 -3735552
-1703936 -917504
1572864 1900544
-524288 458752
-458752 2621440
1376256 3080192
-589824 -1966080
-786432 -4194304
327680 851968
65536 1966080
-2097152 -5505024
917504 0
3997696 3932160
-3932160 -327680
-3145728 -851968
6225920 655360
2293760 5767168
-5111808 -1769472
2097152 -7340032
1966080 -720896
-4456448 2293760
-524288 -1966080
786432 -2162688
3276800 4587520
131072 1245184
-5701632 -3735552
2359296 5701632
6094848 917504
-7798784 -6946816
-2883584 -983040
4980736 -3997696
-4718592 2293760
-1507328 8126464
8192000 2424832
5439488 -1572864
-9699328 6815744
3407872 -10944512
-4259840 -14680064
-10616832 12386304
8585216 -7733248
4587520 15925248
7798784 6160384
4718592 -16842752
-5701632 13565952
-11075584 -17367040
3407872 4915200
-2162688 -2097152
15204352 16515072
7667712 -52101120
4390912 30212096
-3276800 10092544
3342336 8585216
7864320 3080192
-8454144 -4784128
8912896 -11730944
-14745600 2293760
6750208 2031616
8192000 -2949120
-6291456 14942208
14221312 -6619136
-1703936 -786432
-10354688 5242880
393216 -7929856
-2752512 -4390912
-1900544 5701632
6619136 720896
2359296 -9109504
720896 8192000
-1310720 4063232
-2686976 -10158080
-786432 2490368
-2555904 5308416
-3276800 -6094848
-327680 -1703936
7340032 6946816
1114112 -1376256
-3604480 -6684672
917504 458752
1769472 3080192
-6356992 -262144
983040 -327680
6356992 786432
-2555904 3670016
-2818048 -2228224
-1769472 -1638400
1245184 851968
1507328 -458752
-524288 -917504
2424832 -2031616
3276800 1966080
-2949120 1835008
-3014656 720896
524288 0
1966080 -1441792
-1048576 -2359296
-2883584 -65536
1376256 -786432
655360 -196608
-524288 2883584
589824 1310720
1441792 -2818048
-1245184 -2490368
-917504 851968
1245184 -196608
-2752512 -327680
-196608 1507328
2031616 655360
-851968 0
-917504 -327680
917504 -786432
393216 -196608
786432 1310720
-458752 -589824
-1245184 -1114112
131072 524288
0 1507328
-458752 -196608
393216 -458752
1638400 -262144
-196608 -1245184
-1441792 0
65536 0
262144 -1048576
-655360 65536
-786432 393216
589824 -524288
65536 -393216
-917504 1245184
65536 720896
524288 -983040
0 -393216
196608 393216
-196608 -1048576
-589824 -589824
196608 458752
-131072 131072
-196608 -262144
131072 65536
327680 131072
65536 -196608
-393216 65536
0 0
196608 -851968
-393216 -393216
-393216 -196608
-393216 -524288
-131072 0
-131072 720896
-393216 524288
0 589824
851968 262144
655360 -786432
-196608 -1048576
0 -327680
262144 -65536
-196608 -131072
-65536 -262144
0 -196608
-655360 -65536
-458752 -131072
65536 -65536
0 0
-524288 -393216
-196608 0
327680 720896
65536 0
-65536 -327680
131072 65536
458752 -65536
-196608 -393216
-131072 -131072
327680 -196608
-524288 -131072
-393216 -65536
262144 -131072
-131072 -262144
-131072 0
131072 131072
0 0
0 -131072
0 -196608
-262144 -262144
-393216 -327680
0 0
0 0
-196608 0
65536 327680
524288 327680
393216 -131072
-196608 -655360
-65536 -720896
0 -458752
-458752 -262144
-327680 -131072
-131072 0
0 262144
0 262144
65536 0
-65536 -262144
-458752 -262144
-589824 -65536
-131072 262144
65536 131072
655360 -65536
393216 -262144
131072 -262144
-65536 -327680
-131072 -589824
-327680 -262144
-393216 65536
-327680 327680
65536 -65536
-196608 -262144
262144 65536
0 -524288
0 -393216
393216 65536
196608 0
-65536 -131072
0 0
0 524288
-196608 262144
-983040 -196608
-393216 0
851968 -458752
458752 -1179648
-458752 -524288
-65536 -983040
196608 -327680
65536 1048576
-851968 786432
131072 -393216
-131072 0
-655360 786432
-655360 -524288
-327680 -1245184
524288 -786432
-196608 262144
-196608 393216
983040 0
720896 524288
589824 786432
720896 0
-655360 -1310720
-458752 -1572864
-524288 -1179648
-851968 524288
-458752 -720896
327680 0
917504 2097152
-196608 -262144
-262144 -786432
-65536 851968
1769472 262144
720896 -1966080
-2818048 -1179648
-1179648 327680
-983040 -196608
-655360 327680
589824 2883584
2097152 -327680
1900544 -3801088
-327680 -327680
-2555904 2490368
-393216 -1310720
-196608 -3538944
196608 3866624
1376256 851968
-2097152 -1638400
917504 2031616
3932160 2490368
-2162688 2031616
-4128768 -5505024
3080192 -5701632
2097152 1376256
-1835008 983040
196608 -524288
2818048 1572864
3211264 6356992
-5767168 0
-6291456 -6422528
5111808 393216
1638400 -851968
-7077888 -6946816
5308416 -917504
4718592 655360
-11927552 7340032
-2424832 4390912
7733248 1048576
2293760 -1769472
-5439488 -655360
5898240 -13500416
-2752512 -720896
-8585216 18677760
7798784 -8323072
2686976 9109504
786432 4194304
1835008 -21757952
-3342336 10616832
-3866624 -7405568
-524288 4521984
12058624 14024704
5767168 -6881280
-6160384 8847360
49676288 23789568
-4653056 -3997696
4587520 -3932160
-12713984 4587520
19005440 5242880
-2359296 -3473408
-10485760 7208960
9895936 -4325376
-11534336 2293760
6684672 -2883584
7143424 -5701632
-7798784 11272192
7405568 -5242880
0 2424832
-4587520 6488064
262144 -7536640
-2293760 -6094848
-2490368 -720896
2228224 2097152
2359296 -6619136
5373952 6094848
851968 8323072
-4784128 -5636096
-1900544 -2752512
-917504 4653056
-3276800 -2162688
-1900544 -3342336
7208960 1441792
1703936 2949120
-4653056 -1376256
-851968 -4325376
4849664 65536
-2162688 3342336
-3735552 -786432
1507328 -3080192
-196608 7143424
131072 2031616
-1900544 -3866624
1769472 -131072
5242880 -1769472
-2686976 -3473408
-4718592 -1114112
2883584 2949120
1703936 2031616
-1703936 1835008
0 1376256
1507328 -3276800
-655360 -3801088
-2621440 1376256
1310720 524288
65536 -2490368
-131072 786432
0 1769472
524288 262144
0 -1572864
-262144 393216
1441792 -131072
-1769472 -393216
-1703936 -131072
851968 -786432
-458752 0
-131072 851968
-196608 -393216
-1114112 -327680
2097152 917504
2031616 65536
-1900544 -262144
-393216 -327680
1048576 -131072
-655360 196608
-1703936 -327680
1179648 -327680
1310720 -720896
-196608 393216
0 -65536
-196608 -1179648
-458752 -65536
-851968 524288
-524288 262144
0 -327680
0 -262144
262144 393216
393216 0
0 -720896
0 196608
65536 65536
-655360 -589824
-589824 -458752
-65536 327680
0 65536
-262144 -393216
-131072 -131072
786432 -262144
393216 -131072
-65536 262144
-65536 -393216
-262144 -262144
-589824 262144
-720896 -65536
-589824 -327680
0 524288
196608 458752
524288 -65536
786432 -196608
589824 -458752
-393216 -524288
-327680 131072
262144 262144
-131072 -262144
-589824 -720896
-131072 -524288
-262144 -196608
-393216 -327680
-65536 -589824
196608 393216
65536 720896
0 65536
196608 393216
0 0
-458752 -458752
-655360 -131072
0 -262144
131072 -327680
65536 -196608
458752 -262144
327680 -131072
65536 -65536
0 65536
-720896 0
-589824 0
-65536 0
-327680 -131072
-196608 -262144
458752 -393216
131072 0
0 -131072
65536 -393216
-131072 327680
-327680 458752
65536 0
0 131072
262144 0
65536 -655360
-327680 -655360
0 -393216
0 -655360
-262144 -393216
-262144 196608
-65536 262144
131072 131072
0 0
-524288 -131072
-720896 65536
-262144 262144
327680 131072
262144 -196608
327680 -393216
524288 -589824
65536 -458752
-196608 65536
-458752 -65536
-458752 -196608
-65536 65536
-131072 196608
65536 65536
0 -262144
0 131072
196608 0
0 -720896
0 -655360
-65536 0
-196608 458752
-196608 262144
-196608 -196608
458752 0
589824 -262144
-720896 -524288
-327680 -196608
458752 -524288
-131072 65536
-589824 0
0 -524288
786432 -786432
-1048576 0
-917504 786432
65536 -65536
196608 -196608
524288 131072
-524288 327680
-1310720 -524288
0 -65536
720896 1703936
851968 589824
458752 -1769472
589824 -1376256
-65536 -786432
-1441792 -327680
327680 327680
786432 -917504
-917504 1376256
327680 1310720
-851968 -1376256
-1441792 262144
196608 -262144
2490368 -2097152
-1310720 -1638400
-1638400 -262144
2490368 -327680
-917504 1376256
-2228224 3866624
2228224 1638400
1572864 -2621440
-1179648 -2555904
-1179648 -1507328
-655360 -1507328
-851968 -655360
131072 1310720
2359296 4259840
-393216 -1245184
-4259840 -1310720
2818048 1507328
2424832 2818048
-2883584 458752
1638400 -8323072
4915200 -1310720
-4718592 5111808
-5373952 -1638400
2621440 -983040
3342336 6422528
458752 2097152
-3276800 -8388608
2162688 -2162688
4980736 4718592
-4980736 -5111808
-4390912 -3932160
7864320 1900544
-3735552 -1376256
-10551296 3801088
5308416 6356992
5308416 1507328
-2621440 -3342336
-2883584 -655360
6225920 -10354688
-4718592 -3473408
-4521984 13631488
10223616 -4456448
-2162688 12124160
3145728 7471104
1835008 -18153472
-13828096 7536640
-2162688 -5373952
5439488 -9699328
13893632 21495808
8847360 -17694720
7405568 -65536
-34209792 -327680
58720256 64487424
6225920 -24051712
-19333120 1966080
0 4849664
-9633792 3932160
9699328 4390912
-7602176 6291456
3997696 1703936
9306112 -12779520
-10027008 4128768
2162688 -3866624
2490368 -7143424
-6815744 15794176
12648448 -196608
7077888 -2031616
-3604480 5111808
-2621440 -3080192
-3014656 -7208960
-7471104 -2621440
2293760 5898240
1638400 -8060928
2359296 -196608
4718592 9961472
-196608 -2162688
-4653056 -5701632
196608 4390912
1310720 851968
-8716288 -3735552
-1572864 -983040
8060928 3080192
393216 720896
-5242880 -3211264
4980736 -3604480
2359296 786432
-6356992 4784128
655360 -2883584
3014656 1245184
1507328 4325376
-2949120 -983040
-3604480 -2097152
1507328 -589824
2555904 -458752
-1572864 -2883584
1048576 589824
2752512 1638400
917504 -851968
-2490368 786432
-1572864 2883584
1310720 -2293760
-1900544 -2818048
-786432 1769472
524288 -786432
-393216 -2359296
-917504 1703936
1835008 2424832
1572864 -2359296
-2490368 -1310720
458752 131072
917504 -196608
-1179648 1048576
0 917504
-720896 -1245184
-1310720 -327680
851968 1572864
65536 -589824
393216 -1048576
2818048 0
65536 -196608
-2949120 -458752
-917504 655360
1638400 1376256
-458752 -65536
-524288 -131072
1507328 -1376256
131072 -1507328
-1179648 65536
-524288 196608
327680 -393216
-458752 0
-131072 917504
655360 65536
-458752 -917504
-589824 458752
589824 720896
0 -851968
-393216 -524288
786432 -65536
0 -327680
-655360 -65536
0 0
458752 196608
-196608 -262144
-196608 0
589824 -196608
65536 -458752
-393216 131072
-131072 -131072
-327680 -524288
-196608 0
-655360 -65536
-524288 0
327680 655360
655360 458752
458752 -131072
0 -393216
-196608 -262144
-65536 -327680
65536 -393216
524288 -196608
196608 -393216
-65536 -524288
-393216 -393216
-786432 0
-393216 262144
-589824 -131072
-458752 393216
589824 589824
458752 -262144
65536 -327680
131072 -327680
327680 -655360
-196608 131072
-524288 65536
0 -393216
-131072 262144
-196608 458752
0 -393216
65536 -589824
196608 -131072
-65536 -524288
-327680 -720896
65536 0
-196608 327680
-458752 524288
65536 327680
327680 131072
-131072 -131072
-65536 -720896
-262144 -393216
-196608 -262144
327680 -393216
131072 -196608
65536 131072
524288 131072
131072 65536
65536 -196608
-393216 -458752
-786432 -524288
-589824 -327680
-458752 -327680
-65536 -458752
-65536 -327680
-65536 65536
0 720896
393216 983040
720896 327680
327680 -327680
-65536 -458752
-393216 -720896
-851968 -720896
-327680 -65536
-327680 131072
0 262144
851968 -196608
196608 -327680
65536 65536
65536 -65536
-131072 -131072
0 -196608
-589824 -65536
-851968 0
-786432 -458752
131072 0
1114112 262144
458752 -589824
0 -393216
262144 65536
-262144 0
-524288 917504
0 393216
458752 -917504
65536 -1441792
-1572864 -458752
-720896 -327680
-131072 -589824
393216 1179648
851968 1638400
0 -393216
0 -1179648
-655360 1114112
-1310720 1114112
0 -1048576
1310720 -458752
1048576 -327680
0 -2031616
-589824 -458752
65536 1572864
-65536 65536
0 1048576
0 -720896
-1638400 -2818048
-65536 262144
1441792 917504
196608 -720896
-1900544 -524288
1245184 1245184
393216 786432
-3932160 524288
1638400 1310720
3801088 -327680
-786432 -3080192
-655360 -1114112
393216 131072
-2949120 -2097152
-1966080 -589824
1769472 4194304
589824 2097152
-983040 -4259840
1769472 1441792
2752512 3211264
-5242880 -1114112
-1572864 -2424832
5898240 -4521984
0 1966080
-4980736 -65536
1507328 -2359296
1441792 6094848
-589824 7733248
1048576 -2883584
-1114112 -5832704
2293760 -983040
3211264 -1769472
-5111808 -6160384
-1769472 2031616
8454144 3670016
-4784128 1376256
-9764864 4653056
6750208 -458752
3932160 -3801088
-2621440 -1507328
-458752 -4325376
5308416 -8978432
-9240576 5636096
-10420224 14745600
8781824 -8323072
0 6356992
262144 2031616
4456448 -14614528
-2162688 7471104
4980736 983040
-1769472 -8716288
3670016 21168128
3276800 -6488064
-1703936 327680
-12910592 -1114112
9437184 -24051712
19333120 91881472
12320768 -25296896
-4915200 -5373952
1245184 7208960
-1441792 917504
-4980736 7798784
13893632 4521984
-5767168 4194304
-1835008 786432
5177344 -6684672
-11141120 4915200
655360 -589824
7864320 -9043968
1966080 11141120
6160384 -5373952
2359296 -2752512
-1572864 10747904
-2228224 983040
-4456448 -6881280
-4653056 -6553600
720896 3145728
-2621440 -4456448
1179648 -4915200
7471104 6225920
3276800 4718592
-4259840 -3342336
-2949120 -1900544
3670016 1114112
-4915200 3014656
-5636096 -1638400
5111808 -851968
6684672 3932160
-6029312 -655360
-3342336 -6750208
5570560 -2359296
1310720 6291456
-655360 -1835008
-1966080 -1310720
1114112 5046272
-393216 1703936
-3735552 655360
655360 -851968
5046272 -3276800
-851968 -4980736
-1179648 -589824
-589824 2031616
983040 327680
65536 196608
-851968 4259840
524288 -262144
-524288 -4063232
-786432 -327680
-786432 524288
-131072 -851968
1179648 -589824
-655360 917504
1572864 -851968
-393216 -458752
-720896 1310720
65536 -65536
458752 -458752
327680 393216
-1310720 -196608
-2097152 -327680
1966080 851968
589824 0
-851968 -786432
655360 -1114112
589824 -262144
-1179648 917504
-1376256 655360
983040 720896
1376256 -720896
-393216 -720896
-65536 -589824
65536 -983040
65536 -393216
-917504 327680
-393216 131072
-65536 -327680
-786432 393216
0 1179648
262144 -131072
0 -524288
983040 0
1048576 -983040
-589824 -983040
-524288 -131072
65536 327680
-196608 393216
-983040 262144
131072 327680
196608 -131072
-131072 -458752
262144 -851968
393216 -1048576
0 -131072
-196608 -65536
-851968 -196608
-589824 327680
-720896 1048576
-262144 983040
327680 524288
786432 -131072
524288 -983040
65536 -1179648
-196608 -524288
327680 -458752
196608 -262144
-65536 0
-393216 196608
0 196608
-65536 262144
-655360 -262144
-393216 -262144
-65536 -458752
-524288 -589824
0 -262144
655360 0
262144 327680
-196608 589824
393216 131072
458752 131072
-589824 0
-589824 -851968
-131072 -589824
-196608 -196608
-262144 -393216
65536 -327680
196608 131072
262144 458752
131072 65536
0 0
-327680 -131072
-131072 -65536
-196608 -196608
-589824 -589824
-393216 -262144
196608 65536
65536 458752
196608 131072
1048576 -65536
327680 -131072
-589824 -327680
65536 -458752
-196608 -393216
-786432 -589824
-524288 -65536
0 131072
0 65536
327680 -262144
0 -327680
-524288 131072
-655360 327680
65536 458752
458752 524288
262144 0
-196608 -196608
196608 -917504
0 -655360
-262144 -196608
131072 -131072
393216 -131072
-131072 327680
-65536 262144
-393216 -393216
-65536 -393216
0 393216
0 -131072
-524288 -917504
-196608 -262144
393216 327680
196608 -65536
0 131072
393216 393216
-327680 -65536
-1114112 -65536
-393216 851968
458752 -983040
851968 -1179648
524288 -65536
-655360 -983040
-393216 -1179648
-393216 1048576
-393216 1441792
-458752 0
-131072 -131072
524288 -393216
-983040 -196608
0 -262144
720896 -393216
-196608 655360
393216 196608
786432 -1441792
-851968 -262144
0 655360
262144 589824
196608 786432
-327680 -2031616
0 -1114112
327680 720896
-1114112 -1638400
-327680 262144
196608 1245184
0 458752
-983040 -327680
-1507328 1835008
2621440 1310720
1048576 -2424832
-589824 -3211264
0 -1114112
-589824 -2555904
-851968 -131072
131072 4456448
-983040 4521984
65536 -1769472
0 -2752512
-524288 2621440
524288 -2818048
-1114112 -4194304
1769472 655360
3473408 -196608
-2031616 3735552
-4653056 0
458752 1048576
1507328 5505024
-983040 1245184
655360 -6881280
2883584 -4784128
5046272 2883584
-3735552 -131072
-6750208 -4259840
4718592 3407872
4390912 4980736
-9568256 0
2228224 -327680
11599872 -655360
-6029312 -1376256
-8912896 -8978432
3080192 -5308416
3407872 -2293760
-12976128 5767168
1114112 8454144
14286848 -2162688
-7536640 13762560
3407872 1507328
5505024 -17760256
-12255232 4456448
-3276800 196608
8585216 -5177344
8060928 17694720
-458752 -655360
3342336 -2228224
3866624 15400960
-6029312 -14286848
17694720 -27394048
47906816 100663296
-20840448 -9109504
2097152 -6356992
-3735552 393216
11272192 -1703936
-6029312 -2424832
-1966080 7143424
8847360 -2818048
-8978432 9437184
2097152 10092544
7995392 -9437184
-8126464 3538944
1376256 -1245184
851968 -20512768
-8257536 7536640
2424832 4718592
7929856 -3080192
4521984 6750208
2621440 5636096
-589824 -4390912
-10878976 -11141120
-1703936 5505024
1310720 1900544
-3801088 -8060928
1245184 1441792
9175040 5963776
131072 -1310720
-6029312 -851968
6160384 -1441792
2162688 2555904
-9764864 1114112
-3866624 -3211264
7340032 -1703936
-1441792 4456448
-4915200 720896
2949120 -7602176
1048576 2097152
1441792 1572864
-655360 -2883584
-458752 3014656
3997696 3473408
1441792 262144
-6094848 -1703936
-2228224 0
851968 -2686976
-327680 -3211264
-655360 2228224
3473408 917504
2359296 -3735552
-1572864 2424832
786432 4063232
196608 -1835008
-2097152 -1310720
-1245184 720896
458752 -1507328
65536 -2031616
-2228224 2031616
1310720 -196608
589824 -917504
131072 1376256
786432 -1835008
-786432 -2293760
0 1572864
-65536 1900544
-3145728 65536
-327680 851968
1900544 -196608
-196608 -1572864
-262144 -458752
1507328 -196608
1310720 -589824
-983040 65536
-327680 1441792
196608 -589824
-655360 -589824
-65536 851968
-65536 -655360
393216 -1638400
65536 -131072
-458752 327680
-589824 -458752
-589824 65536
196608 1179648
720896 458752
131072 -524288
131072 -262144
-65536 -655360
-917504 -458752
-327680 -262144
131072 -458752
196608 262144
0 262144
-131072 0
65536 262144
196608 65536
131072 -262144
-65536 -655360
-262144 -655360
-524288 -655360
-917504 -327680
-786432 327680
0 851968
786432 655360
917504 196608
393216 -262144
131072 -524288
0 0
-589824 65536
-262144 -458752
0 -983040
-458752 -786432
-589824 -393216
262144 -196608
655360 196608
-65536 0
-327680 65536
131072 655360
-393216 327680
-720896 -131072
-262144 -196608
0 -196608
-262144 -196608
65536 -655360
655360 -393216
327680 0
393216 0
393216 0
0 65536
-262144 0
-786432 131072
-1114112 131072
-327680 -393216
65536 -786432
0 -65536
196608 -524288
524288 -393216
524288 458752
-65536 262144
-589824 0
-131072 655360
131072 720896
-524288 -327680
-196608 -655360
393216 -327680
-327680 -917504
65536 -917504
458752 -327680
0 -196608
0 262144
458752 524288
-196608 65536
-1048576 -196608
-1179648 0
-720896 262144
-327680 65536
655360 -131072
1048576 -589824
786432 -851968
327680 -65536
131072 -262144
0 -196608
-262144 65536
-983040 655360
-589824 131072
-589824 -131072
131072 131072
262144 -65536
131072 -1114112
327680 -786432
393216 -327680
65536 131072
-327680 262144
-327680 655360
0 524288
-786432 0
-1048576 -131072
327680 -65536
1048576 -1114112
917504 -327680
524288 -1048576
-262144 -1572864
-458752 0
-983040 1507328
0 1048576
-196608 327680
-524288 -131072
0 -589824
-786432 -458752
-262144 -1572864
393216 -1114112
655360 1048576
0 524288
-131072 65536
655360 2162688
131072 2293760
-917504 -65536
589824 -1900544
131072 -3080192
-851968 -1114112
262144 -1507328
-131072 -655360
-65536 3670016
655360 1179648
131072 -1114112
-2883584 655360
0 655360
3670016 -2555904
-1441792 -1179648
-786432 0
786432 -2031616
-2293760 -589824
-2686976 2883584
1441792 1638400
2555904 -131072
1769472 -1638400
786432 -1245184
-131072 1703936
-2949120 -1376256
-4325376 -851968
1507328 524288
1507328 720896
-2621440 1114112
1703936 -4194304
4915200 4128768
-1441792 5963776
-3670016 -4915200
2883584 -5636096
2359296 1441792
-1572864 262144
-4915200 -3407872
1900544 2883584
5046272 6881280
-3145728 -1507328
-7208960 -3604480
7733248 -1376256
4653056 -6356992
-6750208 -2686976
2031616 -2949120
2752512 131072
-3866624 7208960
-7929856 11730944
3014656 1703936
4325376 -9895936
-8060928 6356992
5046272 -8454144
2883584 -16908288
-4587520 9240576
6684672 6160384
-3014656 -2228224
-3276800 19660800
3538944 1638400
-3080192 -12517376
917504 2686976
-2949120 -23068672
17694720 -2621440
3145728 13893632
42729472 57671680
-35848192 12320768
-5701632 22020096
16646144 -524288
-2949120 -4653056
7798784 -6225920
-6750208 -5701632
-8454144 4194304
8257536 -262144
1703936 5046272
1835008 4915200
5767168 -7471104
-6881280 5046272
-8912896 5963776
-983040 -13828096
-1310720 3604480
4128768 2424832
7471104 -6488064
5242880 -1703936
-131072 5242880
589824 8126464
-8519680 -4390912
-2031616 -1310720
983040 5046272
-3538944 -5046272
-3473408 -7929856
7208960 1835008
7929856 3342336
-5505024 -1245184
-2752512 -5505024
4325376 655360
-1441792 4325376
-7012352 983040
2162688 -1048576
3997696 2818048
-3014656 3538944
-2949120 -6488064
-1114112 -2621440
3342336 -524288
2424832 -2359296
-1638400 2359296
655360 1572864
3014656 2359296
-2490368 2949120
-2883584 1966080
983040 -1245184
1703936 -4587520
-1769472 -3801088
-1966080 524288
2228224 -262144
-65536 589824
-327680 2949120
2031616 1769472
2424832 -1769472
-1507328 -2752512
-1376256 -1048576
851968 -917504
-3866624 655360
-2359296 1048576
1966080 -589824
851968 262144
393216 -720896
0 -983040
458752 131072
1376256 1310720
-458752 589824
-1703936 589824
-720896 -262144
-524288 65536
-131072 327680
0 -262144
2424832 -983040
1966080 -1572864
-393216 0
-851968 196608
-393216 -917504
-262144 65536
-1507328 1179648
-196608 65536
655360 -1114112
-327680 -65536
131072 131072
524288 -917504
0 -458752
262144 262144
-458752 -327680
-1179648 0
-262144 393216
131072 327680
196608 65536
262144 -720896
458752 -327680
262144 -262144
-196608 0
0 196608
0 -196608
-65536 -393216
-262144 -131072
-851968 -327680
-458752 -131072
0 131072
-65536 327680
65536 65536
655360 -458752
393216 -524288
-458752 -65536
-524288 65536
196608 524288
393216 327680
131072 -524288
393216 -786432
0 -262144
-458752 -720896
-327680 -1048576
-65536 131072
-720896 196608
-851968 0
65536 1048576
589824 393216
65536 -589824
196608 -65536
655360 -131072
196608 -458752
-327680 -65536
-393216 0
-589824 -131072
-65536 -262144
65536 0
-196608 -65536
0 -524288
720896 -131072
131072 65536
-262144 -262144
0 -458752
-196608 524288
-655360 262144
-327680 -327680
-327680 65536
-327680 65536
65536 -458752
524288 -131072
1048576 -262144
655360 -458752
0 -131072
262144 327680
-458752 131072
-851968 0
-524288 -65536
-589824 -393216
-196608 -655360
196608 -655360
0 -1048576
-131072 -196608
65536 393216
262144 786432
262144 786432
262144 589824
-65536 196608
-262144 -262144
-196608 -655360
-524288 -720896
-786432 -1048576
-393216 -786432
0 0
851968 655360
720896 65536
589824 65536
524288 196608
-262144 131072
-1048576 0
-851968 -131072
-393216 -393216
-458752 -327680
-458752 -589824
524288 -524288
1114112 -196608
851968 0
1179648 458752
524288 131072
-655360 -196608
-1048576 65536
-1703936 655360
-589824 0
-524288 -1703936
196608 -983040
458752 -327680
0 -851968
1507328 -131072
655360 1966080
-1245184 1048576
-1048576 -1245184
-589824 1376256
-720896 1835008
-720896 -1114112
1179648 -720896
2490368 0
262144 -2424832
589824 -720896
524288 -1310720
-1966080 65536
131072 2555904
524288 655360
-1572864 -393216
-1310720 -131072
2031616 -327680
-327680 -1507328
-3276800 -1572864
3866624 -589824
1966080 -983040
-3866624 1114112
-262144 3604480
2031616 2883584
-2162688 -786432
-655360 -2883584
1835008 -1245184
-1245184 -1966080
-1572864 -5767168
3342336 2490368
3080192 4390912
-4128768 1048576
-1310720 1245184
2555904 655360
-2686976 3735552
-3145728 -3932160
3735552 -7471104
3407872 393216
327680 2752512
-196608 -1376256
-4390912 -393216
1507328 5373952
3604480 1835008
-4980736 -3211264
-131072 -983040
10616832 -1900544
-2883584 -1638400
-10485760 1507328
5505024 -5505024
1114112 -1179648
-7798784 7471104
-4390912 3866624
13959168 -5505024
4521984 -65536
-9764864 8912896
3276800 -12910592
-1310720 -4915200
-10027008 11403264
4980736 -6750208
1900544 -4456448
3866624 18546688
2490368 -5046272
-2686976 -10354688
458752 13238272
-8192000 -10092544
5111808 -2359296
6553600 20119552
14745600 13369344
14155776 84672512
-15597568 23789568
7536640 10747904
5898240 1245184
3670016 -2424832
-6225920 2621440
2883584 -9633792
-8781824 2293760
-2097152 8192000
9043968 -11337728
-1048576 2228224
-3145728 14614528
6422528 -7208960
-720896 1703936
-1441792 16056320
65536 -16384000
-5046272 -8912896
-4587520 5439488
2162688 -393216
2097152 -4980736
2490368 3080192
11272192 12582912
-2097152 -4128768
-8716288 -11010048
2359296 3014656
327680 1835008
-9306112 -3473408
-393216 524288
10878976 1835008
-655360 2162688
-4325376 -1966080
2818048 -5046272
3014656 -1114112
-3866624 3735552
-2424832 458752
-262144 -1900544
1245184 7208960
2162688 1114112
-5177344 -2424832
-1703936 -1048576
5963776 -4784128
-458752 -2686976
-4587520 327680
4259840 2686976
2686976 3211264
-3276800 3080192
-524288 1638400
1835008 -2555904
-1376256 -4521984
-2424832 -1048576
2031616 -524288
327680 -1310720
-1179648 262144
589824 1835008
1835008 1638400
0 -589824
-1048576 -917504
1900544 -1245184
-589824 131072
-1310720 0
-917504 -1245184
-2883584 655360
-983040 262144
524288 0
-131072 1179648
2949120 196608
3538944 -1376256
-983040 327680
-2686976 65536
-917504 -1048576
196608 524288
-1310720 917504
131072 -458752
1769472 -1441792
720896 131072
327680 458752
65536 -589824
393216 -786432
-655360 -393216
-1114112 196608
-327680 -65536
-851968 -327680
-196608 393216
393216 655360
-131072 -393216
327680 -262144
1179648 -196608
131072 131072
0 -262144
-327680 -524288
-327680 65536
-1048576 -65536
-917504 65536
196608 589824
983040 262144
655360 196608
65536 -720896
131072 -1376256
262144 -786432
-917504 -393216
-1179648 -393216
-524288 327680
-393216 1179648
-65536 1048576
327680 65536
458752 0
458752 -327680
589824 -720896
983040 -655360
262144 -524288
-786432 -720896
-720896 -262144
-655360 393216
-655360 393216
-458752 -458752
0 131072
524288 458752
458752 -524288
262144 -458752
-196608 -393216
-327680 -655360
-458752 262144
-589824 524288
196608 65536
655360 196608
131072 327680
0 -131072
262144 -1048576
0 -851968
-589824 -327680
-524288 -327680
-65536 -131072
-131072 524288
-196608 655360
131072 0
262144 0
327680 -196608
0 -1048576
-589824 -65536
-524288 524288
65536 0
-131072 393216
0 196608
589824 -524288
458752 -327680
393216 -458752
131072 -983040
-393216 -393216
-786432 131072
-655360 65536
-65536 0
0 196608
-262144 -262144
-131072 -131072
0 327680
0 131072
65536 -327680
327680 -262144
131072 -327680
-65536 -327680
0 -458752
-65536 -65536
-65536 524288
327680 131072
-393216 -327680
-196608 -131072
-131072 -720896
-851968 -393216
-262144 0
589824 262144
327680 0
-65536 0
131072 262144
786432 -196608
0 -458752
-262144 393216
-393216 196608
-1310720 -786432
-655360 -262144
65536 458752
65536 -327680
1703936 -917504
1507328 -589824
262144 -786432
-1048576 -1245184
-720896 720896
-655360 1638400
-1638400 1179648
65536 -524288
-262144 -655360
-1966080 458752
-327680 -393216
1703936 -983040
1507328 -65536
1900544 -1114112
1638400 -1179648
-393216 1376256
-1703936 1310720
-851968 3014656
-1376256 2162688
-2621440 -2883584
851968 -2752512
2097152 -1835008
1114112 -2162688
0 -1900544
983040 1638400
1114112 2490368
-3604480 786432
-2490368 1179648
-65536 1572864
-131072 -1572864
589824 -2686976
2490368 -262144
1048576 -1048576
-1310720 -4259840
-1703936 65536
-917504 6291456
851968 -1769472
-720896 -1769472
2228224 3407872
1441792 524288
-3473408 1638400
-1835008 -2097152
3342336 -2818048
851968 -262144
-2097152 -1245184
-1376256 -2555904
1114112 1441792
3670016 7995392
-3276800 1310720
-3604480 -4259840
7143424 -327680
4390912 -2228224
-9306112 -6553600
-131072 -1310720
9699328 851968
-6881280 5373952
-7405568 4259840
1572864 -524288
4784128 -6225920
-5570560 -1376256
-1769472 786432
12451840 -12779520
-3145728 3276800
-2359296 15400960
9175040 -3997696
-10616832 -786432
-7274496 10944512
3080192 -6946816
-3997696 -8716288
5111808 4653056
3342336 -16121856
5701632 8454144
-524288 27131904
8060928 1900544
-8388608 -5177344
36175872 140050432
6815744 7667712
-13172736 -17825792
-23658496 3735552
-7143424 13893632
3866624 1245184
-983040 9568256
11993088 -7798784
1048576 -3211264
-7077888 4521984
-393216 -12386304
-786432 -3866624
-2228224 15990784
8323072 -4390912
6946816 -6750208
-1703936 16908288
-8257536 -2097152
-5636096 -11862016
-2621440 655360
327680 4587520
5242880 -3932160
2097152 -10223616
7536640 9633792
3866624 8912896
-6684672 -6750208
-4980736 -2097152
1966080 4980736
-1179648 -3342336
-7143424 -3145728
2490368 393216
7471104 1835008
131072 1441792
-5111808 65536
1572864 -6422528
2228224 -2818048
-720896 5373952
-1572864 -1769472
-1179648 983040
2949120 5439488
-2490368 2555904
-5832704 -851968
2883584 -3997696
5177344 -2424832
-2686976 -4259840
0 -1507328
3473408 4194304
-393216 1441792
-2949120 983040
65536 4653056
720896 -851968
-2424832 -4587520
1507328 -458752
2621440 -131072
-851968 -1900544
-1441792 -131072
1310720 2621440
1441792 -1114112
-2162688 -851968
458752 131072
262144 -655360
-1310720 131072
458752 589824
-1769472 0
-2293760 -589824
2162688 65536
589824 262144
-1441792 -917504
1572864 -1507328
1441792 589824
-1572864 1835008
-1572864 786432
1769472 327680
131072 -327680
-917504 0
1376256 -1179648
720896 -1769472
-327680 -655360
-393216 65536
-327680 -131072
-1179648 -131072
-458752 983040
917504 917504
-131072 -131072
-65536 -720896
1114112 -327680
0 -393216
-524288 -524288
0 -917504
-720896 65536
-655360 851968
-524288 65536
0 327680
720896 458752
589824 -393216
524288 -917504
458752 -983040
131072 -524288
-786432 0
-1114112 131072
-196608 -131072
-720896 196608
-720896 262144
393216 393216
786432 327680
786432 -458752
327680 -917504
-458752 -131072
-262144 131072
0 0
0 262144
0 196608
65536 -262144
0 -524288
-196608 -851968
-262144 -786432
-458752 -524288
-720896 65536
196608 393216
655360 327680
131072 720896
-655360 524288
0 -458752
65536 -262144
-655360 -262144
-327680 -1179648
524288 -524288
262144 393216
262144 131072
524288 0
196608 131072
-262144 0
-458752 -393216
-655360 -196608
-720896 -393216
-458752 -65536
0 0
196608 -262144
262144 -393216
589824 -131072
327680 262144
-196608 393216
131072 65536
-131072 393216
-1245184 196608
-393216 -524288
458752 -458752
262144 -851968
131072 -1048576
393216 -327680
131072 196608
0 131072
-131072 -196608
-983040 0
-1376256 262144
-917504 393216
0 589824
589824 262144
1048576 -458752
983040 -1245184
262144 -1245184
0 -655360
-65536 0
-655360 327680
-458752 720896
65536 393216
-589824 0
-983040 0
0 -131072
589824 -131072
589824 -524288
262144 -1048576
196608 -655360
0 0
-327680 786432
-524288 851968
-196608 196608
-327680 -196608
-327680 131072
65536 -589824
1114112 -1245184
1310720 -458752
327680 -589824
917504 -1572864
-851968 -393216
-2424832 1638400
-1507328 1048576
-917504 589824
327680 -327680
917504 -1507328
983040 -1769472
196608 -1048576
-65536 589824
786432 2293760
-327680 1638400
-1572864 65536
-786432 -851968
-1114112 0
-851968 1638400
1572864 -2097152
2686976 -1966080
2949120 1507328
0 -2621440
-786432 -1441792
-1966080 1900544
-1048576 655360
-720896 -1179648
-2752512 2031616
393216 1703936
1572864 -2490368
0 -1966080
720896 -720896
2031616 -3080192
1179648 -1507328
0 1441792
-851968 3145728
-1835008 3801088
-3473408 786432
-3735552 2031616
2752512 -1507328
655360 -4653056
-2031616 -3735552
4980736 -6750208
6619136 4259840
-2293760 6553600
-4325376 -851968
-458752 2490368
-3080192 7274496
-4259840 -1048576
-1507328 -7405568
7864320 -786432
8257536 -589824
-2162688 -6750208
-5308416 -2031616
3735552 851968
-1769472 1179648
-8454144 7208960
2686976 3473408
6422528 -4456448
3145728 -2097152
-6881280 3473408
-4587520 -4784128
5242880 -12255232
-8192000 11927552
-1048576 5242880
9306112 -12255232
786432 7077888
-3538944 15794176
-1048576 -8126464
-2949120 -5439488
5111808 9109504
327680 -14942208
6815744 -6881280
-4653056 15532032
-12713984 7405568
-393216 -3604480
-18153472 -1507328
-53608448 181731328
23461888 -27262976
-14024704 2490368
-15794176 2424832
-12451840 19922944
6750208 5308416
6553600 -6094848
-2293760 7012352
7143424 -14745600
-262144 -11730944
-11010048 15335424
524288 -3473408
4128768 -13303808
-3407872 17170432
2162688 6160384
4194304 -16252928
2228224 13959168
589824 11927552
-3407872 -10092544
-3014656 -10420224
-2621440 65536
786432 1966080
-3866624 -7471104
4128768 3145728
9502720 10289152
917504 1507328
-4915200 -3014656
-1966080 -2818048
983040 -5898240
-3145728 0
-5505024 1179648
1245184 -2162688
9043968 1441792
131072 7012352
-5111808 -2752512
65536 -6094848
3080192 5505024
-1769472 -1507328
-5439488 -3604480
3735552 3080192
3670016 1572864
-4587520 2031616
-1835008 0
2949120 -851968
-1703936 -3538944
-196608 -2359296
3080192 2162688
524288 1441792
-786432 -1638400
131072 3801088
-262144 2228224
-2293760 -3538944
65536 -3473408
262144 0
589824 -131072
2097152 -524288
-262144 2162688
196608 0
-655360 -2097152
-1310720 393216
-1376256 -262144
196608 -1376256
2555904 -524288
-589824 2162688
-3670016 720896
327680 -655360
1114112 327680
-458752 655360
458752 -1703936
1114112 -1245184
327680 458752
-1114112 589824
-524288 1245184
327680 262144
196608 -458752
655360 -720896
-65536 -983040
131072 -1703936
-196608 -524288
-327680 1114112
-327680 262144
-655360 -393216
0 458752
262144 524288
-131072 -262144
196608 -655360
458752 -262144
-196608 -655360
-720896 -851968
-589824 0
655360 1048576
65536 393216
-393216 327680
589824 196608
327680 -327680
-327680 -786432
-65536 -393216
0 -655360
0 -589824
-458752 -327680
-524288 -65536
-720896 589824
-65536 1048576
655360 327680
786432 65536
131072 -655360
-131072 -655360
-720896 0
-393216 -65536
196608 -458752
393216 0
196608 -262144
720896 -327680
786432 262144
-589824 -262144
-1310720 -786432
-524288 -65536
-1114112 65536
-1179648 -262144
262144 -131072
1114112 196608
262144 524288
786432 0
1245184 -262144
-262144 -131072
-851968 -393216
-327680 -524288
-720896 -65536
-917504 0
0 65536
65536 65536
327680 -262144
1048576 -851968
786432 -262144
-262144 -458752
-327680 -196608
-524288 589824
-1376256 524288
-1310720 65536
0 131072
524288 131072
524288 -327680
1179648 -983040
1310720 -458752
-262144 0
-262144 -131072
-262144 0
-917504 131072
-589824 0
196608 131072
131072 -196608
131072 -1114112
-262144 -1376256
-917504 -327680
-589824 393216
262144 720896
786432 720896
655360 393216
262144 0
0 -393216
-458752 -589824
-655360 -589824
-983040 -393216
-262144 -262144
-196608 -262144
196608 0
786432 0
524288 589824
458752 327680
196608 -458752
-393216 -589824
-983040 -131072
-1441792 0
-589824 196608
0 65536
65536 -524288
1048576 -524288
1441792 -393216
917504 196608
262144 262144
-65536 -65536
-393216 -393216
-2490368 -196608
-1179648 0
131072 -327680
-589824 -458752
1310720 -196608
1441792 131072
0 -1376256
-458752 -1572864
0 1245184
-1769472 1179648
-2031616 0
1048576 1507328
1179648 1835008
-1769472 -327680
-65536 -851968
1376256 -2555904
1376256 -1179648
2555904 -1048576
1114112 -1966080
-1638400 1900544
-2097152 2490368
-851968 1638400
-3407872 655360
-2424832 -1245184
5505024 -3211264
1376256 -2424832
-851968 -327680
2818048 -262144
1048576 917504
-5242880 1835008
-2293760 1441792
327680 1310720
-2293760 -1703936
0 -3997696
6094848 1245184
2490368 -262144
-4390912 -1245184
1179648 -786432
1966080 -458752
-6356992 5373952
-2883584 -2752512
4259840 -2162688
524288 6553600
-1835008 524288
1441792 -6422528
-983040 196608
4390912 1638400
3670016 -5570560
-5636096 -1507328
-262144 2949120
7274496 -524288
-8388608 6094848
-9240576 7864320
9371648 -6684672
4259840 -7274496
-3997696 -1835008
-3866624 -6553600
8912896 -7274496
4980736 6946816
-11730944 19398656
1638400 -3538944
1245184 -5963776
-14155776 8781824
-2031616 -5046272
8716288 -18087936
3538944 393216
9502720 5046272
4980736 -13172736
-2818048 12845056
-12255232 17760256
-12648448 -720896
7733248 9699328
-8585216 3145728
20119552 -36175872
-197525504 256573440
31129600 -42205184
23068672 -21889024
11206656 -9437184
10158080 -7864320
-8781824 7667712
-10223616 5242880
-3932160 1114112
-11534336 16318464
1835008 1441792
11993088 -9961472
-917504 9699328
-8060928 2228224
3670016 -21168128
-1703936 -983040
-4194304 15204352
5046272 -8847360
10813440 2293760
3276800 12910592
-1507328 3735552
-4194304 -7798784
-11730944 -7340032
786432 2359296
4128768 -5963776
-2883584 -9175040
3932160 1572864
12320768 3997696
1441792 3604480
-10354688 6488064
-2031616 -1835008
1966080 -1769472
-4456448 3735552
-4194304 -2752512
6815744 -9175040
3211264 3407872
-4194304 4259840
-2949120 -7995392
1507328 2097152
4653056 3342336
-458752 -2555904
-983040 4653056
2031616 3670016
589824 -262144
-4390912 -1310720
-2752512 393216
-196608 -4849664
131072 -7471104
786432 65536
3211264 4259840
3211264 -851968
786432 3932160
327680 5767168
-1769472 -1638400
-2490368 -4325376
-2621440 -1376256
-1048576 -2490368
2097152 -3080192
-720896 2752512
65536 2621440
1835008 -786432
3145728 1900544
1638400 65536
-1835008 -2359296
-1769472 -1703936
-1048576 589824
-3997696 1441792
-1835008 1507328
1507328 0
1703936 -983040
1572864 -1245184
917504 -786432
1114112 -1245184
720896 -524288
-327680 2228224
-1507328 1179648
-1900544 -524288
-196608 327680
-327680 720896
393216 -1114112
1507328 -2162688
851968 -1179648
0 -1114112
-720896 -655360
-1179648 983040
-393216 2293760
262144 1572864
0 262144
0 -458752
524288 -655360
720896 -983040
-393216 -1572864
-65536 -917504
-65536 -262144
-1114112 393216
-458752 1179648
393216 1048576
524288 262144
1114112 -196608
524288 -1376256
-262144 -1966080
-983040 -1245184
-1376256 0
-1376256 786432
-131072 1048576
655360 589824
393216 458752
458752 262144
1376256 196608
720896 0
65536 -983040
0 -1703936
-589824 -720896
-1572864 -262144
-851968 -458752
458752 786432
327680 1310720
-131072 131072
786432 0
589824 -327680
-262144 -1179648
-655360 -1114112
-458752 -393216
-589824 262144
-327680 786432
0 786432
196608 524288
786432 -196608
1114112 -524288
65536 -983040
-458752 -1376256
-327680 -393216
-720896 589824
-917504 262144
0 -65536
458752 786432
327680 131072
589824 -917504
655360 -458752
-131072 -327680
-983040 -589824
-917504 131072
-65536 524288
0 327680
131072 131072
1179648 196608
589824 -65536
262144 -655360
-131072 -851968
-917504 -458752
-524288 -524288
0 -262144
-262144 -262144
-65536 -262144
-393216 65536
-327680 983040
0 655360
458752 0
-131072 -262144
-196608 -196608
0 -327680
-65536 -262144
-65536 -196608
589824 -589824
-262144 -327680
393216 196608
458752 65536
0 393216
0 262144
131072 -65536
-655360 -262144
-983040 -524288
-851968 -327680
0 -458752
-327680 -327680
851968 0
1441792 -65536
0 0
262144 983040
589824 786432
-851968 0
-458752 -131072
-983040 -196608
-1048576 -1376256
-720896 -1441792
1048576 -393216
1507328 -720896
196608 -655360
2031616 0
655360 1966080
-2424832 2293760
-2424832 -851968
-1245184 -458752
-1703936 917504
-393216 -1376256
1966080 -2228224
2621440 393216
2097152 0
2818048 1114112
-589824 458752
-3342336 -720896
-851968 589824
-1835008 262144
-3080192 327680
131072 -983040
3473408 -131072
1703936 65536
-2359296 -2031616
2621440 -1638400
1572864 196608
-1900544 -196608
-917504 524288
524288 4128768
-2424832 1441792
-1835008 -3473408
851968 786432
786432 1245184
0 -8519680
2752512 -2555904
4456448 3014656
-1638400 589824
-5111808 4653056
-1179648 2752512
-1507328 2883584
-3407872 -458752
-655360 -6356992
3670016 -5701632
5373952 327680
6684672 3932160
-4718592 393216
-6619136 1310720
2031616 3145728
-3997696 2031616
-11730944 -1179648
8585216 -2555904
16056320 -1310720
-2949120 1572864
-1048576 -3407872
1703936 -3342336
-3604480 -3473408
-10223616 3866624
-1703936 7340032
14417920 -10944512
786432 -2883584
-6029312 11403264
655360 -2555904
-6094848 -6225920
262144 7929856
11075584 -2555904
-9764864 -14024704
-9043968 15532032
-1048576 11141120
-13893632 720896
8388608 9633792
27000832 -8060928
22937600 -21102592
20578304 -34734080
-140181504 165412864
-10354688 -5439488
3473408 -31457280
1179648 5701632
11010048 -12648448
-2818048 -10944512
-16842752 14942208
-2555904 7077888
9043968 -4784128
-2424832 16580608
2162688 2555904
6553600 -17498112
-6291456 3342336
-12124160 17563648
196608 -13107200
720896 -11534336
2424832 13500416
5505024 -3538944
9371648 -6291456
5570560 3342336
589824 4259840
1900544 4259840
-13893632 -4128768
-10027008 -2555904
3670016 -393216
-983040 -2359296
-4128768 -2686976
9895936 393216
13238272 1703936
-2228224 4259840
-6422528 -2359296
-65536 -3866624
-851968 1048576
-8781824 2949120
-3014656 -1245184
4063232 1835008
4325376 5570560
2293760 -4063232
-983040 -2555904
-327680 -3342336
0 -6946816
-1179648 2162688
-1507328 4325376
2490368 2949120
2752512 4194304
-2031616 3801088
-2162688 -655360
1048576 -5570560
-786432 -6946816
-2818048 -3145728
2752512 -1048576
1376256 524288
-1572864 4980736
786432 5505024
4128768 2031616
-720896 -720896
-3211264 -2097152
917504 -5111808
-1769472 -1179648
-2818048 1638400
917504 -458752
589824 65536
196608 -196608
1114112 -393216
851968 196608
1245184 458752
1703936 -524288
-983040 0
-3866624 458752
-3538944 0
-262144 65536
-65536 1507328
1769472 524288
3866624 -3145728
2228224 -1769472
-131072 393216
-1114112 -327680
-786432 -65536
-1769472 1703936
-1179648 1114112
0 -786432
-196608 -131072
262144 0
983040 -1048576
393216 -917504
524288 -458752
65536 -983040
-851968 196608
-655360 1179648
-393216 983040
327680 524288
262144 -327680
-65536 -524288
458752 -851968
0 -917504
262144 -327680
-131072 -393216
-655360 -524288
-131072 -65536
-589824 393216
-786432 262144
131072 262144
524288 720896
589824 131072
196608 -851968
-131072 -917504
-720896 -393216
-1048576 0
327680 589824
851968 1048576
262144 393216
327680 -524288
524288 -524288
131072 -917504
-458752 -2097152
-393216 -1048576
-393216 262144
-786432 458752
-262144 1376256
-65536 1179648
65536 -65536
196608 0
65536 -458752
131072 -1703936
327680 -1114112
-131072 0
-786432 65536
-196608 196608
458752 786432
0 589824
-65536 -131072
589824 -131072
327680 -196608
-720896 -524288
-655360 -1114112
-262144 -524288
-262144 -131072
131072 -327680
262144 65536
-196608 655360
458752 786432
196608 917504
-393216 0
-131072 -786432
-65536 -589824
-65536 -786432
131072 -983040
524288 -393216
65536 0
-262144 524288
196608 262144
65536 -196608
-655360 -393216
-524288 -524288
-393216 -262144
-589824 327680
-262144 -65536
65536 -327680
262144 131072
589824 196608
983040 -196608
524288 -196608
0 327680
-131072 65536
-983040 -196608
-720896 0
-262144 -917504
-524288 -720896
65536 -655360
327680 -196608
262144 524288
458752 393216
196608 524288
524288 327680
-131072 -393216
-1179648 -262144
-1114112 -131072
-1245184 -1179648
-458752 -786432
917504 393216
983040 -327680
2293760 -917504
1835008 1310720
524288 1638400
-983040 -983040
-1572864 -458752
-1572864 196608
-2949120 -1048576
-1310720 -2490368
851968 -1441792
917504 786432
1310720 720896
1638400 1048576
1572864 1507328
720896 262144
-131072 -131072
-1376256 1179648
-2621440 -2031616
-2097152 -262144
-1638400 1310720
-3735552 -3407872
917504 -1310720
5439488 1179648
5570560 -1507328
3407872 -1507328
1179648 2555904
-917504 2424832
-6881280 65536
-6422528 2555904
-3473408 458752
-1703936 -4915200
2752512 -4784128
7012352 -851968
6160384 458752
4063232 131072
1114112 720896
-3997696 5439488
-5177344 -458752
-6946816 -1769472
-6160384 786432
458752 -1900544
4325376 4194304
2031616 -524288
3932160 -7798784
7667712 -1376256
-262144 3407872
-6225920 -2162688
-2752512 -2555904
3538944 7864320
-5111808 5767168
-10027008 -196608
1441792 3080192
9961472 -458752
720896 -8912896
1572864 -8257536
9502720 -5767168
1114112 -1114112
-983040 5242880
-7208960 14876672
-7405568 6684672
3145728 -11534336
-4718592 4980736
-2752512 -2621440
5832704 -21495808
4128768 -4325376
4259840 15400960
2883584 -3276800
-6881280 -5898240
-10223616 23920640
-11206656 9109504
-8323072 -8060928
10747904 6488064
15204352 -11665408
-1179648 -26476544
25362432 -12648448
-8978432 41943040
-131334144 -62259200
-23134208 32899072
-27262976 35651584
17367040 8519680
-2359296 10223616
3211264 -6619136
14876672 -21168128
-9175040 -6291456
-10747904 7012352
5570560 -7274496
-7340032 2949120
-9109504 16187392
10485760 3473408
9043968 -6553600
262144 9175040
3407872 4128768
-6291456 -17301504
-12976128 -4587520
-2555904 1703936
7471104 131072
3538944 -2883584
2097152 1638400
17367040 11796480
-131072 4653056
-15859712 -4259840
-2686976 -2293760
-65536 -3473408
-11927552 -5701632
-983040 -2818048
14221312 -2555904
7340032 2162688
1245184 4587520
-1179648 -65536
-3801088 -1900544
-3145728 2752512
-655360 2686976
-3145728 -1245184
-524288 2293760
5505024 -2883584
-2818048 -720896
-5046272 851968
4521984 -7864320
4128768 -3604480
-3145728 2293760
196608 2228224
3997696 5308416
-851968 7274496
-1769472 2818048
1769472 -2097152
-1376256 -6422528
-5963776 -7733248
131072 -5505024
983040 -327680
65536 4259840
1441792 5111808
3932160 4980736
3014656 2031616
-655360 -720896
589824 -3866624
-1310720 -3997696
-3342336 -3080192
-1835008 -3080192
-4128768 1703936
-2621440 3014656
3145728 1900544
4194304 3211264
3145728 1048576
3211264 -4390912
393216 -3080192
-3473408 131072
-5373952 196608
-2228224 655360
-1179648 1638400
-196608 1572864
2424832 -524288
3670016 -262144
3211264 -524288
1114112 -1638400
65536 -1769472
-1900544 -1441792
-3211264 0
-2097152 1245184
-1441792 1376256
0 1048576
1900544 327680
1966080 -458752
1048576 -1376256
720896 -1441792
0 -589824
-524288 -262144
-1507328 -131072
-917504 524288
-524288 458752
-720896 851968
327680 589824
1310720 -262144
1179648 -720896
589824 -786432
-65536 -1179648
-65536 -1114112
-983040 -131072
-1572864 -131072
-786432 131072
-131072 1310720
131072 851968
327680 65536
524288 0
458752 -327680
393216 -655360
917504 -655360
327680 -851968
-262144 -262144
-327680 327680
-786432 393216
-720896 327680
-327680 -393216
-458752 -524288
0 -65536
1048576 -786432
1114112 -655360
-262144 0
-327680 -393216
196608 65536
-655360 983040
-786432 196608
65536 0
131072 589824
-65536 65536
327680 -983040
393216 -1048576
131072 -1048576
0 -1048576
0 -262144
-131072 65536
-65536 851968
-262144 1376256
-524288 720896
-327680 -196608
65536 -851968
0 -786432
-458752 -851968
524288 -1048576
786432 -65536
-589824 589824
-327680 327680
589824 851968
262144 720896
65536 -327680
327680 -524288
0 -327680
-196608 -786432
0 -1310720
-720896 -917504
-1441792 -655360
-917504 0
65536 720896
327680 1441792
1048576 1114112
983040 196608
458752 -393216
0 -786432
-327680 -1114112
-1048576 -655360
-1048576 -65536
-327680 262144
-196608 -131072
-131072 131072
655360 0
851968 0
851968 0
589824 -65536
327680 -589824
-65536 -589824
-851968 0
-1507328 262144
-983040 -458752
-1114112 327680
-655360 1310720
524288 0
1966080 -1048576
2686976 -196608
851968 -458752
786432 -1703936
393216 -1376256
-1572864 589824
-3014656 851968
-3080192 1310720
-1245184 393216
786432 -196608
2752512 -131072
1638400 -2228224
851968 -2162688
2162688 262144
-720896 983040
-3997696 327680
-1769472 393216
-851968 196608
-1310720 2752512
1310720 0
3407872 -1769472
3801088 1572864
1441792 -1179648
589824 -3145728
-3735552 -983040
-4915200 -1572864
-917504 -2752512
-2818048 2359296
655360 5570560
6094848 851968
4325376 786432
-196608 655360
-65536 -3342336
-786432 -3211264
-4587520 -2097152
-2228224 -1966080
1114112 1900544
-2621440 655360
-4128768 2621440
5832704 1572864
5636096 524288
-1507328 589824
2162688 -10027008
6619136 -1572864
-3407872 8716288
-9437184 0
-4653056 -1572864
-3735552 6946816
-2293760 851968
393216 -11403264
6160384 -3342336
13434880 2359296
10616832 -3145728
-3014656 5242880
-6225920 7798784
-3342336 -4718592
-13500416 2883584
-9895936 9306112
-131072 -5636096
16056320 -13959168
12058624 -2555904
-4915200 5242880
4390912 -13500416
2555904 -1310720
-11075584 19398656
-327680 3538944
3211264 -10289152
-8716288 6553600
-9764864 10813440
-1441792 -12910592
917504 -7405568
11599872 1310720
12058624 -16580608
-5308416 -6619136
-3342336 26476544
-23658496 45547520
20643840 65863680
-150142976 45285376
4194304 -5767168
-14680064 26607616
-17825792 9437184
6553600 -1900544
-3145728 2162688
1310720 -6291456
8650752 -16908288
-8912896 -9371648
-17235968 11206656
2293760 8060928
2097152 -2162688
1441792 6029312
12713984 10485760
7471104 -9568256
-4128768 -10354688
2621440 10158080
-8781824 0
-15335424 -5242880
-7602176 -3670016
1179648 6291456
6684672 4063232
5701632 -8650752
17891328 1769472
17498112 5963776
-3801088 -7340032
-12845056 -4784128
-9764864 1572864
-11534336 -2162688
-11403264 3407872
-65536 7471104
8978432 393216
14876672 -1245184
10485760 2621440
2031616 -7208960
-1769472 -13697024
-2818048 -2490368
-11730944 524288
-15204352 5570560
65536 9961472
5963776 11534336
2621440 7864320
6488064 -6094848
8978432 -11272192
-1048576 -12713984
-5046272 -10813440
-786432 -589824
-3211264 6356992
-6356992 7536640
131072 12320768
4194304 10158080
1048576 -786432
4194304 -6619136
4915200 -8716288
-720896 -11403264
-4128768 -7208960
-4325376 2228224
-2686976 4390912
-2424832 6881280
3276800 7733248
4456448 3276800
2883584 -786432
4456448 -4390912
262144 -4390912
-7274496 -3997696
-5373952 -3866624
-2424832 -851968
-2818048 2621440
786432 2686976
5439488 2490368
5177344 2686976
2490368 917504
1572864 -983040
-1638400 -2555904
-4587520 -1507328
-3014656 -983040
-1835008 -655360
-262144 -458752
1310720 0
2293760 1048576
2031616 393216
1179648 -458752
1114112 -131072
-458752 0
-1966080 -524288
-1507328 -196608
-917504 327680
-1179648 196608
0 -786432
524288 -589824
1245184 0
458752 -131072
131072 196608
589824 131072
0 131072
-327680 131072
65536 -589824
-327680 -589824
-262144 -393216
-524288 -786432
-327680 -851968
-393216 0
-458752 262144
262144 262144
1245184 589824
917504 0
393216 -524288
-524288 196608
-1048576 196608
-720896 -262144
-262144 0
-262144 -196608
393216 -589824
1703936 0
851968 -262144
0 -786432
131072 -589824
-524288 -131072
-1310720 0
-720896 -65536
-131072 131072
-786432 917504
-262144 393216
983040 -196608
720896 -196608
393216 -1114112
786432 -1245184
393216 -458752
-262144 -262144
-720896 196608
-1114112 1441792
-1245184 655360
-131072 -131072
524288 131072
327680 -983040
786432 -1835008
1179648 -786432
0 -589824
-1114112 -589824
-917504 524288
-131072 1507328
-589824 1245184
0 589824
1048576 131072
196608 -196608
0 -983040
458752 -1507328
0 -1376256
-393216 -1114112
196608 -262144
458752 655360
393216 589824
327680 196608
-524288 262144
-1310720 0
-917504 65536
-458752 0
0 -524288
458752 -655360
524288 -720896
262144 -786432
-65536 -851968
131072 0
393216 655360
131072 458752
589824 851968
720896 720896
-524288 262144
-1507328 -196608
-983040 -720896
-327680 -1572864
-983040 -1900544
-983040 -1310720
851968 -720896
1441792 196608
1048576 1703936
2424832 1638400
1835008 917504
-196608 1769472
-1572864 983040
-3473408 -1310720
-3866624 -1900544
-2293760 -1900544
393216 -2424832
1835008 -2752512
3211264 -1245184
5832704 65536
3473408 3670016
131072 3801088
-1441792 327680
-3342336 917504
-7012352 1310720
-6815744 -3211264
-1310720 -3145728
2621440 -327680
3276800 -2228224
5505024 -2359296
4915200 -458752
2621440 2031616
2555904 3342336
-851968 2752512
-4456448 4784128
-6029312 131072
-5242880 -1835008
-5767168 -1441792
-4194304 -4849664
6291456 -7274496
8388608 -2752512
6881280 -458752
8126464 65536
4063232 6225920
-6094848 8454144
-8716288 3342336
-5767168 4194304
-7405568 -1441792
-5963776 -13303808
4259840 -5767168
9371648 262144
2752512 -1966080
6684672 65536
10485760 2097152
-2359296 6422528
-11730944 0
-4784128 262144
-2293760 6422528
-5767168 2293760
-131072 -2883584
-131072 -4784128
3014656 -2621440
9502720 -4521984
2424832 -4128768
-2424832 -1507328
9830400 -1966080
1441792 6094848
-18546688 16252928
-5439488 6356992
5505024 -327680
393216 -4456448
-3866624 -8519680
8716288 -14417920
12582912 -17104896
-6029312 8323072
1507328 14286848
4587520 -196608
-11534336 6225920
-6946816 10485760
2424832 -2686976
-10223616 -16646144
0 2949120
21168128 1376256
6619136 -12189696
-13303808 -1245184
1441792 15269888
-23527424 11599872
-28639232 24903680
29163520 -19136512
397737984 241893376
-128647168 -44695552
-69795840 -52101120
-95420416 -13828096
-60882944 11010048
-10747904 22216704
6881280 14155776
15532032 7274496
35192832 5570560
36896768 -23724032
10289152 -21692416
1179648 -524288
-15728640 -11534336
-33357824 -12451840
-20512768 24707072
-6488064 25886720
327680 720896
23986176 12124160
25886720 8519680
10813440 -15466496
-1638400 -25165824
-10420224 -14155776
-11141120 -3801088
-17760256 -5373952
-10813440 9371648
5767168 21233664
14024704 15335424
14745600 9830400
8454144 2621440
3276800 -18481152
-2686976 -20381696
-10944512 -8257536
-17498112 -5898240
-5046272 -2621440
3866624 15073280
-1310720 17956864
1638400 4456448
14811136 2752512
11796480 -4849664
-196608 -11141120
-262144 -9437184
-4980736 -7340032
-13631488 2031616
-10747904 6881280
-2883584 9109504
1966080 6946816
7733248 -1048576
11796480 -4325376
8060928 -3801088
1703936 -7667712
-2949120 -3211264
-5439488 4128768
-8454144 2424832
-5111808 917504
-2686976 4784128
1441792 3473408
7405568 -2097152
5439488 -458752
3342336 -2883584
589824 -6750208
-1703936 -2293760
-3014656 524288
-3997696 786432
-1179648 983040
589824 2752512
-1048576 2752512
196608 917504
2162688 -458752
1114112 -1310720
65536 -3342336
-589824 -2818048
-131072 -1245184
-589824 -393216
-393216 3080192
65536 3342336
65536 917504
1048576 131072
65536 196608
0 -1507328
-65536 -2621440
327680 -917504
327680 -524288
-393216 -1572864
-655360 -196608
-196608 1310720
-589824 1310720
-393216 983040
851968 327680
851968 -262144
196608 -524288
65536 -1310720
65536 -1179648
-262144 -655360
-983040 0
-589824 65536
-327680 720896
0 589824
720896 0
720896 -262144
917504 -589824
786432 -1245184
-458752 -655360
-1179648 65536
-917504 196608
-589824 65536
-327680 327680
-524288 -65536
0 131072
786432 720896
720896 262144
917504 -786432
1310720 -458752
131072 -589824
-589824 -1310720
65536 -393216
-720896 262144
-2031616 196608
-524288 786432
131072 458752
-65536 -458752
720896 -851968
1441792 -1245184
524288 -720896
0 -65536
-196608 327680
-1048576 851968
-1114112 589824
-65536 393216
0 131072
131072 -917504
983040 -1179648
983040 -327680
131072 -393216
131072 -1245184
0 65536
-655360 851968
-655360 65536
-65536 458752
-262144 458752
-524288 -393216
-458752 -393216
131072 -655360
458752 -1114112
458752 -655360
786432 196608
655360 589824
393216 655360
0 589824
-851968 262144
-917504 -262144
-458752 -655360
-65536 -1114112
196608 -1966080
327680 -1507328
0 0
-65536 196608
327680 917504
589824 1572864
0 524288
-65536 327680
0 196608
-327680 -131072
-851968 -917504
-851968 -1179648
327680 -1048576
458752 -1310720
131072 -655360
983040 -262144
851968 458752
196608 1703936
65536 851968
-196608 327680
-1114112 524288
-2228224 65536
-1703936 -458752
-262144 -1245184
131072 -2031616
1507328 -1703936
2097152 -1441792
1245184 -983040
2162688 524288
1245184 3604480
-458752 3735552
-1835008 1179648
-1835008 786432
-2031616 -131072
-3473408 -3145728
-65536 -5439488
2621440 -3407872
2162688 -1900544
1114112 -3604480
1703936 262144
1179648 5898240
-589824 6094848
131072 5832704
0 4784128
-3670016 -1441792
-3866624 -3735552
-3801088 -5505024
-4718592 -8192000
1769472 -6160384
5832704 -3211264
5046272 1114112
5701632 6160384
8454144 10682368
3735552 9895936
-7143424 4915200
-6291456 -1507328
-9043968 -8519680
-13369344 -11665408
-4390912 -11272192
6356992 -4259840
7733248 1572864
11599872 2162688
14745600 7471104
5701632 13238272
-4259840 3538944
-7471104 1310720
-8519680 1376256
-12976128 -5439488
-13434880 -6291456
-6553600 -9043968
3211264 -5177344
11468800 -1376256
13959168 -2424832
15400960 -327680
13762560 5439488
7143424 13828096
-14614528 13107200
-23986176 6684672
-13893632 0
-10878976 -7143424
-16646144 -15728640
6619136 -18546688
30736384 -12124160
19464192 393216
17301504 7471104
13303808 14680064
-5767168 12386304
-18808832 8323072
-22740992 19595264
-11403264 -3407872
-10878976 -25493504
-8781824 -13041664
2031616 -7667712
6422528 -20447232
10878976 -7536640
31916032 23658496
27721728 12386304
9306112 8781824
-3342336 30474240
-12582912 18808832
-53149696 -22020096
-81788928 -21954560
-49610752 -40435712
-163184640 -87556096
