-30113 -61787
31083 -1818
32368 115
32447 -212
32554 170
32095 -132
32669 -110
32287 -58
32437 -122
32455 -202
32617 -54
32397 -48
32301 376
32373 317
32463 239
32408 -282
32527 -171
32527 -167
32740 65
32683 -76
32282 -302
32725 326
32549 -423
32044 35
33175 368
32437 -17
32276 150
32443 -120
32418 -523
32542 -12
32258 -149
32083 -101
32466 63
32431 -6
32763 114
32483 -73
32560 -181
32374 96
32619 -10
32743 196
32104 -48
30949 155
30557 290
30238 -291
31609 61
32435 8
32683 48
32262 24
32576 82
32490 -59
32564 -200
32541 -294
32321 -194
32093 91
32519 171
32616 -212
32509 119
32221 -109
32564 67
32324 -292
32542 -16
32052 -27
32297 116
32239 -186
32118 -154
32311 -193
32093 -83
32356 -35
32446 -66
32446 -233
32420 18
32494 -166
32708 -34
32418 -95
32515 -103
32426 -74
32344 -302
32542 -399
32460 -262
32118 -36
32372 -124
32255 61
32235 -91
32303 -8
32529 -116
32544 -58
32313 -36
32463 -7
32596 -54
32409 134
32406 -132
32711 -134
32497 169
32305 -207
32364 246
32227 -64
32317 -296
28237 -71
23324 374
25283 -389
25604 -52
24230 463
23418 77
23667 17
29560 191
32152 103
32225 -40
32409 -304
32394 -4
32393 -185
32565 -244
32574 -94
32583 -66
32445 153
32406 -53
32444 238
32587 -62
32488 -286
32567 -89
32663 -300
32387 -12
32313 101
32521 70
32537 -87
32244 -100
32302 -70
32511 144
32312 260
32459 251
32673 214
32252 -18
32582 67
32679 -361
32547 -234
32486 430
32292 194
32473 -162
32468 -187
32644 -14
32599 -8
32482 244
32499 -42
32148 -241
32507 42
32460 -68
32558 -185
32443 -66
32367 193
32628 -132
32302 -224
32427 -52
32334 -186
32191 322
31310 -112
31234 -22
31237 -97
31241 -22
31254 75
32227 -58
31284 194
31223 -320
31038 -95
31562 163
31889 -162
32496 71
32675 43
32490 -338
32415 -21
32615 -135
32479 -195
32353 181
32444 -118
32253 -229
32451 -247
32439 -56
32733 -307
32328 97
32264 -83
32589 195
32193 -228
32231 -65
32255 -20
32476 -357
32325 -121
32406 -11
32764 -103
32699 -368
32403 -65
32434 -250
32319 -114
32414 -123
32772 4
32580 -62
32436 61
32284 125
32287 -23
32401 14
32483 -407
32510 -68
32346 -119
32233 -111
32272 -297
32340 -15
32504 -59
32124 -176
32300 -104
32369 231
32551 -2
32095 309
32421 65
32463 -87
27909 -165
23704 218
25463 -319
24900 288
23615 47
23111 -100
23416 -71
29426 -190
32387 -264
32420 -101
32117 21
32363 68
32414 78
32460 71
32536 -77
32638 -21
32385 107
32254 -278
32264 -155
32480 288
32432 318
32306 -103
31955 -40
32464 -141
32676 45
32320 -50
32629 245
32542 -63
32434 -202
32615 25
32121 -150
32458 245
32213 -294
32539 -258
32578 -63
32718 69
32539 45
32476 108
32529 90
32618 -56
32457 -257
31874 -29
32560 -165
32593 392
31025 -1704
17068 -21581
32001 395
32689 -233
32474 231
32554 -123
32377 -17
32715 102
32312 90
32418 71
32340 155
32352 16
32405 -43
32407 203
32548 185
32624 8
32453 194
32447 54
32546 -46
32535 -16
32422 5
32303 89
32600 77
32288 133
32440 95
32601 124
32480 -82
32305 27
32543 86
32160 -61
32465 -17
32723 -85
32521 20
32589 124
32453 -128
32694 65
32369 -23
32524 -59
32594 -148
32520 7
32503 -57
32543 95
30619 113
30177 193
31736 -181
30717 -20
31772 -56
32459 175
32438 -77
32483 -84
32647 -8
32411 -59
32390 -65
32677 86
32385 90
32370 4
32542 1
32593 78
32357 50
32354 2
32513 103
32425 -4
32585 37
32473 -41
32415 -92
32333 125
32580 151
32546 25
32529 -128
32351 110
32589 109
32705 -42
32447 130
32526 -82
32567 61
32344 168
32480 27
32275 32
32479 -60
32612 -47
32407 -37
32539 -8
32439 187
32572 -127
32446 -37
32545 -259
32670 -183
32382 169
32440 -118
32336 -6
32627 -80
32638 -15
32804 7
32486 221
32459 -63
32437 106
32582 127
32678 -32
27397 53
23602 -51
25356 16
24057 37
23802 -118
23747 -116
23902 -182
29888 -71
32685 118
32607 99
32489 106
32602 14
32500 -10
32429 -175
32417 38
32473 -86
32578 50
32373 -164
32521 -48
32593 6
32476 106
32743 -94
32510 146
32330 52
32537 142
32747 -188
32517 102
32712 -93
32480 96
32473 -78
32738 158
32568 -96
32476 -68
32494 41
32569 -141
32580 -58
32437 37
32366 239
32471 -62
32358 -83
32489 40
32552 -47
32354 134
32634 101
32570 130
32679 231
32517 -7
32423 91
32563 -120
32567 48
32520 -266
32239 -113
31469 79
32474 40
32196 10
31508 -45
31563 -5
31224 252
31418 -107
30263 -62
31345 -59
31597 -112
31801 37
31001 38
31275 110
31424 124
32118 -208
32599 41
32479 -231
32444 224
32460 -69
32436 109
32466 -197
32618 -5
32547 -57
32584 -49
32447 174
32531 139
32646 46
32630 60
32349 -55
32476 -15
32507 -191
32545 10
32484 -132
32413 -101
32441 160
32435 -193
32443 -163
32400 -11
32633 -18
32652 -46
32477 39
32476 -34
32520 35
32614 225
32587 -37
32539 108
32532 149
32499 123
32480 -18
32645 91
32389 76
32359 62
32524 -99
32468 99
32467 218
32407 5
32537 -15
32594 -53
32448 -134
32654 90
32475 115
32584 41
26989 50
23600 -122
24797 -162
23453 90
23927 -21
24371 -142
23993 150
30348 93
32527 -164
32511 44
32537 -180
32619 32
32620 -4
32626 213
32368 -30
32350 233
32362 93
32442 182
32372 96
32558 82
32611 44
32399 50
32446 -18
32461 -67
32511 166
32557 -37
32720 -9
32493 -81
32617 110
32464 93
32372 35
32467 91
32532 93
32449 -77
32607 155
32394 27
32586 -50
32571 101
32582 144
32592 309
32345 -26
32661 -62
32352 165
32411 -329
32040 645
24420 -9700
32125 -189
32431 84
32663 -232
32266 51
32530 -159
32346 -14
32586 261
32672 28
32393 160
32698 127
32419 223
32295 46
32371 -53
32764 -149
32378 -23
32352 148
32347 73
32465 -29
32479 73
32521 -57
32664 247
32413 25
32604 18
32546 56
32618 -177
32420 -15
32258 16
32397 -88
32395 -132
32480 78
32328 216
32677 15
32366 -142
32476 -72
32423 -41
32655 -62
32366 -42
32443 -97
32606 7
32562 -247
31973 -66
31452 25
30787 18
30337 -117
31085 178
32319 -265
32541 227
32500 306
32280 -116
32717 89
32329 -22
32580 -179
32754 215
32491 -13
32490 17
32627 -112
32699 84
32356 109
32648 -1
32403 96
32024 -176
32316 -92
32324 -55
32645 106
32516 -127
32594 -199
32557 46
32460 109
32558 37
32391 129
32510 171
32592 -59
32831 170
32523 -174
32298 106
32338 -119
32446 -128
32589 -68
32347 530
32248 261
32596 -270
32380 91
32300 -44
32342 -184
32651 -151
32427 -21
32488 70
32428 109
32610 38
32422 12
32350 -163
32515 283
32328 -6
32492 105
32447 -23
32199 98
26774 82
23334 -149
23535 61
23744 59
25087 -158
24720 -24
23957 28
30360 -65
32557 -38
32623 -78
32630 -34
32501 -67
32437 -10
32495 110
32525 114
32516 237
32605 58
32612 51
32652 122
32473 -21
32485 -103
32569 -237
32385 -37
32508 96
32407 -48
32604 122
32610 -126
32402 -33
32339 -105
32661 160
32593 80
32384 58
32694 -10
32715 330
32583 -27
32607 46
32596 -15
32671 -13
32657 -241
32520 17
32490 120
32539 43
32462 180
32484 -253
32439 43
32750 83
32485 -313
32692 187
32461 -119
32574 -82
32202 138
31904 75
31174 -114
30890 -40
30793 171
30879 -21
31277 31
31143 336
31480 82
30475 -106
30881 -108
31238 -53
31580 51
31569 103
31969 193
32185 77
32289 -132
32515 -70
32299 -15
32295 44
32628 -167
32464 -96
32524 -205
32504 -215
32723 -145
32676 -109
32591 -114
32391 -185
32473 -132
32424 -198
32412 -78
32605 -228
32235 -107
32727 198
32176 34
32387 266
32518 122
32656 -7
32358 -236
32622 30
32563 -188
32473 72
32531 64
32497 56
32427 -269
32671 52
32362 243
32548 -254
32328 -3
32412 157
32481 -153
32572 -40
32275 -86
32340 139
32306 -147
32665 -47
32586 31
32650 119
32625 49
32588 -75
32400 93
32358 -262
32698 332
32180 -34
26738 137
23154 -275
23424 196
24406 240
25649 -106
24740 6
24162 185
30643 -20
32585 -113
32493 -31
32356 -198
32491 -80
32713 -162
32634 -11
32638 85
32633 -143
32507 17
32373 63
32494 107
32559 239
32529 28
32638 -132
32212 19
32617 355
32618 82
32380 164
32575 150
32528 -39
32532 185
32506 -230
32665 280
32584 -11
32238 -34
32293 -198
32529 -78
32593 15
32482 -15
32757 -156
32649 35
32561 -12
32354 -198
32505 -194
32617 -102
32546 308
32160 96
32318 -6519
32182 541
32445 -234
32571 -68
32433 60
32562 -16
32635 -32
32576 93
32508 -33
32462 -101
32501 72
32662 -14
32545 -11
32497 52
32514 -9
32552 -51
32452 55
32422 -62
32576 34
32605 -56
32392 -72
32599 -23
32445 -52
32522 74
32474 12
32577 -182
32563 -56
32552 123
32491 -89
32561 106
32696 75
32471 -152
32455 110
32485 180
32626 -28
32630 -116
32461 -78
32239 134
32502 -214
32578 -12
32352 28
32049 -80
31346 261
30308 -213
30431 -110
31811 -192
32561 80
32683 108
32509 37
32481 -82
32685 -123
32482 11
32447 84
32503 22
32589 131
32594 -18
32544 41
32592 24
32510 34
32448 29
32606 9
32525 -95
32453 -137
32461 -3
32393 31
32433 209
32462 74
32303 71
32373 -26
32363 81
32547 17
32544 1
32495 86
32491 129
32430 57
32512 126
32496 -64
32469 4
32533 104
32549 83
32588 -11
32500 31
32635 68
32534 -33
32474 131
32439 -54
32423 4
32452 28
32341 -28
32605 -94
32575 82
32471 -17
32722 -37
32571 -1
32386 -20
32576 -47
32214 65
26242 60
23262 43
23312 82
24799 -107
25520 18
24085 -97
24285 22
30750 -45
32529 13
32308 -33
32428 28
32386 95
32648 -45
32580 -62
32545 70
32495 130
32530 -181
32642 51
32380 -205
32497 12
32376 61
32532 -76
32392 -61
32485 -64
32340 111
32595 -145
32541 -227
32344 39
32590 -94
32518 242
32487 -70
32548 42
32490 -115
32522 -65
32406 -66
32479 -99
32357 -126
32521 -41
32565 107
32463 146
32375 -153
32560 118
32582 91
32437 39
32667 121
32695 -28
32469 -170
32245 99
32515 81
31917 85
31559 181
31585 209
31253 -35
31997 273
30934 37
30882 -24
31483 -28
31491 31
30706 30
30485 -36
30755 95
30983 -32
31713 104
32557 96
32522 -95
32420 98
32470 90
32584 144
32442 38
32567 87
32286 92
32782 -4
32493 67
32379 38
32432 -117
32514 35
32576 180
32506 -4
32523 -73
32369 38
32312 -48
32464 14
32378 75
32699 49
32287 -35
32444 -40
32394 178
32556 18
32516 -102
32532 -78
32465 61
32547 65
32483 27
32610 -32
32391 -110
32500 18
32336 154
32521 97
32676 -120
32489 -89
32507 -92
32328 -160
32349 165
32623 -2
32437 -58
32528 -30
32460 65
32373 49
32473 58
32378 183
32379 -43
32310 4
32536 -75
32238 129
26163 183
23142 111
23288 -48
24368 -192
24723 41
23855 62
24109 -113
30534 -55
32348 -61
32491 -70
32366 181
32484 -124
32386 -54
32585 -15
32551 44
32481 2
32581 70
32666 12
32511 -29
32497 -6
32499 -35
32511 -90
32357 127
32604 13
32449 50
32477 71
32565 -28
32536 3
32329 93
32359 19
32458 158
32415 -52
32463 101
32388 136
32546 77
32370 115
32613 -61
32494 37
32448 119
32535 109
32285 76
32539 181
32475 -56
32878 35
32373 352
28339 -4513
32410 -79
32549 29
32427 -58
32523 64
32431 81
32325 -12
32713 -102
32221 -122
32672 11
32474 304
32581 -93
33038 147
32716 -77
32381 105
32533 -124
32333 -15
32517 20
32709 109
32671 -172
32535 52
32836 188
32728 101
32217 121
32517 80
32713 -84
32518 68
32665 193
32218 -38
32619 -15
32520 -7
32448 40
32300 17
32590 -139
32361 -6
32104 -12
32645 151
32475 -119
32314 187
32208 19
31983 141
32079 53
32294 15
31952 222
32050 -259
32026 -140
31971 -10
32556 -57
32442 -90
32506 -72
32498 77
32831 420
32441 90
32560 94
32620 124
32358 111
32471 184
32585 -245
32538 -64
32381 125
32722 329
32515 -132
32468 22
32424 -184
32412 113
32558 72
32429 62
32532 19
32556 -100
32513 -79
32490 234
32316 -17
32485 37
32548 35
32382 -32
32606 345
32321 -147
32476 88
32408 199
32466 321
32521 97
32612 -67
32167 132
32346 170
32154 0
32389 -59
32480 89
32343 30
32479 204
32340 77
32373 94
32478 -186
32446 149
32681 -78
32680 140
32264 -227
31929 97
26157 -373
24013 -177
23740 96
23977 105
24313 -55
23999 -147
25187 -378
30774 -243
32614 -228
32601 -201
32338 55
32355 -29
32509 13
32539 -22
32637 -182
32788 -15
32611 -98
32558 147
32572 84
32602 23
32276 219
32401 -9
32357 -35
32417 -164
32491 204
32622 -7
32491 96
32395 -14
32411 100
32357 -14
32481 61
32653 -3
32545 -106
32542 -25
32569 21
32488 96
32578 -69
32347 52
32379 127
32388 -99
32531 -181
32375 187
32520 -122
32220 246
32600 146
32634 -255
32295 7
32587 144
32454 46
31185 -246
31012 112
31022 130
31391 -47
31200 -63
31321 45
31644 -20
31370 -142
31630 -53
31314 -20
31428 -168
31863 -118
31992 5
32506 10
32341 -15
32455 -11
32296 355
32563 -8
32656 80
32345 -176
32534 -64
32565 -73
32497 -73
32686 -52
32621 10
32517 0
32447 61
32564 43
32632 120
32551 21
32350 -122
32194 -142
32562 167
32533 -158
32162 -45
32379 -35
32398 -16
32453 -43
32574 76
32250 -7
32762 -206
32491 165
32579 386
32327 -163
32612 -37
32620 -1
32611 -11
32569 36
32333 100
32677 -93
32543 11
32213 245
32479 124
32777 -86
32507 141
32190 27
32335 -282
32332 -40
32404 77
32416 145
32469 225
32470 -148
32367 91
32496 -26
32143 114
27106 -63
25109 115
25610 -148
25501 -234
25539 232
25666 1
26178 48
31596 -65
32403 120
32370 40
32614 196
32508 40
32416 -127
32417 -159
32552 -10
32402 -212
32549 -98
32476 -227
32489 195
32517 391
32467 -86
32478 -30
32384 336
32657 188
32643 342
32612 131
32707 111
32775 -94
32495 -19
32374 -217
32742 -6
32421 20
32683 48
32383 128
32390 97
32871 92
32201 -112
32610 -14
32553 -324
32762 -165
32618 135
32282 78
32464 -119
32356 -40
32709 -299
29655 -7065
32355 30
32525 -112
32367 -125
32740 -3
32463 -8
32530 127
32538 -53
32570 -12
32399 -33
32615 -120
32485 38
32573 69
32532 89
32318 -12
32428 -69
32605 -25
32469 48
32240 2
32509 -81
32446 -230
32497 114
32504 112
32313 -3
32371 67
32583 -115
32475 -70
32408 12
32475 124
32484 5
32543 -176
32489 -35
32462 -92
32513 -69
32408 31
32614 70
32588 -61
32674 146
32226 114
32004 -5
32479 114
32596 76
32392 22
32432 52
32581 66
32456 1
32041 -145
32030 33
32327 4
32633 -50
32400 211
32578 125
32465 53
32532 -3
32540 65
32702 174
32353 -42
32594 -22
32530 -127
32568 -80
32422 -65
32493 21
32458 -100
32631 107
32429 158
32556 123
32761 -30
32341 -8
32247 -11
32492 170
32498 82
32442 20
32651 82
32539 119
32509 45
32549 86
32280 -11
32436 -69
32549 44
32533 -50
32566 149
32559 15
32430 134
32556 -40
32551 74
32470 106
32595 120
32507 -153
32401 73
32502 -170
32348 -158
32472 59
32521 109
32361 22
32570 29
32258 123
32055 -24
30667 -139
29928 -58
30049 -223
30166 -21
30526 72
30628 -47
30893 -66
31715 8
31997 -7
32502 -6
32606 -90
32502 -97
32477 133
32559 -15
32392 17
32415 -207
32555 -69
32538 28
32453 -32
32392 125
32498 -121
32500 40
32492 58
32519 120
32499 -94
32657 -30
32388 59
32659 35
32429 53
32518 76
32458 -69
32561 -34
32596 5
32544 -59
32776 152
32406 -110
32406 -99
32498 8
32727 157
32465 107
32472 42
32474 104
32538 -155
32636 24
32606 -28
32569 -20
32360 -153
32510 93
32407 -61
31487 24
31138 113
32043 -151
31122 66
31509 -22
31340 -21
31352 40
30995 -41
30638 73
30990 -14
31492 11
32192 -2
32570 142
32478 -102
32136 -63
32456 -25
32414 173
32294 -16
32443 -1
32449 -97
32512 -100
32433 -45
32483 160
32355 58
32500 53
32410 -11
32564 -84
32437 -32
32593 -155
32614 57
32521 9
32315 -116
32470 112
32511 -32
32444 7
32528 -8
32576 81
32380 105
32604 195
32455 -81
32470 -148
32524 -56
32514 59
32624 -22
32485 -138
32537 -123
32578 63
32480 33
32635 248
32694 107
32357 59
32746 -43
32346 4
32557 43
32522 89
32349 253
32601 -199
32513 -130
32611 72
32583 46
32698 -42
32443 90
32436 156
32312 -20
32018 -52
31608 38
31662 -5
31990 -17
32066 188
31853 76
31935 20
32088 18
31973 14
32187 -135
32600 187
32524 132
32608 36
32554 -222
32704 63
32642 86
32620 22
32524 90
32495 78
32530 -34
32638 34
32447 4
32495 87
32350 78
32415 -42
32616 46
32491 145
32639 -173
32537 -71
32529 115
32601 149
32552 33
32595 9
32628 -80
32561 109
32443 -326
32443 60
32421 57
32508 -214
32403 43
32427 -75
32471 -148
32529 50
32681 206
32616 139
32114 191
32096 -2588
32461 111
32721 -67
32484 -75
32397 -100
32535 -141
32498 75
32440 -101
32421 148
32518 65
32575 -42
32515 -172
32602 -222
32565 69
32396 -49
32574 98
32392 163
32583 129
32787 179
32557 41
32350 -118
32725 151
32612 -83
32342 142
32673 -7
32535 3
32333 81
32249 -111
32474 -133
32609 -18
32509 175
32471 56
32361 -3
32229 -83
32597 -27
32559 -258
32526 -192
32083 -4
32186 71
32598 -10
32632 38
32449 49
32580 -54
32403 -202
32410 -45
32630 -182
32589 -122
32253 -81
32085 215
32467 -151
32423 -33
32422 -132
32534 -231
32571 44
32555 -77
32429 122
32546 102
32318 -13
32362 94
32471 -74
32479 86
32452 20
32431 -98
32569 -56
32528 -115
32567 269
32587 -207
32421 51
32622 316
32508 47
32274 -29
32466 -240
32394 114
32569 58
32468 -136
32565 56
32392 -8
32340 -22
32706 -51
32451 -18
32581 -159
32538 -226
32354 76
32803 111
32389 21
32360 -9
32503 -45
32519 86
32466 -30
32545 86
32413 25
32467 -158
32679 -48
32426 0
32206 -6
31644 -30
31930 72
32382 -107
32675 -86
32422 -133
32521 -102
32432 -193
32503 -74
32326 63
32383 101
31938 -120
32164 -327
32720 -137
32588 59
32408 208
32560 -15
32456 -249
32326 -36
32616 -3
32601 81
32390 -33
32700 139
32479 131
32771 97
32338 290
32621 39
32358 -10
32511 -179
32505 124
32614 -12
32609 -33
32462 -181
32427 -99
32288 -180
32672 -61
32438 59
32749 -114
32409 -9
32452 1
32518 -46
32725 143
32544 130
32452 -232
32551 -88
32668 -238
32359 -2
32408 -2
32505 -22
32357 4
32598 -75
32045 76
30970 196
30264 58
31167 -62
31162 -27
31305 147
31083 -62
31093 -269
31099 109
31377 -160
32357 128
32368 -104
32680 -113
32643 27
32342 -19
32348 11
32143 171
32373 82
32392 51
32505 -87
32458 19
32428 -18
32408 -54
32403 182
32304 47
32528 32
32383 123
32487 -53
32450 -20
32431 -36
32621 -190
32597 63
32437 28
32532 9
32446 137
32401 -26
32347 164
32468 107
32409 195
32469 116
32358 142
32387 -61
32598 54
32466 103
32376 -152
32477 -38
32421 -89
32825 248
32436 -88
32630 64
32491 38
32466 111
32325 -68
32405 -130
32418 -265
32811 120
32482 18
32387 -2
32272 -78
32387 -239
32424 -76
32473 119
32514 28
32214 -16
32119 10
32161 -12
32703 -198
32652 -8
32393 202
32541 11
32358 97
32433 105
32632 65
32423 173
32071 -25
31939 83
32635 143
32308 -272
32361 85
32420 98
32352 -24
32492 -128
32383 -256
32481 117
32443 237
32642 26
32494 -123
32446 -94
32344 69
32530 80
32657 -309
32527 -20
32723 226
32646 -25
32494 -52
32537 -165
32532 -211
32564 99
32544 -160
32531 227
32242 136
32459 -138
32479 215
32181 -199
32633 203
32708 -183
32474 179
32419 100
32578 50
32520 -113
32462 -88
32750 -3082
32458 79
32472 27
32482 -75
32566 -96
32501 -158
32465 68
32535 22
32475 33
32470 9
32485 88
32467 44
32492 -125
32707 -85
32552 88
32490 -165
32501 85
32548 -8
32670 116
32482 -90
32342 -7
32627 -59
32450 7
32554 -100
32441 37
32582 8
32338 93
32596 16
32595 63
32505 8
32612 57
32554 -15
32495 141
32549 71
32555 48
32233 -71
31856 54
32129 71
32523 69
32479 62
32373 -135
32498 -67
32502 -36
32480 7
32441 -61
32451 -43
32523 80
32514 -33
32312 64
31739 43
32178 -101
32447 -81
32353 20
32425 -47
32394 -28
32400 33
32432 20
32545 35
32657 82
32626 -11
32465 -29
32565 123
32525 11
32417 -82
32562 -22
32624 -77
32550 26
32472 171
32417 -88
32618 74
32655 57
32555 7
32536 28
32495 127
32510 -45
32455 62
32396 67
32481 -59
32486 -87
32544 58
32450 -61
32533 -68
32562 227
32559 54
32423 76
32577 -128
32603 0
32607 -45
32450 -104
32556 10
32459 71
32442 -169
32498 -18
32212 7
32156 -87
32300 -118
32433 -47
32491 -104
32439 -20
32475 74
32334 51
32472 -72
32475 -45
32565 -232
32414 47
32551 72
32223 72
31780 -56
32303 -89
32469 -8
32505 14
32412 -62
32494 9
32440 -109
32604 23
32593 100
32671 -12
32458 33
32488 72
32533 61
32366 -90
32506 68
32507 55
32545 73
32363 21
32534 -71
32541 79
32531 50
32454 1
32489 -16
32496 194
32401 -80
32389 41
32505 -29
32594 -41
32496 -28
32442 105
32508 -171
32446 126
32376 -100
32569 60
32580 64
32431 80
32424 130
32281 53
32037 -18
31380 -46
31199 -130
30954 -27
31259 -70
31448 42
31066 -20
31073 93
31956 26
32399 -59
32395 77
32434 -38
32446 -8
32507 -31
32515 -66
32585 -64
32081 -84
31976 68
32139 -11
32520 61
32438 -20
32562 0
32471 143
32594 -205
32606 59
32496 115
32494 76
32340 40
32443 -156
32452 -47
32457 -45
32577 119
32449 -22
32526 -117
32509 89
32471 -110
32684 -2
32429 -51
32369 149
32564 42
32495 214
32536 -99
32474 14
32497 -51
32485 40
32490 38
32564 -74
32483 -85
32574 -15
32426 3
32510 -69
32409 39
32561 39
32491 22
32697 22
32520 -15
32433 39
32474 133
32548 57
32597 133
32635 20
32458 -37
32253 190
32105 -6
32503 -11
32541 115
32395 30
32548 -60
32484 -32
32498 -3
32680 -4
32522 116
32258 -54
32578 101
32526 130
32045 -104
31955 -43
32490 20
32531 -29
32457 36
32554 84
32562 104
32540 -43
32411 71
32684 -61
32568 93
32521 30
32557 -56
32539 199
32368 -50
32436 93
32389 4
32492 -41
32600 72
32514 57
32483 -6
32376 77
32601 32
32564 -39
32506 42
32625 13
32380 5
32553 68
32573 -76
32484 -19
32261 53
32517 -162
32517 123
32590 127
32481 -47
32310 37
30281 -2269
32693 -113
32514 -17
32543 26
32370 67
32413 -71
32494 -158
32340 -57
32327 -59
32400 -44
32474 147
32600 -147
32471 19
32651 -79
32342 -62
32507 -105
32572 -13
32507 -94
32538 -170
32197 33
32290 45
32550 -21
32625 199
32523 205
32596 224
32577 132
32485 -60
32230 -129
32441 -49
32663 -441
32759 99
32543 42
32650 89
32480 -51
32386 -182
31894 131
32225 -265
32625 205
32392 177
32312 214
32334 61
32425 -112
32706 -189
32383 -56
32307 -15
32405 -79
32656 40
32220 182
32782 -94
32084 -24
32325 -46
32042 42
32671 148
32475 23
32341 365
32770 -186
32284 255
32571 -279
32373 -16
32508 -58
32652 -168
32354 -12
32653 91
32410 -15
32413 -152
32713 -262
32542 -129
32676 14
32123 60
32366 -89
32404 36
32364 -68
32554 -18
32291 206
32437 193
32705 154
32471 133
32426 -147
32406 323
32599 -252
32324 133
32555 111
32625 12
32487 5
32388 -13
32610 -85
32585 -37
32561 -181
32493 -172
32296 -113
32603 -44
32470 325
32105 103
32124 -98
32626 -413
32546 2
32360 74
32236 -268
32467 -260
32281 5
32455 -90
32432 69
32374 190
32150 -217
32372 -21
32676 9
32688 57
32313 -215
32016 -60
32040 -178
32412 -195
32530 -17
32265 221
32355 27
32384 136
32608 293
32558 -172
32766 -33
32597 144
32413 -218
32483 40
32125 175
32693 -197
32464 117
32545 -19
32435 148
32550 284
32639 -1
32415 81
32534 223
32413 -78
32604 -81
32605 115
32637 -204
32543 185
32458 -349
32460 -308
32563 -193
32620 106
32453 -94
32466 -341
32451 16
32671 -64
31734 109
30875 10
31451 -77
31644 108
31270 236
31114 40
31030 43
31138 300
31241 -90
31576 -131
32448 351
32489 215
32542 -13
32592 -127
32530 64
32476 2
32362 7
32321 -14
32461 118
32663 256
32232 78
32156 -70
32419 -73
32594 -96
32330 -30
32277 -106
32682 -71
32801 216
32730 130
32332 176
32286 -71
32550 63
32448 17
32569 121
32276 89
32435 79
32454 -99
32298 -12
32078 -202
32385 245
32702 27
32568 -193
32692 64
32373 -169
32478 133
32644 196
32555 16
32738 -27
32430 156
32403 -50
32739 294
32949 83
32559 -50
32703 -5
32669 238
32443 -91
32598 187
32481 -35
32451 -148
32478 120
32683 -235
32667 -93
32441 -24
31792 -203
31888 23
32400 271
32307 -85
32468 23
32424 -123
32517 201
32465 -83
32605 -2
32402 86
32730 -11
32395 149
32545 -23
32419 29
32591 60
32012 -401
32000 -44
32337 -524
32675 -94
32668 54
32477 7
32541 -13
32406 -88
32539 56
32877 103
32594 41
32589 95
32323 77
32507 364
32689 227
32466 56
32595 -127
32560 99
32682 179
32474 -40
32491 27
32481 -215
32780 90
32326 83
32405 21
32522 -46
32397 -49
32376 -128
32828 -129
32567 -80
32294 328
32415 -44
32526 96
32467 281
32509 177
30312 -4238
32608 62
32509 -219
32631 108
32530 -33
32311 44
32693 8
32615 14
32436 -41
32592 230
32595 -271
32337 -76
32349 47
32603 -135
32548 -44
32669 -159
32539 57
32479 184
32546 13
32508 11
32481 214
32557 103
32659 -29
32468 86
32642 -73
32588 7
32580 13
32600 142
32533 -252
32563 -5
32467 -47
32586 -2
32358 41
31987 -173
32132 -70
32486 15
32440 -224
32468 22
32464 128
32558 -27
32432 -70
32693 -153
32649 -163
32404 128
32610 -203
32615 -90
32491 -72
32587 91
32420 -139
32491 191
32470 -7
32007 204
32122 -52
32523 32
32406 54
32586 -238
32515 -34
32601 -70
32520 32
32537 -18
32507 235
32497 9
32503 198
32341 70
32225 0
32623 87
32482 -1
32580 136
32670 219
32563 14
32509 6
32517 95
32503 -143
32558 210
32260 79
32614 79
32553 99
32529 116
32685 193
32373 127
32621 87
32546 -43
32511 104
32541 121
32593 234
32406 2
32431 171
31199 -64
30062 -191
31356 -1
32143 86
32005 -31
31970 91
32541 89
32564 26
32532 -90
32569 15
32358 34
32526 60
32540 -156
32477 -145
32528 160
32520 55
32463 121
32458 150
32494 17
32523 -55
32374 -115
32388 -174
31963 -28
32082 -57
32490 -104
32554 -67
32513 -8
32454 -128
32609 107
32616 -38
32620 -110
32635 42
32438 -50
32520 144
32493 86
32333 -11
32590 -66
32324 -59
32660 63
32530 53
32764 -28
32541 24
32761 46
32423 -33
32606 -134
32697 144
32515 137
32520 -101
32433 -72
32691 -166
32386 154
32691 -67
32059 66
31805 83
32224 211
31882 214
31119 -21
30979 118
31098 -16
31555 -9
31386 -221
31464 221
31373 31
32045 -37
32438 147
32594 101
32456 -94
32565 75
32341 -144
32490 4
32496 56
32411 151
32410 -69
32546 36
32480 80
32593 -151
32646 -20
32343 -16
31809 -110
32193 128
32605 -73
32558 -58
32462 11
32430 89
32684 -74
32567 122
32289 117
32546 75
32480 -128
32424 153
32431 174
32496 -21
32506 -84
32570 181
32534 -58
32496 79
32709 35
32616 -14
32427 60
32431 -73
32526 -18
32500 -15
32415 37
32503 201
32387 -12
32511 -26
32560 -41
32593 -80
32600 74
32566 2
32337 25
32478 74
32542 -17
32470 131
32424 -49
32482 64
32520 -27
32382 -4
32014 -99
32071 -121
32575 103
32414 32
32586 -186
32271 82
32465 31
32429 101
32462 -40
32446 -27
32536 168
32578 -98
32353 13
32768 88
32455 -75
32589 49
32540 1
32414 53
32045 18
32368 4
32650 239
32601 -42
32399 -167
32566 -72
32476 23
32378 21
32450 33
32633 93
32556 46
32646 159
32464 17
32435 -7
32588 -96
32470 61
32542 -93
32518 63
32515 29
32438 -8
32563 -153
32615 -63
32574 -83
32662 -154
32328 5
32502 -81
32669 -31
32404 -124
32607 -103
32681 79
32600 83
32689 97
32582 -136
30833 -3340
32503 -254
32425 155
32566 -17
32502 -183
32467 -57
32357 -400
32578 -170
32866 -230
32759 -81
32384 64
32383 -26
32546 52
32745 -59
32489 -117
32420 -70
32361 -129
32628 -46
32576 -180
32670 -145
32590 264
32540 -25
32407 127
32447 56
32666 156
32420 -35
32541 60
32512 -54
32487 -82
32380 -199
32444 29
32420 -249
32169 -151
32010 223
32544 -27
32891 65
32737 -191
32591 187
32349 -64
32512 231
32571 -11
32729 -105
32479 -179
32202 -58
32427 -169
32324 -150
32427 -171
32387 -105
32506 132
32658 325
32662 14
32540 212
32056 -153
32201 142
32460 10
32374 74
32602 33
32526 -104
32546 51
32514 3
32315 -69
32537 -82
32431 137
32416 -70
32484 87
32730 -87
32627 -101
32607 56
32577 105
32396 -43
32422 -118
32574 140
32523 -205
32513 -18
32508 26
32652 92
32876 228
32499 -255
32560 -8
32355 -149
32476 -114
32647 77
32663 -8
31508 -127
31283 -336
32213 270
31539 -39
30733 137
31060 51
31526 168
31738 -18
32295 50
32481 143
32420 -109
32428 -34
32358 84
32481 -68
32408 -60
32616 82
32392 -75
32531 74
32820 -37
32671 -143
32624 121
32394 182
32411 111
32321 -297
32390 -6
32318 129
32392 188
32248 230
31942 -102
32413 91
32754 -121
32297 -45
32546 -152
32607 58
32623 161
32590 79
32480 -87
32224 202
32377 183
32509 22
32282 23
32513 -27
32531 -22
32500 -170
32644 -69
32769 93
32576 210
32561 202
32573 -220
32419 113
32737 69
32522 29
32611 3
32555 227
32670 67
32101 20
31226 -8
30929 225
31474 64
31271 87
31418 -63
30288 6
30695 161
31602 81
31208 -110
31325 -110
31723 10
32832 99
32474 -109
32656 -179
32524 72
32514 -1
32426 56
32404 -291
32484 -83
32681 173
32605 152
32592 114
32520 50
32483 -235
32467 -244
32539 57
32392 -132
32142 213
31898 144
32263 -113
32589 212
32447 61
32603 -73
32634 104
32527 147
32617 -23
32507 -224
32547 20
32594 334
32493 -90
32561 -149
32378 -162
32282 -69
32488 37
32412 -192
32473 -10
32600 -56
32546 -230
32483 266
32551 202
32409 57
32548 -140
32635 23
32637 -37
32503 -65
32302 74
32591 -217
32617 83
32522 -237
32689 8
32488 -210
32434 -156
32457 -94
32417 170
32505 -89
32423 57
31810 147
32538 226
32640 -87
32427 -76
32300 26
32536 -91
32675 83
32384 -77
32463 140
32626 -61
32607 201
32398 -132
32318 8
32555 96
32603 173
32274 159
32537 80
32591 -23
32310 -316
32284 -110
32611 -10
32364 -37
32294 38
32504 -26
32539 2
32543 309
32634 85
32367 199
32630 -108
32504 82
32704 -101
32333 143
32523 66
32523 135
32532 -21
32355 104
32660 -77
32453 -40
32386 -3
32370 68
32196 -245
32528 90
32466 151
32575 213
32444 -191
32569 195
32455 42
32791 -76
32452 44
32218 -46
32100 -196
32452 -2679
32293 1
32509 25
32633 -136
32556 -103
32482 -40
32618 126
32453 -14
32522 -96
32534 -10
32562 80
32456 -104
32462 0
32584 -156
32385 69
32484 -8
32354 143
32389 -151
32514 -130
32520 -171
32576 108
32473 -30
32426 -9
32414 25
32593 -25
32524 -110
32470 -10
32588 59
32425 1
32535 35
32302 57
31906 118
32337 -92
32420 -33
32471 -215
32556 -11
32309 107
32504 127
32449 -25
32614 92
32518 -9
32483 -27
32476 48
32425 81
32442 206
32363 115
32430 60
32468 -91
32595 108
32458 111
32533 -16
32509 30
32577 136
32185 135
31833 101
32145 -131
32576 -116
32543 147
32452 -65
32525 -1
32524 44
32503 -48
32582 -28
32429 19
32566 43
32464 -162
32475 78
32565 -2
32512 -224
32599 -113
32511 86
32529 -121
32545 84
32457 -39
32407 75
32539 32
32464 48
32508 28
32497 -44
32452 115
32496 -54
32462 -93
32629 9
31115 -60
31397 51
31344 71
31014 -5
31132 125
31936 14
32097 90
32602 -50
32608 -121
32429 -37
32559 83
32395 -47
32485 -57
32319 -86
32438 158
32520 -44
32548 -27
32490 -110
32596 -179
32550 53
32431 -136
32697 81
32477 -53
32383 110
32420 -6
32570 -45
32534 -5
32482 -61
32271 -41
32144 33
32216 17
32482 61
32589 -2
32293 -103
32726 -5
32496 28
32444 -49
32463 84
32594 -44
32537 -88
32426 9
32492 43
32361 -26
32630 -157
32562 38
32658 -75
32449 -122
32713 -118
32506 -32
32500 68
32497 -113
32391 -134
32506 13
32446 160
32433 -43
32591 -52
31544 -48
31418 138
31884 -35
31152 56
31188 -2
31226 79
30750 -53
30677 -32
31230 59
31629 48
32122 -60
32649 -25
32544 -110
32450 -101
32561 -88
32512 44
32527 78
32437 -16
32485 -166
32493 -140
32504 -218
32490 -147
32566 244
32484 -27
32461 -46
32552 -38
32437 -92
32575 -15
32376 134
32015 -5
32395 -118
32381 58
32445 40
32514 23
32559 32
32551 -104
32344 -107
32491 -9
32648 -35
32459 117
32632 -13
32477 142
32446 -34
32623 48
32441 -98
32557 85
32461 -10
32369 -140
32662 35
32593 113
32668 -21
32672 -26
32510 -36
32554 -25
32565 -20
32581 90
32535 -145
32513 93
32436 -43
32396 -18
32507 134
32471 -83
32635 11
32279 -17
32174 -20
32379 -145
32476 -73
32529 -45
32531 10
32486 -1
32355 34
32468 51
32409 -75
32481 -64
32439 -14
32464 -113
32411 -167
32589 -62
32454 33
32446 52
32577 -36
32490 196
32490 101
32512 24
32646 123
32245 -10
32057 -14
32207 -16
32418 12
32516 -40
32487 -95
32574 12
32516 -34
32565 -79
32299 -155
32576 -193
32537 9
32435 -84
32452 -76
32465 -69
32412 -43
32389 69
32574 55
32549 71
32506 -39
32457 90
32500 184
32448 25
32601 168
32411 -135
32595 24
32554 -38
32480 101
32416 23
32680 47
31085 140
31031 6
32227 -1468
32438 -310
32595 -203
32558 32
32486 -104
32797 31
32564 147
32120 -171
32621 -131
32558 313
32537 -161
32399 71
32577 -76
32653 -483
32711 110
32444 -190
32538 235
32401 -209
32411 116
32510 122
32367 -221
32664 124
32529 -171
32541 51
32716 -119
32308 -146
32490 71
32626 -132
32443 -290
32477 -185
31739 56
32276 39
32716 64
32326 74
32706 74
32525 53
32534 -20
32510 60
32324 -127
32477 18
32491 -30
32378 240
32688 -387
32518 -13
32640 217
32431 238
32485 48
32568 90
32721 -144
32378 -22
32230 -33
32514 95
32438 -191
32684 279
32550 58
31940 -133
31985 241
32279 -73
32593 254
32491 90
32549 -153
32431 151
32577 -65
32510 112
32512 142
32509 -53
32496 56
32491 -131
32547 329
32627 120
32689 -46
32415 124
32433 178
32433 1
32550 269
32484 -172
32711 204
32515 90
32532 -101
32542 -5
32531 -91
32239 -98
32536 66
32026 -66
31021 200
31559 -11
30906 10
31267 -186
31534 -10
32304 -10
32346 -156
32412 -217
32496 177
32423 73
32242 11
32230 -93
32416 -93
32545 107
32654 -118
32577 97
32461 -118
32450 13
32653 6
32453 67
32528 -228
32688 -22
32688 -148
32452 -22
32772 -1
32626 -103
32184 76
32388 -212
31921 -142
32083 -27
32144 255
32642 -143
32549 -156
32575 -15
32591 223
32482 -38
32666 84
32416 173
32529 115
32397 17
32386 49
32357 196
32401 -31
32483 -17
32436 -133
32467 125
32626 -16
32286 102
32446 -70
32261 -32
32592 -58
32602 -105
32678 237
32605 -142
32137 170
31223 -26
30624 230
31718 130
31493 -119
31724 161
31348 253
31216 109
31188 35
32342 133
32571 -48
32471 -136
32539 40
32127 197
32390 220
32453 -240
32623 108
32719 107
32333 85
32624 81
32340 110
32145 -263
32390 -151
32509 -8
32598 60
32533 77
32611 50
32406 168
32653 -177
32583 224
31940 -163
32113 -97
31822 216
32670 -140
32653 48
32621 -187
32538 55
32296 -32
32553 -48
32289 199
32535 -4
32301 -13
32375 69
32124 315
32590 -77
32465 190
32845 134
32366 -90
32317 199
32665 92
32699 -136
32747 -198
32375 -102
32407 94
32662 69
32601 173
32532 138
32393 139
32303 112
32526 -22
32440 44
32502 -151
32403 -319
32039 100
31892 -60
32535 122
32476 -95
32476 -91
32632 9
32314 -17
32394 -21
32590 160
32419 196
32493 143
32497 -50
32407 73
32500 -55
32712 -30
32605 -373
32690 11
32446 33
32549 -177
32596 123
32666 64
32485 -148
32466 -131
32541 -241
32129 -128
31895 -8
32165 -15
32202 116
32316 182
32384 -6
32559 -46
32556 -130
32316 -159
32443 26
32585 67
32381 -68
32648 -44
32724 -13
32597 244
32340 -12
32509 129
32429 -167
32683 -19
32580 289
32659 -2
32667 -197
32637 -2
32699 -49
32535 -13
32562 -122
32599 170
32601 306
32597 63
31527 -35
31704 -103
30872 -3047
32043 -159
32549 -39
32498 -180
32407 27
32588 -19
32444 -112
32739 -34
32400 -49
32449 -51
32501 -116
32501 -96
32567 186
32565 -124
32593 147
32469 -60
32554 -70
32402 34
32464 96
32367 208
32574 -102
32688 47
32475 -52
32544 149
32512 156
32582 -140
32585 69
32607 69
32322 -49
32007 -24
32251 -226
32533 -36
32393 50
32544 -16
32351 78
32462 104
32515 -87
32203 46
32380 -32
32638 15
32525 -35
32574 35
32462 162
32458 21
32507 55
32417 -90
32606 7
32630 -35
32542 -9
32485 115
32578 -102
32489 27
32477 92
32483 -23
32594 137
32455 -178
31988 10
32088 -90
32484 100
32448 -25
32680 36
32596 47
32532 -91
32397 -52
32414 81
32624 -94
32600 -110
32483 73
32578 122
32522 -3
32674 -44
32368 11
32431 -7
32671 -31
32525 -58
32652 72
32472 24
32399 198
32452 20
32493 5
32407 75
32551 -14
31572 -44
31195 -87
30883 74
30923 70
32014 -2
31562 -115
31233 -183
31259 -20
31189 36
32379 -3
32448 97
32481 -62
32593 -20
32457 -92
32580 -149
32493 35
32532 -33
32448 -196
32423 109
32490 -7
32552 -100
32611 60
32592 132
32505 23
32693 26
32671 -160
32476 180
32581 98
32457 -26
32510 53
32400 8
32658 203
32043 -93
31952 -64
32546 109
32531 -10
32545 -71
32463 -56
32624 -74
32418 102
32522 -15
32601 -42
32458 81
32665 153
32579 -183
32694 25
32683 67
32680 -14
32420 -8
32583 -67
32453 -23
32516 -105
32502 -10
32501 87
32496 30
31725 206
31264 -170
31215 28
31195 -185
30767 -118
31202 0
30941 25
31876 -23
31397 -97
32071 -41
32531 90
32476 50
32369 -176
32540 -53
32455 33
32499 103
32549 -106
32361 -67
32571 90
32399 74
32489 -24
32489 -78
32480 131
32586 -37
32398 -25
32672 -30
32704 126
32519 51
32453 96
32492 -14
32644 -81
32347 17
32363 -82
32343 102
32123 -77
32288 -83
32409 -169
32522 176
32516 -19
32608 81
32558 -33
32513 41
32558 38
32558 165
32405 118
32376 -104
32584 69
32495 -52
32413 114
32605 -132
32436 -89
32501 -8
32481 -146
32455 -82
32539 37
32571 -81
32433 -292
32570 9
32399 96
32520 -5
32407 -121
32448 -147
32456 -50
31922 -238
32042 112
32641 -55
32429 -17
32598 80
32781 11
32343 47
32403 128
32397 -122
32423 -159
32397 92
32542 190
32583 -42
32429 23
32466 -108
32571 24
32522 -159
32560 -31
32592 -60
32534 -49
32504 -59
32512 -195
32416 57
32322 -131
32421 -56
32454 17
32400 38
32044 -96
32144 -213
32484 103
32415 23
32479 -176
32442 40
32505 64
32498 -4
32506 -71
32375 39
32539 -1
32651 -43
32530 105
32609 -44
32551 55
32537 6
32711 -221
32654 55
32443 168
32570 57
32636 -122
32424 38
32442 -197
32550 -173
32475 -64
32537 18
32489 -148
31897 129
30745 82
32074 -1569
32008 -186
32159 -98
32521 -34
32391 -31
32575 -124
32573 -27
32591 40
32586 11
32605 -66
32583 100
32503 -100
32613 83
32303 -39
32605 176
32321 -50
32520 81
32291 129
32489 -184
32783 -177
32413 -116
32814 -72
32579 5
32486 -36
32600 -110
32341 -147
32292 -13
32244 36
32164 -93
32451 195
32633 15
32471 -124
32609 220
32678 -133
32358 122
32625 33
32455 -84
32805 85
32543 121
32374 217
32566 -59
32373 -73
32469 -107
32194 8
32544 138
32573 32
32392 18
32335 43
32464 107
32328 204
32448 50
32561 235
32582 144
32447 130
32594 -175
32328 11
32419 139
32438 -66
31853 -209
32181 -73
32686 -91
32632 -88
32337 -55
32501 94
32679 65
32649 22
32463 118
32586 -58
32324 -12
32548 36
32562 -90
32585 28
32606 -193
32535 -128
32630 65
32427 34
32584 74
32611 -5
32454 24
32323 32
32401 104
31762 68
31592 -225
31122 -48
31791 -52
31636 -33
31214 51
31348 94
31225 42
31081 -96
31454 -155
32392 32
32573 -12
32354 68
32396 -41
32241 88
32334 13
32960 12
32728 -21
32410 -113
32581 122
32582 3
32395 113
32381 -1
32703 -123
32611 -186
32408 61
32544 -2
32452 -285
32620 -14
32680 -162
32358 -108
32441 -127
32542 -283
32658 73
32373 -284
31960 126
32658 -42
32414 -86
32376 175
32575 26
32698 -96
32390 13
32403 230
32361 128
32604 114
32316 -86
32559 26
32319 -152
32459 -93
32407 101
32226 -123
32593 -94
32395 -149
32440 354
32591 -107
32570 -68
31208 -6
31649 -202
30999 28
31346 91
31308 -65
30198 4
31037 -152
31352 -59
32416 -215
32420 -172
32512 13
32489 -15
32619 -82
32489 -24
32479 -215
32454 49
32509 -173
32452 -31
32762 67
32551 -84
32492 -105
32591 109
32351 -172
32442 -12
32505 -16
32729 70
32442 111
32643 -96
32429 -100
32304 175
32651 71
32601 29
32347 -72
32771 -1
32273 73
32121 260
32072 148
32509 78
32365 116
32331 -32
32573 206
32493 215
32660 94
32478 198
32406 132
32598 -72
32489 -119
32629 -44
32542 -50
32503 51
32621 219
32535 30
32669 -78
32681 20
32475 -166
32644 -118
32579 219
32706 -107
32531 -102
32370 -17
32437 115
32027 185
31974 97
32191 196
32511 115
32581 64
32438 155
32368 -42
32380 170
32494 60
32433 142
32498 17
32547 -54
32599 167
32542 158
32557 -83
32683 190
32609 -118
32661 144
32209 6
32683 -227
32517 -61
32473 10
32485 19
32278 63
32711 168
32390 -29
32536 -11
32543 -5
32395 185
32515 -230
31970 -142
32354 -47
32712 -17
32270 31
32462 271
32459 311
32265 252
32780 84
32536 168
32544 29
32458 35
32615 -10
32547 -198
32592 95
32548 -3
32352 -54
32502 24
32585 -88
32653 -33
32673 -214
32585 73
32546 107
32672 -39
32557 90
32146 94
31040 31
31426 263
31047 101
32640 -1444
32198 -42
31933 -186
32167 7
32437 -103
32503 -83
32427 63
32528 -9
32466 -48
32567 -128
32497 -11
32548 -27
32498 -64
32461 59
32592 1
32538 27
32465 -57
32555 -29
32562 -73
32516 -12
32488 -69
32603 -16
32539 11
32533 -105
32491 -9
32300 15
32038 54
32300 26
32563 -164
32536 -36
32474 -39
32564 99
32594 0
32489 -18
32432 -64
32538 -41
32473 -134
32667 -43
32559 -80
32399 6
32465 -56
32574 49
32499 89
32525 -11
32526 98
32534 -48
32626 43
32418 60
32643 111
32500 47
32546 -74
32483 85
32636 57
32566 -36
32441 -27
32380 22
32478 82
32516 -109
32376 -57
31937 3
32307 6
32478 -5
32494 -154
32536 12
32698 -81
32549 -152
32509 -26
32496 111
32528 46
32679 -84
32565 -68
32574 19
32539 76
32503 -20
32443 143
32597 57
32579 -14
32419 -203
32585 -39
32553 -54
32481 134
31504 54
31555 -30
31499 -38
32125 -107
31516 121
30280 63
31037 -153
31288 -212
32529 95
32476 -14
32564 0
32580 -2
32533 51
32594 -35
32445 41
32592 -111
32618 -19
32475 -87
32541 65
32617 -123
32603 -35
32399 -66
32563 -25
32556 53
32523 -43
32573 -119
32426 -17
32548 65
32523 -64
32482 -10
32464 -36
32436 -21
32488 14
32441 35
32506 -144
32369 54
32111 -27
32276 -49
32523 -44
32540 30
32444 91
32586 116
32488 52
32492 -4
32451 -41
32404 17
32567 16
32353 -83
32524 5
32581 -66
32597 52
32565 -2
32560 166
32594 42
32452 -108
32582 117
31697 -32
31333 85
31243 130
31199 56
31301 -30
31030 -5
31469 -3
32199 -74
32474 51
32589 -5
32503 -6
32485 -95
32393 4
32515 48
32546 -7
32491 -1
32636 27
32637 97
32553 -97
32485 -15
32442 40
32556 -47
32412 5
32547 -31
32617 -53
32459 -30
32430 -38
32458 -54
32444 57
32516 7
32526 -26
32530 157
32443 -161
32583 -31
32561 -3
32527 43
32041 -93
32000 4
32271 78
32478 -36
32579 -127
32547 -20
32521 -21
32555 96
32527 124
32591 -93
32452 50
32490 -12
32524 95
32586 -53
32606 9
32521 -9
32591 -113
32511 -53
32495 111
32485 -171
32530 -89
32479 -93
32547 -131
32537 100
32224 -14
31711 164
32308 -73
32544 35
32498 49
32606 37
32533 28
32488 -26
32522 56
32495 100
32506 19
32487 49
32517 -149
32733 -18
32515 -22
32448 12
32544 133
32552 55
32578 13
32493 12
32426 -35
32477 36
32517 -53
32674 41
32497 22
32652 -161
32549 1
32585 -4
32505 -4
32540 -4
32541 -46
32440 34
32022 -64
32027 -80
32417 111
32417 -21
32648 5
32493 208
32616 -116
32494 -31
32617 -72
32516 -66
32594 -6
32571 -6
32580 38
32435 -103
32592 15
32498 -8
32484 -74
32620 -121
32546 -26
32512 24
32534 73
32534 77
32514 -84
31905 202
31682 35
31309 30
31659 -70
31271 -1151
32415 -121
32484 219
32318 124
32257 131
32218 -108
32415 -10
32542 -6
32254 -137
32533 -21
32652 9
32627 145
32374 10
32648 -4
32892 79
32518 -120
32346 199
32550 -204
32554 -170
32477 -185
32429 -2
32492 222
32461 149
32558 48
32341 46
32044 37
32120 329
32564 -121
32387 -47
32555 -150
32523 -176
32722 -21
32686 0
32561 -177
32771 -103
32677 -369
32369 89
32566 -347
32463 93
32437 43
32513 133
32427 102
32164 223
32370 -3
32464 103
32362 153
32404 252
32480 -101
32348 -271
32570 57
32349 158
32296 16
32340 346
32579 70
32730 -60
32562 84
32517 -33
32607 24
32509 84
32348 186
32337 6
31940 137
32474 6
32325 51
32327 -252
32416 -202
32447 58
32393 -46
32374 111
32489 -209
32594 -261
32539 -197
32303 -124
32429 221
32520 268
32513 -26
32524 22
32277 125
31858 16
31482 140
32013 -32
31497 52
31287 -76
30988 160
31331 244
31676 43
31415 -241
31731 95
32368 -253
32856 -104
32777 -82
32838 95
32602 -14
32529 184
32557 -102
32530 -5
32601 -26
32507 -127
32416 61
32599 -10
32396 -103
32416 120
32726 -21
32352 13
32678 128
32441 185
32761 95
32547 -307
32830 -25
32214 -27
32514 -164
32465 -186
32747 -31
32541 -81
32528 -125
32697 -190
32772 193
32397 -133
31919 -104
32283 -18
32391 -36
32667 -230
32607 -101
32441 46
32439 125
32494 -47
32599 287
32778 -181
32321 26
32636 -94
32706 -12
32455 -84
32490 100
32420 -33
32587 -174
32701 -82
32382 -336
32212 268
32169 -113
31371 67
31135 -325
31180 -307
31688 -131
32258 5
32391 254
32344 208
32390 -68
32461 -35
32485 218
32482 -247
32624 -14
32322 -281
32482 39
32553 120
32362 29
32565 -25
32747 -104
32389 -100
32574 -4
32191 84
32327 -111
32457 76
32464 296
32666 388
32204 145
32405 89
32712 -22
32690 -185
32456 134
32501 382
32934 405
32737 -140
32437 -206
32445 95
32244 120
31644 -232
32339 15
32485 250
32813 -7
32484 203
32596 92
32500 167
32226 -83
32815 264
32506 254
32724 132
32552 -28
32505 -110
32594 151
32604 -120
32569 -18
32502 90
32533 -254
32459 -155
32429 44
32341 91
32157 61
31898 106
32191 456
32740 -67
32736 -52
32536 27
32424 372
32269 217
32390 -188
32620 69
32529 -110
32509 -99
32459 55
32371 -146
32528 84
32472 -153
32610 200
32513 169
32582 -49
32509 52
32289 -41
32240 -32
32534 117
32268 59
32534 -200
32550 56
32879 -282
32377 -268
32244 208
32489 -55
32693 -185
32463 0
32500 109
32466 -235
31958 250
32078 -108
32704 -13
32455 74
32474 195
32650 -85
32472 -140
32673 -51
32217 -174
32746 424
32449 52
32472 -39
32730 120
32474 79
32400 -217
32588 181
32201 -195
32567 307
32479 -68
32169 -141
31665 275
32562 -210
31666 -41
31506 -128
31578 -147
32129 -313
30891 -2045
32301 95
32782 -87
32541 98
31964 60
32191 94
32442 85
32519 -8
32502 93
32339 63
32664 75
32520 49
32460 -154
32588 29
32564 37
32413 -45
32522 -11
32595 -29
32321 72
32467 -1
32660 27
32789 234
32519 -129
32066 -144
32014 -67
32464 113
32398 5
32504 -122
32624 51
32651 -61
32457 8
32415 -26
32394 241
32641 -245
32566 -28
32618 -86
32583 -106
32302 5
32474 204
32624 -70
32505 -159
32552 -56
32552 -56
32656 69
32565 65
32480 -25
32478 -127
32823 147
32531 -12
32608 -70
32632 -59
32339 -123
32610 -36
32542 -43
32492 -2
32465 110
32536 -75
32619 -75
32439 -68
32455 -138
32640 -208
32031 53
32081 107
32662 -43
32481 -147
32741 80
32491 98
32327 75
32685 287
32437 -12
32610 84
32508 138
32543 57
32553 40
32248 8
32330 17
32442 205
31774 36
31314 188
30976 -65
31754 330
31333 29
30089 -102
31333 3
31434 -210
31103 44
31775 16
32544 -35
32571 -45
32684 -129
32500 96
32481 12
32506 -64
32539 -81
32624 -82
32603 68
32656 7
32500 -77
32673 42
32615 91
32466 -155
32452 -23
32514 -139
32433 146
32524 -49
32443 -51
32538 27
32536 -72
32606 -90
32380 -37
32443 -182
32464 -93
32456 47
32672 92
32556 26
32438 -24
32479 94
32611 8
32653 81
31903 131
31813 -52
32406 -2
32600 -85
32548 -110
32455 -87
32272 66
32532 -27
32550 -76
32494 -23
32317 42
32187 25
32491 10
32621 65
32412 -115
32655 -27
32439 -60
32087 -8
32021 90
32561 -27
31256 106
31250 -44
31620 12
32643 -86
32475 -14
32576 14
32518 41
32573 -127
32609 -162
32555 -29
32495 -104
32488 14
32518 -17
32468 151
32583 -93
32727 181
32589 -47
32333 -3
32579 15
32856 178
32513 -6
32544 -114
32622 -206
32705 -193
32454 60
32617 84
32600 109
32762 79
32537 -83
32603 32
32663 -13
32699 15
32652 -58
32666 76
32376 156
32474 -210
32132 -49
32120 120
32436 -55
32362 -21
32771 -23
32702 -210
32538 32
32660 -16
32438 44
32409 21
32551 17
32529 30
32537 -211
32561 69
32686 -139
32406 -49
32630 -10
32463 -178
32463 -97
32190 -92
31931 -19
32312 94
32521 -202
32536 -80
32597 -35
32542 83
32584 54
32586 77
32660 -23
32474 25
32469 128
32393 -23
32639 -49
32615 21
32631 130
32647 -135
32504 -61
32523 164
32414 106
32604 -81
32499 13
32577 -4
32461 264
32488 105
32553 -140
32489 86
32348 35
32363 -5
32363 -136
32327 210
32412 70
32623 -22
32611 185
32383 -46
32330 156
32496 -26
32338 32
31682 28
32215 -77
32457 -201
32559 -142
32427 -14
32516 -178
32515 -42
32582 -138
32555 161
32505 -50
32485 27
32552 4
32455 -128
31954 85
31518 -78
32523 1
32222 137
31229 -24
31035 19
31819 -11
31746 -113
30461 -45
31384 216
31185 158
31127 -1783
32348 -166
32645 -29
32492 -56
32536 137
31935 -1
32065 -113
32411 -206
32682 84
32540 -38
32578 -115
32635 32
32442 135
32469 -7
32574 186
32707 12
32428 -35
32287 54
32451 -66
32435 -157
32786 68
32315 -13
31881 -79
32296 -8
32671 -250
32549 -14
32794 252
32641 -128
32808 -99
32397 -55
32488 -84
32322 29
32541 -190
32474 -202
32319 80
32482 57
32478 137
32447 -58
32547 156
32614 -10
32243 -194
32530 23
32552 -260
32743 -41
32439 -16
32563 239
32477 158
32635 25
32473 120
32644 120
32550 34
32628 -23
32672 -44
32504 126
32405 19
32438 -118
32578 -80
32464 40
32495 -125
32580 -316
32166 80
32697 43
31924 -12
32021 138
32120 85
32465 -187
32591 210
32200 94
32554 -453
32328 -148
32536 -235
32426 -62
32440 39
32650 -3
31231 233
31336 -160
31594 -21
30934 -23
31653 53
31168 -13
32388 106
31015 29
31347 -36
30979 25
31729 -94
32209 -91
32619 -20
32628 -13
32406 -276
32612 50
32392 -164
32353 -38
32288 99
32664 -130
32508 -32
32543 -87
32571 -159
32536 -145
32750 -233
32725 135
32426 66
32582 -22
32643 -71
32527 5
32535 -151
32362 62
32517 106
32653 232
32573 40
32521 -84
32342 12
32437 60
32518 -111
32644 -23
32429 -151
32359 -39
32475 93
32653 98
32517 -173
32466 164
31976 -9
32092 -47
32499 11
32379 -7
32566 265
32663 -72
32641 -181
32658 -163
32353 35
32766 131
32722 -3
32517 122
32432 13
32536 5
32477 -259
32196 20
32091 307
32373 141
32412 -20
32170 24
32310 -168
32550 176
32395 -97
32477 49
32277 193
32627 -130
32559 190
32393 -89
32426 -129
32317 158
32270 -298
32310 211
32638 -55
32591 -191
32653 -153
32359 -287
32488 33
32634 44
32532 -152
32712 -66
32617 -214
32566 -181
32531 -10
32800 -11
32490 -143
32859 79
32677 152
32709 167
32535 -64
32343 5
32468 -111
32261 -58
32597 -152
32372 -138
32624 33
32433 -274
32445 121
31811 49
31937 -32
32478 54
32488 -122
32596 -253
32246 -117
32476 -115
32543 74
32442 144
32227 -387
32708 -197
32542 -201
32343 -12
32518 441
32413 161
32494 -14
32243 33
31848 73
32355 123
32475 -48
32571 39
32481 309
32389 -41
32178 176
32598 -111
32628 -159
32737 -38
32446 -176
32690 43
32544 81
32641 -151
32502 -3
32425 32
32335 51
32467 -201
32573 80
32409 186
32423 19
32553 173
32570 71
32455 13
32526 -8
32313 -91
32721 -63
32607 -14
32496 -39
32648 26
32439 249
32399 -6
32600 -156
32332 -95
32422 42
32595 42
32710 -152
32376 -185
32119 7
31948 -77
32343 59
32770 -133
32541 -23
32452 -184
32738 -4
32582 -38
32564 190
32423 -58
32501 -165
32667 -7
32463 -26
31188 -56
31186 -127
31241 17
30853 101
31421 28
31038 98
31753 75
30827 -70
30962 46
30516 -277
31400 -114
32266 -1870
32522 -189
32417 -128
32510 9
32438 34
32528 61
32044 68
32023 22
32448 -59
32695 53
32633 -58
32449 -19
32589 49
32623 -46
32565 -38
32637 127
32453 92
32413 24
32669 -112
32492 87
32169 19
32064 -19
32204 -42
32399 -4
32445 -4
32537 143
32537 157
32400 75
32482 -19
32480 65
32444 -119
32519 -6
32453 -80
32527 -9
32493 -17
32570 -17
32502 -39
32493 -127
32391 71
32467 77
32372 25
32570 11
32487 -38
32533 24
32561 90
32380 -98
32484 164
32530 -23
32480 -59
32545 76
32439 -27
32504 59
32481 -50
32421 169
32453 -175
32492 256
32347 -21
32665 70
32517 -58
32515 31
32530 -67
32418 44
32314 103
32310 21
31891 52
32415 -41
32563 32
32293 39
32429 19
32486 67
32389 164
32432 1
32604 75
32462 34
30975 -130
31690 -102
31436 -13
30774 75
31335 44
31074 95
32036 -103
31163 92
31333 7
32073 -28
32505 -37
32612 4
32485 72
32436 64
32349 61
32553 -28
32448 -56
32488 -120
32559 -7
32492 0
32486 69
32591 69
32454 78
32484 28
32498 -52
32487 6
32333 -199
32445 -89
32510 5
32437 -7
32480 -91
32452 -18
32490 -109
32576 -67
32456 84
32484 -120
32535 61
32572 36
32337 50
32524 -131
32444 -154
32498 -7
32487 96
32445 115
32478 4
32584 46
32477 114
32263 27
31734 -35
32353 103
32384 95
32383 -94
32386 49
32533 -132
32430 -90
32386 -43
32619 -23
32591 18
32664 39
32439 -150
32077 51
31858 -130
32610 -18
32521 22
32530 -20
32416 34
32425 64
32679 53
32663 -155
32513 13
32628 78
32547 -101
32403 39
32617 -92
32456 87
32491 94
32375 55
32478 23
32515 -80
32427 -1
32501 -4
32462 91
32509 34
32510 179
32331 106
32692 68
32536 11
32602 88
32418 -120
32534 74
32503 -99
32525 38
32498 173
32540 45
32691 96
32464 111
32455 -96
32557 144
32513 30
32332 38
32323 40
32335 20
32576 136
32437 -103
32077 56
32120 -11
32410 53
32446 8
32332 -74
32605 4
32694 89
32419 118
32413 -52
32445 -23
32614 -24
32478 -140
32506 202
32470 15
32094 9
32208 7
32546 -25
32540 -44
32531 -6
32361 102
32480 -57
32454 -8
32665 11
32567 24
32547 -72
32462 3
32363 -68
32630 16
32610 7
32583 22
32547 -34
32650 13
32498 -31
32541 8
32460 -47
32615 -88
32506 -33
32697 58
32456 -1
32653 109
32583 -109
32559 38
32500 -18
32651 4
32620 -109
32392 8
32592 169
32582 99
32391 32
32524 114
32557 36
32454 85
32646 -3
32360 -132
32481 74
32447 93
32131 141
32059 41
32569 -116
32532 103
32578 -34
32587 6
32592 37
32408 93
32511 104
32558 -72
32427 127
31189 1
31541 43
31723 112
30845 -62
30918 126
31015 104
31967 99
31272 -108
31488 116
31224 -85
31994 43
31376 -1324
32286 -41
32746 -179
32595 -37
32518 -122
32523 236
32349 -210
32103 155
31732 82
32530 -15
32570 -30
32571 138
32438 122
32685 -34
32673 217
32526 2
32615 45
32423 14
32301 -177
32038 128
32112 36
32593 128
32506 -136
32339 115
32587 59
32709 -161
32422 -24
32597 -75
32557 -326
32340 -137
32576 -57
32584 -206
32169 36
32526 142
32360 -56
32619 10
32352 182
32165 60
32417 235
32551 -178
32409 217
32367 -105
32147 29
32352 99
32722 -68
32626 -139
32481 36
32570 198
32467 -81
32287 298
32315 -31
32266 226
32512 -184
32562 -152
32506 -37
32335 17
32185 29
32217 -197
32486 -155
32637 -165
32598 -166
32484 -136
32483 53
32497 -18
32368 177
31900 113
32481 -4
32515 275
32590 193
32273 79
32333 69
32411 4
32502 190
31898 10
30804 -24
30960 -10
31383 -28
31357 68
31892 -86
32030 -25
32058 -76
31261 148
31698 122
32463 -150
32715 252
32292 -217
32664 13
32482 -39
32195 -1
32495 173
32478 -35
32498 -46
32531 79
32602 -379
32493 255
32501 219
32284 -34
32566 -293
32245 -8
32441 -53
32129 40
32627 103
32382 9
32294 230
32402 -64
32343 31
32482 113
32460 36
32280 -61
32650 136
32335 -14
32411 252
32309 43
32305 -21
32312 -7
32483 -8
32409 280
32494 51
32632 -115
32248 -39
32848 158
32574 -65
32241 -41
31978 -87
32151 190
32331 68
32486 -119
32502 19
32279 -33
32853 -46
32895 -7
32658 0
32474 11
32088 177
31721 40
32388 -161
32714 -33
32468 -1
32298 -74
32761 113
32404 156
32496 -73
32669 -139
32820 21
32591 -2
32491 -93
32252 53
32349 -203
32605 79
32689 250
32279 -128
32597 158
32399 -48
32645 -170
32464 -95
32499 -174
32605 -69
32793 -55
32616 197
32728 -172
32412 -110
32284 -147
32397 61
32464 -29
32093 299
32536 51
32663 43
32549 -238
32656 -93
32708 150
32509 -236
32496 -210
32349 20
32412 179
32391 336
32251 182
32415 97
32372 243
32526 126
32287 -252
32146 -89
32421 220
32364 436
32588 -211
32886 38
32570 59
32410 -44
32094 -66
32451 -31
32549 -89
32542 -266
32212 66
32008 -61
32352 -186
32566 -145
32553 -299
32888 -83
32268 233
32674 41
32337 -147
32493 -90
32594 -238
32567 -321
32555 -89
32454 30
32429 -66
32388 -84
32465 29
32556 12
32570 114
32618 2
32413 63
32430 -125
32293 -211
32526 -368
32572 41
32458 -19
32521 -198
32394 -267
32555 78
32538 -303
32473 -90
32536 -230
32491 96
32583 84
32764 -115
32678 -253
32421 78
32460 87
32646 -215
32819 43
32435 5
32601 -38
32361 123
32620 -3
32329 37
31739 33
32396 -179
32464 -53
32600 -41
32399 167
32658 98
32613 -100
31859 -14
31356 48
30676 -40
30526 -125
31503 101
31281 143
31733 63
31825 -78
32147 -51
30771 -3
31172 212
31975 -61
32680 -275
31612 -2295
32547 132
32566 -14
32471 45
32314 46
32557 31
32532 -93
32348 153
32153 -7
32075 38
32285 23
32474 -43
32545 -98
32368 -24
32545 69
32437 70
32478 -73
32220 -16
32167 53
31923 9
32382 -27
32519 7
32532 44
32495 119
32405 -58
32578 195
32262 139
32589 72
32655 3
32557 66
32575 7
32639 -61
32642 73
32627 17
32347 -19
32499 -43
32582 40
32452 -86
32534 0
32598 -50
32652 71
32482 -90
32545 42
32674 190
32525 279
32476 97
32516 20
32508 -23
32598 -108
32472 11
32356 44
32525 129
32400 40
32608 -95
32561 -10
32323 8
32500 -100
32527 227
32519 -1
32537 -193
32552 208
32333 -33
32357 44
32464 40
32497 47
32397 27
31965 162
32534 -101
32699 69
32398 111
32508 -188
32461 -67
31727 224
31161 236
30943 131
30979 -32
31284 -105
31443 -103
31082 69
30925 -50
32045 82
32264 60
32392 53
32681 -76
32627 170
32431 -153
32505 -12
32492 -48
32543 47
32575 -16
32512 150
32410 -33
32317 45
32457 62
32703 41
32588 67
32519 184
32368 -19
32591 50
32540 -22
32466 64
32455 4
32586 52
32541 139
32665 -89
32538 20
32694 -7
32501 39
32341 146
32511 -26
32498 117
32316 -61
32416 -6
32529 -91
32472 134
32337 25
32434 7
32560 -107
32629 -27
32616 -36
32614 187
32712 66
32547 -150
32428 66
31946 195
32166 82
32482 9
32326 -236
32352 5
32432 22
32573 -29
32447 10
32122 154
31953 -77
32402 -37
32622 173
32552 4
32594 148
32652 -10
32676 -122
32472 99
32591 -79
32376 -65
32562 45
32592 -57
32524 104
32463 161
32384 21
32606 -15
32424 -141
32359 120
32458 56
32542 107
32489 -69
32390 23
32296 -137
32677 92
32572 8
32502 -183
32659 25
32477 3
32461 120
32393 111
32441 -12
32607 59
32445 51
32410 -188
32459 -77
32691 -317
32628 124
32320 25
32221 60
32395 -34
32615 -61
32537 -43
32504 47
32526 95
32573 -138
32448 -40
32377 -156
32177 -89
32070 110
32219 119
32368 -273
32522 116
32532 21
32529 -98
32587 -9
32478 -110
32566 -1
32061 -14
32233 -28
32584 -74
32441 -24
32476 -35
32599 -162
32560 -27
32540 -17
32507 -165
32460 53
32731 -124
32449 55
32675 250
32534 41
32453 45
32497 136
32521 26
32499 -123
32555 102
32575 -20
32386 148
32479 134
32761 -83
32730 122
32385 -61
32699 -95
32515 -28
32549 84
32476 137
32440 -112
32420 -133
32448 -98
32424 -123
32531 -32
32521 92
32422 -108
32501 25
32559 53
32627 -104
32563 10
32459 -129
32502 -36
32668 55
32438 -41
32378 145
32505 -14
32189 93
32065 17
32103 84
32375 73
32550 23
32560 -70
32125 8
30966 49
31467 -19
30882 198
31188 76
31211 -106
31585 71
31175 -31
31336 -64
31920 -52
31836 -12
32019 3
32636 -109
32606 105
32358 -1488
32508 43
32429 72
32556 -109
32417 -117
32433 148
32335 -70
32642 37
32483 43
32165 37
31818 -94
30920 94
30594 185
29986 -3
29457 -62
28928 223
28502 206
28879 28
31921 -103
32392 79
32475 166
32632 16
32592 14
32536 91
32642 -189
32504 -47
32664 -25
32503 8
32589 -50
32502 -86
32440 -294
32337 -25
32551 -93
32563 -180
32651 -7
32613 87
32355 -34
32526 54
32344 77
32497 -182
32714 162
32461 83
32737 131
32748 -201
32562 -153
32528 128
32456 -81
32483 53
32372 -266
32670 10
32576 109
32319 69
32329 83
32508 127
32678 188
32616 253
32483 257
32415 -118
32543 -60
32792 74
32655 80
32453 26
32448 -145
32608 -88
32707 -85
32620 -27
32370 -48
32068 -213
32669 -8
32590 74
32070 124
31336 -40
30911 26
31061 262
31047 236
31065 -18
31049 72
31030 -87
31468 113
30976 8
31991 116
32276 54
32530 -36
32673 -18
32688 -135
32409 48
32481 -7
32512 35
32496 1
32495 78
32169 209
32390 168
32582 51
32695 139
32610 221
32454 215
32379 64
32402 103
32437 -64
32638 185
32620 -120
32458 42
32576 30
32513 -26
32595 77
32615 40
32463 -133
32542 -64
32493 -208
32604 68
32559 -143
32568 5
32607 266
32517 105
32662 -46
32487 75
32613 140
32307 -138
32451 -161
32676 -58
32576 28
32761 -203
32377 -72
32841 241
32417 -79
32303 44
31848 -63
32077 185
32546 62
32499 81
32676 28
32167 16
32182 -68
32439 51
32442 -95
32417 -219
32604 27
32424 -135
32595 -64
32442 82
32389 144
32528 -370
32427 214
32355 -82
32530 158
32432 111
32738 -56
32647 -151
32391 -120
32671 -147
32558 146
32680 25
32685 114
32606 73
32488 165
32435 -94
32790 -29
32553 -97
32539 -10
32649 -189
32482 -308
32398 -187
32376 -14
32384 28
32695 29
32158 27
32479 -50
32454 -29
32521 41
32691 9
32273 -42
32330 -199
32633 -5
32661 -44
32555 -52
32343 -125
32362 -67
32402 191
32456 116
32596 -138
32410 61
32386 -64
30511 385
28712 114
29346 32
29388 -57
29711 66
29310 98
29590 85
30924 -56
32116 -209
32472 -221
32431 -278
32227 -18
32557 18
32742 -92
32410 -202
32526 173
32435 56
32443 -3
32517 -59
32458 -136
32493 -60
32558 -187
32648 49
32436 167
32532 119
32443 32
32482 -99
32486 -179
32593 98
32599 -87
32417 150
32798 97
32539 -214
32410 -56
32578 96
32577 -176
32546 -6
32666 76
32520 148
32551 -48
32454 -160
32592 -54
32670 -152
32403 -2
32645 -78
32453 -84
32767 -56
32531 -147
32434 -244
32286 197
32510 -228
32287 207
32460 -24
32724 -65
32638 -64
32597 -244
32324 -72
32481 -176
32275 -5
31634 44
31316 -236
30566 44
31560 76
31195 -29
31209 -163
31242 -159
31034 62
31604 -144
31216 22
31716 20
32445 154
32438 84
32480 -56
32519 -204
32369 -1397
32327 -94
32522 -119
32448 87
32352 17
32475 -52
32426 -30
32596 -6
32339 -91
32545 15
31685 31
25683 187
23978 64
23843 -109
24049 -29
23770 35
23401 83
24718 102
31417 36
32615 146
32620 21
32651 66
32446 -40
32422 -1
32542 10
32404 -16
32343 -79
32466 -35
32458 -4
32457 -107
32475 -8
32518 130
32544 64
32529 -81
32434 -134
32459 119
32573 -7
32524 48
32535 -7
32490 1
32462 -119
32572 -62
32522 -166
32443 -54
32501 -24
32448 -20
32570 -7
32522 64
32427 12
32639 76
32524 15
32487 45
32488 -25
32616 -47
32470 -58
32546 62
32478 148
32414 -15
32547 -131
32661 19
32472 -31
32566 -21
32418 17
32414 -129
32543 68
32460 -41
32487 17
32546 25
32444 -39
32441 -161
31193 -30
30950 -25
30484 -54
31439 88
31582 167
31057 96
31489 -19
31253 -83
31983 -63
32296 -110
32418 -33
32510 127
32534 -26
32534 -39
32545 81
32568 51
32712 -83
32556 98
32425 131
32576 -93
32510 -75
32523 80
32477 18
32577 -74
32629 -38
32429 -12
32416 29
32564 -68
32343 149
32594 -104
32461 -214
32537 9
32434 144
32459 136
32500 -16
32575 2
32443 -17
32494 -68
32519 -54
32434 27
32573 -41
32436 36
32563 46
32497 2
32629 105
32479 48
32547 52
32391 81
32610 -41
32393 -4
32428 -3
32421 -39
32367 7
32523 -6
32558 62
32490 36
32281 98
31293 22
30427 46
30720 -17
32114 -80
32205 -54
32581 -6
32538 -49
32607 169
32452 103
32498 -6
32527 67
32627 10
32563 64
32609 -60
32552 -142
32615 53
32544 -75
32599 123
32552 -18
32679 -15
32481 29
32308 93
32486 4
32419 9
32397 -249
32333 80
32514 -143
32407 71
32449 -37
32568 36
32377 14
32508 31
32519 37
32384 39
32572 -12
32555 48
32469 -97
32504 22
32544 130
32567 48
32515 77
32565 119
32463 55
32539 114
32433 -79
32565 -84
32445 9
32617 109
32404 -29
32560 66
32525 4
32423 -78
32439 -44
32303 101
32393 -89
29173 49
23713 105
23789 -34
23834 -115
23757 38
23507 30
23752 40
28379 19
32523 -169
32465 -65
32424 52
32593 33
32544 87
32427 50
32540 -70
32432 11
32492 155
32526 87
32708 129
32421 -10
32507 40
32587 -33
32503 25
32487 -111
32541 17
32579 -97
32530 -22
32463 -40
32635 -11
32563 68
32486 0
32501 -48
32607 53
32570 118
32513 -39
32564 15
32515 -43
32552 -10
32451 -19
32591 12
32404 -63
32637 -24
32451 -80
32569 81
32434 -60
32579 181
32456 -13
32635 -12
32386 -80
32437 -97
32444 -32
32495 -98
32395 -63
32529 -11
32546 -108
32478 14
32373 -69
32504 -47
32212 164
31145 -63
31571 11
31514 24
31266 30
31184 108
30889 51
31399 -103
31262 -11
31813 95
32002 132
32487 -2
32576 26
32563 65
32459 -48
32432 -105
32217 -651
32297 135
32618 -243
32613 91
32599 -184
32704 -34
32486 -101
32428 24
32481 99
32525 -92
32052 -40
25832 -47
23587 111
25248 -86
25567 -76
23677 -351
23487 61
24289 -132
30906 289
32684 189
32542 89
32834 -182
32427 -78
32377 181
32721 -181
32627 30
32529 168
32449 -288
32291 -225
32558 166
32511 9
32633 15
32410 -380
32275 -315
32692 -81
32434 309
32407 122
32621 24
32570 268
32556 -213
32520 -165
32546 76
32324 182
32463 -261
32430 -179
32489 167
32445 20
32561 73
32445 -137
32473 -89
32648 -35
32764 99
32352 255
32477 -330
32521 -6
32623 6
32652 -111
32046 -72
32396 -63
32624 32
32320 147
32354 220
32637 -31
32453 19
32705 15
32929 16
32515 98
32117 235
32028 208
31583 104
31158 -77
31152 -154
31439 89
31214 -93
31169 180
31063 189
31891 238
31670 52
32576 53
32740 275
32756 -11
32722 16
32483 41
32196 229
32323 241
32461 -168
32567 -276
32431 134
32382 -224
32472 -250
32371 -128
32515 -145
32608 258
32576 -58
32308 -43
32545 146
32578 -16
32722 -108
32310 -37
32573 -99
32173 -22
32617 330
32715 -7
32563 -76
32653 -11
32618 46
32414 101
32379 -32
32434 153
32475 168
32313 174
32568 61
32265 233
32520 100
32354 130
32463 36
32597 -249
32574 30
32564 9
32440 64
32601 -100
32615 127
32734 85
32369 -106
32464 -26
32601 269
31930 160
30678 103
30020 182
30632 -239
32230 65
32913 -133
32699 55
32669 176
32767 39
32514 22
32544 123
32589 -12
32445 -278
32514 -41
32562 38
32470 -157
32486 -34
32470 -83
32740 -106
32620 13
32625 -53
32496 -183
32336 75
32691 -175
32472 80
32564 128
32721 74
32329 -137
32400 53
32441 -10
32810 -52
32650 16
32459 -231
32568 53
32450 67
32210 -144
32624 85
32434 -109
32683 207
32639 241
32495 -11
32425 100
32697 207
32490 88
32509 336
32126 40
32361 213
32653 393
32499 18
32301 136
32599 251
32159 0
32368 87
32400 104
32814 102
32391 263
29794 318
23927 113
24786 -266
25621 -193
24553 280
23231 137
23591 -134
27500 111
32366 -198
32548 -60
32539 -5
32566 -17
32739 -11
32357 39
32556 79
32470 40
32643 -43
32620 -89
32423 -93
32528 123
32324 4
32299 82
32532 57
32691 -177
32674 126
32555 -100
32547 168
32286 151
32342 17
32307 -78
32505 64
32776 139
32430 128
32653 -43
32382 -27
32196 -309
32520 -162
32453 -202
32374 164
32460 -145
32354 -27
32699 -156
32431 -90
32458 -272
32746 -3
32706 44
32328 21
32415 -111
32537 -35
32270 268
32526 51
32478 204
32273 224
32787 -259
32422 88
32675 278
32214 209
31221 -216
31393 3
30851 346
31120 -159
31098 -417
32182 169
31548 -36
31052 214
31311 -175
31495 -99
32599 88
32598 -176
32673 -94
32496 23
32547 5
32438 -95
32097 -101
31662 -1497
32370 51
32457 80
32415 -117
32373 -110
32420 -31
32524 172
32482 60
32629 61
32529 -154
32224 -109
26802 -36
23597 108
25591 141
24013 82
23573 -148
23831 41
24008 -38
30176 -120
32364 112
32561 -177
32479 32
32650 -68
32557 31
32438 -4
32628 19
32381 169
32618 32
32253 147
32554 -23
32451 -48
32587 -170
32445 16
32587 160
32492 -130
32487 185
32472 140
32455 72
32692 15
32263 -34
32603 63
32529 -88
32707 120
32370 52
32450 22
32321 -21
32465 -72
32241 171
32637 -23
32477 -143
32546 -34
32495 -17
32513 -138
32634 -134
32545 97
32578 -196
32383 56
32533 129
32658 -26
32589 173
32473 33
32560 123
32575 42
32210 108
31946 -42
32703 24
32152 -96
30995 -26
31619 10
31282 118
30877 9
31401 -59
31320 -66
32200 121
31424 -97
31020 119
31369 40
31849 17
32695 3
32585 -36
32371 92
32500 33
32680 62
32431 18
32531 -81
32637 -151
32405 -88
32564 -11
32456 -181
32540 9
32468 120
32574 31
32619 16
32471 28
32537 178
32741 41
32758 -48
32571 47
32524 -76
32467 -129
32419 43
32565 40
32615 -176
32392 123
32471 198
32528 29
32500 21
32500 105
32401 117
32498 -7
32426 48
32424 38
32581 184
32416 -27
32455 72
32559 48
32511 127
32549 68
32601 -8
32606 116
32495 35
32528 6
32419 -105
32523 -37
32535 29
32599 58
32462 297
30782 201
30519 46
31988 -34
30310 58
31186 -213
32505 -127
32439 -14
32680 189
32512 136
32534 79
32551 -60
32426 -54
32672 -9
32702 -205
32574 -164
32545 -64
32555 128
32472 -71
32420 -33
32539 24
32488 1
32394 -52
32445 57
32460 72
32344 91
32494 25
32622 0
32396 55
32695 191
32449 -75
32718 -16
32485 -2
32587 -205
32463 28
32429 99
32488 -26
32500 -59
32541 136
32392 -2
32468 79
32485 8
32451 -27
32627 -9
32442 29
32471 53
32485 -140
32563 -63
32645 -259
32531 -16
32443 41
32561 87
32543 58
32546 73
32507 -77
32603 4
30283 5
23810 97
24962 -184
24797 156
23709 -10
23914 -1
23605 4
26422 -74
32161 -17
32472 -17
32344 51
32445 -41
32433 -124
32339 57
32482 -60
32713 -136
32714 -46
32563 -77
32412 -73
32625 47
32550 -162
32619 -133
32625 98
32484 -68
32526 -290
32460 -18
32669 113
32549 255
32504 -87
32291 -23
32551 80
32565 134
32482 113
32456 -48
32463 -30
32513 190
32364 214
32492 -49
32529 -81
32510 66
32371 -123
32519 76
32415 -36
32370 146
32440 -91
32418 160
32464 12
32647 101
32452 170
32590 -109
32713 60
32423 94
32554 205
32073 -44
32564 35
32384 -54
31429 -102
31485 15
31214 -4
31235 10
30317 -141
31082 -51
31369 88
31456 122
31269 -103
31133 92
32292 -72
32455 89
32473 144
32474 -62
32644 58
32448 31
32362 -65
32442 -13
31607 -1154
32526 -125
32349 36
32428 -49
32427 -2
32582 186
32551 52
32398 5
32480 -74
32312 52
32467 207
27433 -233
23361 130
23716 -161
23645 21
24960 -137
25475 -222
23996 81
29611 105
32622 210
32758 -39
32597 -12
32467 40
32492 65
32526 -71
32335 112
32370 110
32510 -66
32567 323
32407 -10
32432 -22
32429 -95
32573 -143
32595 -310
32451 -251
32497 23
32470 -201
32580 133
32658 -54
32413 198
32301 182
32304 95
32572 -234
32508 -46
32500 103
32552 108
32390 -21
32402 -59
32596 32
32363 36
32659 51
32534 47
32618 -30
32718 -102
32641 35
32480 26
32646 154
32561 -137
32307 101
32629 -212
32481 -118
32650 -41
32535 -29
31558 -7
31040 -49
31370 -403
31420 28
31276 81
30954 -36
30957 11
31587 -31
30449 35
31351 21
31237 31
31503 11
31318 -15
32203 192
32633 -39
32526 -294
32786 -94
32429 27
32598 187
32543 -73
32582 83
32469 117
32394 -181
32589 -27
32553 -41
32547 120
32576 -58
32355 43
32328 -82
32530 -48
32681 -51
32617 -34
32482 -195
32562 -76
32556 113
32515 -86
32287 -237
32123 124
32416 -93
32474 -108
32461 87
32517 17
32462 -48
32544 1
32475 -55
32663 292
32662 1
32405 -40
32656 59
32578 56
32291 -86
32578 95
32500 118
32466 -99
32315 -48
32403 151
32368 36
32830 -168
32367 -2
32795 232
32517 -80
32674 -42
32521 -123
32720 23
32731 -117
31877 56
30361 140
30403 171
30718 -149
32270 82
32486 35
32518 -29
32584 86
32684 -33
32427 -139
32442 54
32474 -23
32346 -118
32467 104
32519 83
32390 -76
32591 -306
32385 -49
32640 -200
32486 -144
32400 195
32711 -77
32668 -47
32359 72
32390 23
32367 -25
32599 18
32693 32
32402 149
32523 -74
32686 -199
32500 -57
32578 94
32494 -94
32591 58
32451 3
32467 101
32631 82
32682 186
32677 -119
32549 9
32346 -134
32679 80
32463 242
32549 -4
32407 -22
32557 149
32569 160
32437 -145
32332 -112
32230 -5
32310 -117
32483 -132
32477 79
31046 -56
24451 -30
23406 -263
23570 105
23660 176
25591 81
23986 180
25404 153
32066 -24
32510 21
32667 86
32423 -40
32347 -102
32560 9
32490 -41
32540 60
32728 -7
32536 -143
32364 -135
32629 -60
32421 13
32501 -119
32688 1
32705 186
32347 -86
32574 -165
32578 51
32346 270
32630 60
32311 19
32506 105
32348 -187
32587 67
32583 4
32438 -29
32376 229
32443 53
32388 -99
32466 22
32477 -73
32440 -22
32343 -89
32448 13
32389 -4
32381 -59
32431 -117
32480 -178
32482 -5
32629 -113
32664 103
32525 35
32275 107
31557 115
31083 -160
31322 34
31040 72
31012 69
30990 -250
30849 191
31372 135
30232 -257
30979 119
31262 60
31641 -6
32218 -8
32595 156
32499 216
32784 75
32693 -200
32385 -46
32635 -34
32804 54
32369 -240
32326 -159
32394 -1279
32459 48
32423 10
32507 32
32520 38
32553 -35
32506 1
32523 -34
32495 24
32568 -23
32555 -65
28371 -31
23349 -1
23201 -25
24378 -71
25754 -68
24660 -64
23341 -84
28607 -21
32576 36
32510 57
32573 -48
32535 -37
32427 -14
32443 -136
32382 -41
32418 38
32410 -72
32397 -79
32469 -22
32523 -74
32579 46
32448 -14
32453 101
32315 -55
32431 114
32484 137
32558 4
32576 -79
32515 -36
32444 139
32530 -129
32390 -62
32457 -62
32561 229
32475 1
32498 102
32443 -32
32519 11
32484 16
32495 -161
32390 -37
32395 -10
32500 -94
32353 -50
32259 5
32544 99
32469 128
32532 40
32456 16
32511 3
31665 32
31275 104
31452 34
31274 -108
31426 38
30715 52
30895 15
31109 -59
31159 112
31085 57
30610 36
30734 99
31009 -121
31722 199
32395 114
32465 5
32366 -102
32412 -99
32437 -33
32516 -1
32534 -93
32438 -68
32598 -182
32558 17
32532 132
32422 -152
32425 -59
32536 -105
32502 -46
32555 57
32453 102
32477 -14
32521 26
32623 64
32458 -166
32454 50
32359 -40
32525 90
32609 10
32535 90
32538 107
32404 30
32559 -29
32490 49
32462 -45
32424 142
32539 -49
32458 86
32406 87
32423 72
32600 -59
32494 123
32454 8
32475 66
32435 2
32361 11
32388 24
32617 15
32433 79
32589 10
32570 87
32709 -111
32535 -169
32502 -56
32619 31
32475 0
32479 43
31811 18
30544 -1
30459 24
31164 -85
32214 66
32504 9
32365 -68
32483 17
32623 42
32507 -31
32587 -30
32544 -38
32486 -193
32736 113
32592 4
32525 114
32490 -89
32631 -55
32505 -60
32476 -26
32506 7
32479 17
32605 68
32509 92
32537 -53
32367 -28
32730 98
32466 -38
32494 -62
32583 -2
32438 -47
32477 23
32506 -83
32603 141
32601 60
32556 -16
32572 -53
32659 29
32567 -21
32486 -169
32434 22
32467 93
32636 7
32570 -6
32474 20
32432 35
32614 -16
32429 -1
32487 -4
32476 86
32528 32
32403 98
32586 127
32585 113
31560 17
24882 -66
23302 73
23514 -52
25274 126
25619 50
23829 -25
24987 -25
31389 -127
32539 41
32432 48
32523 -51
32538 -149
32595 68
32449 8
32575 1
32511 -60
32614 -72
32592 -3
32413 62
32515 -38
32643 -105
32502 -35
32432 5
32559 55
32585 -75
32657 -28
32574 -60
32618 126
32641 70
32508 -98
32434 89
32577 40
32619 59
32529 76
32359 102
32558 -55
32527 -10
32641 54
32504 -33
32393 -66
32551 43
32395 57
32561 92
32343 37
32503 23
32472 -46
32324 -23
32476 169
32631 -45
32288 -42
32019 44
31767 74
31322 -193
31788 25
30972 4
31166 -49
31530 -42
31268 91
30567 -7
30904 -21
30980 57
31458 82
32096 44
32668 -67
32598 -76
32559 1
32476 34
32582 -25
32323 21
32431 -33
32682 10
32525 -45
32479 -14
32340 -788
32444 -93
32581 150
32622 97
32493 144
32539 -36
32328 -52
32578 -270
32354 25
32491 -7
32539 85
29063 -239
23755 133
23777 -6
23958 141
24063 -208
24121 25
24190 -143
28570 37
32787 158
32540 153
32729 -115
32675 37
32213 119
32495 195
32446 75
32418 226
32511 -17
32571 -238
32296 111
32258 91
32666 72
32306 -154
32396 -273
32197 1
32637 -13
32698 118
32566 -22
32463 190
32710 -124
32630 1
32779 9
32348 55
32302 155
32399 0
32907 -3
32447 -162
32280 -120
32164 99
32489 234
32502 254
32433 347
32570 -9
32432 52
32207 191
32691 16
32434 -6
32383 -69
32610 85
32448 31
32476 -17
31407 93
31152 -159
30976 195
31341 62
31882 -2
31027 -123
31601 66
31199 41
31423 181
30743 10
31545 -278
31097 121
31539 -25
32036 143
32554 -55
32741 67
32343 134
32580 51
32457 60
32523 118
32382 123
32500 -19
32584 -34
32786 -257
32800 -241
32573 237
32485 -20
32206 -89
32429 -189
32781 42
32450 -81
32530 -73
32569 -62
32647 -85
32687 -184
32540 -195
32447 2
32478 -237
32665 30
32224 266
32643 9
32607 -222
32857 -27
32598 -38
32622 34
32517 -160
32318 -10
32576 -91
32352 -121
32516 -33
32378 8
32708 -96
32535 -212
32553 77
32585 4
32558 -8
32682 24
32787 44
32392 -3
32448 -14
32277 -68
32447 -199
32358 -38
32464 137
32404 -180
32395 77
32548 -118
32254 190
32222 248
32315 31
32270 -296
31979 -143
32189 -101
32769 18
32375 21
32648 101
32384 59
32500 59
32424 -307
32377 -64
32232 35
32389 -123
32903 29
32126 114
32568 129
32193 22
32388 -21
32648 -111
32425 -186
32546 149
32572 -68
32530 73
32559 -8
32721 -250
32755 -280
32760 -165
32441 69
32415 24
32571 -152
32633 346
32466 34
32723 8
32809 -6
32344 -11
32452 -73
32539 -235
32487 -83
32443 -41
32631 55
32531 73
32455 -36
32523 66
32567 214
32542 6
32524 352
32429 -328
32386 -117
32581 -148
32369 -141
32451 -119
32532 -157
31479 84
25633 -142
23714 -51
23599 -160
24141 34
23887 -14
23563 -135
24924 15
31026 92
32467 -154
32323 -14
32627 3
32461 -27
32478 -257
32828 -16
32461 -152
32587 -63
32577 -31
32580 200
32539 -131
32581 -165
32411 51
32395 -59
32591 -160
32581 -62
32404 86
32348 4
32506 162
32690 18
32430 23
32579 35
32527 86
32516 99
32683 -5
32222 29
32410 181
32605 -8
32637 -66
32573 -90
32552 -50
32280 63
32590 -304
32311 204
32547 -11
32336 141
32484 -70
32523 -174
32375 -9
32393 125
32295 -245
31819 -20
30952 -97
31222 -192
31099 -402
31530 148
31240 -29
31549 -216
31040 239
31337 -53
31447 -127
31333 44
31810 -58
32338 142
32637 -109
32256 -115
32124 -189
32690 68
32519 -175
32281 -22
32376 -96
32773 -88
32485 -162
32395 -203
32481 -89
31871 -1394
32524 -20
32539 40
32445 -79
32480 40
32389 -172
32524 -97
32477 115
32411 134
32525 11
32734 285
30947 -69
28958 -39
29384 -77
29727 46
30297 108
30577 -12
31033 63
31749 91
32136 93
32263 93
32603 -116
32588 28
32441 76
32503 74
32402 -94
32565 132
32504 -52
32501 94
32511 -35
32436 14
32570 -26
32665 -83
32491 -61
32295 -16
32527 -18
32653 -39
32413 -141
32712 -131
32501 122
32603 -57
32542 -203
32237 244
32419 61
32492 181
32603 118
32507 140
32555 186
32580 126
32562 72
32610 -109
32572 -127
32505 -213
32492 -211
32496 -28
32442 0
32460 70
32448 22
32398 25
32396 -55
32494 222
31559 62
31024 140
32013 -5
30959 236
31209 -43
31140 203
31206 -163
31072 -58
30882 -35
30979 259
30817 -179
31563 259
32087 170
31945 -108
31501 -56
31652 -21
32128 31
32477 -35
32580 -130
32491 -118
32543 34
32675 -56
32430 -52
32551 -102
32592 -217
32542 -12
32539 -38
32506 -56
32513 -102
32653 18
32649 108
32580 4
32482 -64
32481 38
32526 93
32548 16
32449 -25
32437 -125
32559 -33
32352 102
32380 44
32568 78
32546 -240
32523 -10
32528 -18
32542 -167
32642 -96
32353 -121
32351 143
32569 -165
32549 28
32617 -105
32410 2
32552 186
32540 -28
32662 38
32517 18
32544 -145
32323 110
32568 -97
32430 -107
32433 22
32381 52
32461 89
32358 -7
32456 -124
32436 -129
32544 -51
32461 30
32394 92
32397 -11
32388 -65
31965 -177
32218 -119
32521 43
32402 -40
32507 49
32657 -190
32609 188
32468 99
32596 90
32603 -97
32538 167
32567 63
32446 46
32514 46
32621 72
32523 -69
32622 -167
32608 160
32489 31
32614 -3
32603 -27
32652 -108
32482 -194
32210 163
32507 -115
32542 132
32499 -101
32493 -49
32625 111
32599 -7
32493 -87
32362 -189
32380 137
32503 -70
32519 -17
32645 63
32601 87
32494 -79
32549 -65
32415 -258
32411 -45
32545 -66
32473 109
32487 55
32538 82
32538 -34
32641 -8
32388 -72
32198 -3
31812 64
30980 -88
30219 79
29940 -60
30010 -155
29952 -105
29956 1
30049 -68
31701 48
32202 86
32715 25
32366 79
32504 -7
32294 -6
32647 -34
32462 -113
32467 -32
32500 174
32509 -29
32424 65
32602 34
32446 -14
32598 -101
32657 73
32349 80
32509 85
32677 156
32490 92
32511 -74
32424 -4
32640 -156
32451 -104
32450 78
32343 23
32683 34
32544 20
32485 56
32451 97
32516 72
32544 9
32700 0
32321 -64
32584 176
32596 -1
32362 -22
32536 84
32492 100
32546 -13
32452 -75
32547 -63
31835 7
31172 -2
31930 141
31267 68
31218 75
31304 70
31368 16
30947 82
30830 -84
31452 26
31732 2
32436 -40
32513 49
32522 109
32473 -84
32199 -33
32193 39
32606 142
32462 35
32410 0
32504 3
32515 109
32615 -72
32510 -131
32559 -750
32330 16
32436 -46
32625 -18
32401 55
32540 48
32130 -59
32384 -111
32486 -194
32545 -66
32186 -76
32272 -57
32537 181
32478 -241
32566 -77
32553 37
32546 97
32460 -70
32432 91
32306 -280
32196 -14
32363 -105
32384 -49
32526 173
32649 -23
32342 8
32567 -123
32465 32
32631 -32
32411 -69
32579 -178
32523 -97
32425 -109
32492 86
32533 108
32487 84
32603 80
32427 -183
32564 -175
32419 -150
32626 -20
32949 4
32358 -48
32646 115
32790 -109
32548 -150
32337 -177
32043 -114
31567 179
30295 229
28796 59
26838 379
23913 375
19885 285
17157 299
14380 137
12709 166
11569 385
9365 171
9098 -105
10084 270
16811 144
12461 -233
12120 382
17401 103
8310 -3
6240 117
12766 369
14688 115
5631 -8
1300 66
1616 191
1993 322
2057 478
2205 168
1791 328
2209 301
6230 421
12925 325
20935 166
28364 106
32071 -70
32539 -340
32712 1
32375 110
32614 -182
32488 -99
32526 -78
32268 -61
32352 -23
32659 -138
32662 -121
32407 -107
32388 -165
32606 105
32437 -69
32375 136
32419 -181
32406 39
32346 -142
32682 246
32671 -171
32557 75
32552 -130
32592 -192
32747 31
32546 -128
32515 -43
32297 -112
32660 49
32463 -24
32470 -113
32479 -68
32508 103
32765 11
32471 98
32510 -52
32468 113
32338 54
32323 298
32818 -71
32512 -85
32251 -99
32550 143
32663 20
32315 -15
32387 -31
32401 -246
32361 107
32466 -76
32560 3
32354 65
32468 24
32429 117
32198 0
32110 -44
32536 -40
32383 222
32651 -102
32474 -180
32382 46
32447 14
32400 -111
32546 -139
32427 -18
32512 6
32420 110
32529 78
32468 -45
32552 -224
32722 71
32496 33
32789 11
32389 -9
32465 -226
32388 -76
32494 88
32462 -371
32554 -16
32290 153
32512 1
32393 80
32380 -97
32557 41
32250 65
32607 -54
32348 119
32485 -24
32383 -215
32576 -249
32548 40
32473 30
32486 -1
32439 169
32274 -26
32330 90
32206 116
32344 14
32524 -158
32285 4
32023 60
32071 -40
32202 -50
32736 -118
32296 25
32514 40
32461 182
32305 38
32609 42
32348 -218
32409 18
31926 78
32194 124
32279 -179
32597 -25
32381 156
32527 -36
32475 255
32564 14
32595 -111
32584 -62
32339 -68
32482 -18
32421 -257
32656 -63
32449 -152
32573 -21
32642 102
32721 -6
32461 44
32503 -6
32375 -3
32482 -160
32460 78
32475 -95
32652 -190
32340 -207
32529 78
32453 90
32554 106
32436 32
32462 -97
32365 105
32331 -51
32580 117
32257 -15
32490 214
32575 28
32728 -227
32565 232
32700 77
32082 141
31426 67
30089 -8
31329 58
31003 -204
31696 129
31249 162
31394 -204
31402 -239
31418 -80
32446 -131
32191 -30
32466 -73
32661 214
32475 -88
32442 24
32448 105
32511 -155
32060 -14
32281 20
32281 -177
32608 91
32594 1
32422 75
32481 211
32350 -779
32422 -63
32538 12
32529 -135
32521 -93
32596 57
32449 2
32503 -32
32275 -97
31910 14
32172 -40
32473 9
32602 -97
32480 32
32617 -83
32518 -43
32594 -81
32473 -53
32561 45
32455 5
32482 -112
31954 93
32085 43
32533 73
32460 -83
32632 -46
32402 -59
32377 -41
32478 1
32468 10
32314 31
32453 4
32529 -49
32626 -80
32486 141
32561 -71
32678 -63
32528 -67
32608 30
32590 -43
32401 -71
32550 -79
32566 -92
31773 -91
27153 91
18953 60
12269 101
5667 174
-1455 166
-9117 113
-15458 248
-18735 184
-22860 20
-26878 31
-28278 43
-28999 156
-29557 116
-30047 -43
-29711 -42
-26907 -223
-29703 179
-15950 287
-8066 -228
-23505 -141
-9771 299
-11787 -138
-17870 -369
-23573 190
-22928 245
-29840 64
-32112 -11
-32027 -78
-32039 17
-32169 -12
-32143 -32
-32132 14
-32057 207
-31658 118
-29288 149
-25096 7
-11286 202
18466 275
32183 -201
32488 -131
32551 18
32452 -44
32316 -7
32445 -35
32414 88
32387 45
32550 -39
32443 -130
32610 -90
32493 50
32512 -113
32386 34
32478 89
32405 -3
32359 -62
32425 -125
32577 10
32480 -93
32540 13
32419 -32
32593 -94
32502 -61
32392 -57
32482 69
32547 22
32443 -5
32459 -98
32492 -103
32535 -48
32506 -59
32573 23
32513 -14
32459 28
32534 -61
32534 -50
32536 23
32506 -63
32552 18
32527 106
32498 -32
32506 -85
32491 46
32419 -7
32434 -95
32436 43
32494 52
32489 -31
32376 67
32541 118
32452 32
32524 72
31866 101
32005 142
32451 29
32518 -95
32422 119
32542 115
32461 -8
32428 -41
32451 -163
32534 166
32485 27
32526 -121
32465 33
32398 46
32501 18
32561 11
32427 29
32391 -8
32495 -46
32429 -49
32457 19
32564 -17
32475 -85
32472 -64
32521 36
32521 -55
32576 -20
32621 67
32591 -52
32512 112
32424 -4
32552 32
32549 -49
32465 -125
32356 -76
32596 72
32525 -45
32509 39
32483 36
32455 18
32493 20
32518 128
32481 86
32231 -36
32067 47
32000 31
32591 76
32513 39
32461 -165
32539 54
32482 56
32596 66
32504 42
32539 -41
32491 -68
32489 80
32348 -26
32057 -59
32047 -90
32446 -4
32489 91
32517 39
32613 -88
32576 -133
32482 -4
32399 -82
32435 101
32541 147
32508 -83
32518 19
32495 63
32515 -61
32554 -65
32614 94
32549 -155
32463 63
32570 -14
32460 -36
32478 102
32478 -8
32593 -18
32484 -13
32526 73
32527 5
32671 22
32628 66
32465 6
32415 -42
32461 -12
32645 28
32604 -7
32534 28
32544 -14
32550 -100
32507 115
32608 37
31983 128
31175 35
30659 18
30723 -35
31155 61
31485 54
30936 43
31074 -86
31956 -10
32489 6
32578 42
32516 116
32490 32
32558 -46
32567 -67
32513 -42
32517 -9
32610 -25
32222 -114
31961 11
32232 100
32383 23
32475 41
32533 73
32472 64
31802 -264
32684 83
32412 -173
32533 -85
32642 111
32480 -202
32466 -24
31992 -200
31644 -228
32212 -263
32808 -97
32605 35
32497 -318
32462 -65
32405 -79
32149 -68
32365 -112
32509 -245
32634 54
32452 -403
32297 116
32833 -39
31946 -63
31843 267
32273 -1
32546 158
32213 378
32298 199
32481 46
32128 -30
32340 57
32514 117
32342 -84
32365 -87
32332 -291
32653 -192
32276 41
32093 -137
32402 -98
32092 -156
32223 -191
32368 -691
28272 232
7339 1322
-15567 340
-26265 -148
-29419 429
-30885 21
-31694 -33
-32307 128
-32499 245
-32364 100
-32579 -68
-32652 -54
-31842 114
-31895 -226
-32067 26
-31582 -155
-23668 51
-9481 -262
-25408 -257
-28208 -18
-11166 305
-13215 -734
-23682 444
-12745 -168
-14115 2
-26442 -207
-29623 21
-29583 -369
-29392 -183
-29489 -149
-29334 -269
-29405 167
-29577 -14
-29268 -53
-29316 -6
-30363 10
-31470 -20
-32238 51
-32006 104
-14579 1131
24826 167
32656 -567
32201 66
32131 317
32313 192
32489 341
32232 178
32108 -39
32428 59
32093 74
32488 279
32232 196
32611 -86
32370 -57
32282 125
32374 -43
32413 -124
32419 -31
32520 -57
32448 -107
32717 -216
32497 -190
32457 69
32285 -172
32551 257
32419 140
32415 -48
32460 -38
32544 167
32437 229
32523 -54
32302 42
32603 -146
32298 -275
32594 -42
32345 49
32257 -128
32450 26
32367 -229
32522 -113
32247 48
32156 60
32682 251
32487 164
32687 -36
32577 -108
32594 56
32460 138
32554 -34
32317 267
32273 149
32528 217
32424 59
32440 -143
31961 152
31948 -120
32672 -79
32269 -45
32626 -176
32459 54
32457 -262
32225 -122
32475 16
32496 -97
32424 -86
32289 125
32444 43
32361 -243
32566 -85
32472 -126
32484 -193
32490 -59
32302 -29
32438 115
32644 17
32435 -111
32404 -182
32447 15
32438 69
32270 69
32165 -248
32496 -141
32535 -54
32635 67
32492 4
32669 -213
32603 -170
32593 -64
32571 9
32566 73
32395 30
32486 175
32411 -92
32551 77
32583 48
32208 209
31676 -85
32047 417
32337 -17
32318 219
32442 84
32657 156
32232 142
32306 61
32346 -49
32345 60
32669 24
32245 -66
32252 6
32411 272
32621 -163
32291 125
31933 -156
32463 -245
32735 -33
32436 455
32527 -94
32750 -4
32448 -162
32640 -8
32410 128
32689 68
32548 146
32497 -148
32582 226
32473 -156
32353 19
32380 -35
32717 29
32534 -191
32395 82
32684 -306
32409 -199
32571 -54
32530 -172
32473 57
32578 128
32465 128
32470 -152
32644 -20
32579 243
32839 98
32405 35
32283 154
32753 -190
32442 -160
32495 -99
32232 -15
31486 223
31828 210
31480 -245
31436 466
30987 117
31464 -6
31672 81
31588 -89
31948 -39
32466 -6
32632 51
32635 37
32562 8
32461 39
32492 31
32638 52
32458 -164
32383 -160
32559 -142
32466 -192
32607 206
32121 12
31845 -8
32472 319
32164 156
32518 82
31533 -1101
32100 -88
30195 106
31178 165
32441 130
32163 133
32259 146
32459 28
32519 62
32560 158
32419 -127
32448 97
32220 105
32681 115
32565 55
32342 -91
32527 65
32651 225
32361 -125
32447 39
32429 -146
32504 -70
32779 78
32163 -199
31937 26
32344 -127
32717 197
32502 51
32672 -128
32409 43
32532 -37
32459 35
32422 35
32512 9
32588 -72
32700 -21
32405 -11
32284 -180
32392 40
32360 124
32486 140
31616 -291
6741 642
-28196 520
-32436 90
-30725 -158
-28132 -86
-26188 -169
-23753 -126
-20450 -129
-17270 -173
-15247 -8
-12777 -172
-8693 -157
-4939 -46
-5218 -100
-4054 -76
444 -67
3669 -6
13254 549
10241 -43
3176 -145
6846 324
14623 114
5973 -281
6869 223
8344 83
9456 -171
9874 -352
9777 131
10160 53
10217 -103
10312 101
10321 2
10135 61
9973 -79
9926 -179
7340 -91
-433 74
-18926 -177
-32142 518
-29306 127
12244 160
32669 -286
32642 58
32653 4
32550 93
32544 -92
32507 24
32471 -87
32585 143
32452 -57
32500 152
32513 18
32472 13
32758 -12
32674 256
32616 157
32513 -3
32389 -52
32523 216
32626 51
32371 37
32401 8
32461 51
32633 226
32490 -100
32570 85
32533 184
32608 -86
32378 52
32512 -40
32487 60
32463 -12
32309 225
32537 141
32547 82
32471 -35
32493 -49
32555 -114
32466 52
32317 -61
32436 54
32664 24
32339 -42
32524 10
32408 283
32350 -13
32606 39
32526 -96
32458 66
32631 26
32376 88
32380 67
32729 192
32631 53
32510 -40
32112 16
32096 -152
32351 247
32523 65
32454 129
32504 -94
32520 138
32470 161
32563 16
32491 146
32732 50
32724 176
32450 -2
32309 35
32499 -18
32490 36
32584 47
32536 95
32635 -72
32490 27
32388 54
32753 -29
32425 16
32487 -52
32341 -67
32348 131
32358 25
32551 162
32539 -90
32583 -101
32427 205
32630 81
32407 58
32443 86
32383 -5
32451 2
32396 96
32681 -74
32271 -97
31927 59
32313 -45
32355 135
32490 71
32706 163
32610 -42
32564 49
32506 -196
32499 53
32565 52
32553 -12
32649 -14
32675 29
32525 56
32526 -22
32503 -32
32471 -52
32354 168
32157 -34
31703 -153
32379 -130
32625 61
32568 -123
32772 -4
32455 -92
32371 68
32685 -166
32505 130
32517 -49
32613 -71
32573 70
32586 12
32434 -5
32474 6
32559 -53
32674 52
32480 -54
32477 1
32335 -182
32404 157
32530 -21
32572 80
32554 109
32589 33
32538 -24
32378 38
32595 -3
32469 -4
32117 51
31825 122
32254 52
32382 58
31964 -8
31331 -146
31296 0
31257 -22
32076 90
30882 -39
31589 -1
30989 25
32355 -20
32445 -169
32599 -97
32460 -156
32541 194
32596 119
32475 202
32693 -65
32598 124
32399 -169
32400 -120
32476 152
32468 250
32527 -84
32575 30
32515 -25
31963 -52
32074 59
32501 93
32486 -308
30446 -800
30434 -282
30169 -330
31147 -93
31943 295
32215 110
32291 2
32576 -151
32299 112
32546 -69
32437 -208
32473 -85
32598 234
32398 -115
32468 120
32631 -161
32661 129
32596 -77
32491 61
32343 127
32166 -41
32505 -124
32376 -2
32426 144
32153 -24
32296 84
32625 81
32170 36
32256 132
32619 126
32410 94
32706 81
32548 62
32293 -188
32459 -30
32581 -138
32433 33
32402 143
32574 -6
32542 307
32665 48
29567 -53
-10381 673
-32120 524
-19679 -257
4190 -492
13241 -190
15925 -97
18618 -94
21682 -124
22910 -126
23486 -43
24035 -74
24988 -318
27266 -27
26524 -33
27030 -88
26830 -266
27733 -248
25822 174
27391 -13
27207 -139
27388 220
26374 -147
25594 -68
26048 85
26288 50
26255 154
25930 42
26172 -163
25769 273
25832 -69
26196 71
26066 53
26086 3
26258 -74
26167 -24
25962 49
25285 77
8429 -571
-28625 273
-31719 -162
-853 696
31324 -324
32600 42
32600 -313
32760 -264
32446 58
32540 -70
32429 70
32549 -25
32355 108
32496 18
32513 80
32635 -6
32523 -83
32501 -20
32607 98
32351 91
32306 12
32408 242
32613 -52
32445 71
32561 182
32441 17
32376 13
32813 58
32401 229
32454 296
32368 -54
32354 -156
32332 31
32347 145
32386 -91
32665 41
32396 236
32570 -28
32564 62
32413 43
32692 -18
32523 46
32492 158
32707 102
32294 66
32652 173
32492 -75
32544 83
32384 -12
32563 131
32644 6
32503 -7
32632 -7
32426 -61
32570 148
32478 -26
32610 133
32392 84
32496 -66
31984 12
32009 113
32541 131
32293 111
32720 52
32351 113
32529 -49
32572 17
32481 -55
32686 -57
32406 -71
32494 43
32284 -222
32520 4
32540 -190
32568 198
32598 154
32590 -80
32509 -1
32493 92
32335 119
32549 -281
32653 103
32277 31
32487 -47
32215 -163
32485 -20
32512 -47
32648 -46
32429 -75
32401 117
32482 242
32505 -3
32341 -47
32412 61
32422 -16
32062 136
32171 20
32257 5
32537 147
32485 -9
32595 -20
32476 -106
32527 -277
32538 -60
32571 -129
32543 -226
32484 93
32490 -52
32506 226
32407 -50
32413 31
32410 23
32482 -44
32837 -128
32512 285
32515 -206
32258 -89
31655 -246
32155 87
32586 -50
32605 2
32609 -5
32498 83
32539 -97
32440 14
32512 128
32482 -330
32686 107
32603 -41
32459 156
32483 301
32448 111
32325 39
32637 -194
32497 -26
32416 137
32615 -85
32460 -11
32432 92
32396 -294
32388 -102
32387 -92
32406 -124
32362 198
32273 241
31660 268
30875 75
31039 9
31207 -194
31294 -209
30963 -329
30692 63
31321 -154
31358 -210
31113 -232
31404 105
31685 -50
32722 -77
32626 149
32478 -221
32393 139
32366 20
32525 -170
32643 177
32561 99
32475 -29
32412 -197
32497 153
32499 -42
32549 -46
32704 43
32566 -35
32373 127
32454 19
32172 63
31878 -118
32248 -14
30502 -1032
30923 -142
32205 -117
32139 1
32382 -110
32424 -66
32511 -2
32374 -81
32427 -5
32522 75
32582 49
32555 -100
32688 -64
32349 43
32511 42
32362 -134
32517 173
32572 -63
32628 43
32535 264
32315 1
32389 -122
32539 101
32506 49
32525 -118
32189 -42
31734 -62
32310 165
32455 15
32492 12
32370 -23
32408 -225
32447 48
32339 192
32527 -78
32483 -30
32533 13
32551 63
32399 -81
32516 100
32464 53
29346 37
-14127 13
-31422 103
256 -274
25615 -20
26213 117
26141 150
26191 125
26199 86
26170 88
26294 -31
26170 85
25856 39
26108 2
28661 17
26240 25
25708 18
26321 -21
27880 -155
25351 -73
25989 10
25975 135
25742 9
26165 117
26030 -132
25797 -121
26193 -133
26172 -95
26120 91
26118 147
26051 -144
26136 -67
26098 -7
26116 -24
26171 -65
25885 -56
26086 42
26116 88
19336 69
-21642 -197
-32655 16
-8977 -54
29482 -201
32392 -161
32432 -109
32312 -13
32509 -189
32467 -94
32584 248
32404 -31
32513 -47
32517 -64
32337 -27
32532 2
32440 -90
32531 -103
32300 -94
32569 11
32388 -54
32536 70
32426 95
32493 -58
32543 42
32467 -12
32505 -17
32449 -37
32543 -49
32518 33
32469 12
32557 -107
32426 -35
32592 -75
32247 -1
32572 -25
32517 -27
32474 -11
32574 -40
32530 -54
32590 4
32557 50
32477 -36
32470 -45
32589 56
32605 -98
32639 -153
32516 70
32543 15
32565 54
32467 -80
32501 95
32606 78
32498 221
32480 -54
32560 19
32512 -41
32526 79
32464 30
32404 46
32186 31
31796 97
32306 53
32536 -186
32383 -20
32584 -65
32501 14
32463 -56
32432 -9
32656 205
32497 61
32487 155
32720 4
32629 -57
32591 246
32387 -64
32425 170
32476 -21
32427 -172
32602 92
32485 -39
32421 87
32410 2
32506 -2
32593 -70
32488 63
32421 -8
32506 -34
32510 -115
32637 204
32478 144
32395 146
32434 -113
32481 -130
32082 35
31964 -19
32337 -50
32546 12
32541 -133
32450 -131
32447 60
32357 171
32423 120
32393 54
32538 -153
32338 -88
32449 67
32499 -24
32531 39
32466 106
32470 -58
32470 -89
32482 22
32323 14
32521 108
32389 42
32582 -21
32320 -27
31745 63
32148 -59
32525 19
32595 40
32471 -150
32535 47
32470 -166
32460 58
32562 -119
32536 119
32529 39
32630 6
32460 -161
32529 163
32374 213
32295 -80
32621 22
32385 72
32494 -48
32443 71
32377 -75
32577 120
32503 -28
32578 69
32397 140
32545 -29
32472 18
32058 -20
31289 14
31594 -32
31225 122
31109 -83
31459 157
30780 -198
30666 -25
31408 8
31035 132
31766 59
32498 41
32499 -111
32536 8
32491 36
32701 -64
32638 11
32567 -58
32323 59
32487 -48
32392 -2
32453 -211
32565 4
32436 80
32367 -149
32499 40
32564 -69
32459 -19
32651 24
32557 95
32231 -102
31709 -28
30346 -818
31077 -129
31953 -187
32139 7
32809 -115
32443 -94
32427 91
32390 69
32500 172
32661 194
32624 295
32332 -164
32519 109
32363 42
32404 4
32375 -21
32616 241
32455 194
32545 -172
32744 -42
32373 165
32466 -5
32697 81
32546 113
32424 7
32358 -74
32157 219
31541 53
32262 296
32547 135
32408 294
32411 334
32420 29
32617 15
32410 23
32481 -109
32266 50
32336 258
32465 194
32833 258
32671 103
29256 19
-12356 212
-30132 249
4761 -171
26058 -79
26292 20
25990 73
26213 -196
26009 -106
26261 22
25899 69
26016 -182
26682 78
25224 -104
26575 -186
27629 -64
25665 27
25183 -438
26621 -243
26146 -229
25925 82
26064 -55
26199 144
25964 -4
25867 128
26058 -101
25891 -30
25996 206
26003 113
26401 9
25969 -9
26373 68
26221 -3
26106 120
26126 232
25990 68
26364 82
26237 88
23302 60
-14269 -442
-32248 63
-13197 384
28201 27
32098 98
32218 264
32216 104
32595 14
32540 168
32553 42
32405 -2
32418 -31
32653 66
32421 24
32482 53
32690 171
32540 -94
32475 146
32658 233
32605 316
32608 154
32445 -106
32300 28
32459 -49
32463 220
32377 66
32464 0
32209 80
32517 64
32417 144
32484 79
32429 -134
32663 82
32474 178
32342 -93
32685 179
32237 -181
32596 -50
32452 23
32469 153
32412 93
32401 257
32354 13
32443 198
32601 122
32810 51
32472 87
32575 119
32451 -26
32413 67
32535 10
32463 -96
32469 130
32295 212
32599 65
32634 27
32519 228
32595 -272
32371 7
32515 -84
32227 79
31960 -87
31991 22
32789 74
32623 -114
32298 -224
32355 -184
32689 143
32755 -84
32371 32
32332 -30
32492 -101
32673 51
32458 40
32572 135
32636 -37
32336 -188
32410 67
32541 -277
32354 -15
32125 -71
32615 116
32593 96
32646 170
32493 -286
32487 -42
32207 -10
32633 -109
32502 117
32686 -87
32321 251
32376 189
32071 31
32398 133
32108 51
32374 50
32313 188
32426 -238
32398 -12
32283 9
32402 -91
32370 73
32545 77
32701 -80
32529 3
32396 -143
32506 -244
32313 -83
32657 74
32399 103
32790 -236
32478 117
32305 -39
32519 8
32271 -11
32622 -87
32546 105
32155 -39
31672 -177
32382 -212
32499 107
32361 -152
32581 -38
32402 22
32665 73
32544 -73
32574 251
32726 118
32543 27
32511 -124
32486 -28
32596 11
32390 -27
32379 150
32441 -105
32424 -25
32572 81
32236 212
32726 -45
32421 -171
32609 55
32212 -118
32312 -7
32103 -50
31600 60
30929 -16
30931 25
31410 176
31663 -4
31120 144
31395 -69
30495 -28
31408 -156
31887 117
32342 55
32403 -40
32574 91
32615 -152
32510 -50
32498 127
32596 -21
32505 -164
32437 153
32409 -439
32807 92
32353 -139
32563 88
32581 195
32279 -26
32494 31
32457 -96
32571 191
32539 173
32444 -246
32652 166
32724 -248
31092 -1049
31326 -64
31142 -113
31343 29
31708 177
32594 -47
32540 201
32519 -68
32589 41
32568 -61
32701 -45
32624 138
32474 -145
32488 -83
32526 143
32494 -6
32339 192
32581 75
32479 -193
32520 -102
32576 100
32568 147
32421 -132
32455 -46
32574 72
32536 -83
32679 24
32279 -33
32049 -86
32132 -125
32602 -138
32764 -27
32548 236
32470 -53
32633 -179
32603 -60
32324 151
32537 98
32504 26
32376 -146
32611 -74
30053 -95
-9878 -81
-29503 213
7299 -175
26081 -109
26008 -26
26068 203
26028 51
26048 -28
26018 -40
25829 406
27373 79
26405 197
25620 -45
25607 -42
27127 51
27051 -90
25906 127
25622 178
25783 -67
26095 7
26091 -12
26107 -53
26148 -96
26106 -88
25961 -104
25933 107
26163 -118
26061 137
26167 -36
25971 44
26100 -79
26121 -180
26198 -61
26037 -71
26190 -92
26058 5
26063 55
25258 14
-9090 -215
-32410 257
-15617 -11
28326 -23
32639 -192
31973 41
31913 -13
32518 -173
32202 -184
32513 120
32590 -70
32343 -10
32513 14
32605 -46
32574 -234
32413 -59
32625 -73
32596 -13
32532 -6
32569 -16
32605 73
32583 51
32589 11
32450 33
32704 101
32407 -244
32631 -157
32549 23
32562 52
32365 -21
32496 -52
32543 19
32429 -35
32485 -96
32456 -157
32717 111
32496 6
32546 27
32471 4
32491 -258
32384 -124
32490 -69
32693 108
32492 119
32448 -173
32458 -52
32528 159
32545 11
32517 220
32409 -68
32453 -107
32670 51
32590 15
32520 162
32494 87
32461 93
32390 131
32486 -26
32573 170
32553 104
32686 73
32172 11
31822 110
32052 98
32530 103
32521 122
32667 233
32454 125
32490 122
32476 73
32635 156
32283 -105
32406 43
32449 79
32621 60
32488 -124
32365 72
32483 12
32431 -17
32443 148
32423 -10
32543 263
32521 195
32455 219
32391 -32
32416 35
32523 -73
32362 -151
32464 117
32461 36
32332 -54
32052 1
32136 171
32401 16
32496 -47
32521 -88
32645 -99
32387 15
32568 6
32578 34
32257 -104
32462 -37
32604 -15
32511 -87
32339 17
32319 76
32544 -169
32497 -132
32538 136
32582 -16
32514 -95
32597 48
32358 18
32358 6
32414 45
32579 -253
32583 -122
32630 20
32610 94
31956 36
32370 147
32499 132
32543 -149
32507 -230
32511 -101
32488 -80
32554 -116
32671 25
32548 -72
32614 -226
32527 49
32524 -22
32337 23
32552 -43
32497 118
32390 -3
32657 62
32487 207
32638 26
32516 104
32486 -10
32308 9
31740 110
31162 -36
31135 -207
31079 -11
31040 -55
31513 -105
31210 -29
31801 82
31302 54
31184 216
32145 -75
32538 21
32449 171
32437 -90
32457 49
32514 -100
32625 -66
32501 266
32626 45
32567 -15
32527 -109
32392 -87
32684 -204
32645 -64
32607 20
32514 53
32496 -64
32456 122
32305 90
32677 -42
32854 -6
32530 92
32490 -117
32548 -70
31369 -855
30769 19
31271 16
30918 -101
31685 247
32327 83
32451 -111
32339 62
32472 -183
32777 -246
32552 -231
32472 -137
32361 -185
32675 158
32532 49
32483 -31
32532 -56
32537 98
32506 -2
32627 -12
32667 -48
32509 64
32419 -13
32494 -109
32657 -186
32264 -77
32402 104
32455 -36
32217 123
31983 64
32448 -241
32491 -231
32401 -185
32468 56
32509 -43
32602 -175
32770 -96
32659 -102
32561 32
32385 -38
32820 -45
30521 287
-6466 78
-28612 -203
9688 -80
26102 -318
26304 -194
26377 -77
26204 -88
26088 -145
26006 1
26260 118
27875 213
26875 192
27364 -99
27966 -5
25860 197
26442 41
25288 -61
26157 118
26011 -92
26107 -36
26357 -65
26053 -145
26199 -85
25967 143
25747 51
25971 221
26048 21
25831 172
25780 14
25763 218
25995 -42
25770 207
26038 61
25718 17
25833 204
25747 -94
25923 -178
25105 131
-5238 -81
-31384 -290
-13760 -228
27770 350
32030 -197
31965 -72
31592 51
31520 -29
31833 -18
31826 59
31936 -94
31687 141
31945 -123
32133 -61
31970 -47
31996 -1
31970 -55
31857 111
31919 -150
32112 101
31942 248
31993 51
31861 -67
32097 54
31823 -103
32057 210
32095 -51
32030 -13
31990 -45
31993 89
31943 153
32142 78
31902 122
32043 -130
31939 26
32145 -118
32124 138
32070 111
31853 132
31907 57
31757 157
31902 203
32259 -58
32600 4
32576 69
32770 -41
32594 131
32520 -12
32467 -130
32569 281
32686 14
32623 -264
32606 -72
32414 8
32635 -327
32487 -165
32587 80
32396 -184
32696 193
32575 129
32414 -105
32518 17
32602 119
32088 124
32240 -154
32580 -49
32620 75
32322 -15
32580 89
32427 -104
32317 -197
32475 -40
32578 44
32561 3
32611 71
32572 20
32502 36
32526 -229
32338 152
32417 -90
32593 -78
32699 147
32666 -86
32417 156
32457 83
32658 212
32446 -120
32208 -7
32472 127
32398 169
32101 0
32424 -20
32566 250
32440 117
32529 106
32491 29
32320 86
32684 -108
32437 -79
32612 79
32317 71
32349 -132
32381 170
32314 -34
32305 -14
32558 53
32345 122
32489 78
32587 -35
32269 42
32687 210
32318 253
32404 208
32327 -133
32508 89
32511 -66
32427 -147
32475 -98
32094 -54
32251 57
31798 100
31996 103
32617 66
32545 336
32473 65
32576 -78
32494 201
32620 -259
32348 66
32413 -24
32525 -142
32446 53
32585 103
32584 -30
32381 -29
32618 62
32555 -300
32376 56
32303 -65
32459 21
32514 -38
32469 179
31399 70
31398 318
30748 -235
31371 83
31019 -240
30434 73
31290 236
31508 124
32307 -61
32296 283
32415 -251
32605 296
32459 89
32668 -120
32436 -160
32284 -74
32548 63
32555 -88
32474 -64
32628 -186
32466 130
32587 -8
32255 -345
32597 -5
32610 146
32468 -53
32404 318
32451 -84
32495 47
32638 -76
32671 -51
32404 105
32506 11
32410 80
30216 -950
30924 27
32035 -89
32321 36
32617 -53
32594 116
32440 77
32535 10
32602 -29
32515 -31
32561 74
32551 52
32384 -58
32504 -83
32614 31
32492 -46
32559 -104
32428 64
32475 71
32654 -68
32527 -59
32605 87
32465 -70
32533 162
32523 45
32540 -26
32472 -33
32474 44
32525 87
32469 128
31958 -100
31970 42
32409 106
32463 10
32546 -15
32479 105
32467 -14
32554 -14
32547 -160
32506 -187
32483 -229
31037 165
-3432 -76
-28149 -232
11489 55
24142 238
23448 -14
22343 -15
21160 -53
20286 96
18559 119
16029 -95
14263 196
11940 171
11981 -181
17408 -97
10926 213
11734 -3
11841 207
12180 123
10514 168
8649 109
7860 -25
5490 140
5367 -23
3984 80
2470 67
2021 149
1886 99
-970 126
-1747 -18
-1780 85
-1694 -94
-1686 -61
-1836 75
-1705 80
-1847 -70
-1832 6
-1755 -45
-2006 356
-17717 -37
-32355 -674
-21708 -230
-49 288
1608 -47
1616 63
1601 28
1131 97
1267 78
1507 42
1514 128
1451 154
1446 10
1561 58
1482 41
1507 64
1533 -13
1475 112
1578 130
1630 20
1558 -44
1553 135
1650 31
1696 -62
1627 -100
1625 78
1618 -7
1574 91
1543 56
1394 40
1642 116
1502 -11
1641 66
1509 7
1561 64
1534 35
1563 27
1633 31
1600 -97
1613 21
1543 60
1701 3
2754 33
7051 67
10146 20
12902 -34
15417 90
16893 77
16985 202
19416 76
20473 136
20374 70
20364 184
20351 25
20437 -20
20276 24
20622 47
20330 84
20498 56
20571 33
20362 143
20426 -56
20878 163
22442 128
23942 -68
25648 112
27554 -11
28827 95
29275 -3
29525 92
29814 88
30674 30
30501 -60
30622 145
30595 41
30717 71
30602 114
30691 30
30523 154
30549 26
30634 67
31221 -65
31532 -51
31599 91
32068 10
32121 -48
32208 -79
32216 -93
32161 -162
32164 -63
32553 -201
32483 -60
32595 -57
32572 4
32487 -107
32532 37
32505 -45
32551 -62
32442 -7
32504 -59
32527 69
32436 43
32450 -109
32568 18
32526 -66
32456 112
32512 53
32564 -59
32565 -140
32476 -104
32579 -113
32533 8
32493 31
32594 9
32585 98
32619 -11
32584 92
32554 -34
32495 29
32600 98
32427 204
31870 -76
31977 13
32577 -49
32442 54
32392 11
32603 -83
32476 -90
32558 -71
32585 -36
32500 -65
32515 -125
32408 48
32617 65
32676 19
32574 186
32517 181
32484 284
32520 54
32539 90
32513 186
32610 -49
31926 21
31205 -289
31350 23
30947 -151
31048 66
30776 -76
31053 -178
31994 -112
32596 57
32498 135
32639 41
32470 33
32550 23
32403 69
32359 79
32596 143
32495 30
32363 -109
32704 -121
32488 45
32461 73
32560 -104
32398 99
32522 -161
32542 -69
32612 -148
32482 23
32483 -59
32555 -28
32520 4
32619 -54
32564 17
32649 -43
32344 -57
30807 -719
31657 -117
32287 -64
32639 99
32537 -279
32597 -36
32418 52
32424 -291
32300 37
32452 107
32547 -126
32423 -146
32605 -229
32483 92
32746 141
32553 -20
32631 239
32707 98
32465 -21
32475 55
32740 -90
32615 -7
32536 -143
32531 277
32444 -282
32315 -206
32318 181
32457 -27
32488 212
32549 23
32367 83
31698 188
31497 -53
32426 -194
32350 -54
32470 -82
31974 -162
30383 29
26273 130
22314 420
17590 534
11946 1001
-11997 -8
-30139 -1362
-13485 395
-12457 309
-16308 -78
-18050 -47
-19783 -71
-20965 93
-23381 -124
-25988 65
-27563 215
-20668 -208
-7626 -66
-15430 131
-27647 -91
-28282 -153
-28251 66
-28726 -265
-28945 -20
-29521 70
-29822 -132
-30826 -79
-30849 102
-31324 297
-31921 138
-31916 85
-31846 -18
-32211 45
-32364 -23
-32249 -176
-32308 -107
-32172 -122
-32292 288
-32265 24
-32245 -180
-32048 280
-32150 27
-32118 519
-32749 17
-33006 -596
-32617 -142
-31894 735
-31882 -143
-32165 -151
-32126 20
-32248 -62
-31920 7
-32138 46
-32102 -76
-32203 341
-32097 -22
-32154 -153
-32147 112
-32057 69
-32183 117
-32180 205
-32232 76
-32074 50
-32175 1
-32056 333
-32239 -63
-31772 120
-32032 -3
-32242 -50
-32369 -90
-32278 46
-32069 -50
-32269 -28
-32210 -134
-31944 -100
-32364 -9
-32225 69
-32311 -6
-32193 -110
-31991 -42
-32219 -367
-32226 0
-32366 80
-32056 162
-31847 207
-32184 -58
-31492 266
-30687 91
-29528 -35
-28426 -134
-27955 -99
-27995 297
-27142 -37
-26759 -142
-27107 -118
-26728 -123
-26462 -54
-26432 2
-26793 56
-26433 45
-26848 189
-26474 -253
-26468 -83
-26578 -35
-26571 79
-26145 39
-23875 -129
-21754 -175
-19680 -32
-17939 351
-16168 70
-13915 -345
-12654 214
-11801 206
-8772 158
-8397 321
-8498 221
-8084 132
-8299 127
-8497 144
-8279 102
-8412 185
-8089 25
-7994 188
-5218 79
-3963 -161
-2851 -137
141 -98
2921 -25
5663 250
7691 42
10414 263
12071 -156
12113 -160
12086 -183
12252 109
14384 -40
15925 159
16226 82
16268 -121
15964 27
15667 336
15939 205
15824 89
16128 128
15807 144
15966 321
15970 293
16198 328
17208 218
19647 278
22244 223
24972 26
26449 184
27347 72
28418 273
29623 98
30972 73
31808 -110
32078 -100
32003 -111
32540 -119
32257 307
32278 110
32166 20
31589 47
31392 199
31801 -37
31365 51
31316 121
31362 276
31145 301
31673 113
31771 78
32147 142
32141 -121
32441 -137
32329 -140
32755 -91
32480 -172
32484 -290
32172 -270
32667 144
32558 33
32608 -50
32418 148
31972 21
31656 323
30909 160
31409 -306
31518 -65
32071 33
32645 210
32645 -291
32592 123
32330 -78
32347 276
32211 -4
32645 -36
32658 83
32664 35
32453 -169
32491 2
32508 63
32487 -25
32607 262
32256 -90
32551 96
32316 -138
32677 -201
32504 -278
32687 -144
32183 247
32525 -130
32447 45
32649 3
32567 -139
32515 27
32507 331
31504 -1100
32267 -82
32457 -98
32436 -74
32553 56
32411 49
32426 24
32303 147
32422 110
32670 31
32315 156
32575 -140
32626 73
32528 12
32485 13
32408 39
32568 -167
32633 -218
32599 97
32449 42
32304 -12
32701 -6
32349 -12
32456 168
32434 55
32175 -219
32346 -145
32464 -38
32555 210
32614 -75
32549 233
32616 51
32325 45
32083 -316
31508 -115
27345 100
11649 189
-6703 227
-18970 127
-24151 180
-27662 68
-29744 542
-31830 112
-32948 -74
-32560 291
-32897 192
-32722 179
-32813 -78
-32672 153
-32502 40
-31870 -107
-30906 -77
-28217 -252
-18507 -382
-12832 130
-17906 -64
-17571 -272
-15434 -227
-15505 -356
-17996 -248
-18783 -118
-20780 -143
-21860 82
-23846 -91
-24455 -244
-24646 -177
-25771 -56
-26440 1
-25965 34
-26994 -8
-27862 -139
-27895 -20
-27869 -98
-27848 88
-27662 -357
-27917 -102
-27889 15
-27734 -102
-27771 133
-27654 105
-27879 145
-27844 -15
-27833 -43
-27762 -25
-27719 -117
-27860 -42
-27779 -47
-27797 121
-27902 -140
-27906 -63
-27881 17
-27820 189
-27979 -4
-27695 -118
-27860 -46
-27736 54
-27920 -24
-27821 85
-28040 -76
-27829 -148
-27842 -131
-27876 -11
-27949 -14
-27831 45
-27751 -69
-27883 34
-27798 -192
-27902 -131
-27945 18
-27725 -8
-28040 -70
-27971 -180
-27933 -189
-27767 174
-27805 -142
-27828 -147
-27924 27
-27957 -245
-27892 -30
-27905 -45
-28116 15
-29475 20
-30560 -269
-31371 -52
-31780 -47
-32264 57
-32574 -13
-32681 44
-32760 -28
-32970 -151
-32904 -92
-32912 7
-32667 94
-32748 -97
-32766 -83
-32628 -104
-32713 199
-32896 118
-32645 -125
-32813 26
-32603 -194
-32325 75
-32856 35
-32738 -24
-32674 -122
-32838 37
-32423 60
-32532 198
-32686 7
-32623 236
-32841 40
-32766 -226
-32757 259
-32760 168
-32742 -28
-32865 -77
-32884 238
-32683 26
-32757 10
-32674 -53
-32719 -71
-32531 48
-32613 -192
-32599 50
-32449 43
-31809 127
-31464 -35
-30889 147
-30428 111
-30123 72
-30092 170
-30091 40
-30100 -14
-29661 78
-29424 176
-29388 199
-29346 174
-29511 -36
-29387 3
-29530 268
-29378 121
-29199 67
-29269 162
-29462 110
-29100 231
-28982 103
-28416 -63
-26493 -106
-24012 175
-21950 -151
-20349 265
-18461 -99
-16100 142
-12649 24
-8816 16
-4292 191
1259 -41
6560 126
9215 27
7093 209
5527 201
2560 177
941 60
-1956 20
-2295 79
-4396 106
-5718 83
-6122 197
-7398 -152
-5606 93
-2416 66
1867 138
5762 135
9374 213
12130 229
14477 97
18107 87
22827 187
25400 438
28295 263
30787 30
31225 0
31826 -174
32215 -258
31196 -522
31408 -187
31196 4
32213 -40
32578 -53
32394 -72
32405 -6
32395 -96
32482 -181
32496 -179
32596 61
32520 -143
32418 43
32540 8
32562 -101
32460 -31
32540 -13
32481 -112
32445 -12
32536 71
32588 37
32494 129
32591 7
32474 39
32495 -137
32492 22
32636 36
32413 96
32490 -32
32548 59
32526 -96
32463 29
31738 -979
32541 -56
32549 -133
32479 -59
32365 -8
32694 -24
32473 92
32372 -353
32441 176
32525 -57
32614 11
32442 215
32359 -123
32627 26
32349 271
32351 46
32512 4
32514 -95
32561 108
32310 42
32542 47
32767 67
32412 86
32373 98
32471 -12
32427 168
32386 201
32365 139
32566 104
32567 -129
32462 -25
32459 60
32364 -198
28542 135
11162 663
-13113 558
-28423 529
-32247 72
-32507 45
-32583 3
-32540 108
-31872 163
-31100 96
-30197 -191
-27099 196
-23116 -233
-18631 -118
-13736 21
-9407 -362
-4475 -303
1512 -117
8954 -54
15321 -275
20850 -127
23493 4
25120 -84
25866 -70
26906 15
26801 -142
26073 43
25590 -21
24158 -37
24025 -253
22859 -33
22328 -140
21714 -227
19736 -19
19449 33
19624 -230
18092 -116
16289 -139
16346 117
16405 -326
16483 -67
16444 90
16358 203
16265 -131
16273 36
16246 -271
16439 85
16208 53
16208 -19
16264 -230
16272 40
16299 -275
16297 -126
16264 61
16270 -261
16388 145
16198 -65
16367 242
15794 -145
16054 74
16421 -143
16208 2
16322 37
16154 -6
16203 4
16218 -24
16415 -279
16419 46
16338 -33
16284 -244
16305 -264
16213 167
16364 -212
16281 28
16285 -121
16251 -152
16197 52
16080 -138
16227 -165
16311 58
16529 60
16357 -187
16270 -194
16325 -84
16044 -49
16265 -143
16153 -95
15616 37
13457 93
11135 -126
7595 60
3872 -27
544 -22
-2476 13
-3727 -118
-5902 -121
-6354 15
-6478 -86
-6419 15
-6129 -44
-6417 -61
-6293 -232
-6482 81
-6482 17
-6260 264
-6414 200
-6423 -157
-6398 -13
-6159 -82
-7373 61
-9678 -111
-12639 36
-15513 -81
-17738 54
-19590 -30
-20292 -224
-20598 10
-22698 -95
-22957 -222
-22821 23
-23061 -1
-22773 -40
-22941 -79
-22881 -39
-22907 26
-22902 -90
-22790 -267
-22885 -7
-22908 95
-23446 -104
-24818 -242
-26899 -216
-28314 4
-29556 -150
-30505 -219
-30495 -71
-30781 12
-31035 -14
-31644 259
-31708 115
-31531 64
-31784 -81
-31399 114
-31385 -73
-31828 -33
-31635 -343
-31644 -47
-31735 -321
-31399 -58
-31493 -75
-31544 -249
-31940 8
-32079 -119
-32448 38
-32443 -83
-32399 128
-32440 108
-32293 -54
-32531 73
-32508 -15
-32533 13
-32390 43
-32680 -90
-32011 258
-31231 160
-31031 349
-31507 213
-31411 347
-31828 251
-32140 97
-32034 209
-32475 47
-32372 122
-32533 115
-32484 157
-32678 -49
-32383 -40
-32391 160
-32050 37
-31184 -37
-30966 188
-30335 244
-29376 -3
-27100 27
-24557 41
-20412 131
-15052 242
-9549 339
-2235 56
7275 342
18182 328
26144 397
30352 236
31927 -119
32441 100
32424 178
32321 15
32472 -264
32265 58
32152 -65
32371 127
32336 73
32564 100
32559 37
32575 -134
32425 -84
32462 49
32505 -83
32389 124
32550 25
32372 207
32503 12
32315 -149
32414 -102
32292 124
32450 26
32314 -65
32504 -12
32419 131
32060 94
32620 -110
32529 -37
32467 -76
32165 -1106
32502 23
32517 -57
32323 -46
32450 -3
32373 -183
32678 133
32507 80
32417 -52
32526 -250
32403 -114
32590 -16
32699 -60
32466 61
32661 -1
32537 31
32511 -99
32540 -32
32587 -5
32664 46
32505 31
32530 80
32433 91
32443 69
32605 -34
32393 73
32526 10
32352 94
32451 -9
32661 34
32529 -79
31013 46
17941 574
-9092 433
-28000 -22
-32431 -52
-32452 85
-30086 -89
-22995 -125
-15076 -181
-8622 44
-1852 -130
4520 -198
10565 -198
16571 -336
21794 -226
25754 -132
27542 -155
28321 -47
29439 -207
30262 -37
30590 139
30320 -17
30581 60
30480 261
30612 209
30581 21
30547 57
30594 148
30574 13
30470 -5
30591 -82
30594 203
30463 -24
30513 1
30435 66
30443 -91
30497 117
30360 59
30409 96
30416 -23
30355 24
30472 1
30394 -11
30476 113
30532 -36
30354 -36
30506 -34
30548 61
30557 57
30470 -38
30532 39
30426 -79
30484 71
30291 103
30495 9
30510 74
30485 -11
30521 204
30366 18
30554 74
30495 166
30210 -98
30138 77
30476 54
30490 76
30406 83
30446 97
30545 204
30472 105
30498 -93
30412 26
30407 -38
30509 39
30559 -29
30515 45
30520 40
30494 -41
30425 117
30447 105
30444 147
30412 -37
30467 -14
30337 27
30488 29
30547 11
30576 37
30401 103
30431 200
30380 67
30427 55
30399 42
30438 154
30526 29
30385 -13
30198 94
30236 -40
29815 -128
29772 -60
29892 -76
29875 10
29861 -27
29927 -284
29815 -56
29936 -82
29994 -119
29844 -125
29866 -106
29928 78
29854 -16
29974 -73
30004 32
29639 -46
28962 109
27927 -156
26998 8
26227 -207
25425 -76
25117 -129
25129 -70
22772 -49
22157 -129
22757 52
22580 22
22761 -79
22514 -113
22821 -93
22788 -88
22629 -34
22665 -75
22683 -3
22791 -134
21936 -103
19939 -2
17262 -81
15837 -149
13657 141
11067 20
8618 -149
6970 81
6089 16
3304 48
2944 -118
2678 2
2909 -7
2768 -53
3017 70
2790 3
2763 -132
2745 48
2687 -31
2674 42
2754 -193
2670 40
2151 172
-434 -54
-1690 61
-4322 -14
-7248 12
-8806 14
-10965 -4
-12955 33
-13077 -69
-13794 -176
-16242 -100
-18109 -197
-20327 -61
-21833 -59
-22062 -107
-21901 -108
-21784 -167
-21911 1
-21791 -80
-20015 120
-19233 -162
-18701 24
-19016 -178
-19410 -181
-21198 39
-23815 -101
-26988 -37
-28875 35
-30572 -105
-31527 -96
-32200 38
-32249 75
-32573 76
-32708 172
-32845 -26
-32729 3
-32568 11
-32104 240
-30936 193
-26568 94
-17996 156
-4191 311
15039 325
28493 259
32109 -183
32753 152
32441 215
32530 182
32448 194
32437 -159
32385 69
32573 9
32411 145
32557 -27
32557 -14
32584 -46
32342 -82
32483 -18
32369 31
32426 -174
32634 7
32448 -5
32701 107
32489 -13
32402 96
32446 170
32605 -9
32542 51
32505 76
32400 143
32448 37
32661 129
32344 -760
32380 -82
32402 -93
32570 258
32499 145
32638 38
32652 -54
32506 186
32416 -30
32500 212
32463 -9
32608 80
32299 -229
32548 -105
32668 146
32599 -12
32353 172
32466 80
32716 -178
32562 -85
32664 33
32527 31
32840 -202
32918 98
32899 -216
32496 203
32248 323
32323 165
32275 32
32546 -68
26007 337
2460 574
-23332 651
-31821 -94
-32262 72
-30456 -10
-17870 -475
4493 -436
20793 -422
27137 -301
28914 -257
29799 78
30172 -155
30349 -244
30425 358
30436 50
30473 -48
29801 -204
29766 202
30193 -59
30417 -131
30784 -66
30415 -168
30329 -67
30504 108
30332 -206
30546 -233
30481 -49
30253 -196
30481 -103
30329 148
30402 -137
30195 -86
30483 373
30395 -191
30432 70
30374 -309
30514 -71
30467 -5
30314 55
30223 99
30173 186
30514 -201
30380 -89
30628 68
30370 -164
30425 -5
30405 -49
30529 -291
30777 -100
30440 158
30510 -156
30357 1
30226 -18
30294 39
30412 -148
30375 -113
30271 -111
30728 134
30537 116
30439 -138
30599 171
30197 -222
30115 98
29987 212
30597 -32
30304 63
30407 93
30681 -131
30307 149
30405 -164
30425 85
30383 -18
30537 35
29383 -222
29859 -86
30414 -154
30207 61
30191 57
30628 -91
30633 18
30216 183
30486 -142
30614 -246
30629 -15
30298 -138
30373 -25
30289 54
30569 1
30577 -168
30606 142
30552 -70
30424 -178
30321 160
30399 -100
30469 170
30503 -56
30481 -113
30576 0
30404 -31
30571 81
30281 81
30272 114
30198 -21
30273 -63
30414 230
30541 -119
30747 -93
30612 -188
30333 103
30600 -113
30708 -48
30363 13
30537 111
30294 -119
30314 -61
30348 -58
30453 -38
30317 14
30227 -87
30323 -64
30122 27
29880 186
30508 27
30529 -112
30467 87
30408 43
30339 -211
30456 225
30500 -8
30539 52
30576 128
30251 65
30127 -317
30083 -174
30410 67
30741 -55
30473 -62
30714 66
30482 -159
30392 27
30444 84
30289 -114
30382 -20
30213 -293
30361 -186
30588 -368
30435 105
30216 -114
30339 94
30577 102
30601 31
30455 109
30413 32
30257 -104
30245 -33
29998 -88
29690 -83
29096 25
28961 -11
28306 -30
28418 138
28027 -31
27842 -183
27156 157
25999 -130
24433 -80
23222 -77
22911 168
23053 -53
23083 -285
23480 -82
23321 -282
24669 -146
25042 -193
25390 -285
25042 -43
24920 -167
23163 74
20987 -76
18336 -39
13786 -131
8989 -105
4777 -211
891 -272
-3326 -191
-8522 -124
-13036 -42
-17508 -11
-22944 -282
-27193 39
-30420 87
-31831 -81
-32589 158
-32449 30
-31829 126
-26865 118
-9817 601
15163 452
30143 26
32677 -26
32757 159
32463 93
32412 305
32439 38
32600 11
32661 259
32437 -198
32492 -265
32768 -265
32713 146
32634 193
32431 18
32499 -153
32362 -65
32293 137
32653 -179
32402 86
32624 30
32539 -110
32526 150
32723 27
32275 49
32462 103
32508 264
32754 48
31841 -1092
32600 -276
32667 -261
32548 -93
32504 101
32561 72
32498 -146
32599 -107
32408 78
32406 -98
32478 -118
32589 -60
32441 -44
32334 -32
32536 -28
32495 -87
32453 -186
32597 6
32412 7
32559 111
32700 80
32597 -23
32406 69
32529 60
32602 -162
32344 202
32334 82
32546 87
32268 -162
21558 216
-11601 442
-30138 -177
-32740 -176
-32017 46
-23424 -104
512 -435
22466 -402
29875 216
30093 128
30052 197
30367 98
30583 0
30678 -98
30453 -97
30508 -138
30465 -50
29984 122
29906 -39
30380 65
30478 -18
30405 -62
30396 -32
30396 114
30395 24
30565 123
30376 4
30393 229
30530 97
30262 35
30530 165
30372 74
30469 90
30366 189
30591 207
30688 146
30568 -100
30292 48
30516 -94
30555 14
30409 -44
30536 -37
30382 9
30607 -112
30432 -125
30556 -60
30293 191
30574 123
30399 72
30393 78
30374 -20
30454 -167
30493 -158
30443 19
30467 2
30362 -35
30329 -50
30505 73
30453 236
30509 10
30626 43
30362 32
30687 -142
30404 -138
30315 -81
30036 47
30072 -37
29954 -66
30457 28
30367 -148
30343 37
30433 -121
30514 23
29960 61
29538 -34
27185 58
27456 -79
29398 -61
30291 -23
30401 4
30461 -63
30603 -52
30512 96
30363 -30
30410 27
30441 158
30354 140
30589 22
30538 160
30493 -94
30313 -29
30618 80
30554 68
30304 -100
30506 -26
30312 92
30518 -26
30488 -126
30361 10
30514 -89
30627 111
30490 -47
30421 -115
30212 -140
30406 36
30429 125
30372 27
30384 -85
30448 -79
30336 -26
30367 -19
30567 -21
30418 -94
30353 -39
30396 -41
30395 117
30577 -48
30335 62
30576 -1
30586 -175
30414 34
30504 -84
30426 -29
30303 19
29896 -47
30216 -139
30441 79
30458 -13
30335 53
30440 44
30568 -249
30484 -69
29952 -106
30194 -83
30342 -136
30536 26
30448 -96
30364 20
30509 11
30415 2
30496 36
30442 -54
30572 43
30561 6
30437 -58
30655 -43
30442 -75
30447 24
30408 -109
30430 91
30501 79
30460 -90
30547 -34
30438 -75
30526 -202
30509 -137
30576 38
30381 66
30612 127
30518 49
30486 129
30425 -4
30526 -185
30541 -81
30546 282
30531 83
30504 97
30517 25
30683 -151
30501 55
30490 89
30438 -23
30521 34
30421 50
30507 -15
30449 -44
30434 -2
30522 130
30522 225
30543 165
29959 -91
30034 148
30011 126
29675 170
29586 -56
29190 84
28675 -22
28239 -116
27368 -42
25209 -114
22050 -244
16795 -154
8469 -161
-3884 -308
-16031 -47
-25864 -36
-31684 46
-32783 60
-32074 -193
-25261 280
644 417
26990 -1
32384 -228
32539 107
32498 -111
32653 85
32484 16
32569 -79
32453 -28
32411 199
32579 -5
32587 26
32396 30
32437 -5
32634 122
32459 96
32448 57
32522 -19
32490 -125
32688 -198
32447 -42
32437 -212
32567 -45
32620 -15
32389 -36
32578 44
32305 -207
32234 -796
32584 -223
32444 -306
32624 140
32648 -30
32627 -258
32310 -197
32550 -46
32593 145
32554 -90
32872 -126
32319 -71
32675 -212
32562 135
32465 -38
32658 187
32402 -20
32650 147
32331 71
32363 41
32638 -211
32341 -112
32517 -174
32585 47
32388 -123
32464 119
32543 166
32131 20
22236 531
-13397 490
-31461 -183
-32507 -36
-28366 -297
-8713 -702
17246 -349
29062 -69
30354 363
30739 58
30285 128
30298 -13
29847 -168
30242 38
30203 25
30351 123
30360 1
30057 274
29871 146
30540 186
30587 141
30346 104
30610 -5
30386 -10
30378 24
30613 73
30559 12
30214 74
30444 -103
30674 -225
30511 264
30638 -68
30516 -41
30482 -161
30493 -21
30441 -245
30340 -45
30506 -105
30411 -271
30579 -49
30426 -204
30514 126
30569 -17
30316 13
30661 -176
30353 -120
30323 -235
30282 -9
30537 -59
30534 45
30414 -128
30552 -116
30273 -33
30386 -45
30570 -36
30571 136
30392 -131
30494 24
30560 -119
30459 -88
30435 19
30552 -91
30470 33
30598 -60
30449 -174
30540 -132
30408 46
30341 55
30258 -11
30717 87
30498 -135
30385 -54
30332 119
29666 -84
28051 12
28129 -142
27861 66
27245 -85
28209 -13
30212 -80
30531 -75
30496 -58
30423 152
30600 56
30385 -42
30717 115
30300 13
30600 -194
30603 -188
30545 -89
30224 -72
30510 147
30383 -93
30604 -26
30513 -17
30746 -35
30330 50
30522 80
30180 -80
30511 -18
30370 140
30457 -50
30575 -141
30433 91
30311 235
30222 -17
30374 -81
30602 69
30469 333
30526 64
30447 -136
30420 -49
30501 -37
30489 54
30640 133
30494 51
30462 143
30405 52
30737 141
30325 124
30410 -151
30494 168
30685 -12
30439 270
30534 -236
30466 119
29902 -21
30295 100
30404 2
30481 -11
30448 129
30318 -96
30231 148
29931 45
30276 14
30447 85
30462 80
30462 91
30436 -237
30333 -221
30494 107
30449 95
30280 -72
30622 138
30445 -75
30367 -61
30421 -215
30312 -38
30415 -116
30273 190
30277 66
30404 360
30188 112
30688 56
30564 -130
30280 73
30222 -168
30404 -214
30291 -27
30580 -110
30301 -149
30299 396
30276 -62
30312 -56
30303 26
30343 78
30532 137
30350 59
30610 47
30320 45
30471 65
30519 -102
30392 265
30436 173
30452 183
30597 -133
30423 49
30380 -125
30371 -173
30539 167
30475 -255
30528 22
30204 -190
25902 6
23436 136
23118 -102
22992 -64
23035 -127
23189 -42
23775 234
28871 32
30579 -24
30192 -31
30551 -141
29126 -289
26341 -347
17696 -219
-2536 -283
-23175 -158
-31393 -117
-32422 48
-29617 81
-8321 544
23703 296
32193 -11
32188 -119
32511 36
32646 -181
32364 -214
32468 -59
32554 0
32355 -87
32667 178
32527 -34
32542 77
32521 -55
32663 -28
32522 108
32420 -11
32478 68
32370 101
32480 120
32422 -75
32525 -80
32527 -2
32787 -49
32606 114
32536 2
32326 -696
32601 -116
32455 -143
32541 -26
32448 -40
32390 -55
32445 50
32590 -15
32425 -9
32511 -159
32598 -62
32523 -19
32465 -85
32522 -101
32586 111
32569 -16
32553 -9
32529 -60
32612 179
32340 -31
32479 -15
32490 11
32459 19
32666 78
32446 4
32380 26
32419 4
26714 73
-9453 578
-31438 -333
-32506 175
-24576 -89
5759 -499
26780 -186
30433 313
30636 73
30405 -227
30384 51
30351 80
30439 112
30304 135
29636 167
28756 257
28728 -85
29870 131
29931 43
30544 -70
30492 14
30539 -47
30413 -129
30466 -127
30412 74
30445 -76
30449 9
30457 62
30431 65
30426 -43
30346 -48
30403 4
30449 -50
30456 59
30378 -53
30269 -1
30375 49
30431 -23
30534 -6
30416 65
30542 56
30423 109
30578 62
30464 -105
30417 -17
30456 11
30330 -6
30549 36
30509 -16
30332 -78
30469 64
30486 -32
30560 27
30374 151
30520 -161
30407 15
30378 91
30390 -38
30323 -36
30341 -110
30426 48
30486 -41
30497 -31
30559 30
30543 -48
30432 -44
30410 -170
30466 86
30537 168
30482 -23
30391 -51
30474 69
30426 26
29813 118
27717 58
27722 -17
28114 -121
27970 -99
28721 -71
30169 -126
30373 121
30593 44
30412 -24
30431 -1
30553 -96
30508 -73
30376 -121
30401 -25
30394 -40
30440 8
30476 -19
30485 -107
30642 64
30509 15
30402 -95
30435 78
30452 -12
30484 -41
30536 29
30391 2
30264 -124
30481 27
30527 9
30473 -53
30473 33
30572 -24
30349 117
30465 -58
30423 -19
30497 57
30478 31
30506 -106
30404 -36
30548 -105
30535 -71
30470 -20
30345 7
30559 -54
30467 -31
30528 -141
30457 -94
30421 -45
30589 33
30414 71
30548 43
30336 12
30381 -85
30524 -79
29929 -47
29186 -55
28944 -143
29633 81
30002 69
30165 29
30424 7
30521 69
30363 28
30439 72
30512 -181
30357 -100
30460 122
30435 -3
30453 -63
30441 22
30539 36
30412 -84
30379 9
30385 99
30413 38
30480 2
30360 58
30385 -67
30461 56
30448 148
30405 55
30451 -45
30518 -8
30437 60
30479 30
30455 22
30395 25
30445 -38
30638 94
30416 5
30406 13
30454 47
30347 -43
30452 -21
30449 -6
30401 -47
30311 -142
30502 25
30434 13
30493 -43
30390 -19
30567 55
30492 53
30567 11
30477 6
30443 42
30489 52
30332 126
30418 -41
30520 19
25342 14
21433 -8
22859 -86
23981 66
22249 -17
21488 -55
21868 -156
27851 -119
30533 -186
30460 34
30497 -49
30506 43
30565 183
30407 233
29137 -26
18164 -164
-7361 -315
-28680 130
-32366 113
-31415 -250
-12201 515
22781 168
32448 82
32406 103
32630 -79
32469 49
32668 -54
32480 -12
32447 22
32434 48
32592 -39
32608 63
32546 39
32579 16
32554 56
32501 -69
32388 73
32462 108
32489 -52
32568 39
32471 20
32579 166
32525 12
32567 0
32470 -10
32019 -239
32514 123
32244 -35
32436 -32
32590 75
32252 -105
32685 191
32191 120
32445 -53
32350 -103
32281 -8
32534 -48
32648 -52
32673 -91
32644 -109
32520 -163
32142 -3
32662 -156
32426 -26
32346 -82
32498 -62
32576 -3
32448 -7
32480 -117
32646 -295
32259 26
30521 391
2828 1360
-28846 184
-32297 -152
-23762 -409
9207 -695
28906 -151
30310 -2
30659 125
30185 -185
30540 153
30453 47
30514 375
30476 -18
30273 9
29107 102
28637 171
28495 -39
30151 165
30430 -294
30738 -149
30499 32
30286 9
30413 -160
30536 152
30419 90
30499 139
30495 -135
30438 -42
30656 -141
30395 136
30435 27
30496 -17
30388 133
30517 -20
30419 -368
30232 -52
30358 119
30668 -52
30379 -273
30376 57
30551 -45
30386 -45
30402 -5
30195 67
30583 19
30338 53
30069 -99
30160 -134
30362 200
30317 79
30190 -90
30379 -7
30285 75
30619 23
30449 -200
30262 -23
30400 -21
30214 49
30503 -398
30355 69
30269 257
30457 70
30415 35
30659 63
30465 145
30495 -251
30487 4
30591 222
30752 44
30309 202
30258 268
30662 50
29598 141
28242 112
27445 -66
27929 -46
28051 -194
29123 -112
30193 -190
30495 84
30355 103
30520 -128
30556 -102
30358 294
30477 -31
30525 -68
30546 -16
30360 220
30453 -125
30414 -157
30178 133
30300 -238
30468 -41
30500 -278
30683 38
30468 32
30495 -58
30550 22
30647 -384
30423 401
30506 -314
30587 10
30465 -1
30351 186
30610 64
30522 -42
30472 149
30381 118
30579 70
30583 193
30513 27
30451 -204
30642 -33
30405 6
30397 -185
30391 3
30424 55
30363 -82
30464 201
30560 146
30728 154
30496 118
30228 43
30366 7
30516 78
30412 -191
30305 -8
30542 -24
29231 6
28276 114
28144 94
29518 17
30405 116
30282 -94
30613 -357
30441 -96
30309 -252
30505 -348
30471 -193
30653 125
30467 -267
30391 29
30548 67
30325 92
30551 213
30580 -1
30655 -3
30447 -139
30452 -169
30468 -218
30341 -30
30569 -116
30500 1
30664 68
30542 -149
30624 40
30159 110
30581 168
30569 -235
30225 -69
30467 34
30462 27
30162 68
30446 563
30292 379
30267 14
30526 342
30658 255
30287 139
30229 -24
30364 57
30292 109
30328 135
30412 0
30681 -158
30557 243
30560 -137
30353 160
30458 -77
30310 72
30514 -28
30286 134
30201 -76
30320 -377
26064 -177
22090 86
24238 -265
23612 82
21960 120
21448 109
21833 -97
27354 2
30376 9
30430 316
30344 85
30220 -106
30078 -109
30065 48
30462 8
30455 -38
26631 -295
3197 -468
-25380 -151
-32169 -68
-30734 241
-9775 928
24833 893
32281 562
32589 -321
32721 -48
32520 -198
32518 58
32324 4
32470 178
32379 -93
32403 7
32557 106
32623 -201
32359 -40
32466 -66
32627 6
32540 -26
32621 118
32281 129
32593 -80
32285 -287
32481 -156
32633 256
32454 -146
31763 -689
32412 -70
32397 100
32442 -150
32310 -115
32404 -108
32495 41
32415 115
32502 -297
32350 -113
32445 -116
32483 -214
32573 34
32392 -43
32461 -59
32393 -37
32338 218
32615 24
32583 -190
32480 -71
32520 -143
32585 -14
32376 -164
32633 3
32604 146
32466 -251
22449 214
-21266 261
-32447 -136
-28747 66
5218 -444
29246 192
30410 23
30504 -19
30444 -18
30377 -91
30539 -165
30549 156
30403 -60
30223 119
30506 -3
29243 -61
28457 108
29684 -106
28487 47
29077 44
30559 -288
30346 -34
30345 55
30316 -148
30484 127
30460 96
30718 -35
30286 -59
30443 12
30503 -60
30561 -15
30402 -99
30553 57
30422 106
30343 57
30301 137
30444 16
30426 30
30507 -116
30428 154
30338 73
30501 -137
30386 67
30524 164
30453 -23
30589 124
30555 222
30477 24
30377 140
30687 -106
30396 15
30375 -82
30643 78
30400 217
30432 6
30556 -125
30533 -10
30363 206
30428 198
30602 -71
30465 -153
30554 -173
30598 -61
30492 -14
30581 -96
30638 126
30361 -38
30648 70
30435 -3
30494 36
30588 14
30545 59
29924 159
27979 23
26845 11
27162 -18
28053 -206
29431 -129
30362 -70
30351 114
30280 -86
30572 -14
30338 1
30492 -22
30599 9
30535 160
30397 -18
30521 -130
30392 74
30406 353
30454 -49
30415 71
30290 -144
30546 -4
30458 -22
30645 4
30332 103
30473 61
30440 10
30573 -60
30445 130
30477 -61
30478 24
30325 -180
30314 37
30591 58
30412 -89
30403 -44
30434 -45
30443 -6
30461 -24
30606 -101
30323 230
30430 200
30457 -247
30356 -239
30312 -86
30350 -28
30492 -91
30516 -103
30460 28
30491 11
30410 81
30593 28
30315 11
30421 58
30568 7
30485 220
30321 -77
29940 -60
28544 128
29135 39
29559 -79
29054 61
30197 -14
30517 -159
30245 154
30504 -14
30667 -18
30457 -24
30437 -69
30351 -62
30475 21
30306 86
30613 -17
30393 5
30446 39
30453 199
30433 36
30543 -18
30370 -33
30295 -1
30381 -77
30280 36
30449 47
30412 -140
30254 7
30284 382
30172 130
30514 95
30311 193
30555 99
30230 127
30505 -119
30593 -30
30580 -8
30430 32
30529 -144
30561 54
30472 98
30355 19
30459 -388
30493 -143
30385 -67
30356 67
30506 -25
30516 -108
30537 -33
30403 62
30611 -71
30553 93
30426 -35
30484 221
30511 145
30398 178
26894 -133
21392 -38
22814 103
22160 113
22159 -40
23709 64
21841 -73
26694 -40
30415 -54
30552 -132
30557 5
30303 80
30467 -54
30355 36
30450 -209
30340 -217
30490 32
28765 221
6223 -508
-26700 -217
-32644 -24
-30365 -116
-393 592
30452 94
32546 31
32535 46
32471 68
32631 -48
32354 -84
32329 -94
32602 26
32494 84
32697 74
32630 121
32570 238
32412 -71
32529 115
32588 53
32555 -153
32367 27
32645 -96
32523 -44
32715 84
32552 -62
32447 -98
31824 -531
32488 -331
32556 120
32556 -78
32817 126
32463 -12
32430 98
32631 179
32398 -3
32571 -88
32430 -70
32311 2
32464 163
32295 -15
32518 129
32551 70
32855 185
32484 -222
32545 -147
32420 20
32367 -18
32235 -162
32449 -126
32632 -72
32615 -170
31706 -100
4741 1376
-30378 351
-32294 -19
-13035 -436
25550 -282
30500 246
30253 15
30339 -248
30360 -183
30502 -41
30458 177
30342 -96
30480 179
30514 57
30593 79
30558 212
30025 243
28822 55
28628 -14
28854 415
30551 -99
30302 -57
30513 35
30626 234
30640 188
30749 68
30350 -120
30135 -141
30385 -153
30420 185
30642 175
30174 -89
30228 -211
30442 -70
30168 55
30259 102
30522 75
30546 -104
30323 -43
30328 -48
30332 -84
30493 51
30467 46
30565 -62
30307 1
30543 109
30581 -227
30438 -233
30439 -31
30387 -70
30363 -82
30334 -44
30712 -53
30505 50
30489 -178
30323 245
30627 90
30615 -98
30556 2
30652 -36
30333 -61
30421 240
30503 -263
30411 0
30572 161
30299 -141
30895 -35
30390 -159
30413 -54
30345 -31
30558 189
29253 191
27491 101
26829 -17
27902 -77
27895 -47
29360 113
30577 -69
30381 -1
30529 97
30635 250
30489 -63
30301 124
30516 -51
30380 -147
30250 -129
30556 129
30347 -183
30648 18
30584 8
30186 -56
30726 -12
30608 -144
30307 -153
30450 -60
30483 115
30475 -49
30448 15
30630 17
30561 6
30280 -21
30349 -63
30453 119
30258 -41
30529 -2
30168 2
30244 -68
30312 -80
30406 -78
30407 114
30683 105
30347 -146
30363 -175
30496 -181
30474 27
30091 -248
30426 195
30358 96
30499 139
30600 -116
30358 43
30321 6
30586 171
30316 82
30498 287
30518 81
30321 -24
30484 -190
30357 -104
30413 -25
30071 132
29477 166
29035 96
28808 -86
30002 -203
30467 20
30346 -89
30398 -282
30354 -133
30461 -293
30414 -29
30182 -22
30476 102
30397 -5
30378 184
30642 -174
30298 64
30374 77
30253 -5
30568 -50
30557 -33
30606 195
30307 87
30279 185
30517 -124
30918 -104
30780 48
30564 -37
30564 -22
30533 -39
30516 177
29919 135
29272 120
28862 304
27614 83
27644 206
27181 354
27176 267
27373 180
27326 186
28056 97
28619 125
28687 265
28899 417
29286 263
29877 84
30055 148
30388 75
30553 -63
30388 -27
30315 -39
30370 246
30265 -113
30212 10
30183 94
27106 -64
21452 156
21448 -115
22445 -252
24554 -258
24097 -254
21929 -270
26607 144
30553 72
30551 -212
30504 -48
30329 222
30407 -103
30413 -232
30543 95
30284 280
30484 94
30412 -254
28312 54
1715 -538
-29204 -208
-32330 149
-23518 473
18801 813
32743 -439
32612 -10
32312 -95
32613 -250
32492 -21
32689 126
32597 118
32462 -50
32123 -10
32540 62
32693 -36
32534 38
32463 -155
32628 53
32621 -351
32556 116
32421 -47
32490 -141
32479 103
32604 -33
32331 -52
31982 -868
32587 -125
32450 -160
32578 -99
32437 69
32650 -212
32585 31
32630 151
32604 51
32499 -226
32511 -173
32540 -21
32342 -85
32476 64
32586 46
32694 -44
32571 -14
32469 -150
32476 -121
32545 86
32524 -46
32490 -26
32484 60
32573 148
32505 -160
28096 147
-13466 384
-32457 -134
-29904 -97
6997 -487
30091 172
30596 -144
30384 137
30252 -110
30463 40
30474 -102
30351 -76
30444 137
30471 76
30474 -6
30419 -16
30190 -47
29890 -224
28703 -271
28954 132
29410 -64
30125 108
30441 -5
30467 -30
30526 -84
30407 -66
30520 -123
30390 -34
30387 38
30506 150
30474 118
30439 18
30358 123
30466 -61
30358 -89
30456 -45
30289 132
30586 88
30537 146
30513 196
30321 -121
30376 -218
30480 -11
30441 -107
30401 -19
30292 -67
30487 134
30588 -40
30249 -2
30468 -21
30569 -119
30387 65
30531 -35
30460 -169
30557 114
30468 15
30283 -185
30587 44
30418 -59
30374 68
30497 -42
30581 104
30611 164
30442 -48
30534 62
30373 42
30460 64
30425 131
30433 16
30536 50
29930 -13
28638 -31
27719 50
26564 0
26700 56
28375 194
30327 -48
30487 77
30437 -36
30547 -96
30479 7
30478 54
30518 -23
30561 82
30459 4
30452 91
30340 -64
30525 89
30308 -52
30489 -28
30586 3
30446 43
30439 -14
30455 13
30414 129
30515 -85
30635 174
30438 22
30612 175
30367 -24
30371 37
30352 -106
30431 -5
30441 10
30573 69
30452 22
30489 -149
30492 88
30442 83
30377 -27
30447 50
30498 90
30410 127
30430 66
30585 61
30426 -18
30347 -29
30445 81
30412 24
30463 39
30451 -155
30361 -171
30416 43
30293 -46
30416 -111
30431 -76
30530 75
30305 142
30511 -97
30408 8
30103 129
30451 -15
28673 -20
28722 -60
28744 -185
30063 -24
30533 62
30454 -58
30300 -136
30368 -158
30401 -198
30331 3
30464 90
30337 -135
30392 -128
30503 -98
30393 62
30325 59
30520 -137
30448 9
30441 122
30436 -41
30463 183
30407 -2
30394 76
30474 108
30390 -61
30459 -266
28375 66
20305 145
11859 123
5770 203
-439 176
-6565 119
-11087 214
-13750 -13
-14921 64
-14884 41
-15090 81
-14940 63
-15189 139
-13845 -46
-12121 176
-12147 155
-11551 82
-7028 157
-1727 121
1319 64
4504 70
4795 -80
4776 86
5417 67
8024 85
11025 20
14498 316
17266 210
16773 89
13887 201
14894 234
16092 163
18860 42
19558 83
20805 -204
26351 -210
30577 -247
30487 -204
30600 -3
30353 29
30330 136
30478 82
30518 -35
30475 15
30502 -95
30417 80
30632 -18
25287 -152
-14314 -461
-32281 137
-31605 11
1108 510
31370 -291
32612 62
32291 144
32565 179
32369 4
32553 -213
32451 48
32443 42
32474 50
32731 13
32451 11
32538 -58
32499 43
32620 139
32499 71
32448 -86
32412 59
32398 62
32634 -196
32650 -49
32457 64
31912 -461
32554 -41
32219 -48
32249 -303
32474 105
32249 224
32541 -78
32564 -135
32595 -178
32470 -211
32640 13
32533 335
32363 -61
32469 155
32427 104
32820 -197
32517 -180
32420 -485
32566 -62
32283 -107
32294 403
32340 -18
32398 28
32363 -229
32800 -752
17249 916
-25440 751
-32242 219
-20872 -507
20943 -781
30447 217
30216 7
30644 4
30006 -94
30353 20
30522 -5
30658 360
30614 -313
29317 -200
23158 581
13814 371
10723 214
14637 213
23863 390
29530 417
30418 -327
30116 -379
30183 97
30466 -4
30424 -141
30390 -278
30556 -187
30512 -69
30217 -189
30436 77
30329 61
30562 -82
30578 -23
30333 -187
30357 147
30532 -36
30464 201
30461 79
30474 121
30777 -97
30364 105
30356 -133
30446 -267
30414 -39
30672 77
30287 182
30517 216
30615 -121
30313 80
30492 128
30485 -291
30404 23
30464 18
30677 -192
30588 222
30361 -62
30443 -105
30685 124
30279 28
30294 -105
30300 -269
30611 -72
30361 -128
30603 -5
30506 19
30616 122
30267 -133
30517 -318
30577 -3
30457 378
28344 18
28115 -77
27938 -163
28101 -126
28624 192
30423 -42
30635 -97
30603 -95
30399 54
30258 -107
30332 -163
30613 129
30697 -89
30578 134
30382 -38
30760 45
30499 50
30562 -210
30638 64
30421 19
30490 -39
30400 -128
30475 -53
30409 -112
30608 -70
30321 -143
30535 -47
30461 -25
30493 -122
30503 -156
30447 -40
29956 -56
30375 131
30447 101
30175 290
30440 52
30227 195
30590 172
30369 104
30383 24
30297 -52
30789 -19
30600 -212
30503 -108
30565 -12
30605 -130
30441 155
30568 -270
30489 -1
30214 -148
30280 -110
30424 69
30421 268
30355 97
30340 128
30471 149
30418 66
30739 -31
30107 7
29693 -3
30205 -57
30303 -111
30224 -159
29921 124
29846 -37
29841 73
30411 -41
30566 -21
30280 -180
30299 -72
30267 -113
30348 -15
30280 232
30404 -105
30373 -72
30427 90
30408 -27
30420 131
30466 -152
30431 -71
30510 -192
30569 -90
30431 -54
30162 41
30317 207
30692 -48
28905 99
17116 464
-5598 185
-23106 392
-29248 53
-31303 87
-31883 41
-32301 -35
-32532 -178
-32855 -173
-32519 -131
-32479 -16
-32202 43
-32636 79
-32668 -153
-32631 -109
-32689 -8
-32532 163
-32526 -77
-32339 28
-32233 87
-31826 -154
-31752 -18
-31930 -144
-31938 -105
-31772 -12
-30723 -40
-29595 -10
-28415 479
-27504 287
-26637 359
-25231 -38
-23690 182
-22634 -102
-20330 -30
-16106 48
-7241 128
8906 336
23395 301
29497 54
30233 -24
30318 256
30123 -32
30361 122
30594 -195
30138 43
29960 14
30385 -210
30302 -260
29691 55
6025 -886
-29974 85
-33020 384
-14598 1007
27688 -66
32551 -87
32311 117
32599 -35
32402 -188
32791 -59
32251 39
32546 51
32620 -56
32633 10
32732 -199
32465 108
32527 -49
32472 2
32491 23
32439 151
32744 130
32565 -61
32505 -8
32405 56
32478 -249
31888 -1015
32405 -172
32468 -79
32435 78
32638 -46
32588 -95
32518 -43
32502 -134
32437 -104
32566 -59
32579 110
32471 69
32535 59
32618 -155
32682 39
32363 -1
32599 48
32465 -34
32667 -73
32477 50
32524 153
32602 114
32541 62
32505 74
31992 -249
2793 481
-31212 33
-31993 195
-4446 -439
28937 93
30531 51
30302 76
30445 -62
30434 -105
30454 23
30331 -122
29698 -319
18379 404
-2917 325
-19873 330
-27638 -148
-29106 93
-28024 226
-15678 256
14906 407
30072 -519
30492 -100
30007 -126
30026 98
30478 -56
30578 -93
30523 157
30443 -83
30386 131
30414 115
30399 11
30471 -13
30332 -86
30398 -32
30596 -32
30560 18
30439 8
30440 -39
30662 -119
30505 12
30316 24
30379 200
30417 95
30438 -110
30531 -177
30537 309
30290 -69
30507 67
30477 62
30363 -74
30378 -41
30458 100
30381 51
30494 -136
30526 187
30461 -30
30453 194
30629 -108
30617 32
30488 -29
30496 -46
30367 -94
30361 72
30449 177
30542 38
30552 -24
30337 -44
30389 121
30562 -66
30488 -74
29287 -73
27903 71
27987 66
29977 -26
30530 -10
30416 71
30396 -91
30524 -104
30358 27
30041 221
30047 -61
30174 69
30358 -40
30545 -126
30554 -186
30443 -32
30380 111
30323 116
30469 42
30393 141
30479 115
30398 172
30588 -23
30445 -75
30450 62
30348 -43
30494 35
30274 147
30472 59
30449 141
30469 -159
30366 -52
30524 -28
30411 -45
30507 93
30527 34
30462 131
30525 113
30560 14
30459 53
30419 112
30419 192
30519 -147
30277 26
30481 -89
30225 162
30281 -10
30515 89
30445 84
30512 -29
30487 -70
30633 105
30524 -94
30587 91
30331 -62
30338 211
30472 83
29984 -69
29974 167
30218 126
30457 -61
30475 -215
30389 64
30540 -129
30553 2
29999 -84
29973 -87
30500 102
30194 133
30409 -63
30463 -90
30495 21
30421 199
30507 -64
30386 -134
30352 58
30331 -24
30588 -95
30378 -9
30381 32
30445 -161
30309 -13
30489 -58
30394 133
30390 4
27372 59
5022 452
-23478 221
-31920 13
-32635 -106
-32029 -82
-31561 -111
-29966 -173
-27583 -151
-25975 -66
-26026 -137
-26149 13
-26013 -59
-25846 -51
-25576 -157
-24748 -100
-24124 -60
-24327 -304
-24530 84
-25701 -99
-27782 38
-29967 -3
-31098 -314
-31239 -217
-31337 90
-31287 -83
-31320 -73
-31545 -141
-32136 67
-32568 130
-32815 28
-32658 -17
-32830 -64
-32925 107
-32661 68
-32857 -4
-32417 144
-32377 -84
-29247 33
-18649 170
4367 244
25238 158
30488 -28
30420 -31
30527 -78
30501 -79
30551 -189
30351 -38
30255 -5
30297 45
30278 13
20456 -191
-23813 -29
-32844 91
-24605 311
20724 22
32622 -104
32432 106
32569 -53
32382 54
32589 -137
32468 62
32571 -10
32553 7
32430 129
32532 -5
32600 -6
32531 -6
32468 175
32581 4
32590 135
32586 -12
32665 -29
32614 -63
32567 28
32342 44
32119 -595
32587 -208
32538 22
32585 2
32435 -187
32597 -19
32444 43
32635 -49
32482 193
32356 -186
32330 56
32506 32
32392 -41
32420 42
32541 -212
32186 -145
32594 208
32379 -164
32615 -164
32478 143
32542 228
32759 67
32481 331
32662 -103
29514 -659
-11434 872
-32506 -178
-28763 338
11887 -956
30255 679
30438 -227
30250 90
30350 -100
30368 166
30280 -138
29805 -275
12674 661
-20866 617
-28847 -243
-23893 -333
-19472 -306
-19575 -204
-25342 -347
-31365 -62
-17516 678
22086 -33
30466 -440
30346 -56
29649 -60
29862 -234
30360 67
30561 84
30452 99
30460 -82
30269 -11
30279 140
30330 -33
30277 -335
30418 -120
30437 -249
30315 64
30607 22
30253 50
30653 5
30481 2
30414 138
30486 -137
30541 -22
30398 -92
30385 101
30344 89
30731 -39
30417 -47
30331 122
30390 -75
30561 -118
30548 145
30416 223
30470 -240
30581 -60
30523 74
30470 -99
30274 127
30444 267
30617 -18
30195 171
30509 1
30502 142
30418 -40
30553 -186
30456 -105
30417 105
30488 50
30376 -178
30475 -213
30110 182
29455 -57
30066 55
30493 -228
30629 -196
30501 -65
30523 -55
30439 -47
30231 22
30383 -112
30122 -253
29698 -89
29872 86
30521 -41
30491 6
30516 127
30510 62
30335 -34
30395 68
30344 60
30530 -37
30810 -187
30500 165
30455 45
30510 -128
30197 -8
30397 -199
30442 69
30522 -37
30189 113
30569 103
30549 82
30465 -108
30564 58
30379 16
30388 25
30379 253
30574 -27
30445 199
30575 32
30407 -31
30463 -151
30590 66
30552 -58
30347 97
30578 64
30480 -328
30300 82
30385 135
30405 93
30469 -77
30583 0
30308 -32
30445 -141
30403 -24
30448 49
29891 8
29921 -109
30518 279
30148 73
30438 -25
30413 86
30323 226
30360 -173
30646 -54
30494 79
30211 64
30045 14
30032 81
30513 -44
30624 357
30399 96
30675 240
30293 36
30537 159
30321 35
30499 13
30396 14
30482 267
30402 -307
30341 -91
30483 -282
30309 213
30530 18
27400 194
98 690
-28058 254
-32571 73
-30554 -7
-19033 -331
-1782 -234
8400 -153
13007 -211
17306 -107
20726 -193
20742 50
20915 -108
20832 -178
20852 -387
20855 -242
22589 -347
23838 69
23727 -16
23398 9
20750 -107
17007 -64
12656 -102
10818 -174
9685 -155
7444 -267
7057 42
6913 -94
4015 -169
342 -151
-3629 -201
-7267 -214
-11197 111
-14582 -215
-16955 -15
-17785 -315
-20860 -400
-26397 3
-31151 -173
-32438 68
-32559 -216
-29565 259
-10598 782
20915 443
30106 30
30237 34
30244 -57
30375 22
30641 38
30508 181
30432 48
30388 -11
27097 -103
-12596 -386
-32683 473
-29108 286
12795 189
32398 -255
32808 -68
32552 -248
32255 221
32588 69
32503 187
32750 -161
32324 -96
32518 76
32688 -103
32601 13
32578 159
32346 -46
32502 59
32781 53
32415 -29
32592 13
32498 55
32537 -48
32382 49
32375 -588
32496 -111
32446 -133
32507 -54
32562 132
32481 -45
32503 -69
32508 52
32547 42
32362 29
32514 -29
32505 -40
32451 92
32562 -59
32518 -15
32419 6
32736 134
32516 -12
32569 -9
32472 -69
32598 -3
32517 -117
32545 -76
32422 -41
26305 2
-18775 336
-32611 82
-22798 -98
21700 -176
30607 137
30483 12
30397 8
30313 49
30562 21
30608 -72
22836 -31
-17658 505
-30187 -279
-19389 -224
-13839 121
-13259 4
-13387 252
-15265 136
-28172 -101
-29870 8
9395 55
30385 -98
30421 138
30482 -47
29880 -74
30019 -57
30126 79
30491 -89
30435 72
30645 72
30393 70
30407 -3
30437 73
30469 -133
30344 56
30375 6
30364 -82
30471 16
30462 -35
30484 -117
30526 -142
30351 -50
30510 -41
30270 91
30434 54
30426 85
30491 -127
30363 -45
30498 77
30529 -18
30426 -10
30539 78
30392 -32
30516 -75
30367 -12
30357 -19
30314 -72
30363 -39
30528 22
30375 -30
30474 7
30383 53
30391 3
30531 62
30319 49
30558 -155
30534 -5
30539 -55
30458 -93
30472 -97
30487 -24
30404 73
30394 -161
30346 -77
30428 61
30412 23
30405 -48
30364 27
30446 22
30414 -5
30230 85
30505 -109
29968 93
30263 16
30460 -83
30450 45
30405 -122
30480 30
30492 74
30434 96
30354 113
30487 -49
30564 135
30552 88
30377 -22
30438 45
30433 39
30461 84
30499 -88
30486 -3
30403 -133
30435 90
30406 -133
30471 -35
30440 20
30424 59
30572 -78
30444 -113
30438 105
30444 12
30427 -46
30512 -66
30440 -52
30317 -95
30421 -86
30352 -22
30446 46
30427 72
30488 1
30473 9
30405 -88
30387 7
30436 -12
30392 67
30129 -10
30051 103
30165 1
30385 -13
30544 -24
30440 138
30291 65
30502 220
30400 89
30507 22
30388 -205
30416 19
30420 -3
30141 4
30048 31
30145 59
30397 -32
30339 88
30504 30
30355 -229
30438 86
30479 27
30539 59
30497 10
30432 110
30300 24
30384 -37
30531 -102
30476 -3
29430 -94
5865 614
-27826 95
-32615 -71
-25437 -54
987 -350
23953 -408
31381 -149
32378 1
32529 143
32561 64
32614 25
32524 142
32490 111
32535 158
32499 120
32486 69
32598 100
32515 173
32516 119
32611 171
32402 26
32532 -5
32436 38
32425 46
32399 -7
32593 -155
32515 204
32543 -11
31941 54
31417 -27
31611 -202
31016 -202
29790 -101
28735 -128
27994 -230
27703 -101
25263 -50
18525 -360
4300 -275
-15448 -183
-30002 72
-32818 30
-31346 -119
-11337 583
24118 120
30468 23
30355 -120
30420 -82
30566 -71
30464 34
30457 -30
30501 -13
29511 -3
-2661 -330
-32147 278
-31266 9
5079 68
32178 19
32575 -10
32643 -73
32599 53
32463 -3
32510 16
32468 -85
32413 73
32533 -75
32588 -37
32344 -43
32489 -46
32504 -44
32576 109
32501 -25
32541 100
32478 -169
32518 17
32442 -104
32535 24
32466 -102
32269 -58
32440 -113
32524 112
32600 -199
32466 148
32437 33
32517 -124
32677 168
32326 44
32446 -210
32537 173
32568 -116
32644 -21
32482 -103
32658 -30
32628 -4
32478 5
32327 -166
32263 192
32530 -1
32404 19
32463 1
32314 130
22009 64
-24042 858
-32906 539
-14341 -482
25890 -441
30443 403
30703 -130
30403 -140
30438 -83
30570 -39
29703 -288
10449 155
-28113 304
-25255 -338
-14104 -91
-12995 -233
-13428 -25
-12930 113
-14005 -8
-26441 150
-30371 187
3521 -65
29608 -238
30505 268
30345 -61
29994 -112
30294 74
29556 160
30142 72
30395 91
30466 -134
30744 -183
30663 -75
30332 444
30271 -121
30331 46
30222 113
30178 40
30198 -2
30358 57
30326 -115
30582 85
30403 -156
30376 98
30350 306
30661 2
30632 284
30494 32
30443 91
30523 165
30559 -82
30219 -125
30503 94
30347 71
30237 -86
30494 60
30402 -11
30179 -162
30712 -224
30147 -111
30370 134
30448 -20
30205 -42
30439 334
30418 -70
30216 84
30390 -339
30701 26
30426 105
30210 16
30323 -150
30302 110
30219 79
30504 258
30319 -1
30404 151
30367 89
30543 45
30485 44
30280 -46
30455 -120
30570 39
30425 100
30459 193
30064 -16
29776 -112
30437 46
30454 -178
30251 100
30591 84
30335 217
30572 43
30533 -129
30499 26
30613 75
30347 98
30346 146
30566 -34
30220 51
30430 27
30709 104
30341 2
30439 136
30399 -62
30218 43
30433 -28
30447 87
30474 -79
30644 -92
30597 107
30544 -231
30656 -18
30586 42
30018 -12
30199 -101
30280 38
30574 54
30482 -65
30785 39
30590 100
30494 -63
30119 -73
30356 108
30515 56
30267 31
29719 207
30648 -58
30529 -224
30455 -141
30407 -124
30512 130
30345 306
30468 47
30317 79
30365 89
30389 -67
30468 -1
30635 -1
30622 33
30236 -118
29901 -32
30209 20
30548 196
30625 21
30330 157
30377 212
30319 -91
30526 -99
30218 -27
30638 -15
30581 93
30480 422
30695 -152
30433 -173
20550 746
-20051 979
-31906 -348
-23865 -247
10227 -306
30158 46
32118 144
32258 235
32578 131
32548 -131
32379 -69
32194 -193
32503 220
32503 -57
32555 -66
32635 -303
32606 -302
32321 -22
32695 -151
32534 -50
32653 38
32328 77
32519 -21
32522 -209
32558 91
32511 -54
32214 -144
32515 96
32232 -317
31877 -16
32757 24
32631 278
32420 224
32306 112
32372 -51
32260 85
32460 -1
32590 252
32256 170
31550 25
25643 -220
3189 -673
-25885 -370
-32095 13
-29965 402
177 825
28412 138
30605 -284
30484 -203
30201 -164
30471 104
30495 50
30610 156
29835 180
4699 -890
-31108 981
-31738 534
373 -46
31977 -501
32659 40
32475 -74
32469 276
32704 -68
32281 113
32438 55
32400 -47
32584 90
32547 7
32614 -110
32314 -29
32431 110
32663 106
32310 -274
32810 -3
32578 157
32636 6
32305 -96
32559 -111
31998 -612
32343 -47
32609 16
32390 -45
32433 -16
32401 -46
32300 -55
32466 -10
32436 3
32643 -39
32415 -95
32321 32
32438 -151
32368 73
32486 -176
32414 197
32428 43
32630 73
32470 31
32585 19
32561 -37
32588 153
32694 -64
32557 3
19851 -186
-26422 304
-32584 279
-9638 -243
28535 -169
30598 100
30473 -175
30507 -33
30508 88
30107 -36
29752 -67
4640 209
-30933 68
-24018 -21
-13349 -64
-13215 -171
-13395 -1
-13171 10
-15125 57
-28095 -71
-31428 -209
4467 -38
30054 -52
30505 -50
30317 61
30464 102
30385 33
30335 -42
29939 -58
30260 -84
30590 16
30402 -80
30511 108
30435 161
30613 -5
30449 -147
30433 56
30486 -13
30287 78
30389 -121
30419 -94
30524 58
30290 -42
30310 -89
30440 97
30490 7
30413 74
30446 83
30348 -109
30438 -115
30453 271
30622 -27
30383 69
30522 47
30368 -18
30450 113
30382 30
30434 -168
30490 -50
30607 90
30713 41
30379 -142
30443 17
30479 120
30490 93
30455 26
30663 -110
30311 -25
30532 -57
30479 -106
30323 -107
30477 -40
30388 -54
30658 65
30535 115
30502 145
30374 54
30570 -12
30420 117
30491 36
30434 -139
30717 62
30278 67
30448 173
30484 -37
29974 169
30067 -62
30368 -61
30366 67
30492 -3
30562 81
30431 -134
30488 36
30570 60
30492 -27
30355 51
30393 21
30600 -44
30498 -159
30349 196
30654 -28
30581 -68
30330 63
30457 -118
30400 -120
30499 124
30268 28
30585 99
30515 96
30452 34
30393 -146
30558 -131
30337 -90
30583 37
30295 69
30494 67
30566 -30
30406 87
30395 -192
30398 -38
30464 -86
30551 -73
30499 -51
30171 -8
30190 109
30475 -176
30560 122
30486 -81
30597 -55
30348 16
30541 -211
30493 -117
30338 -141
30536 179
30568 -27
30238 35
30580 -121
30615 117
30309 -35
30295 51
30340 -170
30187 3
30238 57
30380 194
30496 -29
30332 106
30330 146
30504 -18
30431 -32
30419 -51
30368 -9
30527 18
30623 22
29219 -201
-746 521
-31133 -93
-29359 54
5762 -817
31151 506
32656 76
32589 -170
32676 -147
32400 61
32586 111
32612 45
32619 -22
32611 43
32414 -15
32555 112
32378 -84
32578 104
32541 49
32434 14
32468 126
32586 18
32354 35
32608 -97
32030 36
30298 77
31367 74
32590 -28
31876 16
32065 5
32462 -61
32496 -277
32680 -51
32479 -73
32520 -219
32527 -12
32526 -36
32598 8
32450 -156
32516 -74
32515 247
32666 276
30300 248
2408 -485
-29702 -82
-32663 -141
-22030 251
21142 266
30528 -224
30077 -92
30471 46
30498 72
30626 -45
30466 -85
30538 265
8767 -177
-30860 413
-32407 80
-1290 28
32163 28
32488 -26
32548 -60
32685 196
32642 -92
32465 2
32538 186
32500 98
32524 -9
32682 60
32360 -88
32272 -122
32497 -34
32526 -123
32260 -85
32623 -69
32658 35
32523 12
32276 -56
32259 113
32072 -736
32421 23
32617 -18
32435 -69
32613 -57
32434 -108
32612 -13
32542 -146
32451 -21
32242 -146
32393 -236
32493 146
32375 -55
32514 -34
32624 82
32565 16
32616 49
32485 -47
32608 -102
32508 47
32504 107
32605 76
32501 134
32453 52
19292 -182
-26376 134
-32767 128
-5820 -197
28809 -102
30539 128
30393 -134
30397 -104
29942 140
30360 -61
30095 -12
7741 49
-30045 -426
-27647 290
-15295 136
-13201 -182
-13157 -204
-15085 -114
-23009 182
-32009 111
-25582 -354
15626 -331
30145 373
30570 126
30597 21
30557 87
30582 -71
30290 -146
30324 -143
30102 -208
30067 87
30576 2
30771 -66
30660 49
30374 -82
30646 90
30585 -110
30390 23
30427 -19
30404 86
30580 -312
30557 145
30296 -89
30550 -14
30388 -69
30698 -130
30652 63
30517 32
30622 -42
30619 -47
30409 -217
30595 16
30612 80
30223 -161
30245 -86
30614 -108
30319 -144
30225 -108
30488 1
30403 20
30455 44
30166 11
30539 65
30661 119
30656 41
30571 191
30468 -237
30437 37
30617 128
30332 165
30506 -106
30786 42
30286 84
30474 -118
30553 -71
30391 58
30439 62
30238 -72
30506 87
30496 -160
30299 -82
30569 -50
30539 -138
30470 206
30500 -91
30642 -32
30077 -85
29883 -70
30368 -91
30513 -304
30534 93
30699 63
30357 -149
30502 63
30506 17
30242 115
30396 66
30415 58
30380 147
30390 0
30478 65
30494 -24
30425 -15
30395 -224
30392 50
30323 250
30459 29
30591 -4
30424 152
30533 -69
30301 -72
30592 41
30480 144
30388 -124
30448 105
30324 -40
30449 38
30529 -101
30403 -96
30386 -157
30290 74
30373 -90
29943 -59
30294 37
30258 73
30402 -58
30421 -65
30384 -69
30223 -149
30649 -12
30440 93
30544 214
30460 83
30364 4
30521 57
30473 93
30534 22
30443 -39
30530 -51
30545 178
30413 -111
30303 -82
30096 -119
30043 -101
30431 112
30243 74
30727 339
30353 -150
30544 93
30518 197
30323 -10
30377 250
30776 -439
21259 353
-21431 769
-32665 240
-15604 -690
26098 -379
32642 290
32567 -158
32515 136
32651 -159
32255 -102
32451 176
32580 0
32303 -18
32693 -11
32449 -219
32741 4
32416 -81
32503 26
32484 -17
32325 -115
31735 225
31504 20
32304 -18
31924 128
30137 -5
29955 -103
31378 -15
32038 -226
31899 167
32331 -168
32417 -42
32628 -210
32483 -181
32572 -65
32494 -47
32596 149
32443 202
32636 -20
32403 43
32469 -160
32530 237
32618 -24
32683 47
25375 -63
-15763 -733
-32498 368
-30442 23
4302 866
29914 -333
30540 120
30251 128
30308 81
30326 67
30537 115
30094 292
10126 -495
-29935 324
-32448 240
-376 -69
32281 -38
32633 -16
32459 -70
32414 3
32578 47
32339 18
32525 87
32483 18
32392 -152
32399 26
32463 -27
32646 -73
32524 53
32533 -85
32427 -151
32526 -273
32700 4
32159 164
32598 63
32503 82
32192 -777
32490 -46
32498 14
32473 66
32458 -74
32571 -91
32515 -19
32443 96
32481 -34
32508 118
32588 -68
32656 132
32471 112
32415 -62
32495 -16
32405 -100
32530 56
32443 -62
32542 73
32526 -103
32413 142
32461 -53
32536 52
32602 91
19335 79
-26535 74
-32137 174
-1722 -174
30058 192
30424 1
30267 -84
30003 16
30194 32
30355 0
30336 331
19467 -134
-22785 -403
-31983 27
-25147 209
-19405 -43
-21106 -133
-26962 114
-31900 129
-30188 -3
-3174 -749
27918 104
30609 82
30492 -230
30448 -261
30497 -44
30448 -79
30509 16
30442 74
30384 33
30063 -80
30075 125
30232 -19
30435 -75
30404 79
30430 -94
30393 10
30495 -61
30403 62
30499 6
30316 134
30621 137
30427 -2
30444 -15
30560 -60
30485 36
30477 -116
30691 -60
30429 -86
30435 27
30423 -75
30589 64
30439 11
30423 44
30243 43
30447 -16
30398 -8
30378 -11
30578 49
30439 14
30373 125
30499 -41
30484 80
30346 -48
30608 7
30453 -32
30441 125
30412 4
30416 124
30345 66
30577 3
30551 9
30427 28
30407 48
30495 135
30431 79
30390 13
30329 63
30419 -61
30522 -71
30440 -46
30285 39
30632 -20
30576 33
30587 10
30511 -90
30436 34
30259 -149
29900 5
30130 -44
30484 98
30440 -82
30371 37
30553 -114
30490 -79
30621 -38
30536 -14
30383 52
30503 -1
30527 50
30265 -50
30456 -159
30547 35
30268 9
30423 -14
30549 18
30410 -60
30445 19
30322 -29
30372 151
30478 -25
30398 -75
30366 9
30429 41
30391 7
30507 20
30417 -68
30417 24
30574 -171
30463 53
30310 107
29988 -12
30171 -152
30461 -39
30438 112
30443 40
30507 -12
30443 -19
30278 142
30369 -4
30430 -32
30554 -47
30558 -47
30488 -118
30409 -25
30405 174
30251 -62
30480 -82
30347 -73
30478 46
30301 15
30487 -36
30520 -117
30324 58
29719 81
30289 91
30462 56
30391 -32
30490 22
30520 47
30457 31
30607 -9
30334 -367
7650 330
-30252 60
-31412 48
2634 -387
31548 119
32679 223
32333 114
32303 61
32528 26
32275 33
32568 81
32583 106
32457 128
32604 135
32568 103
32444 -31
32399 83
32512 57
32380 62
32423 127
30978 -29
31146 -92
31557 -7
31389 -13
31157 54
31780 33
31970 -132
32272 -22
32489 97
32350 113
32447 93
32424 106
32410 -86
32541 21
32356 -34
32574 -68
32493 -5
32663 -99
32544 -44
32659 63
32474 65
32462 134
32453 172
31670 179
3981 -338
-30983 183
-32826 -126
-13638 518
26348 -207
30110 -51
30446 -85
30410 71
30369 -20
30467 -39
30525 197
11865 -101
-29324 231
-31530 160
2361 -282
32247 -61
32607 16
32364 -4
32423 38
32477 122
32380 -45
32395 92
32611 53
32440 146
32544 -8
32494 -88
32416 -22
32529 -84
32539 26
32518 102
32430 -32
32519 -79
32343 29
32455 -35
32616 40
32246 -241
32426 -216
32284 133
32533 124
32361 31
32612 -137
32441 17
32429 90
32466 127
32546 150
32463 -293
32384 -16
32656 170
32599 -164
32581 -24
32485 -8
32675 -82
32416 -109
32463 -131
32265 42
32295 139
32538 -13
32584 -21
32489 -163
19611 -236
-26199 277
-31926 581
1551 -463
30076 337
30013 -57
29795 -147
30280 62
30364 -20
30182 -94
30235 311
29033 399
4137 -825
-26723 -196
-31938 -70
-31764 249
-31960 97
-31889 -145
-25999 -109
-2971 -749
24343 -491
30564 566
30475 377
30302 -48
30428 -201
30397 -94
30390 -205
30376 -51
30428 -100
30315 86
30516 131
30562 45
30062 -271
29906 -11
30521 106
30473 -75
30309 200
30486 111
30130 262
30462 -52
30462 116
30420 117
30649 -30
30537 1
30572 -59
30728 2
30551 -106
30265 -137
30495 -212
30612 220
30368 -79
30367 -62
30562 -78
30380 124
30269 -16
30337 -1
30263 -165
30365 172
30627 -120
30419 96
30496 -238
30240 25
30341 -26
30493 34
30429 -29
30593 63
30401 28
30415 -18
30161 -16
30604 217
30258 -103
30387 24
30452 168
30400 -132
30358 41
30371 -26
30384 306
30404 206
30612 -16
30495 -66
30506 10
30451 26
30373 70
30639 -86
30445 -23
30618 93
30466 43
30443 6
30286 146
29983 -162
30103 86
30273 -32
30379 8
30163 86
30306 -138
30412 13
30307 297
30417 -141
30372 59
30401 -144
30535 24
30428 -50
30291 166
30573 -89
30397 357
30704 120
30679 -10
30226 -13
30488 -149
30563 151
30436 -103
30476 286
30445 186
30538 -53
30289 115
30580 46
30797 56
30468 43
30516 -13
30184 37
29872 6
30318 -10
30425 -117
30365 -167
30455 87
30505 -36
30403 -80
30407 118
30310 167
30551 -27
30368 -5
30612 76
30794 67
30231 37
30657 31
30451 351
30301 55
30580 252
30500 82
30185 160
30142 228
30426 -118
30356 -251
30460 73
30135 -1
30010 8
30299 -29
30367 2
30609 -2
30441 1
30467 -97
30522 -217
29043 -465
-4924 913
-32233 251
-28089 297
15191 -791
32147 53
32611 -500
32473 85
32278 98
32544 -96
32393 -67
32574 88
32618 -112
32489 89
32509 -379
32753 -1
32484 -14
32431 42
32492 56
32404 -35
32583 -325
32221 246
31031 82
31149 6
31016 -41
31412 194
31664 305
32507 85
32504 41
32414 109
32527 328
32449 174
32384 -14
32129 194
32256 -20
32226 202
32439 138
32276 -60
32484 -263
32530 -366
32472 -335
32475 79
32436 -262
32715 -376
32434 86
19693 -710
-24628 207
-32794 225
-23383 907
20048 158
30126 -201
29710 281
30464 -68
30470 -93
30525 38
30522 89
13608 -279
-28164 234
-31161 229
2857 -508
32124 57
32503 -205
32426 -36
32581 -80
32536 -178
32582 -141
32516 -142
32520 -106
32864 -145
32315 -192
32565 49
32714 -37
32672 -107
32557 -135
32633 -51
32537 -229
32650 66
32472 204
32527 314
32462 31
31660 -610
32420 28
32511 37
32412 81
32506 44
32450 65
32537 -228
32599 -17
32682 -105
32523 -48
32533 -73
32519 5
32565 -47
32508 27
32591 -49
32428 -166
32604 -124
32603 -11
32506 -43
32472 87
32672 -26
32510 6
32491 -20
32404 80
20909 23
-25898 -4
-31523 150
2292 -78
29772 82
30062 74
30381 -66
30582 144
30509 -6
30389 147
30629 132
30440 34
28106 134
8883 -385
-13307 -255
-18833 -341
-17105 -119
-6773 -330
13915 -162
27804 19
30633 28
30595 70
30462 -87
30617 99
30526 51
30252 31
30475 -80
30617 18
30287 13
30325 -37
30622 4
30381 -8
30455 -21
30184 40
29722 47
30263 28
30406 -22
30463 -57
30459 150
30561 -116
30439 -154
30563 -133
30390 -9
30559 51
30532 -18
30296 -160
30452 -57
30630 83
30521 -23
30491 -83
30261 -49
30499 82
30637 -18
30442 18
30486 -12
30435 39
30408 233
30443 -36
30388 -26
30477 139
30427 -160
30420 96
30404 8
30475 -73
30569 -126
30515 -88
30358 -71
30533 -97
30495 6
30616 -68
30401 -23
30402 29
30629 83
30381 153
30497 80
30332 103
30550 -35
30457 4
30610 52
30498 17
30554 -12
30514 117
30339 -34
30469 57
30364 97
30508 148
30270 -53
30356 4
30602 -68
30527 83
30139 7
30015 223
30415 104
30457 12
30533 -16
30584 28
30542 76
30489 -101
30391 -103
30266 14
30232 -90
30380 45
30273 4
30506 -98
30403 -25
30501 -61
30510 67
30408 -153
30319 -22
30447 -46
30405 34
30398 72
30436 65
30452 64
30417 27
30496 95
30503 -23
30505 -42
30086 4
30005 13
30036 86
30347 26
30361 -125
30389 39
30412 -68
30309 121
30379 -159
30492 -105
30479 18
30640 -43
30612 101
30495 -98
30249 -70
30457 -5
30503 -44
30438 -40
30443 -156
30596 -148
30712 86
30611 -98
30404 125
30430 0
30594 9
30465 105
30433 78
30614 56
30003 -19
30138 -62
30055 -76
30578 -46
30618 67
30658 9
28417 -63
-11306 133
-32625 86
-25491 -6
20682 46
32238 175
32299 240
31988 -123
31817 25
31628 8
30733 44
30313 -88
29469 118
28240 -14
27753 1
26652 20
26498 -1
24992 24
24178 -42
24129 235
24350 4
25646 -128
23920 -3
22213 344
25877 -336
25317 -70
23817 280
24028 -199
20328 -121
15432 73
12612 -47
12158 116
9534 -6
8182 164
8266 292
8107 189
8230 139
9222 413
12195 151
14278 -162
16783 234
20725 302
24760 255
27612 33
29909 164
26609 19
-16805 -256
-32584 -119
-28528 -128
14133 -9
30518 -138
30099 36
30094 122
30481 -150
30400 102
30426 128
14480 66
-28171 -28
-30946 -5
5062 -204
32261 196
32547 13
32395 59
32443 52
32463 86
32617 -26
32488 -84
32495 13
32385 -19
32586 28
32458 -85
32450 -63
32438 -109
32483 58
32453 -29
32547 23
32569 -65
32639 -40
32572 195
32565 4
31987 -368
31807 -89
32353 -189
32669 14
32630 -155
32416 101
32380 -63
32360 -165
32593 112
32472 -33
32407 -77
32285 -13
32560 82
32479 -147
32455 -37
32414 -21
32432 10
32579 -34
32486 105
32452 -44
32388 28
32566 -242
32708 -41
32680 -95
22244 -147
-25078 165
-31075 275
5097 -236
29756 27
30560 -98
30300 -218
30601 -200
30404 74
30399 36
30535 69
30703 306
30561 7
30024 -118
27306 -347
25412 -254
26344 -237
28666 -233
30538 -174
30417 -23
30555 -36
30531 65
30599 10
30639 185
30483 -49
30270 -82
30368 -209
30496 -305
30224 114
30585 231
30474 -117
30634 114
30302 -122
30564 48
30414 48
29986 134
30056 46
30359 -48
30460 76
30172 2
30326 -48
30363 -319
30349 123
30286 71
30613 20
30526 -189
30260 2
30431 -22
30606 99
30402 78
30278 37
30392 -61
30497 -131
30425 -27
30463 14
30404 -218
30385 33
30389 174
30583 58
30468 -25
30399 282
30443 145
30520 -74
30524 -111
30427 92
30567 -28
30193 -18
30434 -160
30481 95
30317 -137
30553 -266
30434 54
30396 205
30558 129
30500 -76
30530 -156
30560 -10
30467 -168
30383 -230
30275 -3
30548 -58
30450 -43
30426 -157
30471 -79
30454 -198
30711 80
30619 69
30547 204
30473 -20
30159 141
30591 -227
30404 -35
29861 -37
30451 130
30295 -50
30525 -62
30611 -119
30630 -22
30388 -272
30454 -58
30552 206
30338 162
30765 -44
30555 -172
30454 -4
30554 -1
30477 -29
30409 171
30320 133
30391 -60
30453 -86
30185 149
30425 -87
30504 140
30546 275
30407 -91
30142 -170
30048 -26
29932 -99
30356 -93
30587 130
30391 114
30453 -39
30439 135
30385 244
30456 208
30404 -42
30309 46
30450 -131
30389 -91
30512 129
30241 -50
30313 -45
30396 83
30366 -187
30546 37
30514 240
30415 -186
30502 -82
30239 -189
30351 248
30357 308
30484 -67
30417 9
30359 5
30340 8
30390 -122
30065 -254
29914 -148
29975 14
30334 -11
30681 -55
27617 -104
-13573 109
-32661 195
-26151 -99
6223 -166
9378 345
5423 -6
1880 241
-1892 373
-5383 153
-8283 320
-10789 115
-13256 66
-16084 24
-17729 213
-20080 359
-20470 201
-22071 6
-22737 297
-19558 3
-3451 -296
-7828 125
-16228 134
-22263 345
-5857 -29
-5235 43
-17446 -28
-13587 410
-21199 41
-28922 -36
-29682 -82
-29707 112
-30030 -47
-29787 72
-29371 -21
-28272 33
-27027 -82
-25443 -187
-24059 -18
-22003 -374
-19528 -229
-16457 85
-12695 64
-6661 30
50 92
4334 282
-19287 -289
-32948 116
-30834 170
9524 321
30013 -207
30389 34
29970 73
29644 23
29927 70
30352 259
16775 -351
-27233 6
-30638 108
7469 -162
32287 70
32671 -54
32291 -30
32537 255
32435 -92
32654 92
32633 244
32502 -33
32596 -105
32462 144
32465 90
32505 39
32470 -21
32479 171
32525 36
32409 79
32602 8
32680 9
32598 47
32555 50
32383 -345
32218 18
31997 -92
32195 -76
32487 43
32491 -103
32478 111
32472 50
32475 111
32614 85
32431 111
32494 59
32439 62
32524 11
32605 -22
32474 58
32565 74
32441 80
32489 25
32512 31
32376 156
32466 9
32460 18
32534 -60
22654 134
-24641 5
-30761 109
6634 -184
30361 111
30437 17
30436 -64
30389 29
30672 54
30449 17
30403 100
30423 -166
30552 -175
30524 -91
30474 241
30571 167
30480 191
30587 99
30444 -130
30461 -104
30297 -3
30282 37
30540 -31
30463 -80
30388 -31
30451 -92
30256 -16
30406 74
30517 67
30537 -35
30357 48
30584 -66
30293 78
30437 -87
30509 206
30511 71
30278 -112
29881 66
30098 154
30445 -19
30334 -17
30495 13
30495 37
30376 20
30438 162
30477 -65
30381 49
30424 -17
30418 37
30448 -30
30467 24
30464 -84
30503 5
30319 12
30360 64
30605 -43
30460 -14
30396 48
30422 -44
30496 89
30458 -40
30568 -42
30499 108
30604 20
30509 31
30598 -42
30357 64
30329 44
30552 -75
30534 0
30441 -38
30581 23
30464 -24
30520 -121
30330 -46
30554 22
30433 -6
30379 26
30442 61
30372 103
30511 64
30485 -40
30495 38
30375 109
30395 -13
30477 39
30467 -63
30569 -33
30427 44
30483 6
30428 -56
30462 -32
30223 25
30044 66
30176 99
30570 -44
30376 -58
30543 24
30454 -94
30488 92
30498 125
30452 -13
30477 -78
30536 -10
30393 13
30467 -22
30453 -51
30554 30
30458 41
30489 47
30314 -9
30555 45
30530 5
30536 -63
30573 32
30368 32
30225 109
29960 88
30321 -27
30397 120
30540 -102
30472 -85
30271 24
30522 44
30430 120
30347 -80
30372 22
30612 90
30471 23
30413 172
30419 -45
30534 70
30257 -52
30412 79
30504 11
30459 99
30423 23
30401 -106
30375 59
30376 41
30491 -5
30515 1
30380 50
30541 50
30427 -88
30403 -1
30380 93
30471 -47
30445 20
29928 127
29919 115
30388 32
26573 169
-15794 324
-32725 207
-24087 173
7558 -329
7835 -91
3475 -99
-680 -86
-4436 -211
-7323 -163
-9830 -254
-12957 -254
-15468 -193
-17683 -127
-20005 -3
-20778 -225
-22341 -104
-22739 -141
-24164 -74
-19799 -166
-2280 242
-19878 84
-26319 -48
-25917 -113
-17093 24
-2932 120
-14439 -154
-20788 -82
-18369 -103
-14514 -292
-10694 -257
-7301 -189
-3668 -182
1305 -79
6716 -111
11917 -84
14699 -155
17131 -111
19019 -207
21436 -295
23217 -174
23591 -396
23909 -213
24925 -185
25215 -226
24141 -234
-9714 223
-32639 234
-30964 236
6954 208
30380 17
30498 107
30402 87
30463 -11
29927 87
29993 264
17794 -29
-26870 119
-30278 -64
9429 -138
32509 72
32628 -101
32611 -33
32585 -79
32507 -50
32636 2
32536 -23
32585 -17
32514 18
32439 118
32509 -61
32503 15
32463 -18
32614 -63
32517 106
32547 141
32578 62
32502 58
32428 -112
32292 22
32059 -211
32496 122
32146 14
31985 -9
32271 55
32377 -112
32806 234
32393 105
32650 -2
32546 -7
32412 -58
32461 5
32660 50
32523 49
32409 158
32556 88
32320 19
32743 -158
32500 -1
32364 -34
32601 -198
32536 -151
32457 332
32449 77
23615 -235
-22003 257
-29625 541
9280 -509
29940 364
30570 147
30189 -15
30525 -8
30456 77
30624 54
30648 73
30323 270
30139 -206
30292 -259
30390 -188
30504 -176
30460 -92
30648 -301
30424 25
30034 -154
30239 32
30602 126
30542 -67
30319 112
30181 -61
30226 32
30170 339
30429 -132
30641 64
30386 12
30531 43
30330 -392
30424 -96
30306 57
30382 86
30471 -125
30401 -92
30172 -23
29995 96
29910 -47
30484 202
30539 86
30590 269
30653 181
30538 14
30517 -31
30479 -223
30740 -217
30588 153
30609 -150
30581 39
30238 -88
30577 47
30517 206
30298 0
30682 -68
30519 24
30364 -94
30732 -76
30536 -47
30525 40
30251 -33
30399 97
30185 -81
30771 -10
30606 -70
30370 47
30544 209
30285 -213
30366 -121
30363 142
30507 113
30398 20
30494 -161
30524 81
30750 -26
30625 -68
30523 -87
30546 50
30590 -267
30497 -196
30309 -238
30498 81
30380 -15
30622 30
30388 -105
30387 56
30707 -41
30582 -51
30428 -32
30181 56
30230 71
30531 -87
30291 81
29722 34
30141 -19
30761 -146
30478 -256
30303 -195
30478 -148
30702 25
30241 22
30316 -44
30609 29
30597 385
30447 -290
30737 -31
30487 -122
30361 -121
30335 -65
29949 228
30331 8
30622 175
30452 -117
30582 -156
29867 -265
29563 -198
30191 -410
30679 18
30645 220
30204 281
30440 106
30041 48
30374 -40
30751 90
30349 85
30506 -5
30526 29
30338 -47
30581 143
30550 -189
30461 -94
30759 101
30391 -145
30157 -64
30290 189
30435 212
30602 188
30324 -12
30547 266
30362 284
30522 36
30786 8
30456 -221
30358 122
30703 99
30431 136
30294 202
30387 58
30777 289
30261 -12
29796 6
25028 -174
-16476 417
-32002 430
-19460 73
25329 -390
32194 125
31973 -83
31930 -123
31701 -109
30866 -315
30277 -314
29531 -35
28316 136
27599 -144
26727 -18
25929 2
23892 -252
22750 -48
21702 -64
21848 16
24729 291
22102 -196
18497 -374
18634 -407
22300 -164
23776 86
25129 -257
25709 -163
27010 -221
28350 -10
29951 32
30890 -197
31655 -182
31928 19
32001 10
32751 219
32359 117
32384 306
32111 207
32330 52
32122 314
32090 -63
32317 -53
32655 -112
32553 65
30801 -221
-5841 -87
-31918 -1
-30379 149
6518 26
29933 -182
30522 7
30366 -129
30619 -11
30618 6
30419 354
19297 -616
-25371 307
-29027 242
11399 -639
32600 129
32718 -52
32492 188
32473 -243
32298 196
32594 -14
32765 -23
32624 71
32583 -195
32557 105
32488 -13
32554 -150
32609 -50
32535 -28
32744 73
32604 148
32353 16
32603 66
31775 -144
32090 -108
31917 -227
32360 23
32461 -30
32528 -97
31939 -93
32039 -61
32619 80
32592 -161
32484 24
32650 225
32436 16
32454 77
32283 57
32671 -33
32707 153
32474 28
32430 -146
32559 -40
32728 86
32303 -123
32549 78
32467 -67
32531 109
31936 38
24740 88
-21139 22
-29734 327
11270 -141
30418 44
30481 95
30408 12
30438 91
30483 24
30510 -36
30464 -100
30606 -21
30433 139
30580 -120
30390 188
30435 154
30250 -134
30561 219
30518 -219
30046 100
30208 -87
30550 183
30436 -46
30452 25
30408 152
30549 37
30424 107
30237 -14
30255 -19
30302 -158
30558 -71
30539 -105
30589 75
30585 -64
30493 -191
30395 -63
30591 155
30468 69
30462 -3
30062 196
30119 59
30438 62
30409 160
30641 9
30538 115
30439 65
30436 8
30215 -15
30465 -5
30631 -96
30477 -71
30469 -2
30463 139
30415 100
30460 26
30560 -94
30299 17
30363 -36
30489 -23
30420 40
30425 -73
30523 179
30425 85
30399 16
30519 105
30557 12
30437 -13
30570 76
30304 183
30677 -187
30259 119
30514 35
30307 33
30468 192
30576 95
30592 47
30405 64
30426 -163
30430 83
30590 -85
30406 50
30339 -48
30432 -66
30681 58
30389 71
30450 -42
30481 -35
30455 90
30526 -73
30369 -30
30381 175
30476 -8
30515 -154
30334 -66
30440 11
30058 -41
29752 164
30069 -107
30340 -48
30452 79
30611 79
30404 -9
30596 -42
30369 195
30558 -27
30379 -210
30454 116
30190 -72
30374 54
30376 -43
30365 70
30332 139
30408 77
30396 71
30061 7
29819 -102
30406 -25
30557 -66
30353 -1
30393 15
30473 -32
30268 -68
30444 -164
30456 -4
30540 -120
30429 47
30469 -40
30365 -55
30395 63
30514 6
30509 67
30326 58
30421 -38
30604 -18
30504 73
30449 -32
30411 -20
30387 -160
30286 95
30434 48
30361 234
30399 -11
30242 -192
30558 -1
30209 -17
30721 -104
30481 22
30600 119
30554 38
30641 74
30503 114
30144 -10
24234 16
-19111 -145
-32550 -97
-18122 36
27720 -57
32747 -48
32822 -7
32700 -59
32602 -18
32731 62
32483 -21
32552 99
32247 -179
31506 65
32194 -11
32072 -165
31137 58
31554 -59
31376 59
31427 102
30470 127
30751 -44
31517 217
31336 12
31207 -13
32223 -72
32556 -83
32354 136
32616 83
32498 30
32506 168
32656 -65
32568 4
32518 76
32456 -118
32498 -201
32626 -128
32446 17
32506 -124
32395 -183
32451 55
32489 -79
32580 -175
32539 -204
32342 -92
31711 -177
-5979 153
-32701 -14
-31236 35
6647 129
30153 -146
30535 -67
30562 103
30393 123
30213 58
30611 111
21359 -1
-25055 189
-29735 15
11904 -8
32510 107
32571 55
32371 26
32483 -131
32726 168
32647 -153
32513 -71
32649 -64
32497 108
32558 -84
32513 54
32573 84
32330 -119
32512 106
32437 -32
32447 220
32228 -101
32240 -67
31924 -82
32538 -127
32014 -328
32214 -341
32155 -32
32539 -140
32631 -253
31909 116
32211 -64
32529 -97
32539 0
32550 6
32538 10
32330 102
32683 76
32257 -13
32665 46
32669 -99
32408 -107
32536 123
32626 -63
32452 80
32494 -18
32310 64
31996 115
32537 158
26093 27
-18820 89
-29055 73
13756 136
30626 103
30394 106
30614 76
30494 179
30627 130
30355 83
30625 -186
30414 68
30498 -79
30501 136
30488 131
30410 -211
30470 -113
30371 -83
30448 -172
30605 -40
30381 -19
30312 -37
30541 -124
30307 -80
30269 39
30670 67
30411 -79
30263 -122
30251 262
30366 -348
30394 8
30411 -43
30411 -90
30458 115
30496 174
30530 22
30654 -22
30368 18
30591 14
30489 9
29935 113
30215 -20
30309 21
30492 7
30225 33
30595 40
30576 224
30431 141
30598 2
30423 -179
30312 -202
30295 -153
30708 93
30366 63
30385 -61
30366 -200
30134 108
30410 142
30538 25
30482 -110
30295 -125
30644 136
30589 45
30591 -293
30507 -3
30446 -39
30577 15
30278 -169
30454 86
30640 -105
30152 -102
30311 -26
30548 176
30422 198
30290 58
30645 139
30537 -44
30447 -229
30298 190
30602 0
30514 154
30282 112
30376 -101
30577 -65
30491 -12
30352 -92
30591 56
30363 194
30262 -68
30490 12
30702 -26
30523 56
30372 47
30598 -48
30480 28
30517 -2
30066 27
29690 -127
29991 116
30408 33
30375 103
30381 163
30473 37
30587 -51
30492 138
30362 175
30376 164
30192 -4
30535 160
30436 71
30422 341
30403 60
30206 112
30052 -63
30364 251
30511 -48
30482 -5
30223 127
30399 -57
30641 -109
30594 134
30494 157
30386 160
30314 -41
30559 110
30414 14
30553 62
30471 -83
30636 -159
30568 162
30353 130
30381 170
30471 122
30671 -69
30447 73
30270 66
30378 61
30367 -218
30291 -7
30286 -91
30432 162
30524 53
30410 32
30408 -72
30416 221
30563 36
30352 71
30440 -187
30593 -14
30535 -51
30240 -261
30511 142
24567 -51
-18852 71
-32185 99
-16503 -119
28352 -366
32633 -70
32639 -200
32639 -159
32428 -177
32465 -92
32588 1
32529 378
31603 -95
30885 -127
30999 -200
30759 36
30623 11
31255 307
31708 -202
31423 123
30918 207
30728 -269
31429 -71
31640 141
32013 -8
32286 178
32384 83
32729 307
32793 -81
32302 -170
32642 -22
32530 -44
32539 -33
32600 -18
32403 80
32448 -59
32284 9
32504 75
32224 32
32286 331
32213 308
32204 179
32378 -154
32456 -23
32606 -62
31547 233
-5707 -114
-32669 -192
-31265 93
4522 113
29848 -14
30192 72
30409 -207
30389 11
30533 -92
30638 114
22668 -61
-22780 157
-29311 0
11148 -76
31885 190
32308 4
32279 -318
32563 83
32660 -151
32531 -70
32768 -105
32515 -16
32247 134
32759 99
32660 37
32485 -88
32601 279
32429 51
32424 153
31790 41
31814 -127
32199 93
32470 29
32605 71
32030 -389
32616 -43
32504 -20
32646 77
32423 -82
32472 -117
32357 -1
32059 142
32545 42
32554 -131
32567 -151
32559 20
32426 38
32539 -50
32622 0
32378 -64
32439 21
32566 116
32496 -66
32503 146
32369 28
31937 -48
32192 -16
32431 -51
26285 -81
-19075 -71
-28382 35
15203 81
30586 166
30427 45
30369 -157
30427 120
30624 130
30395 -131
30593 54
30395 46
30521 -88
30330 -148
30431 -36
30452 -69
30650 169
30448 -5
30354 24
30429 -123
30356 -35
30474 68
30547 19
30388 16
30448 -150
30470 33
30546 89
30464 -43
30329 58
30396 -194
30392 -20
30554 48
30422 172
30248 29
30434 -104
30521 -240
30422 39
30426 78
30591 -28
30299 -36
30454 30
29914 -39
29958 -92
30381 48
30574 90
30327 -100
30416 -164
30496 87
30520 -102
30407 -73
30450 61
30336 56
30362 25
30487 -7
30361 73
30358 -116
30610 -17
30437 1
30410 -101
30614 32
30490 -77
30382 -64
30582 -19
30391 -210
30318 -81
30505 62
30477 -163
30498 224
30335 113
30489 86
30357 182
30403 -13
30347 -40
30489 114
30467 151
30655 -70
30453 118
30384 -46
30447 112
30477 12
30431 -90
30379 -27
30372 -40
30464 7
30256 15
30380 38
30470 -104
30311 -24
30512 61
30587 124
30376 -55
30420 46
30314 -77
30505 32
30508 33
30571 30
30292 135
30132 -2
29937 189
30088 -1
30506 -48
30359 77
30349 -82
30513 -39
30428 -26
30427 -95
30446 -1
30412 0
30362 152
30529 104
30671 167
30182 56
29777 63
30134 -27
30432 6
30413 -11
30336 -21
30426 77
30372 150
30552 -98
30398 9
30418 142
30624 76
30478 113
30398 104
30354 182
30492 47
30558 38
30422 7
30477 -56
30383 -133
30354 -89
30364 -78
30368 36
30441 -117
30345 -147
30443 -13
30345 -43
30596 97
30326 -18
30518 179
30476 -168
30426 39
30425 -5
30460 -83
30660 -54
30454 27
30509 -57
30347 -86
30470 -114
30368 -83
30497 -42
24736 -1
-19022 38
-32354 -18
-14238 -12
28901 -12
32484 -75
32527 -72
32286 -29
32525 1
32446 -32
32613 -71
32531 -150
31873 46
30881 37
32408 70
31024 -21
31203 -65
31038 -53
31751 -83
31056 60
31417 44
31165 119
32542 -83
32515 -73
32546 39
32466 -139
32430 104
32393 85
32450 74
32509 21
32490 126
32473 -68
32666 81
32382 -126
32576 -28
32697 13
32528 97
32565 -81
32559 -72
32539 43
32518 -37
32580 90
32482 60
32387 136
32468 -16
31695 -3
-5915 95
-32768 65
-31577 124
2410 -100
30120 -58
30340 -152
30455 109
30303 -116
30479 -114
30540 150
23349 -91
-21425 84
-30217 -9
9029 108
32061 -106
31844 81
32611 -121
32410 79
32516 -53
32362 83
32367 -63
32643 54
32491 -35
32456 -51
32445 0
32465 -10
32469 114
32233 -16
32004 -3
31968 -74
32382 114
32507 86
32618 -185
32464 -81
31969 -310
32384 -298
32740 -268
32459 -112
32553 -222
32398 -14
32605 -45
32386 400
31875 -110
32425 -2
32368 40
32515 110
32680 62
32737 -115
32589 -140
32468 -130
32439 59
32615 -95
32561 -79
31943 -28
32023 147
32304 -47
32832 9
32524 46
24853 -191
-20979 -48
-28488 -167
14801 191
30659 23
30522 20
30498 -29
30641 49
30559 161
30344 -171
30497 24
30743 -82
30298 -124
30545 -42
30401 -61
30603 346
30710 51
30124 -79
30429 161
30447 -39
30456 -35
30673 -106
30441 -148
30425 -97
30460 129
30315 21
30549 31
30154 60
30682 123
30350 -189
30480 -233
30404 115
30658 -74
30633 -48
30258 324
30480 -40
30580 -130
30569 235
30460 -19
30503 -160
30359 -79
30262 91
30346 -86
30157 148
30451 75
30669 25
30526 -168
30556 -363
30389 -120
30399 89
30379 19
30417 -53
30712 -163
30293 58
30414 100
30320 -30
30411 95
30393 -1
30437 104
30513 104
30539 92
30550 -167
30379 -152
30313 51
30679 -71
30360 -80
30527 216
30447 109
30423 -309
30288 90
30393 52
30370 47
30269 -15
30466 -110
30443 -50
30373 -274
30464 -162
30671 -63
30289 101
30369 -73
30403 -93
30545 -26
30492 158
30480 66
30466 220
30682 -11
30405 206
30563 155
30447 -24
30355 86
30645 77
30352 -201
30449 -87
30301 287
30511 157
30433 -278
30501 111
30227 -200
30155 -142
30078 -9
30069 139
30594 22
30298 158
30227 251
30464 99
30421 31
30423 -134
30582 515
30814 96
30508 -83
29895 -94
30093 111
30424 137
30371 41
30620 -100
30232 170
30343 240
30399 4
30601 -132
30552 325
30448 -62
30212 256
30311 442
30593 132
30468 52
30602 -87
30652 -121
30374 142
30495 28
30104 -107
30397 9
30247 -92
30371 126
30313 -56
30463 -248
30378 79
30564 68
30099 72
30402 37
30323 284
30468 -50
30224 -80
30332 45
30543 -42
30133 -130
30592 50
30364 4
30542 -19
30468 -14
30388 132
30346 -32
30446 -184
24690 -73
-17913 -214
-32448 -77
-14436 179
28238 -37
32529 -400
32538 -612
32425 -265
32614 207
32376 -243
32297 -291
31940 -14
31016 275
30020 -114
31134 -15
31246 94
31440 -20
31941 -99
32093 -173
31534 -171
30914 86
31822 331
32483 108
32431 91
32433 -42
32327 61
32455 101
32464 125
32612 -177
32377 -40
32689 -13
32429 -34
32449 105
32467 247
32367 37
32662 240
32588 218
32437 -186
32419 -37
32295 399
32663 269
32566 186
32441 103
32435 -220
32620 161
31613 257
-5550 115
-32647 189
-31205 -11
2386 152
29783 206
30526 131
30527 -95
30288 -125
30375 -60
30881 -56
24573 -102
-19479 125
-30335 173
7247 235
32277 -177
32179 9
31594 -335
32178 -122
32566 -159
32485 -5
32571 -109
32496 182
32455 -98
32409 88
32391 -268
32328 34
32173 277
32024 52
32308 246
32389 141
32471 193
32570 -100
32513 -341
32474 109
31919 -448
32462 -43
32549 -100
32332 -55
32258 220
32487 -18
32310 -57
32507 -23
32278 -189
31757 49
32335 174
32533 77
32584 -50
32392 82
32614 -134
32453 59
32270 188
32148 14
32038 -38
31903 -32
32540 -128
32560 70
32543 -2
32554 166
24199 148
-22285 -63
-29111 -84
14205 -97
30566 -95
30259 37
30422 12
30626 -154
30507 -163
30468 -163
30578 -12
30584 -16
30557 -149
30500 -21
30361 -74
30350 -50
30550 38
30387 -12
30587 -101
30422 -21
30596 -19
30472 36
30473 8
30516 168
30193 159
30369 -2
30415 174
30433 -53
30513 -23
30399 26
30598 155
30262 -114
30331 -108
30469 -60
30483 148
30435 27
30280 123
30476 181
30314 9
30464 149
30333 120
30512 176
30458 -22
30234 19
29931 -176
30220 -30
30267 -171
30418 68
30364 -42
30561 50
30485 184
30493 11
30575 -128
30364 136
30420 113
30515 83
30555 231
30509 -235
30379 -9
30466 -13
30473 -92
30617 -76
30382 -152
30310 92
30443 59
30581 -53
30396 -94
30444 -9
30568 -29
30583 39
30555 -189
30552 7
30272 1
30465 -1
30450 23
30446 -20
30699 -17
30519 72
30558 -60
30431 13
30320 -30
30547 100
30377 37
30374 12
30427 -176
30376 167
30632 122
30626 -95
30396 145
30583 80
30480 56
30391 210
30461 -132
30516 -5
30475 143
30496 -31
30499 59
30332 -102
30642 79
30532 -66
30351 -63
29408 -29
28599 -29
28517 84
28487 -27
28942 -157
29250 22
29481 -35
30048 153
29976 71
30087 112
30451 -56
30462 60
30634 108
30343 -16
30632 -22
30409 92
30559 92
30473 -107
30510 -47
30235 -23
30484 -78
30421 -103
30562 -64
30476 -183
30509 -222
30377 84
30477 89
30492 6
30548 -11
30482 23
30599 -23
30403 -64
30331 86
30625 96
30472 -180
30517 -29
30450 18
30661 -217
30469 -75
30574 26
30337 72
30294 1
30504 75
30475 23
30482 93
30442 -69
30486 -41
30467 -54
30628 94
30401 132
30374 20
26448 32
-15585 -149
-32668 89
-18714 140
26464 175
32007 11
32548 -4
32434 -41
32487 201
32225 128
31554 -159
31115 -73
31104 -3
31220 27
31109 120
31188 -31
31494 -32
31368 158
31401 157
32497 204
32392 -51
32573 -27
32604 -10
32429 -182
32382 91
32559 -111
32587 45
32555 41
32367 -51
32450 -104
32418 -25
32261 160
32448 -78
32472 201
32480 -94
32595 52
32321 -55
32542 -105
32416 -21
32504 78
32380 79
32514 -140
32466 40
32433 -29
32556 -88
31551 213
-5861 32
-32706 -49
-31361 -12
2571 -108
30317 4
30486 -96
30470 -112
30331 46
30503 34
30738 -144
25687 -15
-17190 19
-30811 30
6387 -80
32304 -30
32508 0
32281 24
32005 153
32408 -54
32579 33
32587 -99
32531 -98
32356 62
32532 48
32173 96
31844 56
32235 54
32604 -86
32465 53
32526 -60
32379 -208
32646 -136
32539 -68
32660 -11
32114 -557
32506 -191
32289 -139
32486 164
32331 -62
32393 82
32430 -101
32542 -22
32443 44
32582 -208
32169 6
30190 47
29150 64
28572 39
28109 -90
27695 -102
27318 171
27638 -108
31678 -186
32661 99
32693 46
32672 -214
32586 -85
32642 -37
23103 108
-23859 103
-29804 -76
11027 305
30546 -95
30428 150
30334 -17
30344 -9
30415 89
30407 -59
30384 -191
30494 -273
30325 -320
30376 19
30692 -131
30521 -12
30446 -148
30264 138
30560 -174
30531 69
30539 -91
30442 -120
30409 -39
30460 190
30528 -187
30649 -152
30597 11
30103 90
30408 194
30423 25
30574 136
30553 48
30524 -47
30508 288
30453 93
30593 125
30400 117
30510 -186
30492 69
30529 -135
30417 14
30478 3
30633 -84
30426 -17
28081 -194
24373 168
24949 -34
25777 235
26187 41
26583 -79
26815 146
28853 -70
30648 -224
30611 167
30771 -171
30422 -126
30665 -178
30499 -169
30558 -14
30545 -349
30443 -80
30370 -180
30327 37
30330 212
30559 53
30291 46
30472 45
30505 -52
30486 51
30529 73
30336 -18
30684 15
30289 256
30569 19
30417 -137
30377 52
30357 -109
30395 -82
30349 268
30368 72
30434 105
30377 451
30211 -136
30529 -29
30586 -140
30550 -113
30735 205
30614 26
30471 55
30476 -113
30417 5
30400 -24
30373 69
30568 63
30519 156
30297 -146
30512 143
30306 -135
30321 -145
30348 156
30564 -111
27694 128
22425 161
22251 -33
22855 288
22580 72
22599 119
23074 49
26949 -145
30414 69
30414 123
30446 -33
30478 86
30510 29
30426 -164
30468 -168
30579 88
30451 -192
30421 46
30522 138
30520 -15
30245 192
30302 225
30561 -87
30296 79
30406 -67
30466 -165
30570 6
30470 -374
30611 -6
30309 -57
30518 -2
30471 167
30512 224
30574 122
30423 47
30561 157
30405 260
30312 8
30673 1
30614 -142
30381 190
30354 289
30277 -86
30398 63
30401 55
30434 74
30453 116
30537 118
30371 -149
30411 142
30666 -32
28087 170
-12812 -150
-32308 -178
-22484 -20
23593 -38
32083 -31
31902 -166
32549 -10
32148 151
30790 18
30609 153
31358 70
31079 -86
31296 35
31203 -244
31030 124
31070 52
31198 -125
31918 -170
32577 -150
32535 116
32539 -21
32614 47
32403 66
32507 198
32477 -159
32392 43
32643 -26
32466 -22
32400 -69
32537 211
32369 -57
32618 50
32692 62
32091 140
32461 162
32652 89
32572 188
32527 151
32458 39
32479 193
32639 68
32362 316
32374 -37
32633 307
31618 -29
-5982 -42
-32473 -19
-31183 104
5208 -147
30093 -111
30381 61
30581 182
30363 31
30468 -145
30607 -338
26861 -16
-15294 63
-31474 134
3275 31
31985 -110
32371 19
32317 -9
32367 232
32077 -186
31520 -74
31219 -25
31699 98
32061 -92
31882 292
31991 -17
32411 168
32611 107
32588 49
32497 127
32267 0
32598 -5
32417 -245
32333 -32
32497 206
32004 -626
32390 11
32402 -113
32569 -13
32492 89
32534 59
32525 128
32680 -4
32528 -31
32597 -14
31732 -136
24994 55
23430 17
23944 58
23892 99
23288 111
23482 34
24891 -15
31576 -75
32437 -95
32593 60
32441 38
32394 17
32575 -4
22311 102
-25176 -75
-30101 -131
10376 94
30510 45
30493 6
30485 -43
30507 69
30400 -151
30280 -42
30543 -50
30360 32
30407 5
30443 47
30428 -65
30323 -12
30424 60
30515 -45
30374 -169
30531 107
30585 -120
30546 0
30426 -18
30389 -50
30345 -52
30369 -33
30491 105
30490 44
30352 87
30401 48
30635 -77
30429 -3
30616 61
30662 48
30391 -83
30447 18
30404 -38
30320 198
30548 -79
30362 -53
30506 134
30421 -36
30458 48
30431 -144
26879 -52
21478 -186
21849 64
22600 -46
22071 14
21557 -46
21456 78
26526 38
30489 -31
30481 44
30415 15
30376 -22
30505 14
30396 -13
30385 -76
30376 -177
30377 -28
30544 89
30464 131
30605 -45
30363 35
30456 -59
30367 -13
30495 0
30585 -56
30376 -88
30447 -3
30391 -148
30567 69
30424 -80
30288 -3
30457 57
30398 34
30479 -78
30434 18
30467 72
30335 88
30382 184
30578 -92
30510 63
30397 195
30608 -60
30619 -174
30462 -76
30349 17
30489 246
30533 1
30380 134
30482 40
30620 -183
30428 -183
30384 -6
30399 97
30357 88
30517 70
30510 228
30389 11
27101 -87
21667 -151
23040 -237
24626 -187
22794 -252
21536 103
21594 -125
26569 -57
30084 12
30062 111
30067 150
30080 64
30163 48
30034 204
30223 -78
30067 -42
30053 73
30156 -30
30415 21
30415 -131
30575 9
30399 -31
30602 -131
30439 -231
30597 -216
30399 80
30608 199
30497 165
30535 132
30347 32
30408 -81
30393 5
30465 -64
30485 -89
30440 61
30612 -30
30617 59
30436 48
30511 -94
30452 -79
30603 -37
30523 10
30578 1
30385 31
30574 -37
30424 58
30478 28
30537 -23
30490 -34
30491 7
30461 -121
28450 93
-12389 -217
-32895 -147
-25131 -98
21124 120
32557 -190
32537 249
32613 -94
31273 -62
31485 263
30575 -239
31220 52
31240 126
31063 27
31461 113
31400 68
32274 114
32610 104
32540 173
32528 -39
32552 -3
32454 -83
32563 21
32520 55
32588 -19
32427 -212
32572 -51
32414 -53
32300 -2
32421 -28
32434 -16
32497 -147
32556 9
32375 -41
32477 91
32445 28
32531 -82
32626 -124
32434 57
32570 12
32519 -74
32568 -26
32586 91
32622 52
32690 59
31647 0
-5720 159
-32743 42
-31094 -89
6907 3
30045 8
30586 104
30526 70
30303 14
30382 -69
30511 118
28256 14
-13170 -13
-31357 100
2794 -121
32123 77
32550 -48
32530 43
32522 53
31756 -104
30086 78
30180 206
30741 46
32580 -56
32254 170
32565 42
32616 24
32518 -26
32562 -120
32543 -24
32442 178
32485 -45
32338 26
32636 -56
32617 -104
31820 -378
32542 -182
32447 315
32733 25
32711 -106
32545 -141
32821 -268
32732 -59
32092 -72
32356 -224
31491 -225
24834 52
23917 -177
25873 -225
25291 156
23987 -118
23382 -215
25609 17
31767 217
32468 92
32711 183
32352 -31
32454 112
32694 131
20982 350
-25191 96
-30550 -219
7321 351
30598 -145
30332 272
30230 -74
30599 36
30539 -48
30326 85
30351 35
30402 117
30299 -95
30513 186
30064 31
30376 -106
30443 9
30231 184
30235 121
30496 -180
30200 -186
30164 59
30389 -45
30393 92
30548 163
30382 176
30648 152
30332 343
30545 117
30518 161
30640 -232
30654 8
30429 78
30633 -112
30340 -42
30355 93
30552 231
30674 87
30458 4
30583 171
30505 187
30300 -72
30629 -193
30458 14
26325 179
21819 289
23948 83
24740 45
22721 45
21616 -118
21442 -18
26952 -304
30336 -51
30622 148
30587 7
30408 -263
30442 -234
30382 -182
30422 -288
30379 -141
30286 -19
30286 -251
30444 -94
30417 -86
30485 -22
30349 -374
30436 40
30247 128
30395 -52
30433 133
30378 196
30271 -58
30581 7
30503 -226
30261 117
30369 24
30449 211
30403 -48
30576 25
30344 113
30482 116
30520 -45
30231 -60
30263 50
30616 -130
30285 -140
30428 -168
30444 31
30431 -26
30623 -5
30436 -67
30438 215
30254 98
30346 -34
30302 196
30318 258
30592 76
30408 32
30259 -218
30513 -103
30120 59
25132 200
18959 153
19880 242
13716 358
7912 9
4244 -268
580 366
1862 133
1126 181
673 72
931 336
1167 453
1059 256
972 80
756 114
1005 164
986 100
1235 91
4907 299
8405 450
12947 355
18062 399
22461 450
26190 398
28523 140
30001 57
30400 -73
30279 -300
30512 0
30241 58
30452 192
30558 28
30130 183
30392 -292
30500 -68
30410 -110
30579 244
30362 106
30058 -207
30355 -244
30489 -80
30551 258
30478 -172
30546 12
30494 -141
30479 91
30469 -153
30530 -86
30333 -77
30510 208
30495 77
27829 561
-12224 -171
-32652 -257
-25471 184
20226 390
31922 -450
31416 32
31332 -269
30927 -144
31475 -143
31790 183
32021 -180
31051 -74
31134 206
31280 119
31623 -117
32360 34
32714 -66
32368 -260
32424 -28
32607 117
32441 -63
32691 -117
32481 217
32147 -108
31480 405
31368 256
30781 -62
30519 178
30851 235
31064 71
30702 368
31682 -126
31515 240
31685 200
31772 -21
31924 147
31564 -211
31473 180
31798 244
32017 -197
32545 -315
32249 17
32235 3
32530 -173
30871 -16
-5496 25
-32308 306
-30554 -94
6865 -44
29972 147
30724 -65
30533 -38
30292 49
30374 113
30713 -80
28320 -96
-10739 77
-30516 92
4256 -263
32029 171
32533 -56
32425 -13
32316 104
31531 100
29796 178
30966 -17
31482 -143
31478 101
32689 200
32413 -11
32552 80
32524 228
32255 -191
32790 -22
32810 -48
32726 101
32740 -32
32296 30
32628 174
31671 -567
32406 110
32388 -25
32625 -30
32598 33
32643 -7
32548 -168
32464 -13
32466 146
32448 83
31017 -170
24459 66
24398 -78
25017 -4
23556 -157
24168 36
23383 -132
25564 88
32081 -137
32598 -23
32666 -61
32229 -51
32552 232
32390 -46
19345 179
-26480 139
-30808 -85
6411 11
30372 -59
30484 -87
30497 106
30517 -18
30329 -220
30430 84
30321 57
30445 -36
30469 130
30488 -29
30411 -101
30533 -138
30559 -2
30600 -80
30505 -50
30428 48
30328 239
30361 217
30538 20
30401 -298
30496 24
30516 -10
30410 14
30612 -139
30359 -26
30404 -129
30436 -215
30465 -66
30368 8
30462 -4
30472 -166
30551 26
30550 -21
30576 -106
30470 82
30424 -15
30537 79
30463 -99
30223 -144
30378 -143
25971 -149
21773 -79
23782 -22
22293 -12
22186 20
22257 -29
21851 14
27172 -143
30420 2
30382 -104
30478 -47
30209 -76
30525 -35
30411 136
30351 53
30310 -5
30346 -73
30449 -35
30584 19
30592 103
30342 7
30558 18
30474 23
30569 221
30507 124
30540 -89
30393 119
30348 13
30530 -75
30525 -63
30400 116
30290 -69
30412 -186
30375 74
30524 -170
30575 -73
30526 84
30618 134
30622 201
30388 6
30333 68
30250 -155
30622 -236
30346 -134
30488 -34
30446 354
30611 292
30359 -43
30397 -88
30699 -231
30429 -171
30571 -244
30081 70
28929 193
25495 98
18140 291
6476 225
-7636 31
-17309 -23
-19726 236
-25453 -123
-19016 -404
-15322 -55
-31466 170
-31903 -40
-32165 174
-32163 -127
-31945 145
-32190 114
-32222 -80
-32006 65
-32264 278
-32201 35
-32042 37
-31942 81
-31630 207
-30968 -2
-28885 97
-26838 230
-22705 3
-17701 94
-9678 19
1469 158
13229 260
22440 250
27844 104
29994 -75
30461 -329
30524 -130
30557 186
30411 123
30272 -89
30341 -112
30569 -157
30410 53
30279 -10
30662 -104
30441 -77
30628 178
30490 173
30595 173
30610 37
30398 -114
30462 48
30493 97
30400 62
30472 18
30700 -226
27773 182
-11799 -352
-31532 -210
-25727 -97
18790 237
29596 -158
28462 368
29547 -6
29886 -292
30181 242
30074 -411
29624 23
27462 -62
26721 -23
25894 54
24638 189
21488 146
19014 35
16992 79
15842 46
14372 112
10286 269
5183 -92
924 30
-1672 123
-3990 155
-5522 49
-7871 163
-7913 124
-8296 115
-8067 -140
-6938 240
-4254 -60
-4009 264
-4184 342
-3981 -17
-3993 168
-4039 128
-3909 312
-1844 330
-33 384
2419 158
4694 16
8450 191
11920 97
14364 244
-12580 64
-32751 -234
-30854 -12
6840 -199
30354 28
30330 -64
30394 -143
30486 -128
30387 187
30545 -76
29028 -83
-8594 -37
-30314 -95
7034 -87
32230 -46
32317 173
32523 24
32482 133
32220 -95
31581 115
31508 235
30158 -123
30325 273
32145 -149
32450 165
32585 98
32577 -78
32586 -72
32688 -104
32416 31
32475 65
32585 -82
32622 -134
32523 81
31884 -347
32484 -139
32406 -65
32591 -61
32472 -304
32347 3
32538 63
32296 81
32471 -49
32479 -95
30907 -109
24236 174
23162 -115
23313 -161
24087 -242
25642 -78
23803 110
25861 -4
32146 104
32429 94
32543 -153
32285 -142
32558 68
32693 23
18649 178
-26719 270
-31050 -100
4891 498
30382 -285
30677 34
30514 -72
30489 -285
30433 24
30392 225
30597 -8
30542 93
30239 -166
30401 -206
30487 -43
30415 -216
30543 24
30477 66
30343 -59
30471 -185
30576 -4
30585 94
30261 -43
30506 -134
30355 -157
30554 126
30520 -81
30520 -66
30489 -192
30540 160
30313 22
30177 11
30549 83
30526 -202
30620 -127
30614 -237
30474 50
30509 -178
30382 2
30395 78
30399 -153
30279 -218
30187 -126
30191 -19
25154 -104
21456 -33
21768 58
21945 -96
23661 -83
23657 -292
21736 41
27815 -102
30387 86
30276 24
30511 129
30470 -156
30425 51
30510 -96
30496 -58
30342 -93
29993 -84
30280 142
30208 -165
30548 118
30367 123
30437 43
30658 207
30587 -181
30531 10
30358 90
30570 33
30475 -90
30431 90
30367 37
30483 -21
30497 41
30454 27
30693 8
30300 -22
30505 -228
30216 117
30232 63
30327 72
30394 86
30501 -16
30287 163
30532 -146
30623 128
30380 -23
30578 -229
30156 -366
29863 -294
28370 492
23777 255
16834 309
9011 187
14 370
-8647 263
-18309 33
-26052 249
-30842 192
-32473 28
-32860 18
-32611 278
-20460 -27
-6431 -123
-17337 276
-31347 -293
-31473 -154
-31070 -149
-30906 -99
-30759 -280
-30876 -168
-30782 -123
-30862 132
-30549 -274
-30745 -169
-30833 -407
-31177 -292
-31431 -178
-31802 -5
-32342 -42
-32698 57
-32722 -5
-32724 299
-32353 111
-31493 202
-28682 182
-22119 317
-12084 333
2221 446
17466 358
26862 222
29724 -54
30162 -143
30482 -172
30497 30
30362 3
30217 -159
30182 65
30403 -324
30332 204
30340 -83
30280 -58
30612 158
30570 147
30466 58
30396 5
30535 45
30340 -63
30556 105
30257 -52
26771 238
-810 -78
-19253 -330
-20062 -536
5067 493
13173 147
-993 -112
5786 244
4747 157
-3402 371
5463 218
-3982 198
-14360 293
-17208 261
-19717 517
-22282 438
-24919 256
-27134 14
-28098 92
-29117 247
-29587 333
-30183 129
-31460 212
-32129 32
-31863 80
-32422 5
-32453 -29
-32305 -23
-32121 -75
-32090 -94
-32062 -46
-31467 -21
-31259 -114
-31091 -78
-30421 224
-29744 137
-27458 -100
-25578 19
-23760 -277
-20230 -117
-17308 -55
-14604 -253
-11852 124
-8632 -71
-4959 -137
-585 -162
-18264 -29
-32893 107
-30979 -60
6821 133
30038 257
30547 -248
30425 184
30313 -8
30597 -4
30529 -228
28724 -37
-10927 381
-30093 -255
7775 -8
32236 262
32504 59
32693 27
32632 250
32302 156
31770 -281
30388 78
30676 133
30626 132
32090 -50
32456 -40
32482 40
32420 -191
32190 97
32407 130
32520 65
32640 90
32407 37
32316 209
32508 41
31896 -598
32322 -252
32406 52
32401 33
32397 -185
32350 -113
32442 10
32676 6
32483 -50
32279 -59
30619 -31
24039 -156
23197 71
23553 -8
25479 -115
24793 116
23352 101
26029 -71
32262 -21
32496 -73
32570 25
32563 104
32481 73
32436 -149
15835 55
-28240 96
-31521 -93
2083 -20
30321 -56
30508 -149
30352 31
30474 -49
30373 35
30409 138
30521 -88
30498 -152
30358 106
30537 43
30532 16
30406 -25
30475 22
30543 -165
30451 60
30408 -7
30345 -111
30456 -12
30523 -22
30650 -74
30402 13
30579 -52
30401 35
30425 30
30444 52
30524 -30
30352 93
30527 1
30478 9
30487 -44
30440 -91
30363 -154
30526 4
30508 164
30406 -115
30492 3
30391 108
30408 111
30485 -90
30358 264
25102 44
21391 83
21516 -69
23203 170
24608 -7
22647 179
21907 175
28033 12
30506 -37
30491 136
30566 -100
30385 157
30484 107
30439 81
30372 -52
30600 76
30380 43
30288 62
30496 -49
30505 -14
30437 23
30433 102
30548 -148
30526 34
30365 -59
30592 -24
30510 91
30272 65
30410 131
30366 169
30529 23
30528 -133
30423 -329
30432 -5
30549 23
30506 -68
30406 -90
30311 6
30398 49
30454 144
30558 316
30544 87
30487 -333
30506 -150
29689 78
26072 234
17837 252
5077 414
-8918 381
-20335 127
-27252 30
-30515 134
-31820 27
-32455 152
-32666 172
-32622 -19
-32137 201
-30491 -56
-26647 -93
-22490 -18
-12565 -54
-3164 157
-4342 11
-3119 -199
3343 -196
5807 -35
8696 -94
9382 -168
9355 -149
9511 -202
9420 -31
9241 -61
9416 -117
9220 -146
8015 -232
4179 -145
-139 -162
-5475 -59
-11403 17
-18404 120
-23895 -13
-28378 36
-31443 71
-32711 11
-32643 5
-32459 82
-31197 83
-25774 183
-13057 308
4452 340
19562 262
28065 83
30402 -63
30430 -197
30568 41
30355 294
30290 60
30248 27
30503 -84
30430 102
30434 -60
30624 -85
30697 27
30439 100
30417 7
30410 25
30272 128
29440 19
26151 203
-3653 57
-3521 86
-3414 143
18625 81
28082 179
24490 -167
21805 -69
11082 -31
3237 -247
2967 85
-2475 -193
-10414 -162
-13173 -139
-15583 -103
-16861 -151
-16977 -144
-17022 5
-17152 -2
-17769 -31
-19753 -61
-17362 20
-14414 -29
-11972 -15
-9686 -165
-9309 -167
-8871 -123
-6045 -119
-2569 -90
-1729 91
-1702 -29
1304 -171
2850 53
5165 -121
9094 -119
12905 -252
16351 -104
20223 -198
23243 -17
25404 -174
27125 -247
28459 -44
29840 -256
30468 -32
30868 -26
30374 -233
-6092 17
-32452 121
-30937 73
6884 172
30549 251
30522 -72
30367 41
30444 153
30485 106
30565 -40
27042 19
-15336 210
-29522 -33
11170 -16
32425 -146
32683 -6
32503 67
32304 65
31939 -105
32151 -34
31713 3
31612 -8
32122 37
32084 164
32425 102
32520 -2
32568 -88
32539 12
32411 63
32572 35
32451 57
32351 179
32419 -106
32546 -59
32322 -291
32600 -6
32518 89
32800 71
32357 182
32488 -70
32577 -111
32687 87
32304 57
32499 131
30604 71
24511 -287
23560 69
23750 -18
24219 -52
24251 -33
24789 -86
27349 96
32199 81
32599 -67
32588 -153
32467 -98
32729 293
32727 -110
15492 191
-28109 -227
-31435 -85
2019 176
30098 -69
30555 -36
30117 -175
30593 -52
30290 181
30308 -342
30680 2
30316 -92
30525 -161
30329 169
30487 -85
30657 136
30451 -23
30399 142
30319 -65
30040 -7
30452 -120
30335 -110
30257 -88
30415 -155
30381 111
30395 -185
30334 152
30591 -146
30428 80
30465 -96
30332 -62
30402 -96
30380 51
30646 161
30137 -142
30393 -124
30541 -105
30564 91
30311 98
30162 114
30409 -83
30673 160
30254 221
30563 8
26774 -2
23504 -12
23036 -100
22762 -100
22919 -136
22215 28
22253 -138
28213 222
30431 -63
30461 59
30319 -119
30297 -68
30259 22
30344 -13
30444 -335
30386 100
30594 74
30581 -147
30530 18
30466 -19
30661 -117
30345 224
30214 135
30457 108
30216 165
30475 151
30634 -234
30252 -210
30305 -54
30321 80
30265 -190
30461 42
30192 37
30233 -40
30294 -149
30566 -7
30263 199
30106 34
30371 121
30488 -123
30143 -45
29714 -95
25930 -24
15998 390
294 176
-15229 186
-25391 238
-30690 371
-32232 282
-32548 -175
-32714 -273
-32037 -212
-30528 122
-27876 -34
-23981 -224
-16767 -253
-5142 -314
7591 -236
15516 -372
20074 -107
22321 -390
24035 -79
24276 151
23849 -237
27289 61
28791 320
29257 321
28965 217
29118 -3
29124 -186
29064 7
29413 182
29223 -38
28895 121
28931 139
28545 78
28649 -185
28602 -133
26738 -9
24560 -435
20308 -316
13225 -322
1916 -503
-11219 -426
-21901 -271
-29110 -238
-32079 4
-32422 47
-32091 395
-30510 123
-23388 420
-7346 514
13067 367
26214 174
30053 -155
30107 63
30374 257
30677 262
30120 -17
30368 -12
30513 47
30290 -93
30477 82
30605 -190
30673 92
30720 -148
30200 -21
29744 177
27336 334
3530 -668
-8484 580
-4202 -223
20297 284
31489 -139
31458 -14
31547 321
31589 -48
30916 -175
31170 65
31008 21
29660 -194
28734 -161
28214 -181
27842 -331
27820 -126
27773 -133
27739 -96
27469 -223
26969 -183
28050 -135
29114 -306
29469 -75
30482 -186
30718 -336
30650 -336
31282 -283
31807 -191
32172 68
31961 -148
31940 122
32242 -265
32260 28
32239 69
32328 174
32295 140
32543 208
32536 212
32590 48
32466 277
32519 17
32371 -48
32390 153
32585 221
31215 251
-5666 170
-32639 -292
-31154 -110
4882 119
30183 339
30274 62
30458 51
30440 163
30620 -49
30692 -77
24559 277
-19295 436
-29305 -510
11685 -185
32598 424
32729 119
32232 -36
32101 -64
32306 201
32446 153
32232 160
32542 179
32456 38
32528 172
32171 158
32497 20
32563 17
32499 -107
32648 18
32538 -170
32521 0
32522 70
32609 -294
32536 -127
31901 -579
32292 -45
32585 -93
32343 -184
32425 108
32594 29
32444 -1
32484 6
32513 -1
32252 263
31459 78
30056 -37
29905 -88
30378 7
30811 -66
31077 23
31442 104
31993 -23
31998 20
32125 2
32487 -155
32578 155
32612 56
32395 9
14564 244
-29068 78
-31871 -243
420 18
30167 -84
30331 -67
30257 -112
30537 -18
30507 179
30363 -45
30420 89
30566 49
30556 13
30433 63
30522 7
30347 238
30381 -93
30546 65
30639 -92
30522 66
30324 -114
30457 23
30593 94
30355 7
30543 -175
30395 -57
30541 -92
30525 6
30486 9
30434 78
30386 -74
30545 59
30611 -3
30473 -92
30306 -65
30436 -88
30305 -80
30461 -53
30426 149
30508 -37
30609 139
30538 -140
30096 -116
29934 -58
30074 -103
29834 -99
29467 -106
28895 19
28603 -72
28540 -111
28462 -181
29609 -22
29895 -23
30518 120
30364 33
30380 37
30370 -17
30457 104
30305 23
30620 107
30480 -69
30595 81
30470 14
30241 -64
30470 -2
30319 89
30323 128
30396 -31
30502 -42
30547 44
30214 -74
30280 -39
30425 -121
30342 121
30264 -48
30626 73
30285 -3
30434 203
30545 231
30537 -44
30382 -282
30461 -59
29945 14
26225 205
16454 378
368 398
-16203 117
-27037 192
-31502 179
-32800 -73
-32607 -3
-31977 39
-28689 127
-21265 -272
-10565 -126
-324 -157
7324 -47
14588 -347
20290 -180
24591 -115
27390 -51
29037 114
29225 77
29226 147
29188 17
28969 88
29231 -153
29223 169
28962 7
28793 119
28972 27
29205 49
29143 0
29157 -144
29263 -96
29184 92
29118 -13
29136 33
29073 47
29245 -78
29158 47
29259 47
29147 64
29072 198
29189 172
29271 209
28874 -40
26784 -236
21416 -102
11471 -328
-3536 -194
-19088 -191
-29101 -141
-32435 -177
-32641 -32
-32076 -40
-27879 59
-13058 240
7930 368
23987 521
29997 -67
30520 -245
30593 17
30471 6
30411 -124
30277 56
30476 -74
30444 -137
30429 -133
30643 -107
30270 1
29228 95
29360 45
-399 -41
-28693 164
-15956 155
20219 -120
31190 -116
30737 -170
31391 -319
31410 68
32012 -202
32740 151
32401 54
32614 46
32250 18
31892 30
32340 91
32642 265
32545 -34
32428 -177
32327 174
32583 10
32613 -114
32370 -2
32540 59
32577 33
32433 33
32376 46
32420 71
32518 134
32649 -55
32648 94
32529 -19
32427 10
32467 46
32498 15
32539 -99
32470 -151
32661 -169
32488 -237
32514 -164
32455 -155
32519 -512
32293 -112
32467 185
32419 -128
31226 -106
-6294 223
-32747 -43
-31622 59
3643 25
29913 -35
30337 66
30485 125
30282 49
30542 -1
30651 -144
22791 -121
-22612 179
-29766 -121
11940 112
32746 -71
32212 -111
32002 -2
32506 182
32471 95
32607 -38
32700 49
32618 -16
32386 -228
32448 136
32210 -41
32021 45
32396 -60
32460 -100
32389 -22
32452 39
32488 67
32684 -95
32636 28
32703 -49
32146 -495
32558 -124
32510 -80
32650 -84
32444 73
32335 -8
32499 -31
32771 -72
32216 -18
31903 -121
32177 -13
32313 11
32439 133
32473 -57
32466 -4
32348 -333
32603 -69
32619 -118
32434 -66
31800 -119
32092 91
32422 -50
32671 4
32182 111
12159 -44
-30287 -123
-32481 -180
-1763 279
30023 -43
30613 -17
30343 6
30503 -215
30620 -133
30339 199
30280 -75
30264 -159
30419 -179
30502 109
30247 -294
30537 -35
30398 -200
30591 -47
30322 83
30445 34
30351 -49
30181 138
30545 55
30304 118
30224 19
30466 -71
30426 -144
30511 180
30309 -32
30420 -33
30342 -17
30423 49
30503 -197
30440 -111
30427 -208
30390 -83
30421 -82
30583 130
30459 327
30391 -79
30542 -15
29957 -132
29865 -77
30385 -234
30394 -44
30502 -29
30347 24
30489 -84
30539 -68
30555 -67
30406 -16
30453 -99
30169 -93
29985 31
30094 -7
30395 30
30331 104
30599 100
30485 212
30603 -1
30410 -61
30374 -197
30265 -40
30414 20
30420 182
30617 113
30540 -61
30415 105
30324 -14
30613 -7
30432 -143
30443 -29
30565 241
30523 118
30334 -134
30547 -92
30567 189
30576 -71
30459 -262
30078 43
26898 527
17660 528
1855 593
-14817 161
-26448 183
-31604 -44
-32730 184
-32680 -163
-31051 105
-25550 -393
-15143 -440
-759 -10
12695 -320
22257 -280
26971 -129
28549 -72
28924 -94
28969 99
28510 5
28775 309
28929 210
29250 -153
29060 -18
29248 13
29249 42
29096 -57
29290 -228
29158 -15
29203 111
29052 174
28854 -18
28966 241
29087 211
29202 -91
29090 289
29223 23
29274 296
29160 129
28983 150
29034 33
29134 153
29401 -48
29185 -137
29210 -85
29480 -35
29315 -64
29148 -58
28961 301
28968 363
28882 124
27968 24
22673 -403
10634 -441
-6914 -310
-22875 -189
-31221 -30
-32440 136
-32065 191
-29322 154
-16808 526
5647 556
22879 436
29431 -80
30234 -152
30596 -2
30599 21
30453 -39
30183 -302
30419 81
30316 -57
29498 -186
29446 6
28106 310
7127 -398
-19908 -371
-28145 -358
8865 726
31190 -140
31022 86
31835 76
32470 10
32545 -29
32555 244
32270 245
32452 -7
32624 201
32648 242
31787 24
32037 -7
32736 -53
32319 216
32440 152
32530 -190
32414 -308
32418 -210
32685 -355
32432 74
32484 122
32209 10
32283 -117
32376 -224
32268 -36
32470 30
32231 61
32468 0
32296 -29
32588 67
32589 -143
32640 115
32665 -3
32361 36
32331 288
32483 64
32443 -34
32132 214
32546 85
32506 -232
28511 381
-12437 55
-32777 -139
-30065 -64
9087 -378
30366 171
30390 -138
30536 121
30279 53
30485 39
30414 -317
21056 104
-25177 127
-29880 -129
11673 82
32091 135
32117 -127
32444 -85
32432 19
32527 -108
32503 31
32835 -182
32626 78
32346 37
32610 -93
32398 -156
32468 129
31910 -103
32139 29
32639 115
32366 26
32439 -136
32369 151
32359 24
32469 -190
32241 -478
32396 -152
32565 -24
32551 -23
32641 84
32466 -27
32443 -19
32395 -9
31970 34
32272 -83
32544 122
32522 72
32413 -138
32510 61
32547 75
32391 -99
32470 -5
32453 0
32555 40
32478 -32
32354 -30
32055 -62
32293 -3
32408 70
11840 17
-30410 -7
-32439 -74
-1927 185
30089 -9
30464 -8
30464 -47
30359 16
30535 52
30422 60
30532 16
30415 47
30310 80
30429 126
30400 -12
30458 -5
30460 8
30378 -17
30546 -32
30356 -68
30344 26
30382 -63
30442 6
30419 172
30376 -2
30522 87
30490 5
30399 2
30416 81
30634 26
30525 107
30357 -84
30320 -101
30350 15
30409 49
30470 -44
30394 -91
30543 -19
30319 172
30144 54
29811 -21
30306 -38
30354 90
30428 63
30405 7
30530 -85
30439 161
30556 -72
30464 50
30514 113
30480 -27
30446 168
30453 11
30580 85
30031 27
30015 30
30342 113
30543 -49
30516 17
30281 123
30469 118
30501 54
30373 99
30512 201
30479 1
30383 -145
30391 -124
30527 -92
30466 10
30507 -48
30408 20
30394 41
30378 99
30557 174
30621 294
30502 -219
30386 -213
29043 76
21204 286
5794 325
-12544 224
-25862 250
-31488 108
-32641 12
-32472 -48
-31247 -69
-25931 -219
-14093 -69
2144 -255
16898 -223
25261 -166
28673 104
28954 201
29212 265
29195 118
29173 47
29158 -11
28764 -88
28918 -49
29207 33
29013 49
29074 24
29147 132
29210 -24
29200 13
29086 -35
29085 -24
29145 69
29145 -102
29182 50
29150 -42
28642 24
28941 175
29235 -94
29204 -49
29115 78
29133 11
29236 87
29132 -77
29174 90
29244 42
29137 111
29140 61
29172 25
29195 79
29183 -53
29160 -106
29155 -119
29316 -39
29265 -1
29268 171
29230 314
29086 110
27326 75
19051 -199
825 -221
-19146 -141
-29819 -87
-32418 -49
-32632 153
-30128 64
-20150 170
-603 388
20321 378
29229 -89
30375 -425
30480 -40
30519 99
29907 -62
30000 85
29750 -99
30071 -102
29139 64
5699 175
-8475 339
-11595 -507
7806 310
30741 54
32034 -70
32462 19
32528 52
32437 -18
32481 -45
32472 -12
32499 -51
32583 19
32551 89
32462 -135
32133 98
31978 -75
32251 -33
32418 -127
32466 -46
32422 45
32511 22
32363 -70
32496 -12
32469 82
32477 101
32393 49
32421 34
32416 17
32598 60
32492 113
32547 -80
32343 97
32512 -26
32549 -1
32516 -98
32427 -197
32465 26
32519 31
32401 -69
32533 83
32528 173
32470 104
32149 -192
19277 342
-24215 -56
-32892 -118
-25655 -183
17909 -64
30679 39
30596 85
30478 -15
30463 114
30460 35
30428 -9
18872 91
-26515 69
-29755 -74
11369 78
32095 -121
32456 1
32464 -92
32515 20
32493 66
32475 -18
32522 -14
32679 -63
32617 -57
32620 -45
32478 -63
32548 68
32518 34
32008 30
32071 -79
32508 -38
32406 -63
32532 115
32318 -3
32594 -185
32001 -298
32337 249
32692 -163
32354 -164
32372 148
32430 134
32174 -93
32462 -76
32672 183
32549 121
32624 35
32549 48
32591 56
32403 -285
32509 48
32624 -195
32817 -3
32456 46
32681 40
32546 -82
32470 2
32480 -70
32141 -150
32028 185
11500 -142
-29523 -274
-31996 -252
-1883 573
29925 14
30663 -10
30391 51
30486 145
30559 244
30590 181
30436 -173
30424 29
30401 93
30555 12
30320 -80
30539 -119
30402 -322
30580 -150
30129 -234
30429 83
30256 195
30461 141
30513 -50
30189 209
30525 -38
30186 29
30334 56
30713 -27
30652 -75
30521 -212
30447 -11
30526 131
30476 75
30376 -106
30371 64
30635 -62
30500 -43
30141 -331
30245 175
29956 138
30208 -105
30491 39
30505 220
30410 -155
30321 223
30244 -90
30363 82
30571 -146
30588 -209
30511 -203
30479 229
30615 -46
30500 128
30905 -204
30381 74
30192 105
30083 220
30168 -70
30489 -114
30416 204
30124 309
30559 137
30428 118
30580 84
30449 -159
30592 183
30291 72
30350 -62
30438 244
30351 -16
30392 14
30487 24
30468 240
30386 -105
30264 -72
27203 256
15410 665
-4203 330
-21601 196
-30165 75
-32008 93
-32300 172
-31410 -69
-26448 -48
-15649 -182
940 -613
16328 -542
25343 -305
28687 5
29038 247
29108 251
29480 254
29215 232
29080 66
29145 219
28637 -11
28634 95
28793 -50
28850 47
29285 401
29290 298
29387 248
28964 152
29067 8
29043 -141
29084 71
28930 -21
29191 -205
29028 109
29225 -295
29022 130
29163 -72
28622 114
28658 -108
29108 8
28989 99
29169 -101
29256 224
29331 75
29015 109
29290 -252
29142 311
29218 28
29092 68
29026 75
28774 252
29172 160
29091 -36
29183 140
29076 108
28762 -302
29308 -170
29387 75
29243 196
28953 89
28425 132
22299 -492
5183 -521
-17290 -302
-29227 -275
-31832 -96
-32111 6
-31027 -38
-21681 385
654 289
20662 577
29401 -1
30112 56
29120 -255
29883 -137
29689 -27
29802 10
29551 392
10283 -835
-21426 -263
-16893 -226
-7509 632
26405 -118
32483 -421
32528 -47
32547 -174
32248 -88
32538 144
32766 94
32672 232
32536 -165
32517 65
32142 121
32458 395
32240 -145
32161 -86
32005 173
32438 166
32638 26
32291 24
32716 -34
32557 -116
32389 195
32450 542
32294 -202
32285 75
32437 -15
32192 60
32672 26
32447 137
32406 402
32615 65
32693 42
32562 159
32429 157
32638 199
32758 -21
32378 -73
32419 -287
32589 -176
31884 13
24246 209
-9261 1487
-31187 -657
-31990 -186
-12618 -1303
26269 134
30798 494
30361 -123
30007 -90
30225 408
30688 48
30421 -417
16281 314
-26743 269
-30030 -429
9384 209
32124 -84
32732 -97
32212 -432
32546 -93
32581 72
32334 113
32372 -79
32383 -180
32673 -338
32604 -105
32505 -34
32681 -61
32430 173
32515 -42
32286 -80
31758 -71
32115 89
32539 208
32508 271
32426 21
31970 -483
32529 -101
32710 2
32344 -179
32350 -125
31823 -33
32107 -152
32476 -120
32359 -23
32629 -90
32736 95
32520 63
32410 -66
32532 153
32434 -119
32428 117
32406 64
32459 119
32637 -81
32437 11
32589 -51
32492 -12
32478 228
32274 60
12133 -151
-29950 46
-32604 -110
-4459 232
29580 113
30464 -3
30277 76
30368 -16
30358 104
30612 253
30455 119
30515 151
30454 153
30631 -68
30287 32
30436 -63
30469 -59
30575 7
30406 72
30475 101
30459 320
30243 -91
30291 185
30596 135
30494 55
30384 45
30607 274
30443 -114
30528 -141
30195 -18
30495 47
30471 -25
30547 260
30428 0
30595 -70
30481 -76
30345 221
29725 35
30000 -20
30344 -61
30494 -214
30464 24
30596 -245
30507 121
30536 -98
30714 19
30341 -171
30474 240
30559 -75
30511 110
30598 57
30401 13
30382 83
30450 -119
30437 90
30719 -57
30476 -124
30142 66
29861 -60
30334 31
30368 27
30347 41
30458 -86
30440 234
30639 98
30601 -206
30506 20
30509 -115
30525 51
30594 68
30444 181
30463 25
30390 -135
27469 -23
13814 449
-9638 394
-26569 159
-31953 40
-32753 66
-32061 -142
-28303 -30
-17716 34
-1214 -211
15269 -251
24785 -84
28565 -36
29029 49
29224 97
29562 -186
29240 50
29149 -248
29163 73
28959 6
28888 60
29088 -16
28658 67
28725 220
29451 395
29109 248
29390 98
29333 -8
29051 -67
29427 -74
29423 -115
29157 12
29204 -51
29122 -335
28996 -193
29033 -345
29143 -17
29277 -117
29184 -6
28984 57
28989 33
28749 41
28794 -66
29095 -73
29161 -99
29218 -156
29198 3
29123 -259
29135 -103
29071 -115
29247 -3
29131 107
29304 2
29195 225
29080 226
29282 151
29089 -55
29044 -2
28928 138
28951 -31
29152 -195
29207 -4
29121 142
29276 260
28718 179
23021 -171
6965 -224
-13656 -124
-27835 60
-32500 -27
-31990 230
-22055 -296
-17501 12
4729 142
25271 286
29023 -27
29136 -307
30134 -69
29619 152
29323 218
23884 -71
-17693 -286
-32323 -204
-28141 159
9412 538
31072 -6
32464 -158
32401 -79
32477 -264
32499 -87
32670 52
32701 -199
32452 -134
32411 153
32567 -169
32602 57
32477 -35
32403 16
31957 -76
31999 -44
32525 -63
32580 132
32414 -59
32566 58
32657 -43
32593 -130
32478 193
32569 182
32570 -39
32656 -62
32503 66
32502 -129
32602 33
32534 35
32575 -58
32559 -17
32423 -132
32472 6
32379 -27
32315 19
31952 -29
29768 368
17188 421
-12447 344
-30794 58
-32770 89
-27129 -211
9955 -352
30212 180
30629 83
30423 -24
30647 224
30353 219
30384 -91
30464 -211
14270 -22
-28448 73
-30726 -85
7382 35
32178 76
32565 129
32516 63
32513 -16
32535 -92
32532 190
32528 211
32415 107
32605 -91
32451 0
32534 77
32538 116
32738 -66
32515 -101
32504 62
32488 -61
32050 14
32112 38
32607 3
32448 -167
31736 -219
32625 -109
32599 -211
32043 -19
32054 -109
32417 -18
32219 31
32509 -330
32563 271
32410 -142
32692 -85
32467 17
32625 -60
32496 -59
32416 155
32382 -27
32684 -109
32435 216
32365 -117
32596 139
32579 -113
32554 293
32701 63
32660 107
15057 -183
-28504 -164
-32441 -468
-8555 311
28283 -167
30386 129
30374 219
30314 -53
30651 -310
30473 188
30503 -184
30631 -113
30469 210
30678 -219
30413 58
30393 -14
30399 3
30580 44
30581 204
30651 14
30679 164
30540 161
30316 45
30549 -120
30344 154
30381 270
30489 -27
30655 -25
30372 261
30511 -66
30488 35
30608 142
30578 384
30511 -58
30419 -22
30434 110
29753 109
30091 315
30579 -1
30242 113
30554 55
30491 -167
30436 -213
30459 58
30334 213
30365 56
30482 -34
30360 97
30434 26
30465 -106
30630 106
30460 -24
30475 -22
30507 95
30465 261
30484 37
30677 -41
30442 -149
30225 -183
30226 273
30169 270
30418 -146
30493 -124
30556 -134
30481 -50
30308 -118
30485 62
30448 19
30335 -162
30304 -34
30441 -135
28555 -16
15784 695
-8198 485
-26615 239
-32225 -12
-32464 -302
-30957 -62
-23485 -297
-7038 -740
11466 -547
23685 -142
28500 2
29379 106
29293 57
29295 25
29248 -159
29057 11
29146 -90
29038 -38
28954 -104
29358 165
29214 246
29156 -27
28648 226
29163 254
29078 -22
29422 44
29197 -39
29306 44
29105 -66
28941 -11
28585 36
27224 155
25233 263
21764 160
18097 225
15472 197
13861 125
12896 312
10315 80
10458 135
10337 68
10198 164
9763 -12
9517 280
9964 129
10431 213
10206 355
10037 376
11454 64
16064 276
21080 222
24685 294
27354 -31
28683 -45
29130 -230
29414 -321
29242 -72
29190 -154
29271 -10
29188 -152
29419 -239
29224 -47
29069 95
29270 -51
29147 -129
29044 62
29301 199
28851 149
25646 -259
11611 -490
-11790 -592
-25872 -328
-13813 257
-9784 -115
-7866 -407
-5735 567
11578 432
27286 -163
29380 -228
30241 -78
30437 -86
28140 -37
-4211 -827
-31220 -14
-32251 -293
-22821 484
-46 420
12377 173
18855 246
24275 410
27665 -1
29318 330
30231 132
30742 194
30977 18
30752 239
30657 10
30466 -18
30421 -66
30864 64
30417 -212
29886 -178
30495 -46
30787 193
30414 230
30672 -37
30636 162
30634 31
30628 193
30494 30
30477 -186
30648 -98
30518 4
30598 156
29606 134
28722 72
27715 14
25950 247
21875 320
17289 211
11683 376
3499 21
-9572 265
-24665 161
-31920 -147
-32304 134
-28070 -619
628 -1025
27778 -357
30540 32
30555 43
30327 16
30315 -78
30653 -135
30419 -20
30579 -181
12507 322
-28752 -159
-30510 -319
7526 114
32392 -63
32745 -292
32448 -191
32571 5
32534 -80
32467 60
32591 -77
32455 56
32427 -24
32699 103
32618 -97
32761 204
32557 164
32681 9
32757 32
32427 83
32606 41
32505 60
31946 64
32077 -116
31998 -648
32436 -261
31891 -120
31934 43
32595 -21
32524 74
32480 6
32376 -51
32548 198
32577 37
32592 22
32495 35
32466 59
32483 -42
32375 -75
32474 90
32511 -149
32608 69
32529 -24
32502 145
32518 -45
32646 -37
32561 -109
32622 106
17837 -16
-27444 -41
-32544 -58
-12647 73
27747 194
30555 103
30360 87
30482 66
30557 -40
30514 -103
30265 157
30282 7
30418 117
30320 -20
30495 93
30343 -55
30397 111
30506 90
30484 -135
30408 -115
30513 -86
30481 36
30411 197
30419 -31
30368 47
30413 -81
30432 38
30370 -79
30599 -110
30564 -57
30322 51
30404 7
30520 151
30188 -58
30437 -73
29774 -54
29975 -25
30357 60
30458 182
30406 39
30411 56
30266 167
30463 74
30344 0
30517 52
30348 -27
30432 165
30262 -6
30322 107
30430 -35
30404 66
30356 22
30477 63
30542 75
30525 57
30559 119
30381 -179
30471 -55
30440 -17
30450 21
30183 -55
30019 -42
29999 49
30377 -19
30486 -4
30310 -42
30581 14
30431 173
30292 -105
30088 -237
23217 91
-1290 530
-25013 164
-32140 -50
-32822 -26
-31093 15
-20309 -215
645 -369
18783 -378
27226 -180
29056 252
29288 208
29317 51
29285 -165
29234 -195
28981 30
29096 -172
29099 145
29104 1
29113 -127
29209 263
29345 154
28979 22
28621 -249
29175 -68
29061 -144
27924 -37
24876 -67
19637 194
12886 60
5900 154
-317 220
-5398 399
-10607 81
-17094 110
-22363 217
-25822 -90
-28345 83
-29431 83
-29802 -17
-30330 -132
-30257 -93
-30435 -135
-30254 33
-30477 -58
-30342 118
-30308 -54
-30361 10
-30228 29
-30199 25
-29748 5
-27661 -73
-23069 116
-17907 278
-9294 177
2271 300
15301 202
22964 57
27068 -15
28427 -197
29106 -193
29286 -251
29067 -201
29127 -170
29379 55
29271 103
28866 193
29100 -14
29062 -328
29056 2
29253 72
29105 223
25610 -124
10475 -445
-9344 -168
-9404 214
-5647 5
-25925 -179
-26341 213
1420 325
24722 -152
29155 -180
29788 -104
29933 350
20582 -275
-17793 -490
-31995 155
-32690 -90
-31838 53
-30004 226
-26537 -30
-22160 173
-17217 -63
-12651 110
-9733 145
-9195 65
-9048 -78
-9148 41
-9236 164
-9277 102
-9264 23
-9186 56
-9267 127
-9668 -35
-9520 39
-9231 36
-9149 95
-9140 74
-9204 174
-9288 59
-9115 142
-9035 208
-9125 -20
-9113 -40
-9342 46
-9720 56
-12272 81
-13710 -79
-17241 145
-20919 30
-24354 162
-28207 -87
-30315 103
-31893 36
-32556 75
-33012 -296
-32192 4
-23564 -108
4339 -651
27433 -171
30356 -75
30547 65
30427 -100
30498 25
30424 108
30423 -72
30522 -40
30085 -74
10051 192
-30078 -26
-30875 -78
7351 83
32270 -25
32550 -123
32473 -35
32645 -76
32486 -123
32519 -99
32448 -68
32638 68
32418 -50
32605 25
32373 2
32603 -39
32438 -33
32566 -100
32465 3
32581 88
32537 -266
32645 -97
32512 -102
32307 -10
31542 -182
31613 -258
32256 -134
32423 184
32326 -6
32501 -236
32507 166
32385 -17
32697 -115
32505 -156
32592 -76
32479 -116
32500 22
32695 -52
32498 -116
32460 26
32224 -37
32461 155
32534 -16
32547 -69
32598 -190
32527 -99
32467 -48
32566 180
20552 -171
-25580 -374
-33002 -480
-15554 503
26065 173
29996 -45
30341 222
30576 205
30436 -42
30314 -7
30637 -86
30421 -96
30480 -13
30313 -149
30517 45
30238 5
30410 -74
30413 -167
30562 145
30522 -73
30620 -4
30373 144
30621 -44
30554 -220
30453 5
30331 417
30331 -173
30513 -204
30476 -3
30383 -238
30641 123
30416 56
30800 1
30804 -197
29746 143
30355 11
30182 36
30514 287
30626 376
30227 -25
30238 17
30354 64
30192 59
30582 135
30748 12
30385 127
30578 180
30236 -10
30554 71
30408 -160
30443 -223
30531 37
30223 236
30558 -111
30481 34
30532 35
30315 -78
30687 -295
30619 -245
30637 27
30199 74
30251 -308
29644 -103
29905 87
30364 -281
30337 151
30512 346
30585 -179
28835 242
14043 431
-15105 700
-30325 495
-32262 -30
-31048 67
-21698 -246
-476 -426
20247 -406
28016 -39
28839 -75
29204 360
28796 -150
29124 -384
29348 -80
29049 -45
28999 -8
28786 -19
29040 1
28957 137
29168 -7
29135 -101
29046 67
28726 40
27771 393
24554 303
18150 362
7141 643
-6118 466
-16684 455
-24141 757
-28376 104
-30755 257
-31826 -73
-32369 142
-32546 -165
-32585 -53
-32459 -26
-32679 -250
-32694 -59
-32436 -221
-32766 -159
-32802 -72
-32864 -125
-32527 -209
-32772 74
-32936 -64
-32816 -6
-32867 -126
-33051 72
-32752 -13
-32624 175
-32860 -80
-32645 -185
-32703 15
-32389 -89
-32359 63
-31482 82
-26939 298
-19712 161
-11073 451
-961 337
10745 288
21613 455
26889 250
28638 4
29100 -275
29172 -95
29116 68
29105 14
29226 52
28949 -58
28902 -291
29123 -122
29042 -11
28468 -279
24757 -189
10595 -267
61 130
-8806 -286
-27118 -435
-28220 91
-6219 460
14808 401
29048 186
30354 71
29683 -113
16860 -706
-12380 -732
-27906 36
-31416 142
-32583 165
-32633 -11
-32871 46
-32762 -217
-32475 115
-32725 240
-32645 -72
-32411 -51
-32638 -15
-32519 38
-32687 224
-32555 -157
-32646 49
-32562 208
-32658 210
-32715 166
-32573 204
-32779 -6
-32600 -76
-32414 119
-32693 -219
-32475 67
-32411 -62
-32950 -100
-32567 -162
-32556 314
-32604 270
-32472 119
-32557 -5
-32700 34
-32645 56
-32574 213
-32529 -452
-32382 -43
-31779 45
-29899 -151
-23413 -307
-7109 -549
16647 -414
28503 -187
30085 -144
30145 -335
30514 -166
30412 246
30521 253
30340 -78
30253 221
29794 -51
30115 -545
9993 341
-29982 -258
-30797 -304
7414 68
32377 -235
32517 25
32372 81
32452 71
32307 75
32404 -207
32376 -26
32354 37
32351 94
32426 -24
32538 59
32382 61
32518 -123
32405 160
32375 -168
32615 -24
32555 -61
32313 -164
32629 88
32648 -215
31333 -208
32207 -95
32441 -196
32465 65
32586 90
32386 -8
32693 -62
32427 -49
32485 -55
32450 35
32720 -89
32452 -110
32547 -49
32477 -73
32534 91
32680 -12
32436 -161
32337 -28
32612 -133
32515 90
32467 22
32612 22
32473 17
32521 95
22906 142
-24430 109
-32745 -6
-18078 -52
25535 -180
30133 12
30196 -53
30464 172
30430 67
30424 81
30528 -73
30533 -125
30329 -199
30369 -37
30559 50
30466 -90
30250 46
30524 -100
30619 49
30518 -166
30273 262
30521 23
30426 -122
30421 -33
30425 -3
30286 -76
30322 69
30492 6
30321 173
30345 -21
30588 30
30467 32
30208 69
29904 27
30111 78
30351 134
30369 -162
30522 23
30414 -3
30304 78
30393 -21
30360 -40
30295 69
30437 -95
30368 73
30434 32
30538 104
30415 6
30455 -136
30460 21
30413 21
30307 62
30577 117
30495 97
30558 -32
30440 119
30369 -32
30444 -115
30248 -28
30505 73
30340 42
30280 98
30480 167
30046 -49
29953 103
30360 2
30553 -280
25734 85
2010 512
-24387 57
-32489 -85
-32578 57
-26264 -231
-3820 -269
18862 -558
27830 168
29237 257
29312 72
29050 -17
29078 -182
29203 102
29069 111
29047 -84
29149 132
29421 42
29185 285
29221 -91
29372 67
28980 -179
27278 12
21240 172
10100 335
-4365 360
-17316 230
-25151 250
-30036 218
-32169 101
-32839 -161
-32626 -7
-32728 20
-32330 -74
-31784 -34
-31451 41
-30469 -26
-29068 -172
-27650 32
-25938 -64
-24315 115
-23223 132
-22755 -31
-22741 -28
-22582 -23
-22953 141
-22785 43
-22824 20
-22738 -97
-22854 -224
-22826 -68
-23016 21
-22729 -119
-23567 -81
-25529 319
-27828 230
-29663 2
-31463 2
-32572 -9
-32708 -228
-32720 -95
-32391 -144
-31823 -3
-28999 193
-21371 274
-8759 470
6139 230
19581 150
26870 82
28972 -111
29255 -166
29272 -201
29254 18
28968 190
29119 100
28690 106
29376 13
28560 164
28072 33
22668 -257
10976 -78
-7155 -125
-29150 116
-31321 -172
-23708 203
7280 455
28595 2
30485 -90
30075 -275
25756 -40
13822 -357
3236 -62
-4380 -201
-11871 -212
-18419 -148
-23103 -92
-25798 -144
-26960 131
-27032 19
-27055 -111
-27064 -55
-26991 -224
-27072 155
-27009 -98
-26984 75
-27073 -183
-26975 -54
-26992 64
-27127 -75
-26978 -107
-27111 82
-27001 -147
-26952 -20
-27078 -60
-27205 -122
-26970 32
-27187 -13
-27056 -62
-26871 -61
-24964 5
-24445 23
-22287 24
-19007 105
-14731 -43
-8679 -127
-3753 -115
2273 -151
10764 -99
20570 -327
28139 55
30373 208
30548 183
30329 77
30297 -171
30552 24
30561 77
30471 59
30243 -168
29810 184
30298 35
30308 73
10007 142
-29885 46
-31339 -78
4720 -26
32227 -15
32467 65
32508 -50
32612 68
32444 -13
32509 -26
32409 -231
32657 78
32588 -124
32647 -137
32629 31
32306 -90
32583 -37
32447 150
32576 -32
32589 41
32488 -19
32533 118
32563 77
32537 -302
32143 -451
32455 -118
32595 -200
32411 72
32684 81
32321 35
32524 79
32634 -34
32644 -122
32574 -367
32556 -92
32430 155
32584 173
32530 -43
32396 -276
32432 23
32239 206
32660 -19
32505 91
32735 -32
32522 -7
32604 -115
32418 -144
32924 -154
24049 210
-22164 -183
-32600 -160
-20252 249
24144 1
30543 -82
29897 162
30008 -136
30555 -110
30357 -32
30247 -105
30379 -114
30462 -19
30406 5
30426 31
30440 -75
30310 225
30555 38
30382 -11
30472 123
30330 186
30465 42
30431 27
30537 101
30301 62
30462 72
30590 16
30528 90
30532 105
30414 -88
30494 222
30490 85
30182 -80
29909 -7
30483 -54
30530 -67
30607 -33
30712 130
30551 122
30461 501
30382 11
30538 -11
30346 216
30411 108
30563 185
30356 101
30784 162
30671 163
30307 180
30351 38
30570 -4
30564 114
30344 -22
30528 -30
30320 -158
30489 270
30377 43
30516 -159
30551 2
30481 63
30392 14
30434 -153
30491 10
30238 84
29851 -222
29662 -26
20046 291
-9738 525
-29270 394
-32526 160
-31079 -30
-17551 -383
10782 -358
26991 16
28961 264
29371 -199
29121 -64
29151 -24
29127 207
29211 220
29126 -326
29168 -190
28965 116
29273 99
29074 56
28958 -106
27626 286
21232 334
8217 383
-8372 601
-21434 101
-28757 50
-31793 43
-32641 -15
-32648 -14
-32353 -323
-31415 -69
-29126 -135
-26179 54
-23169 35
-20348 60
-18757 -14
-17773 134
-16732 -279
-15484 77
-14489 -129
-13883 -101
-13521 -58
-12960 -16
-13199 44
-13378 -74
-13282 141
-13354 167
-13363 -31
-13391 -138
-13493 -202
-13321 134
-13365 -49
-13441 -134
-13043 71
-13549 101
-13852 -44
-14475 -260
-15646 -144
-18341 -174
-22429 261
-26526 -91
-28822 -65
-30803 79
-32093 146
-32497 -153
-32733 -162
-31951 129
-30413 348
-23531 324
-10049 471
7902 402
21574 309
27891 -26
29045 -44
29006 -115
29047 112
28825 -123
29548 265
28969 -94
28986 -86
29800 48
27066 25
16526 -100
-16472 -722
-31485 -243
-32582 -215
-25654 581
5895 279
28831 -162
30367 -225
30246 45
30190 301
30054 183
29663 -277
28228 -38
25732 67
22068 -203
20000 66
19513 -6
18983 11
19139 132
19281 168
19181 219
19124 -160
19059 -223
19332 -122
19239 -62
19190 -32
19139 -102
19236 -376
19055 -50
19200 -4
18726 -166
18838 -233
19169 -28
18966 -125
19057 -42
19108 -166
19292 -125
19321 -28
20676 -238
21358 -51
22497 -49
25276 -158
27500 -175
28741 -124
29602 -50
30192 207
30599 179
30308 280
30584 49
30642 126
30615 -58
30432 -37
30382 -23
30385 37
30521 87
30404 37
29917 95
30220 -52
30337 -249
30207 23
7999 374
-30931 129
-31379 -335
3126 162
31974 127
32539 101
32412 67
32596 113
32434 -112
32521 93
32518 -87
32558 -5
32499 -15
32541 -48
32494 -195
32524 229
32474 -48
32724 96
32526 -25
32262 -5
32428 220
32742 -102
32630 123
32357 30
32146 -542
32451 -20
32450 -48
32617 -4
32466 -31
32597 -113
32537 129
32605 -84
32459 -65
32500 -76
32567 -203
32665 9
32566 94
32403 -231
32360 121
32541 70
32550 98
32434 -2
32540 -62
32679 -24
32592 -5
32585 -150
32392 -22
32497 -31
25220 -43
-21101 -285
-32714 -50
-21592 23
22717 242
30566 65
30512 113
30168 88
29941 -76
30319 98
30567 71
30267 178
30380 93
30464 55
30331 62
30465 109
30475 170
30525 -73
30494 82
30489 -27
30540 -102
30549 -90
30481 -63
30357 -87
30507 112
30466 23
30394 -88
30439 -111
30388 -110
30416 -69
30301 22
30028 6
30580 -101
30529 21
30575 -105
30446 -113
30539 -62
30444 -125
30556 29
30396 -15
30161 -92
30485 37
30500 -10
30459 -83
30633 -128
30398 25
30476 -150
30407 64
30391 133
30428 50
29868 124
29652 -6
29596 130
29727 -65
29594 94
29917 0
29971 -32
30047 -55
29804 -7
29368 63
28947 91
28165 114
27956 78
28038 169
27585 -67
15108 93
-17487 369
-31668 -268
-32401 98
-27595 -123
-5556 -380
20672 -327
28887 262
29209 -38
29345 -103
29155 -70
29123 54
29145 -32
29108 -25
29225 -158
29122 171
29166 226
29207 -136
29160 -312
26299 62
15247 336
-4385 344
-21406 361
-29619 187
-32351 -8
-32759 -187
-32384 -82
-31651 -56
-29333 -15
-26017 94
-22289 37
-18301 -77
-15273 -28
-13812 -117
-13584 -43
-13347 10
-13229 63
-13094 99
-13347 117
-13179 -12
-13300 -26
-13214 76
-13378 -128
-13351 -51
-13339 123
-13229 -13
-13266 1
-13277 15
-13393 -59
-13295 58
-13303 127
-13306 50
-13244 -12
-13465 19
-13223 -55
-13243 17
-13333 -27
-13438 -57
-13529 -45
-13227 136
-13500 90
-14074 7
-15400 -197
-17341 -108
-20405 80
-24855 104
-29192 91
-31747 83
-32464 -114
-32738 -211
-32283 133
-29694 118
-20755 148
-1950 163
18529 70
27752 -55
29126 -136
28900 -62
28779 18
28577 152
28053 87
29314 -185
28638 15
28654 183
18100 -229
-13701 -429
-31572 214
-32650 -265
-25277 286
8515 164
29378 -117
30436 20
30329 -206
30561 -14
30441 -174
30385 84
30417 29
30483 103
30648 94
30448 -33
30443 70
30572 23
30367 -78
30463 46
30314 17
30550 162
30452 -7
30507 -62
30500 101
30524 77
30408 84
30470 179
30563 58
30196 -132
29962 89
30158 178
30382 6
30401 37
30481 -1
30468 58
30427 128
30424 60
30547 111
30401 147
30431 140
30427 164
30506 9
30386 69
30497 -110
30484 2
30333 -5
30448 -51
30401 -79
30355 28
30489 161
30591 -36
30465 -88
30195 56
29942 -8
30179 106
30405 -80
30447 47
30290 -21
6620 109
-31648 63
-31533 -136
2916 62
32179 -33
32499 95
32634 30
32492 32
32523 183
32485 35
32614 38
32519 -66
32491 3
32482 -18
32447 77
32601 -11
32514 28
32475 -66
32590 -38
32496 165
32592 -149
32597 -20
32672 67
32497 49
32362 -229
32451 -318
32248 138
32439 -306
32497 -355
32403 126
32565 -71
32524 21
32655 -205
32668 -270
32296 -230
32693 -181
32680 176
32384 -256
32455 139
32682 193
32691 -136
32563 -261
32363 -39
32634 -157
32576 -23
32504 -309
32561 -118
32813 -75
26376 7
-18654 -439
-32814 -134
-22675 -2
20888 612
30188 -114
30211 61
30662 70
30051 -30
29911 -175
30098 -204
30352 83
30229 139
30593 148
30307 -72
30453 -20
30436 417
30200 -199
30435 186
30302 -58
29863 -3
29935 385
29729 272
29643 62
29812 223
29473 109
29831 96
30061 -83
29946 400
29422 123
29584 -12
29812 51
30110 -160
30145 -131
29821 218
28493 142
26499 405
24856 -18
22195 255
20066 298
17753 149
17521 90
16714 184
14688 142
14975 22
11896 185
8340 169
4472 95
1004 145
-823 86
-2636 230
-4721 290
-4727 280
-4626 -272
-4502 50
-3667 206
-1194 118
-1173 70
-2525 218
-5493 400
-8613 463
-10520 318
-12779 430
-12793 332
-13137 313
-23404 367
-32176 -117
-32184 -54
-22324 -377
6354 -563
25776 -496
28992 -6
29098 32
28961 228
29065 -215
28908 316
29152 -154
28838 -242
29141 182
28954 241
28935 226
28828 -29
25694 247
12186 475
-8924 661
-25339 334
-31659 -12
-32337 -376
-32313 9
-31127 -9
-28550 -41
-23760 -157
-19107 -192
-15613 -344
-14244 -17
-13347 -12
-13451 124
-13151 86
-13227 -31
-13169 67
-13218 15
-13308 222
-13057 -192
-13658 -245
-14166 -70
-15152 167
-15888 243
-16977 -64
-17809 29
-18746 46
-19119 128
-19079 -25
-19782 345
-20391 -265
-19589 142
-18514 81
-17390 221
-15735 34
-14520 244
-13991 -12
-13412 187
-13385 64
-13507 -104
-13568 -228
-13813 -130
-13241 -216
-13321 -127
-13358 179
-13149 -38
-13438 275
-14071 -83
-15477 -17
-18914 86
-24308 61
-28543 307
-31535 -39
-32215 -128
-32583 111
-31224 118
-22642 383
-1608 611
20260 585
28036 127
28969 -228
28469 123
29104 194
28733 22
28684 -167
29201 7
28837 -106
19923 -287
-13675 -752
-31277 -57
-32464 92
-24148 254
9686 480
29318 -286
30248 80
30292 -12
30253 156
30404 -60
30162 290
30266 -67
30725 -375
30475 -63
30621 95
30535 -226
30368 199
30410 -28
30399 14
30379 -97
30261 -224
30351 -223
30333 -234
30529 261
30297 42
30571 211
30455 -73
30275 -139
30331 155
29735 290
30192 -228
30302 -188
30193 -368
30379 79
30517 -323
30554 75
30431 -79
30600 -84
30290 -379
30483 233
30062 57
30215 137
30188 -5
30325 71
30370 321
30367 -130
30285 -135
30288 -80
30482 -80
30146 -215
30089 141
30009 150
30322 297
30634 178
30410 104
30110 -131
30279 -191
6461 665
-31420 -364
-31658 -133
3074 11
32059 106
32527 -285
32001 -100
32554 221
32780 3
32665 134
32636 1
32461 100
32626 167
32600 -16
32595 -34
32614 -6
32506 28
32588 -263
32348 -95
32713 24
32444 -158
32523 36
32600 -119
32465 116
31797 -373
32374 -120
32544 -39
32539 -11
32436 -87
32591 -88
32500 -17
32656 19
32563 -57
32556 -172
32435 -73
32434 15
32425 -78
32503 6
32531 -2
32547 -146
32367 38
32442 -20
32492 37
32405 -140
32436 -252
32485 -244
32757 59
32420 -73
26699 -42
-18870 -72
-32731 -114
-23750 -388
17050 301
24167 88
23052 36
22399 109
22110 121
22331 79
22116 -104
22120 -60
20253 204
18804 206
16896 190
14219 -47
10885 268
7460 132
3115 228
-1251 100
-3397 83
-6061 60
-6468 158
-6110 184
-6496 -24
-6331 124
-6485 205
-6199 39
-6381 206
-4028 215
-2581 -95
-1127 115
1522 -139
1017 2
-3623 56
-10102 81
-15552 237
-20395 -13
-23170 79
-25213 -14
-27077 -175
-27477 -36
-27935 9
-29368 -106
-29158 158
-29767 208
-30872 -134
-31360 32
-32181 95
-32459 14
-32419 17
-32529 -88
-32473 146
-32661 139
-32404 72
-32411 -55
-32505 -15
-32640 137
-32587 118
-32266 -109
-32572 95
-32550 -81
-32372 -75
-32616 -147
-32782 -56
-32811 7
-32229 452
-18861 -197
13681 -190
28223 500
29370 81
29308 -138
29064 159
29002 -191
29180 7
29034 154
29069 -13
29190 42
29250 -228
28981 -151
25733 311
11703 259
-11481 346
-27048 105
-32091 -80
-32412 -242
-32276 107
-29677 68
-24342 -16
-18860 -107
-15199 -94
-13588 -116
-13195 80
-12969 -108
-13269 3
-12990 -147
-13078 -215
-13575 -170
-14508 -85
-16114 -166
-17843 -12
-19707 78
-21762 34
-24528 46
-27345 119
-29002 -108
-29834 173
-30629 -47
-31542 -87
-31544 64
-31774 -40
-31961 -32
-31953 16
-32100 28
-32039 -91
-32036 -54
-31138 -65
-30131 67
-27707 12
-25682 -9
-23679 93
-21469 -208
-19178 173
-17307 49
-15206 134
-14232 92
-13459 -112
-13233 -78
-13436 -154
-13218 -49
-13307 142
-13355 142
-13315 25
-13549 -129
-15490 -214
-19953 -46
-25816 -24
-30901 88
-32645 0
-32629 -76
-31234 -152
-19251 276
7112 333
25709 -64
28384 -86
28809 185
28906 100
28971 -47
29199 -104
29092 -97
29013 304
18755 -66
-16030 -283
-31747 306
-32568 -407
-22521 366
14836 305
30068 -176
30335 18
30379 -162
30388 -58
30495 -109
30418 -75
30372 -112
30498 -134
30548 -54
30233 -75
30734 -32
30484 162
30374 74
30432 258
30551 167
30524 142
30374 91
30390 126
30435 198
30442 6
30612 85
30303 -103
30621 169
30552 37
29967 151
29792 93
30467 26
30496 57
30303 128
30541 -68
30359 233
30405 94
30363 346
30425 5
30317 2
30477 112
30334 -14
30272 -107
30451 -37
30533 -3
30521 102
30295 -52
30077 103
30004 192
30090 93
30484 149
30534 -9
30147 -80
30550 145
30558 173
30173 -9
3558 310
-31679 44
-31132 43
5652 -256
32026 -71
32570 -77
32458 190
32650 -41
32507 6
32628 -43
32461 41
32449 16
32463 161
32411 -151
32586 -141
32561 27
32573 78
32457 -100
32448 20
32517 146
32592 37
32549 -10
32654 12
32383 -81
31858 -259
32582 -140
32574 -142
32411 -37
32467 139
32555 201
32534 211
32487 264
32439 -10
32439 -24
32536 -105
32459 -234
32669 -272
32213 -80
32715 47
32578 32
32549 -9
32417 -147
32637 38
32581 -93
32454 -184
32374 -341
32387 -31
32616 -127
26279 71
-19185 -412
-32937 -241
-30710 -528
-20544 572
-20692 132
-23186 178
-24259 242
-24368 240
-24449 109
-23981 87
-24380 242
-25233 109
-26309 -24
-27584 339
-28758 4
-30485 204
-31556 219
-31735 50
-32311 -22
-32520 -22
-32536 -83
-32514 27
-32710 -159
-32730 153
-32854 135
-33001 72
-32859 -185
-32634 176
-32425 -125
-32112 129
-32203 74
-31904 -100
-31876 266
-32292 33
-32629 207
-32547 -7
-32893 -87
-32488 161
-32619 -123
-32795 -103
-32647 352
-32840 104
-32994 -71
-32506 -39
-32541 153
-32071 106
-31885 -8
-31709 -124
-31488 106
-30992 58
-30753 -261
-30255 -187
-29656 -24
-29060 -51
-29408 -29
-28758 -63
-28258 -69
-27465 -163
-25702 29
-23557 -144
-22165 -18
-26319 49
-32487 189
-32826 122
-31945 323
-16492 -474
16375 -610
28733 159
28710 -123
29245 13
29339 -88
29026 -122
29003 -23
29014 -35
29192 14
28989 158
29061 -189
26981 262
14192 612
-10646 210
-27787 137
-32124 -35
-32727 -82
-31936 59
-28758 120
-22328 114
-16435 -49
-13991 -84
-13215 163
-13143 77
-13513 -134
-13388 -88
-13398 -88
-14292 73
-16179 80
-19933 174
-24652 -163
-27622 144
-29984 -290
-31325 24
-32108 -36
-32231 76
-33190 -25
-32533 -170
-32781 -229
-32784 -192
-32922 -57
-32643 30
-32451 -150
-32251 -305
-32109 1
-32046 -123
-32245 -144
-32251 -429
-32402 -200
-32592 101
-32582 148
-32837 -16
-32608 40
-32649 113
-32466 166
-31779 -141
-30942 17
-28894 14
-26204 168
-22462 170
-18064 95
-15144 -71
-13427 -186
-13383 -179
-13196 -161
-13184 19
-13154 166
-13311 87
-13314 -48
-14091 -83
-18141 -172
-25217 -182
-30769 23
-32775 -146
-32477 -51
-28375 292
-7938 418
19769 205
28579 -159
29377 7
28878 37
29043 -172
29162 211
29354 58
29110 -132
18149 -95
-16364 -595
-32082 -61
-32092 -81
-16532 732
18655 190
25097 130
24804 217
25138 196
23981 358
23148 253
23051 142
23498 276
25053 248
27494 109
29161 115
29934 -287
30378 -39
30587 -6
30334 -142
30522 -234
30469 -92
30383 -58
30619 -21
30598 -139
30463 -37
30442 -17
30613 -48
30589 161
30488 143
30183 13
29905 -52
30456 -206
30557 -38
30413 -157
30316 79
30365 56
30432 -25
30331 -177
30247 169
30508 48
30372 61
30617 5
30433 363
30441 52
30428 -35
29993 55
30103 -171
30274 -283
30341 -14
30260 147
30308 16
30511 -4
30298 152
30373 82
29586 89
184 544
-31763 -64
-30398 -212
7979 -368
32182 250
32633 -136
32353 255
32616 135
32491 -231
32584 -71
32588 -185
32398 -97
32594 67
32427 -45
32548 91
32723 -111
32517 -189
32459 -63
32398 45
32523 133
32424 161
32515 -108
32616 -59
32579 -63
32028 -643
32407 -82
32377 -103
32496 -1
32452 54
32436 5
32495 -74
32475 148
32607 39
32368 6
32405 -46
32452 -82
32421 -59
32460 87
32551 74
32455 31
32372 101
32579 51
32491 27
32427 -55
32499 12
32447 -54
32565 67
32414 -71
26540 -27
-18877 -87
-32877 29
-32905 105
-32436 23
-32387 -14
-32573 -111
-32563 23
-32458 -25
-32525 -110
-32539 130
-32696 36
-32735 -78
-32907 44
-32599 114
-32796 11
-32593 -29
-32795 -23
-32575 76
-32399 -44
-32498 83
-32469 -112
-32420 30
-32548 62
-32384 76
-32339 3
-31808 44
-31754 50
-31806 -130
-31551 -5
-31390 7
-31386 27
-30981 -157
-30484 -73
-29620 -147
-28264 -131
-26474 -84
-25315 -24
-24029 17
-22859 189
-22666 270
-21399 69
-20969 76
-20987 210
-20101 44
-18862 48
-17511 49
-16253 80
-14604 -98
-13354 -8
-12911 -55
-12028 -43
-12001 -126
-11067 -51
-10870 -34
-10832 10
-10066 -51
-9826 -58
-8673 18
-8239 45
-7797 83
-12989 171
-27800 176
-32349 -26
-31768 156
-14868 -426
18574 -234
28778 205
29177 -67
28882 11
28701 29
29121 -81
29226 7
29025 132
29168 41
29389 85
29024 -203
22241 48
-2098 274
-25314 133
-32119 -54
-32764 -140
-32194 41
-28618 -79
-21808 -191
-15701 -138
-13578 32
-13232 143
-13236 124
-13221 -96
-13195 -225
-13563 -40
-15131 98
-19676 29
-25756 -18
-29781 29
-31893 129
-32685 30
-32724 -19
-32688 -155
-32507 -71
-32217 -80
-31156 -41
-29846 -5
-27552 -67
-25079 -117
-23543 -163
-21860 58
-20005 -74
-18652 143
-18187 -117
-17995 -212
-18059 -61
-18107 -79
-18345 -1
-19389 -110
-22477 -90
-25440 -43
-27655 -26
-29655 -63
-30952 -120
-31454 -5
-32555 -117
-32742 1
-32621 20
-32734 56
-32434 -19
-31129 2
-28650 -39
-24206 39
-19175 166
-15025 182
-13547 167
-13211 -259
-13314 -41
-13181 -116
-13186 54
-13573 50
-14526 -53
-19093 -202
-27625 40
-32240 84
-32840 -152
-31731 -197
-18610 260
11371 323
27721 -189
29255 -194
29017 145
29177 -107
29075 65
29038 -137
28923 118
15931 -332
-21218 -389
-32819 120
-31675 -243
-22740 245
-19323 65
-19321 179
-19287 100
-20438 175
-21865 248
-21734 26
-21545 -13
-19286 150
-14639 113
-6603 254
2370 232
10134 43
15277 114
18222 78
20294 88
22405 -38
22855 6
22875 138
20865 3
19936 8
19964 157
20913 -25
22579 114
22767 182
22616 22
22060 56
22110 -79
22641 8
24209 31
25017 183
25139 44
24841 124
25571 119
26246 -17
26259 -31
26231 63
26251 -85
26786 -16
26997 -76
27053 79
27416 -1
27629 -97
26708 -23
25911 222
24913 59
24929 -15
24911 237
24996 182
24966 185
24296 294
-5775 143
-31973 -118
-29879 -119
11337 -123
32525 -2
32603 -190
32635 -57
32626 -54
32469 -81
32562 -155
32668 54
32401 23
32533 -30
32606 -56
32695 39
32400 -5
32525 -159
32398 49
32479 -151
32529 -73
32495 -27
32396 -48
32440 -19
32532 -189
32068 -481
32376 -281
32450 63
32730 -6
32414 -145
32603 180
32465 -200
32580 106
32434 -111
32500 -134
32433 -154
32268 -211
32482 -94
32404 322
32656 135
32580 61
32692 -17
32432 -48
32474 -84
32735 116
32553 38
32302 10
32704 -185
32592 -144
27168 225
-16485 -341
-32678 230
-30873 -33
-22068 166
-20645 -321
-19321 209
-18871 42
-18645 -54
-19926 61
-20804 -9
-21799 184
-22281 21
-22217 242
-22442 -59
-22550 232
-22496 167
-22459 -2
-21332 -45
-20576 -318
-18872 -181
-17862 -165
-17407 78
-17318 52
-17424 -31
-16378 305
-15709 0
-15946 9
-15123 20
-14344 63
-14271 45
-13939 -55
-13090 -172
-12077 140
-10922 67
-9629 -32
-8464 -132
-7548 -117
-7284 86
-7044 96
-7076 -324
-6885 170
-6922 -181
-6760 -112
-7026 -237
-6606 -360
-6792 -153
-6533 -10
-6489 72
-6921 38
-6604 339
-6725 76
-6644 122
-6392 85
-6571 -259
-6813 98
-6541 66
-6659 68
-6760 -209
-6623 252
-12146 220
-26339 331
-32217 34
-31841 239
-15836 -690
18340 -434
29089 195
29060 -186
28941 45
29129 -68
28652 13
28372 244
29041 -228
29313 318
29100 -81
27131 122
11723 489
-15692 427
-30674 409
-32501 29
-31883 171
-28986 36
-21672 -147
-15828 -181
-13866 1
-13514 38
-13298 -77
-13261 -177
-13468 -284
-13631 -21
-15971 212
-21338 360
-27844 292
-31545 -27
-32718 185
-32319 124
-32312 180
-30633 -261
-27470 -10
-23738 -46
-19690 -9
-16278 48
-14063 -323
-11637 -71
-9276 -79
-7933 66
-7599 151
-7254 13
-6729 -14
-6504 -12
-6585 -152
-6709 -15
-6765 0
-6680 203
-6749 -7
-6963 185
-7452 -217
-8161 -93
-9358 -165
-11126 -443
-12786 96
-15497 -329
-18852 -100
-23021 -217
-26888 89
-30149 -181
-32048 -31
-32591 78
-32800 156
-32529 191
-31509 79
-27865 244
-21958 19
-16590 111
-13933 287
-13432 75
-13357 -124
-13526 321
-13711 148
-13376 13
-15786 234
-22810 180
-30371 203
-32570 -78
-32506 -232
-24470 518
5192 751
26339 194
29024 -141
28767 66
29132 57
28946 -7
29004 -103
28298 -215
7621 -517
-26884 -591
-32620 372
-32557 218
-32824 56
-32540 -84
-32421 126
-32612 205
-32898 88
-32854 -104
-32633 -156
-32590 -125
-32551 -7
-32514 9
-31630 -273
-30093 -76
-28223 390
-26466 165
-24530 112
-23555 119
-22572 128
-22972 7
-24306 -36
-25397 -66
-25329 348
-24403 -10
-23208 314
-22966 238
-22808 159
-23079 -130
-23146 302
-22998 200
-21553 304
-21075 148
-20678 -75
-20864 240
-19332 172
-17465 234
-17620 183
-17647 77
-17370 197
-15619 187
-14248 65
-13715 265
-13870 -228
-14052 60
-16296 291
-19054 531
-20553 246
-20676 -157
-21155 418
-20956 258
-20736 135
-21120 634
-27551 292
-33254 -454
-28922 -279
14413 -635
32476 166
32477 -302
32485 -42
32451 -396
32204 10
32275 47
32584 -97
32533 -141
32427 -17
32673 -37
32508 -91
32601 -110
32293 -113
32530 -36
32363 169
32378 -123
32414 -152
32408 61
32545 -16
32409 -199
32003 -381
32483 -170
32604 179
32550 -88
32487 -67
32592 65
32603 71
32559 -155
32468 83
32469 5
32356 60
32397 -168
32457 -120
32576 23
32543 -156
32431 -109
32491 -1
32704 -88
32365 -63
32538 -14
32525 -82
32467 -81
32619 120
32590 69
28484 131
-15484 -265
-32765 -45
-28863 116
-10536 -17
-7069 -3
-6955 38
-6711 -109
-6606 -152
-6856 -31
-6983 -20
-6960 -23
-7187 -81
-7252 34
-7186 106
-7510 -129
-7306 -64
-6984 -128
-6916 -118
-7073 146
-6721 127
-6808 7
-6913 -24
-6918 67
-6701 -121
-6487 -49
-6670 58
-6603 -36
-6522 -83
-6615 37
-6587 -75
-6822 109
-6722 -73
-6745 78
-6597 122
-6621 0
-6600 9
-6731 5
-6647 56
-6644 33
-6777 158
-6592 36
-6667 64
-6826 83
-6511 -47
-6491 49
-6708 -37
-6805 -118
-6612 -119
-6654 -28
-6801 -157
-6615 0
-6548 0
-6565 38
-6599 -1
-6377 -54
-6746 47
-6846 -125
-6952 77
-12587 147
-26693 182
-32449 -259
-32346 310
-18811 -307
17072 -498
29099 311
29310 -191
29169 38
29369 -57
29084 148
29031 20
28958 31
28614 62
28976 -242
23536 243
-1001 433
-25967 352
-32486 -92
-32851 -21
-30639 33
-23750 -4
-16338 -7
-13753 21
-13261 104
-13377 34
-13322 13
-13250 -133
-13570 -86
-16056 173
-22251 -120
-28926 24
-32288 137
-32691 194
-32381 21
-30633 14
-25600 -149
-18603 -130
-12912 -151
-9287 -133
-7386 -158
-6882 -70
-6801 33
-6777 84
-6666 166
-6526 -149
-6559 56
-6606 43
-6606 -3
-6573 -141
-6517 -108
-6552 -76
-6626 -96
-6622 7
-6684 -27
-6617 42
-6641 113
-6774 97
-6675 209
-6604 133
-6528 8
-6596 -11
-6730 84
-6762 97
-7270 -107
-9094 -100
-11891 -180
-17402 -137
-23874 -122
-29008 58
-31624 -32
-32617 -21
-32731 -138
-32312 150
-30138 30
-24513 -60
-17574 130
-13754 125
-13407 -63
-13394 140
-13387 81
-13175 76
-13660 6
-18880 -59
-28380 21
-32417 64
-32717 -252
-27114 54
-285 493
25107 206
29076 -63
29068 84
29103 -28
29240 62
29268 109
26483 82
-4193 -465
-31176 202
-32725 244
-32488 310
-27907 41
-24880 -30
-24932 163
-25135 182
-24937 11
-26004 -8
-26958 -18
-28741 -35
-30403 10
-31758 -220
-32272 -140
-32540 -30
-32556 -199
-32439 -50
-32546 -60
-32533 -153
-32228 -67
-32552 -7
-32299 -152
-32370 159
-32279 -65
-31873 23
-32200 -96
-32471 -75
-32441 -128
-32649 146
-32650 27
-32505 -187
-32919 29
-32833 -57
-32713 -56
-32820 -163
-32643 -10
-32804 -73
-32832 -114
-32628 123
-32675 -139
-32751 67
-32748 -67
-32736 -91
-32722 -68
-32765 62
-32723 41
-32740 49
-32813 -121
-32873 84
-32704 -37
-32772 -81
-32722 -37
-32670 47
-32902 143
-27841 105
17103 -78
32541 182
32512 -36
32505 -37
32456 97
32228 58
32588 -65
32486 -212
32475 56
32526 -3
32609 84
32314 92
32445 -4
32444 -47
32306 10
32485 -35
32700 71
32493 -162
32581 -30
32694 162
32487 -91
32160 -247
32311 -7
32444 -41
32505 -11
32626 62
32436 -281
32674 62
32712 -78
32550 -192
32348 222
32281 -213
32466 47
32368 -125
32554 132
32427 43
32510 -118
32481 -67
32381 -14
32312 -160
32354 -251
32362 55
32464 -38
32650 -201
32720 27
28385 195
-15361 -199
-32932 -14
-28697 10
-10210 -75
-6715 114
-6541 301
-6760 -88
-6737 67
-6783 220
-6755 91
-6615 134
-6842 -29
-6533 42
-6684 27
-6736 100
-6890 180
-6581 -42
-6047 -41
-6585 52
-6628 -58
-6881 -14
-6749 189
-6591 115
-6470 175
-6681 155
-6530 24
-6495 -21
-6692 -75
-6810 7
-6607 62
-6566 120
-6496 58
-6575 -115
-6634 143
-6623 -34
-6599 158
-6668 48
-6526 49
-6460 0
-6648 51
-6575 -67
-6929 -128
-6641 53
-6892 4
-6598 72
-6814 1
-6834 -105
-6616 -180
-6740 198
-6609 225
-6671 19
-6488 -54
-6525 205
-6746 -239
-6743 87
-6685 -68
-7129 116
-13540 260
-27593 174
-32234 102
-32032 56
-20238 -453
14335 -354
28686 155
29274 21
29094 -72
29272 -75
29325 -85
29188 -14
28990 146
29092 -119
27909 -93
16934 474
-11885 470
-29470 -1
-32198 176
-32196 87
-27538 -216
-18990 -190
-13729 -36
-13320 -140
-13185 -28
-13146 -34
-13531 48
-13563 200
-16100 117
-22590 7
-29151 2
-32066 157
-32589 224
-31916 195
-28944 -195
-22173 -399
-13418 -181
-8171 -349
-7140 127
-6676 54
-6507 -12
-6691 -240
-6574 -19
-6649 209
-6767 -5
-6815 -125
-6799 -244
-6434 -66
-6617 34
-6668 18
-6726 -65
-6525 74
-6640 -36
-6800 -86
-6681 -47
-6630 -48
-6775 174
-6542 -162
-6511 -123
-6618 -100
-6917 -74
-6866 -33
-6795 158
-6612 150
-6659 110
-6660 218
-6509 -31
-6523 128
-6513 95
-7772 -114
-10668 -78
-16270 -117
-24583 -199
-29303 -49
-30931 -158
-31974 68
-32425 -8
-30011 67
-22487 54
-15401 150
-13245 66
-13400 46
-13388 105
-13276 -152
-13325 351
-16720 183
-26432 -285
-31744 -193
-32355 -131
-29306 392
-4902 436
24515 232
29345 -27
29188 125
29193 -99
29085 99
29160 195
20551 -364
-17807 -270
-32306 183
-32167 82
-24137 177
-9867 -108
-7661 -33
-7869 -150
-7876 -196
-8315 -27
-8442 -229
-9956 -360
-11938 6
-14650 -54
-17112 -197
-18688 -129
-19388 -135
-19307 -3
-19395 138
-19462 45
-19393 -180
-19137 -88
-18442 -65
-17888 124
-16932 -207
-16717 -51
-17922 210
-18457 153
-19296 41
-19727 7
-20937 -284
-21727 -124
-23342 314
-23743 -125
-20973 -237
-23129 334
-26776 -147
-27278 216
-26827 -11
-27056 119
-27938 201
-28976 119
-30080 -68
-30641 -62
-30783 125
-30944 -22
-30736 -233
-30902 133
-30951 -132
-30506 161
-30446 137
-30254 -11
-30468 -117
-32072 243
-33190 154
-26120 -407
18923 -220
32436 17
32447 -225
32327 -36
32297 117
32534 2
32321 23
32393 -59
32446 -53
32339 133
32321 87
32357 -92
32458 -41
32441 12
32437 106
32413 -72
32587 75
32297 50
32455 54
32573 -292
32395 -164
32257 -454
32475 7
32519 -117
32448 -2
32495 -81
32540 45
32507 -63
32517 8
32492 80
32533 -103
32421 -20
32480 -57
32377 8
32425 -38
32515 62
32478 10
32535 -58
32366 51
32370 -21
32533 22
32506 41
32489 -22
32519 -116
32461 59
28575 159
-15470 51
-32803 21
-28824 -32
-10364 -33
-6677 14
-6722 17
-6744 1
-6604 -13
-6515 5
-6747 -6
-6667 -11
-6624 -67
-6582 -2
-6625 93
-6664 -30
-6277 -60
-1486 -108
-76 -120
-5134 6
-6606 -39
-6660 -112
-6597 -69
-6618 148
-6545 -44
-6636 144
-6617 -3
-6684 -48
-6556 -12
-6590 63
-6721 70
-6665 65
-6667 33
-6691 112
-6702 -33
-6736 79
-6607 61
-6700 -44
-6684 46
-6559 -10
-6667 -34
-6583 38
-6622 9
-6591 -111
-6666 -38
-6642 1
-6614 -12
-6557 99
-6727 2
-6601 -13
-6653 -69
-6710 24
-6602 65
-6593 21
-6766 95
-6524 124
-6946 2
-14220 92
-28165 180
-32709 -235
-31986 297
-18629 -404
14700 -448
28446 330
29183 -77
29242 99
29162 -115
29077 71
29173 -129
29149 41
29239 94
27830 -62
10961 417
-19946 395
-26876 -465
-21731 -55
-25695 37
-23785 -161
-15777 -68
-13232 142
-13155 19
-13347 10
-13239 -2
-13559 25
-16043 85
-22373 63
-29177 115
-32135 125
-32874 30
-32196 -137
-28757 -206
-20200 -106
-11522 -34
-7567 114
-6680 183
-6573 158
-6533 34
-6701 12
-6527 -242
-6659 -96
-6655 -76
-6658 -67
-6700 -9
-6559 -22
-6559 115
-6618 24
-6638 -93
-6660 28
-6726 33
-6545 -30
-6816 -108
-6802 47
-6758 -2
-6801 -6
-6750 -43
-6613 -88
-6779 4
-6709 49
-6696 152
-6635 247
-6795 167
-6633 20
-6654 -15
-6655 -87
-6670 -73
-6621 -32
-6521 -81
-6756 -91
-6564 176
-6758 138
-8075 3
-7843 -232
-10671 -111
-23658 -126
-32205 11
-32751 -90
-31736 32
-26732 155
-17601 203
-13704 -108
-13216 75
-13274 88
-13310 -77
-13149 55
-15237 84
-24639 -151
-31635 -41
-32790 -145
-29749 -106
-2506 455
26108 -60
29201 -56
29153 25
29183 -20
29019 8
28744 236
10616 -415
-26060 -27
-32779 -7
-31414 118
-19697 159
-7680 165
-6642 209
-6763 111
-6732 94
-6493 42
-6727 25
-6574 131
-6700 -45
-6826 -27
-6696 -112
-6724 -140
-6547 -7
-6688 -4
-6728 74
-6684 3
-6610 -84
-6640 80
-6602 -42
-6545 75
-6639 52
-6618 46
-6336 77
-6626 87
-6641 21
-7010 -65
-8220 37
-10260 46
-2602 -165
5623 -112
-3126 -39
-11339 -37
-11279 150
-9958 -43
-8672 -70
-9280 -70
-10292 26
-10979 79
-11419 -21
-12358 28
-12762 35
-12915 -56
-12658 43
-12881 -85
-12273 -57
-11344 -39
-11183 -121
-12711 -177
-26364 54
-32728 174
-24455 -98
21093 -115
32525 77
32447 -53
32522 -10
32553 -59
32350 -37
32652 68
32431 101
32539 47
32528 76
32403 35
32459 -67
32553 8
32497 80
32539 28
32413 66
32434 -33
32472 -100
32555 102
32575 -51
32428 -17
32772 -163
32542 -111
32256 -101
32567 305
32560 6
32465 63
32447 183
32656 33
32525 81
32410 87
32272 -141
32317 -83
32488 -31
32527 123
32275 -89
32504 -92
32362 -78
32419 129
32456 114
32511 -31
32486 -140
32575 -375
32418 -94
32728 -347
28242 347
-15081 -864
-32970 92
-29570 -132
-11168 176
-6550 4
-6624 134
-6647 93
-6850 -26
-6445 181
-6499 15
-6572 176
-6777 320
-6500 69
-6718 13
-6545 124
-5847 -171
-716 22
-4750 174
-6314 -345
-6233 -159
-6549 340
-6512 126
-6579 249
-6648 17
-6328 23
-6911 -114
-6728 161
-6746 -36
-6778 -174
-6527 -182
-6522 -126
-6785 184
-6569 -143
-6671 -125
-6505 214
-6474 148
-6839 -51
-6536 -162
-6936 -147
-6795 174
-6491 130
-7021 -108
-6708 -45
-6787 91
-6757 210
-6355 82
-6630 -68
-6878 -121
-6618 35
-6623 88
-6523 -44
-6441 244
-6508 100
-6444 322
-6937 7
-14925 518
-28462 270
-32551 60
-31195 46
-16523 -651
15848 -711
28281 155
29255 453
28766 -68
28888 -141
28823 -61
29049 -58
29110 -100
29208 -163
25902 138
4409 464
-24237 369
-31339 103
-21148 -69
-21055 180
-18141 -44
-13579 -235
-13489 536
-13470 164
-13194 -71
-13144 147
-14964 -27
-21191 177
-28665 64
-32224 161
-32476 -252
-31990 -260
-28430 -152
-20067 -237
-11212 -315
-7375 -165
-6807 111
-6532 273
-6619 -200
-6690 27
-6515 234
-6416 45
-7017 -327
-6756 -74
-6550 -148
-6912 -36
-6755 -16
-6896 -367
-6915 -161
-6823 -19
-6777 -109
-6756 -38
-6727 46
-6747 -14
-6875 54
-6695 127
-6728 -307
-6696 87
-6792 -180
-6826 59
-6657 64
-6665 20
-6572 -1
-6772 94
-6722 55
-6631 -286
-6718 80
-6668 202
-6832 96
-6795 136
-6519 -36
-6700 178
-6831 30
-6398 96
-6784 35
-1078 116
-4074 321
-10538 -49
-21435 -434
-30522 -149
-32483 -142
-32291 182
-28972 113
-20193 142
-14333 34
-12874 132
-13175 -34
-13284 5
-13437 114
-14844 -100
-23707 -125
-31628 66
-32675 243
-27974 436
1768 573
26522 116
29361 174
29139 -7
28891 -112
28861 156
26442 203
74 -710
-28972 -79
-32478 -33
-30488 5
-17673 244
-7452 -119
-6446 -18
-6557 7
-6813 -152
-6671 97
-6709 153
-6452 200
-6743 107
-6725 -133
-6643 -217
-6715 -136
-6611 116
-6549 -35
-6664 300
-6576 16
-6732 38
-6544 95
-6811 -155
-6858 40
-6468 76
-6780 -189
-6582 -15
-6598 31
-6663 84
-8014 -58
-9490 -3
662 14
-2689 315
-8231 131
-6347 -298
-9731 261
-8596 125
-6717 -169
-6847 42
-6606 -171
-6719 95
-6725 -207
-6807 -198
-6662 -176
-6508 353
-6269 80
-6651 43
-6632 49
-6641 170
-6552 -150
-9202 173
-26141 477
-33050 232
-22092 -765
22925 63
32729 368
32328 -247
32292 40
32536 133
32143 -27
32179 76
32450 135
32312 17
32346 -119
32541 204
32232 14
32470 -137
32542 -96
32345 401
32418 -37
32624 162
32192 223
32291 -62
32592 -259
32580 -176
31886 -31
32440 -34
32388 100
32429 258
32494 32
32645 11
32597 -47
32576 -1
32447 -91
32568 206
32440 186
32546 -113
32584 -162
32595 -1
32478 66
32468 -130
32453 138
32553 113
32545 101
32553 67
32444 -10
32641 -128
32599 -119
32575 21
28683 99
-15386 -241
-32842 154
-29998 45
-11518 -107
-6678 -95
-6585 -141
-6500 -156
-6639 60
-6562 2
-6758 18
-6906 -129
-6828 162
-6757 5
-6605 188
-6530 183
-6415 -64
-5512 -22
-6333 -94
-4188 -95
-1620 -64
-6604 127
-6823 145
-6518 110
-6762 97
-6693 112
-6674 67
-6658 -55
-6654 231
-6597 -18
-6655 -45
-6640 -14
-6434 77
-6740 33
-6626 47
-6631 142
-6629 7
-6628 30
-6728 96
-6589 -38
-6861 -171
-6666 -1
-6702 79
-6869 44
-6543 -6
-6755 -103
-6797 -139
-6754 109
-6781 0
-6604 -8
-6784 295
-6671 51
-6578 -26
-6588 -6
-6955 -69
-14641 222
-28970 312
-32816 -81
-31821 446
-15061 -444
18170 -251
28998 243
29220 -117
28900 -16
29082 -182
29162 -27
29231 -120
29307 283
29096 -290
25397 122
-573 847
-27836 -33
-32638 23
-31967 35
-21968 -65
-15798 -148
-11902 54
-6787 -174
-12651 71
-13268 -137
-13983 -102
-18404 226
-27174 335
-31656 82
-32731 128
-32325 -78
-28139 -41
-19648 -284
-10945 -38
-7396 250
-6874 175
-6679 215
-6527 2
-6823 116
-6772 33
-6718 -71
-6536 -27
-6611 -239
-6719 -111
-6772 -75
-6549 139
-6507 13
-6586 113
-6760 175
-6636 -59
-6612 -213
-6670 99
-6573 -52
-6789 -188
-6683 -67
-6647 56
-6639 22
-6833 -64
-6588 -145
-6725 -78
-6651 212
-6749 14
-6901 171
-6650 62
-6804 105
-6779 -21
-6705 36
-6840 100
-6531 115
-6605 -93
-6640 -129
-6433 -198
-6908 145
-6740 119
-6760 171
-6649 61
-5471 66
-6454 -42
-5616 -94
-3387 -135
-15532 -33
-27975 -87
-32469 69
-32284 -175
-31254 165
-23646 119
-15110 3
-13102 -36
-13044 -46
-13496 -47
-13332 -122
-14786 -81
-24197 -220
-31891 -230
-32939 -140
-27040 205
6388 306
28010 -314
29017 -13
29170 -152
29318 97
29055 -10
24689 -97
-6980 -442
-30861 66
-32588 -45
-30005 203
-15736 125
-6992 -86
-6433 95
-6965 -9
-6485 -5
-6375 -37
-6630 12
-6840 77
-6839 -187
-6762 -3
-6787 -75
-6635 -117
-6510 66
-6593 -45
-6847 -26
-6651 -12
-6374 190
-6511 106
-6674 -57
-6672 -82
-6656 -75
-6445 -76
-6639 11
-6732 63
-7757 -52
-10148 118
-8343 113
-8378 82
-4171 -302
5254 54
-8790 -45
-8797 -70
-6744 74
-6739 24
-6673 -188
-6588 -114
-6753 -137
-6593 127
-6735 -25
-6684 75
-6608 -52
-6646 -44
-6616 47
-6542 -62
-6699 -187
-8973 -39
-27180 50
-32701 -33
-20455 -162
25534 54
32305 -54
32601 50
32492 7
32588 -174
32447 247
32507 160
32668 -76
32498 -79
32623 -85
32656 -87
32420 88
32458 86
32503 142
32703 -141
32567 -130
32495 185
32529 228
32493 96
32597 -97
32498 43
31874 -225
32497 -78
32500 9
32523 94
32585 -66
32466 -176
32604 -53
32562 10
32268 -218
32381 -173
32528 59
32581 -105
32415 -33
32535 76
32596 60
32322 -67
32405 -31
32618 137
32473 -15
32484 97
32409 -245
32388 -56
32452 -201
32685 -134
29921 267
-12983 -496
-32611 89
-30032 32
-11641 289
-6561 100
-6778 98
-6606 71
-6462 155
-7007 4
-6718 21
-6529 117
-6689 -108
-6568 -31
-6581 -379
-6735 -66
-6668 -26
-6684 237
-4316 153
265 -43
-1578 166
-6630 -296
-6765 -27
-6546 -6
-6748 36
-6483 -24
-6571 115
-6614 86
-6449 -14
-6650 -187
-6670 143
-6612 -267
-6640 -155
-6860 -58
-6787 -35
-6667 -9
-6758 -14
-6562 108
-6493 -51
-6652 -149
-6601 159
-6544 -18
-6721 -131
-6681 -24
-6618 -177
-6841 -17
-6580 115
-6643 160
-6593 257
-6734 -108
-6484 -11
-6500 -64
-6371 -116
-6949 -35
-13745 186
-28622 191
-32513 -6
-31513 103
-15174 -529
18340 -303
28865 45
29154 -86
29332 -225
29071 -161
28892 298
29124 90
29084 -101
29157 -124
25151 240
-2472 805
-28671 261
-32624 28
-31727 -258
-24606 -428
-15810 -195
-11497 144
-6457 -200
-5638 447
-12661 -148
-14299 -77
-22034 143
-30179 306
-32417 -2
-32052 -85
-29745 -3
-20532 -72
-10931 -124
-7244 -143
-6512 133
-6754 142
-6639 -36
-6588 -42
-6681 -60
-6662 9
-6677 -42
-6595 -242
-6545 158
-6608 -250
-6604 132
-6599 -283
-6488 -129
-6400 -47
-6905 -166
-6475 86
-6870 -112
-6802 33
-6969 -129
-6799 -3
-7282 97
-7394 509
-7274 43
-7193 78
-7350 201
-6964 133
-6839 -62
-6590 136
-6776 64
-6602 55
-6638 17
-6716 99
-6636 270
-6856 108
-6740 106
-6733 -51
-6522 -173
-6878 32
-6588 -5
-6838 183
-6671 110
-6555 -76
-6528 -52
-6525 169
-5188 -23
-810 -186
81 165
-6549 -171
-12234 -388
-24193 69
-31346 46
-32509 254
-32000 -63
-26157 98
-16196 -194
-13178 -24
-13482 -36
-13401 83
-13147 -175
-15309 75
-25293 -515
-32189 -141
-32442 228
-23983 444
11026 651
28421 45
29078 -141
29330 -25
29169 528
29233 13
22084 -163
-11157 -835
-31417 -396
-32869 95
-28433 -6
-12383 52
-6631 -93
-6853 115
-6662 -131
-6595 -227
-6608 154
-6735 144
-6648 172
-6964 -22
-6484 19
-6576 73
-6629 -198
-6551 87
-6645 -87
-6617 -112
-6497 -28
-6593 -182
-6516 23
-6793 -86
-6602 -75
-6695 -88
-6761 -161
-6583 -79
-7480 -51
-10232 299
-10037 74
-6773 38
4042 -55
769 721
-9472 -142
-9041 -109
-6831 126
-6818 80
-6621 139
-6564 -3
-6574 105
-6681 225
-6870 7
-6606 62
-6480 -119
-6801 53
-6575 136
-6607 15
-6793 -44
-9919 271
-28617 210
-32590 185
-17677 -430
27324 -226
32496 250
32578 -218
32480 -65
32667 197
32457 124
32591 -75
32360 285
32610 34
32608 -121
32336 -263
32512 -106
32690 -160
32762 102
32544 141
32452 24
32686 2
32462 -6
32483 -13
32400 -2
32421 -81
32106 -334
32381 -262
32455 -35
32709 -7
32443 44
32458 -15
32315 37
32367 -166
32467 -48
32520 -20
32557 173
32450 110
32551 28
32599 -32
32556 18
32341 -21
32581 83
32498 20
32514 -60
32484 111
32430 -19
32627 125
32520 29
32505 -74
30560 372
-10496 -292
-32822 153
-30952 -31
-12547 99
-6559 -45
-6577 0
-6428 -27
-6667 -97
-6606 87
-6719 151
-6650 113
-6682 -139
-6641 -128
-6712 140
-6574 -115
-6901 -96
-6681 96
-6125 -126
-5016 109
-6290 109
-6871 30
-6636 89
-6613 -167
-6643 24
-6689 57
-6817 -95
-6739 35
-6603 -50
-6740 -177
-6732 53
-6679 -57
-6687 133
-6605 65
-6753 8
-6579 59
-6704 192
-6767 -4
-6697 44
-6641 42
-6683 79
-6642 34
-6742 -50
-6601 -27
-6470 4
-6583 231
-6592 -179
-6674 -86
-6658 51
-6599 -55
-6604 -21
-6677 -16
-6453 -8
-10887 7
-26605 243
-32498 -167
-31822 130
-14379 -486
19523 -439
29178 119
29227 -62
29066 11
28984 -145
29237 -131
29051 -45
29206 97
29216 -164
25380 125
-2629 529
-29133 97
-32787 -119
-31591 103
-23636 -130
-14720 42
-13302 105
-12455 -161
-10088 192
-12019 123
-15870 92
-25094 187
-31445 67
-32829 13
-31690 1
-23929 -228
-13062 -103
-7188 -110
-6674 188
-6465 -29
-6684 5
-6548 -21
-6670 -70
-6700 143
-6560 -125
-6585 26
-6623 -73
-6816 70
-6540 -5
-6696 -172
-6623 -207
-6641 -138
-6906 81
-7469 -74
-9078 -48
-11589 31
-14955 47
-17788 107
-20141 76
-21001 25
-22028 -19
-22378 147
-22584 80
-22496 95
-22421 138
-21346 117
-20059 72
-17604 111
-15324 166
-12582 -64
-10147 73
-8117 185
-6834 125
-6610 -164
-6708 -56
-6490 66
-6680 90
-6705 209
-6669 -18
-6693 -63
-6654 86
-6702 21
-6806 60
-6940 69
-6568 -172
-4175 107
-5418 -81
-7056 -106
-6859 239
-9103 -82
-19607 -260
-30234 -142
-32358 131
-32384 -150
-27343 188
-16683 -60
-13073 97
-13336 49
-13273 -103
-13300 154
-15877 -86
-26653 -380
-32261 158
-32641 -220
-21192 246
14763 190
28746 -121
29295 14
29160 -15
29100 62
29165 231
19810 -286
-16937 -234
-32538 289
-32386 -135
-23729 182
-8467 79
-6747 64
-6666 -63
-6628 41
-6569 -140
-6638 163
-6520 138
-6651 2
-6616 -144
-6579 86
-6757 28
-6627 -2
-6546 153
-6667 -8
-6587 -121
-6905 10
-6690 -47
-6433 6
-6704 72
-6719 40
-6650 119
-6672 -53
-7232 10
-9893 -138
-9957 -177
-9797 -12
-8535 81
-9385 61
-9977 36
-9244 -39
-6964 -2
-6720 -4
-6674 69
-6819 -28
-6771 -17
-6730 33
-6602 30
-6586 -37
-6690 32
-6673 -124
-6588 130
-6691 100
-6700 -7
-10996 203
-29714 109
-32720 113
-13576 -495
28675 -112
32462 109
32614 -88
32358 66
32442 -73
32447 100
32471 89
32471 75
32422 -3
32629 -8
32449 12
32412 -199
32386 -12
32592 -26
32522 -29
32531 57
32493 -49
32507 -1
32483 52
32495 -56
32530 -89
32091 -63
32628 28
32786 139
32643 187
32151 -31
32385 79
32723 -64
32465 67
32370 75
32513 -4
32495 -18
32453 -91
32311 -3
32757 -236
32247 57
32246 115
32450 -113
32428 32
32581 -39
32490 -122
32321 102
32425 129
32482 -55
32418 -192
30951 538
-5947 -835
-32510 141
-31192 -178
-13678 437
-6820 8
-6593 -187
-6585 224
-6635 23
-6522 199
-6688 79
-6605 60
-6721 180
-6614 154
-6616 156
-7122 -62
-6896 -105
-6737 288
-6645 -128
-6865 -85
-6786 81
-6734 -159
-6705 127
-6915 12
-6427 -122
-6528 69
-6445 51
-6648 -150
-6409 -346
-6997 47
-6486 32
-6798 56
-6460 -98
-6570 -45
-6704 -152
-6670 -109
-6579 -169
-6909 496
-6532 174
-6355 82
-6667 -18
-6800 -79
-6635 130
-6754 -241
-6617 -132
-6788 184
-6705 -76
-6598 -85
-6691 -116
-6742 -111
-6710 -24
-6353 -30
-8367 -167
-22595 118
-31907 -119
-32129 99
-18671 -694
17492 -813
28954 -235
29427 -261
29018 -108
28763 -248
28706 -181
29188 97
28988 365
29351 -235
25268 177
-1568 604
-28569 364
-32567 -21
-31330 -117
-22904 -192
-14535 57
-13417 115
-13406 341
-13290 21
-13607 15
-17969 321
-27401 158
-32092 117
-32745 -303
-29616 -19
-18436 -250
-8630 -141
-6705 223
-6680 150
-6773 -373
-6655 -88
-6775 23
-6453 -37
-6656 -18
-6651 -193
-6482 -9
-6770 132
-6863 52
-6475 -71
-6958 -264
-7050 -45
-8771 8
-13233 720
-18679 -60
-23681 31
-27441 291
-29839 -33
-31668 3
-32485 -65
-32367 -143
-32406 76
-32849 138
-32526 18
-32833 0
-32679 69
-32410 113
-32577 123
-32340 57
-32186 142
-31748 110
-30384 -138
-28420 253
-25237 44
-19723 148
-13418 -89
-9042 150
-7109 160
-6670 -116
-6414 253
-6796 144
-6802 201
-6696 319
-7177 -6
-7000 -183
-6760 -270
-6976 -238
-6811 -227
-6638 143
-6745 -110
-6879 43
-6733 -94
-8223 -98
-16269 -112
-28928 -315
-32617 30
-32162 3
-27729 368
-17418 43
-13176 98
-13323 126
-13340 -140
-13299 -69
-16752 -109
-27851 -593
-32405 -48
-32193 43
-16753 528
19681 78
28823 -213
28968 152
29151 342
29172 44
28643 118
11679 -323
-25306 -433
-32384 -35
-30777 192
-16263 197
-7114 -142
-6950 11
-6910 -241
-6715 40
-6476 149
-6633 128
-6626 101
-6736 -141
-6627 166
-6711 290
-6642 -14
-6930 93
-6673 111
-6542 -3
-6668 -182
-6577 380
-6667 -192
-6551 -10
-6768 84
-6531 119
-6731 255
-6958 14
-7716 -122
-7833 78
-7544 174
-7337 134
-7252 16
-7456 46
-7103 19
-6973 328
-6860 169
-6657 16
-6680 76
-6677 -191
-6637 16
-6796 -40
-6759 87
-6654 71
-6787 -158
-6595 173
-6791 253
-6742 -186
-12934 296
-30501 184
-32482 525
-9321 -962
29858 26
32573 59
32347 -150
32626 137
32480 83
33007 -14
32432 166
32641 -84
32537 -189
32595 -98
32372 215
32363 193
32442 2
32499 -151
32477 116
32456 150
32526 -4
32526 -201
32404 43
32431 101
32596 -159
31945 -348
32582 -190
32438 -79
32527 -131
32521 41
32629 -147
32631 -112
32655 122
32567 -43
32429 20
32539 130
32489 -144
32360 44
32542 9
32584 96
32708 86
32461 -26
32316 -70
32587 29
32447 -100
32605 251
32519 26
32455 24
32620 -89
31333 266
-2541 -287
-32431 190
-31707 -116
-15121 85
-6721 141
-6750 46
-6742 44
-6443 67
-6661 -90
-6608 -26
-6529 98
-6470 -4
-6718 32
-6920 75
-6501 -110
-6681 116
-6541 -102
-6585 28
-6586 111
-6689 -61
-6429 82
-6701 37
-6923 62
-7005 119
-6857 11
-6736 -43
-6718 11
-6662 -122
-6746 112
-6696 95
-6763 24
-6805 74
-6777 -186
-6849 1
-6475 -66
-6726 -99
-6510 -28
-6666 -54
-6782 179
-6814 87
-6537 210
-6803 101
-6458 73
-6560 13
-6451 34
-6535 -47
-6632 2
-6702 66
-6469 122
-6603 111
-7050 -133
-17584 207
-31338 -48
-32642 64
-25619 -33
10843 -422
28441 216
29137 21
29198 -131
28992 -81
28943 -24
28963 -57
29214 46
29203 -58
25909 -9
-1133 503
-28753 54
-32890 -191
-31641 142
-23115 -221
-14446 105
-13161 7
-13313 124
-13370 23
-13978 -196
-19557 281
-29567 122
-32531 -7
-32292 201
-27515 -65
-14683 -153
-7463 -39
-6651 57
-6602 -158
-6758 33
-6574 114
-6508 10
-6718 -61
-6636 -182
-6538 -44
-6668 60
-6571 198
-6718 -60
-6670 17
-8195 -65
-11935 213
-18739 126
-26006 177
-30410 78
-32558 30
-32771 10
-32788 113
-32668 -48
-32311 -12
-31597 -16
-30831 -113
-30310 -54
-30420 -11
-30489 -81
-30589 14
-30431 -105
-30243 -10
-30511 24
-31109 -138
-31505 -53
-32156 44
-32951 -45
-32842 54
-32695 135
-32410 5
-30597 264
-26397 199
-20090 303
-13094 232
-8166 -58
-6620 -93
-6653 89
-6848 67
-6714 158
-6735 37
-6576 -8
-6579 -45
-6655 34
-6774 115
-6678 -126
-6651 53
-6745 -33
-6707 273
-7075 109
-14199 -127
-28208 -55
-32513 -56
-32304 -24
-28169 197
-17708 146
-13631 82
-13362 94
-13185 132
-13339 121
-18128 24
-29350 -84
-32577 129
-31532 -65
-7388 444
25728 101
29081 -9
29142 -101
29074 -15
29043 28
26983 174
-3862 -233
-31176 383
-32761 -155
-27233 -30
-10380 190
-6573 -45
-6656 -85
-6551 -46
-6749 -13
-6661 -63
-6732 -49
-6733 -110
-6636 -130
-6547 89
-6644 -2
-6725 -76
-6491 133
-6761 -34
-6749 119
-6725 2
-6689 68
-6501 -60
-6690 -118
-6597 -50
-6720 185
-6859 -91
-6554 -34
-6579 72
-6541 200
-6629 171
-6562 6
-6573 13
-6746 -54
-6687 47
-7006 24
-6833 -152
-6607 61
-6606 48
-6741 28
-6550 -9
-6555 -7
-6713 -142
-6721 -34
-6563 -1
-6537 -64
-6654 -203
-14122 195
-31554 -5
-32649 124
-5751 -252
31151 84
32523 84
32438 49
32365 214
32422 119
32587 -15
32706 -46
32694 0
32354 45
32557 -48
32454 -22
32372 -28
32459 -123
32507 131
32450 114
32627 45
32471 -87
32471 -129
32623 9
32685 -24
32511 110
31964 -489
32188 -322
32421 -204
32571 13
32458 61
32446 55
32493 -196
32526 -300
32726 80
32525 167
32647 -90
32404 4
32486 122
32522 -156
32528 -55
32514 -19
32396 -29
32507 -157
32247 128
32616 -194
32553 233
32585 -138
32482 176
32670 126
31803 413
895 -503
-32178 102
-31677 -152
-16111 63
-6454 229
-6786 273
-6596 91
-6436 65
-6692 -93
-6498 5
-6589 -80
-6949 3
-6775 -10
-6781 -38
-6688 -47
-6663 149
-6596 118
-6482 -106
-6769 -192
-6616 127
-6778 209
-6772 -3
-6498 176
-6805 25
-6930 97
-6780 -110
-6768 41
-6769 119
-6443 126
-6607 14
-6929 14
-6600 90
-6658 80
-6784 10
-6666 189
-6331 125
-6485 -148
-6539 208
-6514 -47
-6731 67
-6618 140
-6635 -182
-6907 56
-6819 104
-6633 -51
-6766 -211
-6755 -212
-6518 141
-6731 12
-6488 -59
-12662 448
-28570 39
-32541 80
-29949 -77
292 -977
26828 -61
29164 302
28998 55
28901 -199
29075 84
29107 44
29127 121
29099 -40
26649 211
659 775
-28448 227
-32983 -165
-31618 12
-23456 -198
-14543 142
-13385 108
-13332 49
-13023 -44
-14266 -100
-20976 309
-30226 392
-32537 -1
-31692 37
-23798 -293
-11410 -167
-7015 -50
-6860 0
-6952 -22
-6587 -1
-6717 220
-6613 -259
-6663 226
-6735 190
-6521 -6
-6460 36
-6569 -200
-6937 -79
-8974 -21
-15370 -84
-23717 149
-29671 73
-32172 -212
-32634 -181
-32467 -52
-31138 -110
-29078 -128
-25712 -48
-22229 30
-19027 -156
-16305 -64
-15080 -95
-14232 -98
-14076 -26
-14138 143
-14182 -32
-14260 -150
-14307 -84
-14202 36
-15559 -5
-17019 246
-19223 -119
-22626 118
-25501 60
-29074 -287
-31499 4
-32338 -153
-32365 49
-32352 -49
-30348 169
-24319 183
-14744 218
-8020 86
-6566 51
-6593 156
-6515 -84
-6663 18
-6602 -131
-6833 29
-6627 8
-6543 115
-6568 -108
-6463 -40
-6715 90
-6929 28
-6960 4
-13909 -215
-28093 -100
-32392 178
-32276 183
-28464 43
-17538 33
-13404 -68
-13309 -81
-13332 -1
-13685 -131
-19780 6
-30837 -213
-32940 -107
-27999 217
6117 597
28384 118
29133 -299
29334 -93
29194 213
29062 194
19872 -324
-18722 -388
-32782 181
-32277 -226
-19382 244
-7412 -146
-6564 188
-6401 40
-6617 -34
-6755 43
-6751 38
-6654 160
-6742 -65
-6594 -53
-6741 -51
-6704 -31
-6352 -187
-6663 102
-7070 58
-6601 252
-6741 93
-6708 -82
-6565 -136
-6804 -146
-6778 -235
-6656 -103
-6708 -61
-6669 -171
-6471 -169
-6635 -298
-6607 116
-6690 69
-6582 80
-6408 184
-6755 225
-6892 -124
-7071 151
-6658 -61
-6856 -17
-6593 138
-6478 -64
-6589 -90
-6724 -75
-6654 162
-6842 246
-6707 32
-14944 250
-31928 30
-32531 150
-3673 -601
31474 69
32558 -32
32398 -159
32558 195
32328 149
32457 -72
32466 -133
32611 3
32458 124
32475 -73
32446 -32
32520 96
32551 -30
32543 -44
32527 96
32575 -39
32699 25
32518 118
32561 118
32458 -243
32473 -158
32107 -422
32375 -119
32534 23
32459 84
32503 -48
32557 43
32481 -30
32377 30
32526 -98
32644 5
32370 -102
32509 -83
32448 74
32417 -116
32476 -48
32411 32
32446 -77
32632 53
32412 33
32511 27
32541 -44
32424 53
32614 22
32557 -91
32330 96
3456 -93
-32213 120
-32136 -129
-17173 90
-6672 -27
-6499 -23
-6625 -47
-6660 -57
-6712 -18
-6654 21
-6645 115
-6957 122
-6631 -39
-6671 -20
-6690 -11
-6510 -67
-6486 48
-6655 -86
-6638 70
-6598 32
-6663 -18
-6581 142
-6571 11
-6720 -22
-6668 -86
-6976 -28
-6967 -174
-6804 60
-6753 -60
-6701 26
-6834 -45
-6708 245
-6628 -31
-6707 1
-6622 -4
-6679 16
-6596 10
-6658 12
-6614 79
-6625 0
-6549 82
-6508 26
-6622 42
-6588 -47
-6692 -53
-6722 -129
-6764 16
-6674 -20
-6631 126
-8970 12
-24618 55
-32467 -64
-32101 215
-11897 -603
23557 -104
29050 92
29130 46
29150 -143
29172 84
29000 57
29199 -17
29191 36
27672 -194
4766 502
-27492 -60
-32860 -257
-31852 126
-23796 -108
-14794 140
-13270 83
-13250 -34
-13305 -65
-14498 -30
-22524 108
-30851 108
-32570 163
-31598 -210
-21371 -168
-9382 -202
-6688 139
-6484 -91
-6761 104
-6846 51
-6880 -71
-6526 143
-6648 92
-6541 -80
-6701 -4
-6679 2
-6975 -72
-9172 0
-16392 130
-25997 47
-30983 108
-32513 -55
-32269 -48
-31558 -40
-27884 -63
-21694 -97
-16210 -39
-13217 -50
-11304 -11
-10560 -108
-10273 111
-10387 -11
-10310 78
-10284 93
-10263 -19
-10188 -2
-10274 -5
-10172 164
-10175 46
-10166 2
-10305 60
-10082 176
-10286 68
-10610 -4
-11319 -51
-13454 -103
-17729 -87
-23522 -176
-28558 -45
-31626 -39
-32739 -2
-32558 18
-30778 50
-23655 99
-12750 55
-7227 8
-6669 65
-6696 -15
-6690 -114
-6744 -5
-6621 -86
-6732 0
-6611 105
-6715 31
-6681 26
-6647 -85
-6901 76
-7027 109
-13351 -217
-27638 -91
-32338 214
-32501 -64
-27513 74
-16289 163
-13548 4
-13381 -81
-13298 -4
-14123 0
-24086 -152
-32069 57
-32569 -177
-20983 256
17555 285
29169 -237
28947 -81
29268 -5
29243 40
28405 202
5950 -531
-29398 -64
-32795 60
-28293 218
-10380 -8
-6563 -75
-6561 43
-6576 54
-6615 -107
-6811 121
-6654 -142
-6666 -9
-6698 56
-6588 9
-6766 -59
-6666 34
-6578 -48
-6617 5
-6602 63
-6582 -9
-6658 -15
-6795 -12
-6745 -1
-6814 118
-6598 130
-6678 16
-6760 -63
-6690 -65
-6710 -83
-6740 45
-6752 -28
-6817 -25
-6414 -96
-6629 50
-6665 72
-6944 -54
-6913 48
-6722 -5
-6570 -105
-6690 -82
-6657 50
-6657 24
-6583 55
-6569 -7
-6613 -3
-15870 62
-32229 -53
-32124 61
-671 -322
31902 43
32467 18
32482 27
32404 35
32508 56
32478 -76
32471 -56
32563 -53
32471 -36
32520 -108
32488 51
32452 88
32522 -2
32498 29
32661 53
32514 68
32569 -13
32465 -58
32749 -42
32433 -23
32517 -117
32034 -425
32606 -304
32425 92
32465 156
32353 162
32488 -24
32626 22
32421 25
32452 -50
32370 -100
32152 -26
32128 127
32424 -73
32349 -26
32333 143
32384 198
32539 19
32289 -221
32324 386
32448 114
32463 -4
32459 -29
32617 -320
32578 -263
32634 288
5577 -958
-31589 164
-31940 -397
-17305 560
-6645 -35
-5920 -42
-3483 75
-6145 -88
-6493 235
-6715 -82
-7084 -189
-6761 -30
-6823 -143
-6521 -146
-6705 189
-6614 -150
-6595 136
-6611 -129
-6642 209
-6754 -37
-6557 -108
-6671 394
-6608 -90
-6690 -227
-6687 59
-6701 296
-6883 313
-6788 244
-6775 197
-6673 -3
-6732 -18
-6713 113
-6709 226
-6762 -70
-6455 86
-6426 -73
-6693 -52
-6793 4
-6543 215
-6723 103
-6427 -122
-6652 5
-6481 115
-6697 -201
-6823 151
-6709 -331
-6508 -59
-6914 -45
-7189 -20
-17895 328
-31080 -354
-32833 -56
-21454 -866
15886 -713
29152 -148
29073 148
29204 52
28922 -149
28963 11
29223 18
29051 -178
27953 -252
8332 1007
-24929 566
-32682 -15
-31966 25
-24542 176
-14923 79
-13039 220
-13029 -139
-13168 40
-14881 407
-22995 354
-31512 78
-32592 54
-30425 -294
-19479 -603
-8765 -156
-6695 -21
-6604 411
-6709 125
-6956 -8
-6872 119
-6686 43
-7032 176
-6826 176
-6470 149
-6719 245
-7855 34
-15178 359
-25410 -18
-31112 265
-32853 63
-32396 -109
-29803 -47
-23643 -107
-17111 -183
-12426 26
-10739 -196
-10301 -44
-10139 318
-10248 219
-10211 107
-10575 56
-10305 -117
-10683 -15
-10266 62
-10202 161
-10196 -357
-10458 -125
-10195 -177
-10348 29
-10298 -56
-10323 53
-10098 29
-10234 -127
-10527 64
-10417 113
-10204 -56
-10334 117
-10880 7
-13028 -54
-18623 62
-26123 94
-31278 122
-32614 -186
-32188 -32
-28610 19
-17560 42
-8101 140
-6882 -213
-6544 -31
-6733 202
-6794 -199
-6746 -318
-6662 82
-6523 15
-6659 395
-6810 142
-6782 111
-6852 249
-6838 -153
-13201 -274
-27691 -173
-32444 -13
-31974 -37
-25212 414
-14923 208
-13319 178
-13323 44
-13232 104
-15872 -60
-27915 -103
-32663 -106
-31398 -146
-11531 879
23287 269
29291 -69
29327 -278
29106 31
29045 224
23427 -422
-15370 -958
-31993 60
-31605 156
-17767 554
-7044 -67
-6777 -221
-6529 0
-6591 -154
-6756 267
-6752 -25
-6638 84
-6693 -182
-6551 -205
-6390 34
-6583 -56
-6723 -49
-6871 -22
-6380 -15
-6681 134
-6944 18
-6715 75
-6750 102
-6793 120
-6536 242
-6530 -128
-6684 49
-6718 59
-6681 327
-6621 142
-6760 -82
-6774 -39
-6502 51
-6590 145
-6735 -155
-6625 -6
-6658 33
-6945 12
-6673 -131
-6646 -60
-6566 255
-6524 136
-6522 82
-6637 -42
-6751 -106
-17303 100
-32238 -250
-31511 -20
201 -817
31729 265
32351 34
32281 -309
32291 227
32550 38
32213 -250
32591 47
32330 -299
32560 267
32637 98
32436 -48
32484 -147
32377 -119
32595 -222
32442 -226
32623 76
32909 -9
32761 30
32445 53
32383 57
32578 86
31805 -624
32570 -188
32485 118
32641 -11
32369 -84
32291 -55
32592 -17
32441 18
32475 -22
32586 -52
32584 5
32525 172
32477 69
32281 19
32519 -77
32390 108
32399 -151
32577 28
32465 124
32479 134
32700 -30
32437 -4
32450 184
32491 -6
32425 67
6049 -327
-27956 -219
-27816 -546
-17359 237
-4267 -131
-1559 -305
-4066 68
-6273 -35
-6910 -43
-7125 115
-6679 -53
-6702 87
-6589 -274
-6587 -107
-6612 -101
-6730 171
-6620 85
-6794 -96
-6598 97
-6591 -29
-6582 -87
-6616 -130
-6592 35
-6665 47
-6727 169
-6722 35
-6628 -64
-6451 13
-6963 -28
-6510 10
-6618 -44
-6534 -120
-6721 29
-6713 -10
-6637 60
-6718 -135
-6560 -11
-6699 89
-6759 283
-6611 21
-6579 -75
-6654 124
-6716 53
-6700 30
-6669 54
-6618 51
-6781 -290
-6670 72
-12167 234
-28712 30
-32803 -244
-29188 26
4264 -661
28221 220
29152 -16
29239 69
29029 -177
28950 52
29221 -78
28852 -193
28841 -207
14124 395
-22287 293
-32573 -155
-32074 32
-25825 -196
-15366 24
-13380 106
-13223 -193
-13219 -41
-13929 -91
-21971 313
-31486 147
-32595 306
-30146 -117
-17927 -148
-7686 -158
-6696 -53
-6554 -10
-6540 141
-6726 207
-6768 233
-6792 -11
-6636 27
-6652 220
-6805 0
-6857 -110
-10102 93
-21229 144
-30660 144
-32435 18
-32365 -352
-29766 -71
-22980 -40
-15157 -81
-11107 -28
-10198 63
-10149 4
-10327 81
-10245 144
-10029 -19
-10189 150
-10285 -211
-10465 7
-10321 113
-10332 -31
-10068 91
-10197 31
-10362 30
-10227 96
-10282 -146
-10351 -24
-10273 55
-10233 -59
-10280 -66
-10148 -98
-10245 108
-10343 7
-10434 72
-10292 -11
-10372 90
-10063 -20
-10488 72
-12071 10
-18281 -268
-27370 -26
-32236 194
-32679 -11
-31126 -6
-20647 119
-8420 129
-6711 133
-6672 96
-6748 -144
-6652 -90
-6617 78
-6621 -123
-6642 58
-6647 124
-6812 -3
-6601 -52
-6706 -92
-7175 -133
-15494 -73
-30344 -160
-32543 21
-31635 18
-22112 179
-13942 -59
-13409 76
-13344 134
-13462 61
-19142 -238
-30313 -121
-32886 68
-30365 -141
-2530 451
26671 -148
28905 -63
29210 -120
29231 -67
28648 252
5450 -358
-30014 -142
-32584 7
-26538 150
-9459 38
-6595 -75
-6614 28
-6686 15
-6570 -54
-6938 -86
-6790 29
-6605 -111
-6746 143
-6738 90
-6693 136
-6581 159
-6730 72
-6791 83
-6799 140
-6663 12
-6576 28
-6760 -59
-6572 31
-6784 -36
-6757 -65
-6643 175
-6606 -28
-6638 188
-6551 -2
-6572 -45
-6442 3
-6536 65
-6718 -41
-6697 -28
-6586 75
-6800 13
-6649 107
-6969 -8
-6842 -65
-6640 122
-6707 -114
-6630 113
-6530 27
-6753 14
-17473 43
-32190 348
-31723 -14
3730 -155
32219 75
32871 62
32370 54
32572 -103
32490 -119
32597 172
32661 56
32537 -23
32540 -54
32491 -83
32474 -13
32586 17
32492 -35
32480 -127
32620 139
32461 104
32351 46
32506 -338
32633 -97
32360 -70
32161 -89
31650 -292
32241 -97
32492 -247
32774 35
32501 -58
32519 -34
32318 168
32388 218
32613 -88
32502 -45
32547 162
32507 123
32451 72
32593 176
32454 -2
32379 -54
32447 127
32625 -216
32490 -161
32582 112
32441 -10
32485 85
32594 100
32666 -183
32592 321
8527 -320
-18704 190
-10274 -110
-13975 -35
1217 90
2897 173
-6243 186
-6407 -31
-6339 -82
-6515 164
-6911 -77
-6532 -16
-6622 57
-6427 -83
-6547 -42
-6681 -142
-6570 -80
-6866 -104
-6705 75
-6698 -160
-6642 -71
-6777 -106
-6608 -339
-6682 163
-6430 -24
-6419 -160
-6245 -31
-6598 119
-6770 80
-6735 34
-6769 52
-6676 123
-6652 15
-6663 58
-6638 139
-6631 -85
-6479 51
-6451 -327
-6482 196
-6792 140
-6450 140
-6811 -38
-6595 66
-6982 -110
-6752 -153
-6579 188
-6563 157
-8231 293
-22837 461
-32441 -296
-31763 -51
-11310 -909
24423 -483
29171 72
29280 36
28967 -52
28784 109
29344 134
29353 -189
29120 -261
18025 269
-17391 635
-32420 -113
-32554 112
-27211 -64
-15848 70
-13563 211
-13146 144
-13208 -66
-13888 130
-20338 84
-30688 193
-32647 -3
-30223 -72
-17240 -425
-7584 -27
-6752 -30
-6996 119
-6799 -20
-6504 107
-6597 69
-6517 37
-6626 -67
-6655 -129
-6537 122
-7063 57
-12600 -63
-25717 270
-32002 29
-32981 -190
-30491 -104
-23393 -224
-15005 -310
-11122 -188
-10186 74
-10169 104
-10131 83
-10227 -28
-10122 24
-10289 -81
-10317 -144
-10122 -21
-10341 126
-10362 64
-10252 -78
-10261 141
-10179 -90
-10150 73
-10276 10
-10250 170
-10175 75
-10348 17
-10327 -235
-10326 -123
-10417 -238
-10336 23
-10211 55
-10178 116
-10077 162
-10199 77
-10483 -17
-10576 -118
-10236 -34
-10509 162
-10585 33
-13188 -307
-22737 -1
-31136 -107
-32527 -99
-31603 30
-20994 276
-8549 -53
-6580 74
-6748 36
-6589 177
-6782 -2
-6649 169
-6538 32
-6624 236
-6689 162
-6771 -152
-6756 127
-6486 -33
-7831 -154
-19305 -159
-31525 20
-32612 -123
-30438 131
-18909 69
-13288 32
-13290 -156
-13390 78
-13739 43
-21797 84
-31432 -109
-32355 150
-27573 31
7664 581
28082 -154
29056 -394
29279 159
29363 468
21951 -425
-18554 -631
-32450 322
-31092 49
-16150 227
-6755 -268
-6644 226
-6657 38
-6897 -148
-6771 -21
-6725 -21
-6835 -264
-6838 62
-6559 120
-6630 -25
-6557 -95
-6799 -30
-6835 -39
-6872 -143
-6807 -69
-6726 -128
-6643 191
-6600 7
-6641 166
-6738 -43
-6627 195
-6784 61
-6815 -59
-6468 14
-6710 120
-6761 -37
-6680 -80
-6470 -15
-6645 237
-6744 32
-6542 -154
-6773 -212
-6804 21
-7045 -99
-6461 -85
-6632 142
-6769 -106
-6651 0
-6853 147
-18749 126
-32271 336
-31227 -15
4978 -334
32177 43
32536 -161
32372 -48
32511 88
32472 51
32469 169
32607 26
32485 103
32647 92
32388 -104
32583 -186
32433 52
32400 27
32541 -210
32465 -168
32523 -22
32210 161
32300 60
32682 142
31623 -37
31299 -113
31871 -281
32467 -74
32447 -26
32535 95
32518 115
32396 -18
32508 -20
32719 -55
32460 18
32590 -119
32500 -4
32544 -74
32459 2
32612 62
32572 -16
32475 24
32464 -89
32458 72
32557 62
32561 -103
32466 159
32523 -30
32462 -52
32604 -139
32472 92
9696 -118
-28170 115
-13570 435
-1968 -138
3628 10
3214 -30
-5900 -75
-6476 -168
-6597 -115
-6707 -89
-6603 10
-6686 109
-6677 4
-6633 3
-6831 -15
-6755 76
-6719 26
-6731 -52
-6594 51
-6675 -71
-6762 -37
-6774 39
-6662 -62
-6565 69
-6686 115
-6659 -26
-6683 -20
-6670 -25
-6663 -178
-6567 -32
-6401 142
-6834 -151
-6704 -59
-6650 73
-6717 48
-6626 -130
-6725 67
-6821 21
-6695 -114
-6458 76
-6593 -62
-6589 138
-6646 125
-6644 10
-6596 41
-6518 27
-6536 -170
-14137 253
-30701 100
-32883 147
-24654 -217
14557 -435
29093 226
29156 28
29247 7
28994 122
29156 33
29063 -45
29275 7
22552 -22
-12820 611
-31670 -246
-32587 72
-28809 -65
-16797 26
-13338 88
-13203 132
-13237 -14
-13386 3
-18499 221
-29719 107
-32628 143
-31147 -41
-19161 -372
-7781 -25
-6815 19
-6793 -6
-6674 18
-6676 -48
-6622 114
-6721 62
-6642 30
-6556 74
-6524 -99
-7615 -71
-15733 359
-28665 139
-32432 -6
-32412 43
-27669 -64
-17379 -258
-10985 -6
-10202 -3
-10088 33
-10257 -112
-10397 -10
-10210 -6
-10311 141
-10368 -62
-10370 137
-10139 -16
-10295 -13
-10383 25
-10225 59
-10358 34
-10405 174
-10107 85
-10295 -3
-10171 -3
-10328 78
-10322 91
-10184 60
-10322 -5
-10328 15
-10373 -67
-10286 -105
-10271 46
-10063 56
-10122 65
-10202 47
-10462 50
-10274 89
-10163 117
-10326 -47
-10410 -98
-10293 244
-11438 18
-19738 -137
-30651 30
-32790 41
-31270 -12
-19739 4
-8113 -1
-6499 -53
-6680 -54
-6534 132
-6747 27
-6685 -31
-6619 -116
-6666 203
-6701 106
-6754 -40
-6570 -133
-6633 176
-8880 52
-23380 -221
-32327 -49
-32632 -65
-28299 -6
-16380 -146
-13065 -58
-13266 5
-13159 28
-14371 -66
-24262 -93
-32176 76
-32410 -177
-19542 191
19699 216
29106 -130
29270 69
29321 10
28397 167
1919 -478
-30681 48
-32905 40
-25056 70
-8765 33
-6734 -156
-6620 62
-6632 11
-6619 -11
-6615 154
-6645 101
-6550 77
-6727 90
-6635 -136
-6782 -24
-6854 38
-6801 -81
-6512 94
-6675 6
-6614 2
-6626 41
-6632 -95
-6685 -45
-6616 -30
-6636 161
-6654 -6
-6655 73
-6826 -81
-6618 134
-6662 87
-6676 19
-6526 39
-6504 -103
-6509 26
-6744 -24
-6606 34
-6704 -61
-6504 92
-7002 34
-6812 -44
-6484 -65
-6681 -108
-6809 -31
-19168 89
-32312 55
-31554 -191
4880 -280
32274 -100
32540 14
32660 41
32451 -4
32500 -41
32548 -69
32600 -86
32695 8
32537 -97
32497 5
32574 -78
32446 -50
32514 78
32518 -21
32579 60
32431 -17
32503 -4
32427 8
32577 -19
31959 -159
31073 112
31633 -316
32330 -50
32566 -249
32598 -20
32767 -29
32436 -43
32564 -118
32638 -49
32415 -113
32658 18
32361 -21
32628 -11
32614 41
32669 -65
32478 -207
32497 -87
32599 52
32543 142
32340 65
32604 -126
32402 121
32336 -110
32516 -188
32730 -206
32246 367
15070 -583
-14714 -339
-19367 124
-3120 427
10729 -26
9863 295
5645 -90
2300 -158
-3060 37
-6605 -71
-6677 -138
-6468 170
-6555 -116
-6512 66
-6640 -73
-6797 45
-6480 86
-6876 39
-6459 29
-6705 34
-6894 -152
-6674 -182
-6646 -92
-6314 179
-6615 129
-6890 -119
-6692 42
-6662 -59
-6689 42
-6719 201
-6384 -227
-6749 34
-7207 206
-6692 131
-6382 -75
-6631 62
-6578 -42
-6595 228
-6733 -26
-6693 34
-6564 -81
-6763 119
-6379 -125
-6701 -90
-6627 -142
-6663 -260
-8358 -110
-23265 494
-32118 138
-30821 22
-3297 -1154
26791 -484
29167 -164
29014 -153
29145 -97
29315 135
29056 13
29000 -133
26365 179
-3431 936
-30316 108
-32329 41
-29969 -85
-18469 -52
-13532 -16
-13192 126
-13229 71
-13133 45
-16653 264
-28042 361
-32247 -68
-31828 -179
-21717 -500
-8563 -180
-6649 -274
-6857 105
-6731 196
-6272 49
-6518 -13
-6677 -214
-6724 -191
-6782 -139
-7136 -86
-8633 -300
-18155 447
-30051 -21
-32644 -22
-31796 134
-24370 -269
-14234 52
-10625 182
-10174 -28
-10486 0
-10305 -201
-10135 -181
-10244 102
-10158 206
-10103 127
-10300 57
-10348 -87
-10299 -4
-10002 51
-10342 9
-10288 293
-10158 -35
-10286 275
-10339 69
-10161 -34
-10243 162
-10400 180
-10467 59
-10284 -37
-10151 8
-10045 92
-10066 422
-10319 250
-10363 203
-10124 -135
-10360 -119
-10454 70
-10490 -234
-10180 -15
-10045 191
-10158 251
-10407 78
-10432 250
-10216 288
-10870 54
-19914 -368
-30732 -88
-32724 -180
-30925 17
-19696 283
-8225 19
-6850 -58
-6767 128
-6635 -171
-6685 65
-6831 -148
-6521 12
-6766 4
-6671 -191
-6789 -165
-6675 -105
-6573 8
-11383 -222
-27192 -264
-32521 36
-32105 42
-24503 357
-14352 44
-13301 64
-13257 37
-13310 45
-16304 -112
-28147 -211
-32997 34
-30922 -66
-3848 818
26329 -171
29396 -261
29272 -62
29137 271
19834 -702
-21029 -588
-32631 340
-30619 193
-14464 56
-6893 264
-6551 -302
-6691 113
-6503 -107
-6587 -136
-6700 -111
-6529 31
-6726 -56
-6890 -22
-6899 -88
-6687 -113
-6671 -139
-6841 -49
-6577 179
-6361 37
-6428 -116
-6587 159
-6333 106
-6699 86
-6592 -39
-6679 -48
-6770 -69
-6806 -1
-6611 54
-6576 -106
-6808 105
-6587 174
-6617 -157
-6880 81
-6733 -135
-6613 91
-6640 12
-6503 -42
-6461 -18
-6780 86
-6845 -381
-6509 86
-6681 121
-19095 130
-32211 118
-31452 244
5141 -259
31913 185
32607 26
32294 -125
32623 144
32528 -167
32466 19
32547 137
32602 -125
32360 183
32394 141
32424 -42
32501 283
32373 149
32322 -189
32609 -42
32599 -159
32486 200
32670 101
32369 -255
31691 152
31282 145
31360 -339
32003 -27
32451 13
32546 -33
32417 -37
32473 16
32366 1
32544 142
32383 47
32574 35
32475 1
32428 83
32493 -6
32534 -193
32534 -159
32574 -40
32517 -130
32463 -132
32541 52
32568 131
32483 42
32430 88
32620 -96
32335 -125
31625 85
20610 -233
-12585 208
-24241 -137
-17312 -74
8536 52
4731 -29
-985 146
1135 35
-4190 -181
-6626 -49
-6606 -25
-6619 -20
-6701 5
-6871 -64
-6619 155
-6488 146
-6652 -66
-6664 -51
-6541 -7
-6720 -101
-6594 -77
-6580 20
-6648 -70
-6688 -77
-6742 -7
-6517 -38
-6686 99
-6561 196
-6774 -15
-6665 144
-6693 -80
-6644 28
-6685 164
-6923 -150
-6957 79
-6556 -42
-6799 -93
-6724 -18
-6497 -7
-6625 217
-6560 127
-6645 -18
-6676 46
-6774 1
-6691 50
-6730 48
-13449 134
-30221 60
-32507 242
-22887 -362
18462 -210
29123 -36
29340 22
29143 -30
29088 -14
29179 -182
29311 0
29044 -96
11359 461
-26438 80
-32781 72
-31417 122
-20848 -115
-13594 195
-13294 109
-13161 9
-13289 -17
-14627 -93
-25582 198
-32479 -232
-32542 -103
-24663 -131
-9837 -124
-6613 81
-6784 119
-6593 -10
-6676 -90
-6459 74
-6829 -160
-6684 28
-6808 -61
-6574 44
-8985 -80
-21393 326
-31088 -8
-32409 -70
-31123 36
-21429 -197
-12277 -1
-10186 169
-10436 -27
-10572 -133
-10055 37
-10181 -84
-10123 -9
-10258 -101
-10296 -40
-10216 69
-10387 104
-10409 95
-10294 49
-10325 10
-10173 47
-10313 -103
-10197 60
-10165 -23
-10143 -129
-10060 -64
-10283 42
-10214 94
-10377 58
-10344 12
-10321 203
-10236 -79
-10188 70
-10247 28
-10246 60
-10118 0
-10392 -33
-10505 -135
-10042 -2
-10185 -31
-10147 -105
-10254 115
-10147 -82
-10302 15
-10312 156
-10272 94
-11171 44
-20756 -225
-31148 1
-32762 -67
-31126 91
-19682 247
-8042 0
-6741 179
-6874 -17
-6611 -96
-6672 20
-6647 -17
-6674 46
-6833 -19
-6695 2
-6666 21
-6663 -50
-7030 83
-15461 -87
-30619 47
-32808 -71
-31203 -49
-19166 142
-13324 40
-13320 168
-13413 45
-13360 -49
-20110 -20
-31377 -44
-32824 -120
-25177 107
15233 166
29098 -114
29304 -62
29252 15
27816 140
-3224 -553
-31343 249
-32371 42
-22955 96
-7886 -38
-6535 132
-6701 -41
-6747 -52
-6638 40
-6615 -19
-6856 -215
-6851 -57
-6752 -87
-6698 -119
-6651 -73
-6615 112
-6706 4
-6675 48
-6599 75
-6535 -168
-6705 11
-6686 -22
-6666 -238
-6841 74
-6707 -51
-6677 110
-6620 103
-6632 48
-6653 48
-6815 314
-6726 -54
-6807 -44
-6719 -13
-6726 53
-6697 50
-6586 26
-6721 53
-6714 -6
-6650 -179
-6826 -190
-6959 -84
-6559 22
-19034 73
-32267 106
-31183 -16
5487 -239
32014 -61
32518 -9
32496 1
32466 -7
32630 -83
32533 -164
32623 -104
32602 96
32635 -93
32470 -68
32555 -30
32489 -168
32556 92
32488 57
32543 -210
32590 45
32655 132
32367 -154
31260 52
31415 -35
31223 -148
32261 -266
31966 -126
31957 -178
32533 -202
32630 -10
32324 0
32442 26
32431 77
32777 -130
32513 5
32686 18
32502 -125
32468 19
32475 -199
32314 -70
32541 125
32590 264
32599 -386
32587 26
32331 75
32627 121
32483 -49
32283 105
32372 75
31327 27
18832 -345
-26371 137
-32100 256
-19380 -51
386 208
6766 -59
-4393 -154
-6573 123
-6772 56
-6709 145
-6545 -38
-6877 -61
-6666 -41
-6607 184
-6603 345
-6561 -236
-6746 -2
-6619 93
-6979 -183
-6586 152
-6804 -54
-6821 -8
-6663 -127
-6617 -24
-6652 141
-6667 44
-6526 -17
-6484 -69
-6722 -30
-6570 87
-6815 -234
-6649 52
-6513 28
-6715 58
-6727 221
-7143 -255
-6653 -116
-6635 104
-6735 36
-6650 -27
-6634 55
-6867 53
-6520 -167
-6662 104
-6619 40
-7801 -20
-21792 350
-32295 -305
-31331 184
-3931 -914
27259 238
29227 118
29387 -220
29006 202
29162 -58
29008 -2
29300 -348
23771 158
-13512 590
-31841 -308
-32371 185
-25110 -44
-14474 101
-13202 -276
-13123 54
-13141 -65
-13322 -227
-20979 214
-31663 -161
-32934 181
-27964 -274
-12133 -330
-6751 -6
-6544 -21
-6425 118
-6663 -133
-6686 -1
-6617 -85
-6645 -26
-6548 -39
-6715 -140
-8373 56
-21680 242
-31734 71
-32270 120
-29773 -308
-19479 -307
-11036 53
-10226 299
-10154 -2
-10253 220
-10458 81
-10592 -107
-10457 -72
-10171 67
-10208 -26
-10285 -112
-10109 117
-10147 169
-10061 -31
-10372 -203
-10140 94
-10273 -294
-10828 188
-11963 252
-13130 178
-14470 -73
-15588 138
-16311 -17
-16150 35
-16269 -102
-16522 132
-16380 41
-16507 139
-15044 -140
-13065 59
-11295 223
-10596 -112
-10230 -169
-10298 11
-10410 -45
-10347 -127
-10239 -97
-10200 -75
-10099 -38
-10278 -159
-10306 -25
-10278 114
-10136 -11
-11462 11
-20497 -83
-30776 76
-32734 -68
-30839 73
-18953 106
-7529 108
-6406 -124
-6625 -72
-6676 -42
-6677 -62
-6566 -21
-6539 106
-6588 4
-6646 -128
-6633 175
-6675 245
-7796 -136
-21301 -244
-31942 -45
-32708 60
-26710 143
-14511 90
-13488 -272
-13176 24
-13326 17
-14634 -131
-26196 54
-32562 6
-31872 -148
-6913 835
26156 105
29189 -227
29268 103
28910 207
15504 -776
-25334 -178
-32741 -28
-29228 41
-11931 -53
-6783 -38
-6914 317
-6835 76
-6831 -163
-6878 34
-6865 -180
-6755 162
-6723 49
-6628 -9
-6824 -127
-6623 -37
-6530 41
-6728 89
-6691 -89
-6678 -255
-6763 25
-6587 -96
-6647 -57
-6515 89
-6713 110
-6644 -289
-6347 127
-6607 132
-6489 -73
-6682 24
-6657 -90
-6636 83
-6452 67
-6624 120
-6754 -45
-6709 -39
-6564 21
-6681 71
-6546 58
-6682 -138
-7111 29
-7259 20
-19067 -147
-32416 -63
-30936 88
8607 -398
32068 80
32633 158
32645 78
32668 155
32428 87
32371 -91
32643 71
32588 -81
32739 83
32426 81
32378 93
32458 165
32789 95
32203 1
32351 -9
32392 195
32507 -62
31578 4
31481 -170
31267 -34
31896 -34
32327 -329
32329 16
32126 28
31874 -4
32501 13
32520 -2
32534 5
32552 95
32433 -122
32502 11
32453 -35
32540 -48
32585 -23
32457 -120
32425 65
32540 26
32437 9
32373 53
32559 55
32377 24
32264 -22
31333 57
30962 25
32238 54
31320 113
24368 -101
-16150 -262
-27938 -280
-5624 67
-1184 0
-4355 292
-6365 -80
-6600 -54
-6615 -3
-6643 -99
-6588 20
-6592 82
-6574 -29
-6708 -51
-6550 -106
-6649 38
-6661 -26
-6629 -108
-6640 -26
-6743 -14
-6575 21
-6664 55
-6743 -59
-6694 8
-6632 -173
-6654 -127
-6613 -127
-6637 4
-6644 114
-6741 17
-6596 -18
-6578 -38
-6646 -27
-6615 163
-6610 55
-6685 -124
-6957 -6
-6536 17
-6522 12
-6660 70
-6490 -60
-6734 -16
-6583 18
-6745 -95
-6598 -46
-10682 86
-28510 8
-32450 2
-25645 -181
16126 -417
28996 160
29198 -106
29097 85
29174 -15
29202 -39
29127 140
28680 -280
7463 481
-29127 -87
-32753 -82
-29495 -23
-16966 -170
-13240 63
-13379 -39
-13238 -42
-13310 -57
-17312 98
-29459 4
-32631 -47
-30990 41
-17028 -287
-6906 64
-6688 -147
-6696 -107
-6619 -152
-6579 -37
-6652 -90
-6611 17
-6687 159
-6532 -42
-7789 -55
-19942 233
-31394 13
-32502 -59
-29016 -52
-17017 -114
-10490 185
-10251 116
-10162 5
-10289 -75
-10222 -151
-10247 107
-10188 -9
-10460 126
-10272 -128
-10105 28
-10197 103
-10233 -140
-10349 -145
-10594 120
-12130 35
-16007 130
-20584 -26
-24423 7
-27546 85
-29349 29
-30293 84
-31056 49
-31423 -5
-31276 27
-31464 63
-31398 1
-31435 134
-31436 142
-30539 -12
-29116 -22
-25233 145
-18316 48
-12635 73
-10315 -107
-10304 102
-10232 168
-10219 101
-10325 97
-10238 -118
-10129 30
-10223 1
-10201 -51
-10190 -64
-10188 -143
-11396 50
-21086 -229
-31252 27
-32867 23
-30444 -19
-15679 239
-7001 14
-6694 -61
-6600 29
-6770 -37
-6555 27
-6510 -130
-6638 -126
-6731 -15
-6657 -19
-6581 61
-6549 71
-11107 -157
-28191 -44
-32722 -31
-31300 -25
-19443 90
-13307 -18
-13292 -48
-13256 46
-13271 57
-19029 -97
-31203 89
-32786 -83
-26039 167
12199 612
28745 -216
29137 -8
29238 126
25907 64
-11528 -298
-32236 87
-32139 -64
-19502 319
-7061 -111
-6622 65
-6958 42
-6874 15
-6710 0
-6582 -10
-6463 66
-6623 -24
-6615 -44
-6753 1
-6712 -24
-6648 5
-6604 23
-6726 116
-6755 -56
-6676 63
-6654 -16
-6680 -56
-6626 41
-6783 46
-6749 55
-6712 -32
-6631 -40
-6642 -50
-6657 57
-6637 84
-6700 88
-6629 -3
-6729 2
-6670 117
-6645 -58
-6594 58
-6737 7
-6689 -21
-6664 58
-6632 86
-6865 21
-19404 69
-32363 26
-30570 11
9827 -215
32490 6
32453 -6
32589 -34
32541 51
32453 8
32500 95
32567 -24
32506 -39
32526 53
32586 -61
32539 -35
32423 131
32575 125
32611 94
32273 35
31953 -2
32274 -14
32067 -75
31274 66
30940 -102
32010 9
32115 -370
32269 -185
32256 -256
32361 138
32086 156
32174 -140
32415 -79
32469 -26
32539 53
32589 15
32358 116
32311 23
32391 239
32305 -76
32429 70
32559 -134
32442 136
31238 11
31640 -174
31870 271
31328 -96
31480 -106
31195 -219
31809 43
30996 473
23875 -540
-1518 180
-8465 17
-6979 917
-5450 -58
-6854 139
-6507 -11
-6671 -35
-6717 207
-6764 -148
-6769 97
-6590 25
-6661 -94
-6498 45
-6676 44
-6610 39
-6527 170
-6766 8
-6573 -71
-6612 -249
-6636 217
-6808 36
-6775 -32
-6677 -124
-6608 -94
-6548 49
-6688 -93
-6715 -110
-6781 -224
-6805 72
-6515 -73
-6509 299
-6688 95
-6436 66
-6186 -124
-6613 70
-6715 -174
-6946 67
-6878 226
-6581 -17
-6456 -128
-6534 -13
-6598 -252
-6675 68
-6956 175
-16222 278
-31325 220
-31970 162
-11771 -820
25185 -18
29168 406
29136 -122
29000 -197
29103 -156
28911 -80
28950 -249
23801 447
-13869 915
-32021 -256
-31794 26
-22399 -276
-13630 -113
-13269 -92
-13653 -124
-13455 -148
-14548 14
-24685 127
-32124 -60
-31945 66
-22678 -86
-8808 105
-6566 117
-6750 -284
-6764 -135
-6548 14
-6749 -231
-6844 -44
-6698 -21
-6419 107
-7326 319
-17505 426
-30396 -46
-32414 -47
-29221 -5
-16906 10
-10504 109
-10276 -167
-10260 -27
-10065 -12
-10235 -30
-10577 -81
-10400 171
-10365 280
-10193 -25
-10592 -194
-10153 -147
-10115 -232
-11088 -30
-14139 71
-20483 443
-26715 -1
-30548 122
-32276 -111
-32497 -229
-32721 242
-32453 90
-32455 47
-32389 -92
-32563 -240
-32762 -110
-32554 -173
-32185 241
-32350 32
-32479 -58
-32677 -134
-32542 -158
-32387 -24
-31774 -185
-27260 21
-18329 454
-11399 189
-10208 -180
-10326 -74
-9993 -153
-10233 -107
-10409 -33
-10204 131
-10414 133
-10336 -174
-10511 -118
-10310 390
-11951 -171
-21873 -332
-31576 88
-32732 -109
-27749 74
-12019 408
-6746 -357
-6825 27
-6533 83
-6928 -38
-6581 -147
-6889 70
-6986 156
-6437 -103
-6346 -169
-6554 9
-7563 175
-19831 -483
-31624 -194
-32762 32
-25985 385
-14702 -44
-13490 -203
-13448 -203
-13204 51
-14710 39
-25567 146
-32147 -164
-31732 -201
-12405 885
23669 419
29240 36
29049 93
28383 237
7492 -994
-28558 -530
-32879 -144
-27024 483
-9940 12
-6953 153
-7208 -97
-6770 77
-6952 -141
-6488 -72
-6722 -81
-6808 -299
-6626 -361
-6998 -67
-6662 -242
-6596 -118
-6741 204
-6594 45
-7008 110
-6611 179
-6767 116
-6738 -83
-6434 110
-6632 173
-6740 -62
-6629 15
-6641 252
-6415 -284
-6630 102
-6617 -237
-6754 107
-6589 32
-6688 43
-6598 -23
-6783 79
-6660 -178
-6728 3
-6761 48
-6732 -49
-6242 179
-6629 12
-19088 171
-32284 -174
-30150 -34
9644 -634
32284 18
32542 220
32619 -147
32657 47
32624 -188
32619 -24
32537 -6
32586 -91
32613 -393
32497 -364
32171 187
31549 132
32199 -134
32173 -17
30916 -5
31318 -136
31452 -45
31517 65
30521 -60
31125 179
31425 -72
31758 80
32443 8
32387 83
32545 158
32355 -177
31876 47
32477 -94
32409 1
32517 -233
32542 -73
32613 21
32629 -221
32465 10
32571 -89
32639 -133
32368 28
32359 76
31131 -5
31209 -6
31077 -236
30209 -75
31302 73
31300 -97
31985 -80
31017 124
23480 -216
-17369 298
-25325 231
-23879 265
-7932 -207
-6539 -10
-6570 -102
-6364 -132
-6663 191
-6719 -166
-6718 -49
-6645 260
-6541 171
-6627 48
-6682 37
-6854 38
-6413 48
-6515 -25
-6512 -37
-6542 57
-6650 90
-6629 -108
-6757 132
-6759 -204
-6578 92
-6675 2
-6747 54
-6749 108
-6583 157
-6729 16
-6774 -72
-6653 -26
-6804 -7
-6705 11
-6472 -122
-6776 -20
-6600 -90
-6709 -139
-6722 -104
-7020 -91
-6541 84
-6449 11
-6817 96
-6720 39
-7423 116
-22329 16
-32666 -185
-31040 122
3045 -520
28799 307
29281 103
29025 180
29160 55
29162 -96
29028 -68
29021 -75
13913 240
-27492 225
-32740 -96
-29505 63
-16605 -143
-13320 207
-13491 80
-13228 72
-13368 -160
-18569 254
-30792 -66
-32847 17
-28088 -106
-11797 -93
-6626 -30
-6577 115
-6869 9
-6542 74
-6728 120
-6730 179
-6572 -79
-6711 -63
-6847 -345
-13843 316
-29414 -182
-32792 171
-30859 88
-18548 -115
-10477 75
-10240 -11
-10257 -76
-10278 61
-10110 30
-10305 110
-10151 67
-10305 65
-10148 70
-10096 21
-10242 -271
-11141 66
-15225 45
-22701 58
-29413 30
-32059 134
-32582 104
-32420 -142
-31974 -124
-30536 -3
-28526 -152
-26236 174
-24393 -128
-23097 -102
-22798 68
-22652 2
-22474 -90
-22417 183
-22470 -76
-22778 -9
-24351 80
-27773 93
-31201 -37
-32568 111
-32675 -50
-31013 53
-22966 134
-13005 -259
-10266 -50
-10099 29
-10410 -218
-10278 -100
-10271 -5
-10161 -62
-10210 94
-10247 -16
-10165 -84
-10039 67
-12398 -1
-25712 -297
-32477 118
-32132 136
-23182 399
-8208 -96
-6870 24
-6604 74
-6778 184
-6744 -159
-6477 62
-6474 145
-6760 -90
-6685 -196
-6555 -24
-6800 69
-11173 -82
-28762 37
-32826 -171
-30889 164
-18561 260
-13316 84
-13084 -95
-13247 99
-13378 8
-17514 79
-30068 81
-32645 57
-28037 120
11360 348
28889 -49
29128 -146
29240 211
22634 -232
-18363 -264
-32848 232
-31320 174
-15465 107
-6704 -159
-6518 23
-6633 -109
-6693 146
-6778 -1
-6591 -58
-6568 3
-6616 -17
-6748 236
-6625 95
-6662 62
-6740 85
-6460 -99
-6791 107
-6630 -72
-6546 -50
-6743 84
-6535 79
-6631 -20
-6743 116
-6739 -111
-6667 31
-6789 -11
-6660 -71
-6677 -72
-6704 -66
-6502 -116
-6657 17
-6725 21
-6687 146
-6787 -53
-6733 -42
-6801 -45
-6718 146
-6481 28
-6612 26
-19284 -24
-32500 -87
-30539 36
9414 -71
32286 40
32594 -10
32407 -186
32515 -86
32426 18
32424 -10
32589 -60
32556 -73
32637 -23
32325 13
31539 78
31200 -47
30972 2
30713 -32
30943 -39
31083 -67
31971 -15
31077 12
31019 63
30577 31
31602 -40
32034 -179
32516 -195
32428 38
32648 85
32290 74
32465 45
31946 53
32417 -3
32260 -155
32551 16
32565 11
32565 -143
32726 69
32458 -107
32140 38
32593 -133
32439 253
30545 30
32121 148
31297 90
31590 -121
31539 114
30989 -81
31730 -46
31366 229
24340 -145
-20471 27
-32648 -106
-26478 346
-8782 -2
-6557 -6
-6458 -115
-6782 65
-6773 -214
-7007 -6
-6676 -58
-6677 -44
-6827 23
-6662 14
-6570 149
-6589 19
-6797 -66
-6710 -116
-6720 -24
-6529 -35
-6803 -33
-6544 -78
-6749 -186
-6571 -171
-6550 -99
-6922 17
-6673 0
-6766 44
-6558 175
-6626 139
-6748 -147
-6499 165
-6632 124
-6470 -183
-6690 -280
-6496 10
-6746 -94
-6753 136
-6511 -162
-6990 42
-6824 19
-6672 -82
-6697 -76
-6486 -45
-10293 223
-28012 75
-32790 100
-25661 -374
16121 -598
28826 167
29177 126
29040 100
29351 -37
28927 -9
29160 -27
27875 -182
-1854 1203
-31218 -280
-32501 106
-24632 -269
-14123 -76
-13100 116
-13309 30
-13507 152
-14377 20
-24991 262
-32516 -201
-31826 -175
-18762 -587
-7431 -3
-6602 42
-6720 -69
-6754 -35
-6643 83
-6943 -29
-6631 183
-6723 -79
-6723 -23
-10691 139
-26500 209
-32495 232
-31652 -70
-21827 -128
-11193 168
-10113 194
-9958 -7
-10500 -10
-10164 -23
-10176 -37
-10407 -3
-10295 18
-10296 -64
-10281 -79
-10222 -139
-12785 141
-21496 192
-29818 -85
-32307 295
-32383 276
-31810 -156
-29529 -136
-24406 66
-19334 -14
-16491 12
-14955 -135
-13885 -223
-13668 -279
-13128 9
-13407 -84
-13176 265
-13642 149
-13363 -33
-13625 -12
-13417 -24
-13352 98
-14725 131
-18512 -98
-25429 -253
-31230 -155
-32424 63
-31964 104
-26377 131
-14964 -234
-10484 -63
-10337 20
-10212 109
-10223 31
-10236 66
-10179 250
-10175 172
-10266 -204
-10331 32
-10129 -26
-15752 -141
-29651 134
-32876 -53
-30688 125
-15533 457
-6742 4
-6815 -151
-6641 113
-6674 -198
-6828 205
-6604 141
-6687 -29
-6759 -142
-6583 -122
-6514 135
-7376 33
-20700 -429
-32038 298
-32375 -125
-25141 102
-14516 100
-13412 -201
-13320 67
-13314 126
-14012 100
-24594 -387
-32585 44
-31575 -335
-8076 1039
26426 -36
29073 140
29180 393
27911 75
-1835 -895
-31620 349
-32566 58
-22598 277
-7772 -130
-6638 89
-6531 -92
-6675 -21
-6673 -13
-6395 57
-6807 -142
-6685 106
-6527 106
-6490 40
-6678 29
-6589 -43
-6399 -41
-6771 164
-6600 -92
-6722 -193
-6664 -83
-6563 19
-6657 112
-6447 216
-6710 41
-6664 19
-6660 125
-6665 117
-6722 -58
-6537 -67
-6527 52
-6689 -90
-6526 195
-6781 51
-6758 -149
-6465 11
-6519 289
-6589 -22
-6501 -350
-6873 70
-19431 -63
-32606 114
-30676 -47
9481 -597
31692 15
32294 77
32193 -127
32359 126
32514 -44
32460 59
32473 -78
32539 93
32291 172
32341 -204
31727 85
31088 -25
32159 184
31090 101
30811 49
30935 11
31666 -159
31577 -54
31529 -5
31511 -295
32072 -259
32176 -451
32399 13
32279 121
32620 59
32402 -41
32649 -41
32271 -26
32001 118
32189 -36
32385 -149
32544 109
32601 99
32650 93
32398 48
32508 113
31806 -44
31325 -85
30304 -53
31032 168
31346 -93
31147 -99
31661 -69
32030 109
31914 58
31495 6
25151 -139
-19840 116
-32753 -6
-27036 -13
-8757 75
-6532 38
-6603 -64
-6737 26
-6618 -118
-6578 79
-6689 -5
-6554 22
-6677 18
-6627 -21
-6658 -72
-6620 115
-6665 16
-6777 13
-6532 -69
-6624 35
-6776 -137
-6537 103
-6638 -63
-6667 23
-6625 83
-6644 -77
-6810 -48
-6604 188
-6526 126
-6747 55
-6662 7
-6649 -15
-6577 -20
-6690 -38
-6650 -12
-6664 -107
-6592 169
-6644 14
-6672 -92
-6635 -66
-7001 -91
-6929 137
-6698 64
-6656 -132
-15199 141
-31318 112
-32447 114
-15244 -483
24962 -152
29288 122
29176 -61
28933 61
28685 7
29076 -74
29000 -230
21780 339
-20056 368
-32705 -295
-31334 160
-19602 -180
-13164 100
-13391 7
-13230 206
-13254 170
-17168 220
-30346 241
-32694 104
-27803 -215
-10461 -43
-6630 -8
-6696 78
-6753 14
-6687 -25
-6697 -148
-6766 38
-6685 8
-6796 62
-7989 -60
-21444 292
-32042 -65
-32432 179
-25157 -257
-12145 5
-10095 6
-10180 124
-10240 -103
-10306 -46
-10149 -25
-10259 36
-10230 3
-10245 -49
-10157 -61
-10517 -97
-14543 102
-26057 101
-32003 -112
-32753 44
-32050 -149
-28173 -100
-21708 -63
-16096 -169
-13728 -18
-13214 13
-13370 197
-13266 -2
-13231 -1
-13359 65
-13347 72
-13301 -140
-13387 75
-13561 129
-13331 23
-13345 -33
-13429 68
-13304 -217
-13225 14
-13437 61
-14548 -55
-20211 -163
-29488 -82
-32613 58
-32422 38
-27827 136
-15252 246
-10248 -168
-10283 79
-10266 -63
-10032 -47
-10214 -128
-10247 74
-10195 107
-10233 83
-10114 -46
-10697 195
-21271 -319
-32073 125
-32420 -116
-25621 95
-9021 142
-6546 19
-6650 70
-6713 14
-6508 28
-6655 113
-6602 82
-6737 83
-6643 200
-6690 107
-6672 -34
-11954 -106
-29491 65
-32748 46
-30865 107
-18352 108
-13434 15
-13375 -43
-13382 -205
-13318 79
-18354 -20
-30851 27
-32695 -35
-25156 130
15856 318
29138 -185
29457 165
29057 210
14302 -335
-26651 95
-32715 181
-28766 73
-10671 94
-6595 76
-6709 -28
-6677 -26
-6646 25
-6670 67
-6598 55
-6673 76
-6712 78
-6680 -67
-6586 84
-6610 23
-6645 39
-6588 118
-6638 -160
-6684 -233
-6754 -29
-6759 101
-6757 14
-6671 155
-6715 -32
-6758 95
-6694 -42
-6648 -65
-6635 12
-6626 11
-6778 187
-6638 -56
-6709 -15
-6739 81
-6586 -53
-6807 -21
-6804 9
-6565 37
-6627 26
-6703 6
-19324 99
-32421 85
-30662 -29
9805 -148
32501 -38
32088 -20
31897 -114
32439 12
32488 -3
32553 178
32548 130
32553 -46
31886 -101
31275 132
30900 -10
30368 -5
31387 -58
31127 98
31738 10
31786 48
32074 -59
31103 -44
31280 51
31699 -164
32510 -89
31851 -144
32344 -197
32514 69
32637 163
32585 90
32580 37
32442 -197
32548 -144
31781 3
32350 70
32528 172
32552 -159
32198 -123
32453 -349
32234 99
31306 -155
31188 -182
31057 -24
31573 100
30689 -97
31501 -125
31637 -292
31051 -136
32208 110
32537 178
26810 -327
-17116 -81
-32534 32
-26973 28
-8948 -34
-6543 136
-6470 -189
-6728 -87
-6478 -105
-6418 -66
-6577 151
-6875 152
-6851 158
-6499 -226
-6769 89
-6650 54
-6361 -70
-6662 341
-6688 66
-6687 53
-6537 -111
-6570 -64
-6618 296
-6589 -146
-6589 100
-6845 76
-6487 177
-6424 -269
-6655 5
-6816 32
-6601 -114
-6596 -73
-6489 224
-6597 -16
-6669 5
-6650 68
-6753 212
-6740 -128
-6576 -344
-6804 -73
-6552 -246
-6830 -82
-6879 -53
-7436 96
-21795 215
-32361 75
-31243 266
-158 -1130
28026 -26
29018 251
28798 -145
27942 -215
27300 -81
27961 33
28374 -24
7791 1236
-29173 305
-32863 -307
-27700 -95
-15035 -441
-13431 310
-13396 -135
-12986 66
-13627 -71
-22573 600
-32173 -133
-32421 155
-20521 -350
-7702 -99
-6450 -109
-6637 2
-6704 -30
-6849 26
-6847 -272
-6644 5
-6593 33
-6935 -28
-14811 137
-29987 405
-32535 -149
-28768 -117
-15008 -337
-10229 172
-10086 -57
-10093 -106
-10181 20
-10440 134
-10223 -69
-9983 -46
-10225 135
-10277 27
-10652 -140
-16851 389
-28104 197
-32537 -49
-32355 283
-29669 13
-22135 -148
-15647 -23
-13828 -233
-13648 37
-13210 299
-13515 -56
-13202 195
-13730 -87
-13285 -164
-13193 -236
-13068 -175
-13358 -337
-13304 142
-13394 81
-13490 148
-13034 111
-13315 164
-13377 -186
-13513 -38
-13266 -343
-13305 -23
-13595 -83
-17799 -348
-27970 -165
-32610 192
-32256 -13
-26789 375
-14165 118
-10189 -67
-10380 -1
-10082 -358
-10191 284
-10093 8
-10124 -71
-10383 -86
-10058 -59
-10291 -56
-13630 -22
-27987 -187
-32754 45
-31152 242
-17247 495
-7258 -109
-6467 -24
-6577 272
-6488 -64
-6822 53
-6785 102
-6621 -38
-6773 -27
-6611 82
-6690 238
-7864 -37
-21472 -333
-31942 -99
-32354 18
-25646 110
-14256 52
-13030 -100
-13768 311
-13190 162
-14684 19
-26351 -265
-32449 92
-31333 34
-3052 995
27368 -259
29363 -179
29050 151
23821 -339
-14744 -809
-32367 214
-31369 270
-17154 580
-6853 -309
-6657 -90
-6637 47
-6521 266
-6717 24
-6691 217
-6749 -10
-6407 286
-6683 -89
-6729 -312
-6790 -64
-6674 -177
-6657 -83
-6666 71
-6728 -222
-6818 -86
-6332 -152
-6491 113
-6622 212
-6749 3
-6580 215
-6830 14
-6634 143
-6560 55
-6866 84
-6394 49
-6595 92
-6589 -257
-6648 492
-6869 60
-6618 75
-6699 73
-6711 -23
-6684 34
-6767 -159
-19129 349
-32368 -183
-30516 154
9706 -322
32331 27
32432 15
31983 302
32112 80
32436 436
32586 25
32609 -290
31946 124
30935 301
31369 105
31044 -59
31127 -92
31318 -180
31325 -80
31267 -67
31194 -75
31925 110
32203 40
31853 -111
32349 -168
32506 42
31976 -185
32293 223
32555 60
32539 -77
32488 78
32664 153
32493 -112
32616 -151
32520 125
31986 35
32357 80
32365 -14
32471 -130
31610 -50
30770 -13
31272 -21
30911 124
31120 -213
31345 2
31122 11
31306 67
31549 -23
31506 -160
32564 -87
32616 160
27588 -228
-17006 83
-32852 45
-27793 127
-9747 -21
-6770 -74
-6771 134
-6836 -18
-6616 -171
-6597 76
-6621 174
-6654 -22
-6770 58
-6722 2
-6525 15
-6789 21
-6672 69
-6621 46
-6574 -1
-6726 15
-6722 30
-6662 -88
-6668 86
-6696 -34
-6676 -50
-6592 22
-6730 -39
-6619 97
-6690 -66
-6621 35
-6596 -102
-6633 100
-6679 -102
-6641 -160
-6675 -50
-6650 -6
-6703 11
-6692 -33
-6700 -121
-6714 156
-6651 77
-6667 -27
-6696 11
-9283 -84
-27242 34
-32846 -41
-27278 -4
14202 -433
28850 156
28009 -136
27495 93
27240 -171
27000 25
27509 -121
26436 93
-9284 542
-32390 -270
-32178 71
-22199 -123
-13355 -42
-13352 -160
-13322 -71
-13119 97
-14493 73
-27479 -13
-32497 -1
-30559 -30
-13325 -72
-6712 57
-6637 -9
-6704 -9
-6589 69
-6808 21
-6939 11
-6635 -168
-6559 84
-9019 148
-25086 57
-32486 13
-31226 40
-19160 -219
-10496 -3
-10101 -103
-10249 -58
-10111 186
-10259 117
-10239 -36
-10210 -148
-10011 108
-10150 -18
-10184 -95
-15244 102
-28556 186
-32495 -80
-32360 166
-27599 -12
-17684 -62
-13661 -231
-13208 198
-13276 138
-14061 -131
-15117 -197
-15461 79
-15252 67
-15355 -38
-15134 91
-14798 87
-14102 -121
-13358 15
-13351 37
-13245 39
-13100 232
-13150 -198
-13236 -93
-13177 -104
-13147 132
-13360 -47
-13296 -95
-13399 -14
-13384 182
-16985 33
-27811 -73
-32350 96
-32351 38
-25091 268
-12159 77
-10310 4
-10256 -207
-10086 61
-10183 178
-10179 -47
-10318 -45
-10025 -7
-10209 -33
-10428 56
-19222 -133
-31544 -20
-32691 16
-27059 207
-10024 105
-6548 -97
-6720 190
-6709 22
-6584 -95
-6581 115
-6488 26
-6685 1
-6687 -36
-6556 28
-6591 132
-12201 -130
-29244 25
-32751 71
-30815 -132
-18214 64
-13373 -124
-13245 5
-13785 -5
-14429 -79
-20542 18
-31726 -6
-32692 -114
-19303 172
20532 55
27592 -145
28778 -170
28396 80
1451 -443
-31025 113
-32483 99
-23913 239
-7832 -86
-6839 -45
-6600 182
-6617 -86
-6741 120
-6552 62
-6781 -89
-6638 -11
-6781 -52
-6635 -213
-6660 89
-6651 -144
-6840 -65
-6701 131
-6883 131
-6545 -96
-6547 -169
-6597 71
-6564 -83
-6699 28
-6507 123
-6731 112
-6596 -119
-6713 -158
-6642 182
-6563 128
-6834 75
-6550 162
-6707 -64
-6613 -8
-6510 11
-6511 -53
-6638 37
-6588 64
-6659 -15
-19085 81
-32439 -67
-30464 41
9849 -4
32147 -114
32679 78
32433 35
32449 -74
32589 27
32583 128
31441 24
31216 -215
30187 21
31378 -78
31415 -2
31534 81
31131 -96
30749 29
31401 17
31249 73
31625 8
32696 82
32562 7
32654 -82
32489 -74
31992 -410
32506 63
32474 198
32355 12
32624 100
32538 -215
32344 90
32375 9
32709 123
32342 239
32643 -56
32646 192
31677 226
30873 -24
31044 178
31036 103
31322 -11
31287 8
30809 -227
31655 -51
31697 -8
32470 -73
32275 -121
32767 60
32432 24
27418 -353
-17070 -67
-32716 -28
-28247 134
-10121 112
-6617 24
-6596 -22
-6774 -15
-6667 -189
-6641 -21
-6692 116
-6464 203
-6556 231
-6873 343
-6589 -331
-6518 23
-6538 121
-6711 67
-6584 -114
-6473 34
-6861 42
-6546 6
-6829 123
-6643 -13
-6764 -202
-6294 231
-6657 83
-6615 56
-6634 75
-6695 143
-6587 -146
-6779 -105
-6549 -275
-6472 119
-6794 -125
-6967 -70
-6704 94
-6462 33
-6800 -114
-6724 32
-6794 111
-6694 347
-6714 -39
-12641 379
-30503 232
-33091 251
-18853 -229
22721 -127
27518 130
26896 51
27532 -48
27475 46
27771 -245
28510 -623
19816 431
-22197 550
-32992 -140
-30634 38
-17411 -213
-13361 36
-13400 15
-13311 -179
-13231 -198
-17168 212
-30409 70
-32757 47
-26479 -281
-8776 60
-6531 130
-6642 -66
-6548 114
-6536 206
-6556 14
-6796 72
-6685 -107
-6812 -81
-15746 499
-31234 174
-32673 88
-25265 -286
-11848 -267
-10336 -5
-10474 -4
-10356 -180
-10398 -141
-10207 211
-10397 93
-10107 292
-10132 -292
-10045 -207
-13198 304
-26346 294
-32748 41
-32190 69
-25445 -101
-15893 -42
-13534 43
-13264 2
-13268 275
-13145 -32
-14146 -37
-15902 -126
-13076 -52
-5608 -246
-9399 82
-15992 -148
-16026 -134
-14922 142
-13357 -16
-13195 -79
-13260 -4
-13301 143
-13221 -183
-13423 -308
-13534 -92
-13393 -36
-13411 4
-13501 47
-13227 -76
-13284 -45
-13209 150
-17297 -232
-28518 -338
-32669 64
-31625 166
-20395 244
-10697 -6
-10313 -41
-10244 -21
-10107 -132
-10207 -174
-10240 -211
-10291 -44
-10358 -130
-10070 120
-12560 -135
-26571 47
-32396 -5
-31576 -72
-17894 538
-7070 -242
-6478 20
-6802 80
-6742 113
-6641 73
-6735 -200
-6630 -123
-6691 -151
-6747 161
-6848 432
-7666 98
-21219 -323
-32278 16
-32600 -44
-25387 207
-14204 -7
-13156 2
-14032 18
-16110 375
-17203 8
-25865 -705
-30386 -104
-28247 108
6684 586
24181 -352
29264 -312
29047 215
15654 -507
-25248 -236
-32692 33
-29036 193
-11085 11
-6736 -184
-6597 -6
-6568 -66
-6572 185
-6706 -88
-6758 157
-6680 30
-6459 39
-6766 86
-6634 -13
-6578 -86
-6522 -77
-6482 205
-6657 221
-6575 144
-6753 -107
-6789 -237
-6457 -3
-6546 -54
-6816 -123
-6637 5
-6693 99
-6601 55
-6539 120
-6600 88
-6634 36
-6826 32
-6433 182
-6784 140
-6630 41
-6632 -106
-6643 -16
-6516 18
-6586 -113
-19062 267
-32593 -6
-30417 -201
9815 -208
32311 5
32530 -89
32652 72
32488 6
32443 185
32005 170
31317 -34
31367 -48
31439 137
31484 -19
31181 -1
30706 182
31225 220
31244 -10
31984 -145
32072 -188
32609 84
32468 60
32485 155
32502 81
32627 -55
32129 -198
32398 -89
32595 83
32464 -32
32435 -7
32456 -32
32501 120
32536 74
32562 5
32527 52
32208 -75
32027 35
31586 -43
31135 114
31312 -56
31954 -58
32064 -30
31063 -123
31453 -1
31255 -22
32240 91
32525 -2
32487 63
32558 -72
32580 83
27835 -8
-17176 50
-32742 -45
-28315 -34
-9827 -36
-6696 -9
-6663 -116
-6745 -9
-6646 32
-6600 -85
-6607 -1
-6673 47
-6490 -30
-6677 103
-6669 66
-6586 87
-6517 -36
-6652 -69
-6677 28
-6580 15
-6710 16
-6707 -124
-6712 -16
-6780 82
-6545 -46
-6726 -12
-6635 -1
-6682 11
-6616 -31
-6625 139
-6755 -37
-6711 37
-6529 -46
-6645 -27
-6657 14
-6657 -105
-6719 -17
-6792 -65
-6706 91
-6612 -26
-6731 -38
-6573 14
-6708 48
-17527 -27
-32142 -135
-32518 206
-8207 -472
26135 118
27113 74
27330 -135
27626 59
27922 -16
28651 3
28965 -143
7582 499
-29783 15
-32845 101
-27256 -119
-14667 -45
-13389 59
-13299 137
-13241 92
-13159 -82
-21077 216
-32135 -28
-32352 -44
-20637 -273
-7030 -43
-6611 -2
-6592 -137
-6590 -100
-6371 -14
-6659 145
-6656 107
-6513 29
-8083 -2
-24449 202
-32510 -201
-30873 -47
-16461 -322
-10302 7
-10167 58
-10309 22
-10235 -111
-10227 32
-10255 18
-10169 33
-10257 92
-10261 50
-10634 -103
-21327 348
-31862 42
-32453 106
-26190 -165
-15466 -5
-13265 202
-13360 -144
-13234 -41
-13197 -146
-13246 15
-14045 -35
-15763 -35
-4753 -183
1715 96
-8894 191
-15823 29
-16260 110
-15035 33
-13315 -102
-13257 -118
-13247 1
-13376 100
-13297 -72
-13287 50
-13473 -49
-13302 63
-13358 -37
-13245 69
-13376 -97
-13253 -110
-13300 34
-13547 155
-19762 -200
-31020 -36
-32822 68
-29718 8
-16056 5
-10232 109
-10261 22
-10224 -83
-10232 -60
-10333 118
-10196 -20
-10214 -62
-10283 55
-10358 152
-18211 -263
-31368 56
-32674 -218
-26646 201
-9466 5
-6591 -119
-6736 78
-6628 76
-6584 29
-6709 -33
-6678 -94
-6702 118
-6643 -62
-6578 16
-6554 25
-12167 -33
-29348 82
-32774 -41
-30500 68
-17333 166
-13231 -93
-14121 -24
-15955 37
-8467 -252
-3207 -114
-18719 27
-31470 -7
-4266 296
23295 -102
29301 -93
29225 47
24970 -24
-15227 -424
-32711 86
-31840 27
-15963 187
-6665 -73
-6627 -21
-6712 -211
-6577 90
-6596 -90
-6695 24
-6764 20
-6626 66
-6595 75
-6579 -9
-6716 -56
-6828 74
-6629 -156
-6741 -29
-6696 -80
-6688 24
-6723 -126
-6558 2
-6672 -72
-6683 -25
-6760 63
-6706 -112
-6729 -43
-6567 -13
-6633 21
-6704 -66
-6715 29
-6585 16
-6651 57
-6692 29
-6659 5
-6485 201
-6613 -160
-6810 -27
-19101 -4
-32368 -129
-30530 -68
9838 -61
32465 65
32476 154
32528 -110
31741 135
31330 0
31262 -55
30800 21
31339 -21
31233 -19
32112 37
31605 23
31175 132
31571 67
31273 30
32468 80
32582 -34
32472 -90
32457 33
32470 -22
32504 74
32521 -95
32300 -144
32546 -177
32687 117
32419 -54
32502 -42
32597 -102
32228 -72
32555 142
32509 16
31944 -62
31255 -54
31360 12
31234 214
30197 137
31282 17
31205 -103
32064 -149
30965 89
31380 166
31845 63
32406 98
32634 -237
32460 261
32729 -129
32788 87
27244 -274
-16774 123
-32621 90
-28421 -250
-9717 -146
-6477 151
-6642 -40
-6397 209
-6572 20
-6509 -101
-6369 52
-6798 72
-6735 -309
-6467 77
-6642 40
-6824 -65
-6418 -131
-6406 -48
-6495 81
-6567 24
-6563 1
-6841 -70
-6699 -13
-6677 -24
-6804 -332
-6498 7
-6830 98
-6670 -110
-6636 89
-6597 126
-6759 -26
-6491 38
-6819 -159
-6922 -60
-6366 -173
-6340 -35
-6546 164
-6611 34
-6390 -289
-6442 -97
-6535 -38
-6654 61
-7459 -106
-21917 711
-32013 191
-26885 -5
6209 -1159
26004 109
27204 -95
27347 -348
27788 -210
28629 248
29439 -189
26582 -58
-8392 1147
-31913 -75
-32270 -118
-22607 -495
-13728 -15
-13427 97
-13078 164
-13034 -23
-13754 146
-25725 289
-32788 256
-31139 -367
-15284 -460
-6739 372
-6564 -307
-6783 -31
-6675 -81
-6726 -262
-6816 54
-6713 198
-6564 -237
-12375 438
-29712 221
-32642 171
-25374 -182
-11707 -156
-10258 160
-10347 -179
-10545 36
-10392 29
-10069 -59
-10074 26
-10237 -124
-10053 26
-9992 -158
-14043 420
-28774 357
-32628 -8
-29011 -171
-17088 -427
-13235 110
-13125 38
-13357 -247
-13212 -81
-13177 -31
-13258 -33
-13938 -115
-16049 -289
-8873 -19
-9005 414
-14318 -174
-7405 -297
-14655 147
-14925 -90
-13495 3
-13459 -27
-13043 7
-13187 89
-13543 -277
-13401 4
-13465 178
-13106 21
-13427 109
-13222 210
-13148 94
-13406 -73
-13288 261
-13318 -360
-14394 -67
-23984 -160
-31782 -63
-32434 -47
-25867 579
-12437 136
-10077 34
-10373 -251
-10232 -155
-10297 -128
-10297 -133
-10055 -77
-10088 191
-10218 122
-12227 -112
-26527 -234
-32519 -156
-31250 157
-15854 386
-6904 -143
-6608 121
-6787 236
-6547 242
-6686 16
-6627 96
-6539 187
-6568 -91
-6815 -132
-6573 140
-7477 -379
-21955 -353
-32360 48
-32331 319
-23609 576
-13983 -108
-14158 -135
-15540 -146
-5167 -187
-10374 260
-29259 470
-27745 -746
-14198 1308
20678 172
28770 -413
29398 -195
27863 152
-1772 -1314
-31136 322
-32640 355
-21429 276
-7689 4
-6581 87
-6490 61
-6476 -13
-6715 -76
-6684 44
-6471 -20
-6606 124
-6653 -103
-6626 208
-7129 -94
-6651 -109
-6721 -50
-6708 106
-6535 191
-6815 -121
-6860 341
-6546 -30
-6560 -33
-6785 -9
-6510 81
-6594 346
-6557 83
-6471 68
-6617 -259
-6406 -28
-6592 -16
-6743 -6
-6640 156
-6850 112
-6590 -57
-6724 -46
-6627 -19
-6659 -95
-19025 233
-32422 -95
-30293 -301
9346 -159
31746 216
32708 -79
31929 -281
31320 -15
31265 -142
30946 -252
31461 41
30329 -282
31239 -55
31427 0
31402 -308
31449 48
31665 42
32229 -59
32491 244
32542 -145
32398 -146
32522 23
32316 246
32563 -10
32304 -221
32078 -273
32547 -26
32446 55
32402 59
32445 6
32312 -48
31003 -119
31694 116
32015 112
31135 164
31595 -143
30898 -37
31151 98
30971 52
30723 -112
31458 -16
31345 93
32075 -98
32482 -181
32626 -135
32556 -25
32636 73
32590 10
32479 -47
32598 138
27684 -90
-17005 -8
-32770 -22
-28269 -47
-9995 15
-6733 36
-6613 101
-6662 -20
-6716 -6
-6612 -101
-6789 68
-6647 -81
-6737 34
-6603 -20
-6649 49
-6760 40
-6525 -137
-6765 -155
-6722 -100
-6595 -1
-6731 68
-6812 -98
-6578 -33
-6652 6
-6573 -27
-6567 -55
-6586 -22
-6582 15
-6661 -67
-6460 25
-6662 -138
-6609 -34
-6634 136
-6786 -87
-6540 -34
-6705 -297
-6593 -89
-6718 14
-6629 19
-6523 136
-6727 -57
-6703 27
-9029 224
-25483 -207
-22987 -179
-3229 -141
18742 -68
26796 189
27167 -95
27443 52
28963 -112
29106 -201
29245 -171
22010 202
-21088 312
-32641 -114
-30981 190
-17935 -164
-13418 -94
-13224 -14
-13458 54
-13270 -67
-15195 -9
-28834 260
-32684 -119
-28785 -154
-10373 43
-6465 46
-6646 -26
-6612 -37
-6709 -4
-6585 25
-6639 158
-6633 64
-6772 -209
-17802 140
-32021 125
-31884 -154
-18787 -12
-10467 39
-10216 195
-10316 120
-10388 250
-10229 -28
-10145 74
-10313 -64
-10090 46
-10177 -76
-10541 -223
-20074 250
-32024 73
-31741 -10
-21395 -200
-13456 7
-13256 -71
-13386 -120
-13379 -11
-13422 30
-13192 135
-13151 -25
-13874 -32
-15668 65
-15966 -21
-14166 64
-5938 -257
3064 52
-13034 133
-15124 -152
-13544 101
-13284 165
-13167 -134
-13283 -33
-13259 -37
-13300 106
-13283 121
-13331 100
-13358 -153
-13343 -156
-13462 25
-13210 129
-13350 -145
-13304 40
-13243 -62
-16459 -189
-28812 -106
-32581 -155
-31289 -81
-17979 259
-10330 -36
-10304 -165
-10250 -231
-10270 -13
-10259 -50
-10400 71
-10178 -118
-10127 14
-10162 -227
-19301 -234
-32048 30
-32487 -50
-23218 281
-7740 -51
-6477 42
-6654 155
-6466 -67
-6552 59
-6585 -25
-6619 -33
-6766 81
-6729 -13
-6648 -109
-6663 -117
-14114 -224
-30843 230
-32664 9
-29267 259
-16060 104
-13630 34
-15821 -158
-13981 152
-17384 -62
-25096 -385
-9566 -323
-20387 343
15213 98
28785 -181
29302 -18
29186 186
10693 -411
-29046 156
-32777 195
-26661 102
-9153 78
-6517 -122
-6606 93
-6861 -17
-6879 75
-6546 107
-6793 28
-6476 87
-6650 137
-6514 56
-6634 -13
-6709 -84
-6456 78
-6704 160
-6634 -31
-6670 99
-6788 142
-6652 -64
-6669 -234
-6544 26
-6703 -45
-6670 30
-6639 -56
-6607 -7
-6538 -45
-6699 6
-6566 14
-6778 11
-6700 135
-6679 -146
-6686 48
-6675 110
-6672 39
-6560 18
-19322 -72
-32434 -146
-30725 -170
8480 51
30785 41
31166 61
30575 24
31176 -104
31052 -310
31120 22
30795 -56
30371 -125
31035 13
31101 70
31525 -121
32329 113
32532 14
32441 5
32480 9
32455 -76
32521 182
32528 -155
32530 20
32720 -24
32627 24
32044 -217
32458 -199
32439 21
32046 -29
31676 44
31908 -181
31126 66
31139 -90
31147 -97
30577 4
31453 132
30867 4
31129 -8
30474 60
30522 105
31103 59
31888 151
32494 -146
32455 126
32707 -167
32556 33
32559 -16
32448 -118
32661 -157
32519 62
27630 -46
-17111 101
-32501 99
-28424 41
-9718 245
-6506 190
-6466 -153
-6672 88
-6762 -132
-6526 6
-6721 232
-6619 6
-6688 -63
-6414 87
-6638 -135
-6492 146
-6799 69
-6803 -171
-6489 -88
-6641 168
-6854 15
-6746 4
-6648 -44
-6706 39
-6938 -58
-6564 -189
-6666 -103
-6576 -77
-6709 -86
-6556 -143
-6670 161
-6455 -5
-6577 -78
-6670 260
-7003 -61
-6670 -47
-6540 -48
-6578 62
-6961 -96
-6652 75
-6696 -92
-6407 147
-5595 5
-9750 -160
-6208 -124
6509 287
24872 -252
27587 279
28722 102
28887 136
29132 241
29013 79
29120 -584
12685 675
-27923 -85
-32861 191
-28064 -99
-15065 104
-13553 153
-13404 324
-13140 -205
-13140 -200
-17521 -149
-30944 149
-32741 7
-24736 -164
-8301 38
-6542 46
-6510 2
-6697 115
-6803 68
-6479 -224
-6468 -23
-6556 -67
-7330 -366
-22501 239
-32731 68
-29560 -171
-13947 -110
-10164 15
-9959 46
-10081 -141
-10198 131
-10251 61
-10140 -30
-10211 -31
-10327 -85
-10206 -169
-11622 36
-26062 103
-32847 -106
-28537 -135
-15877 -290
-13438 259
-13464 -182
-13459 205
-13342 -37
-13079 -94
-13471 171
-13191 45
-13684 327
-16041 76
-16179 -55
-13475 82
-3678 36
-6857 318
-15408 255
-15085 -114
-13265 56
-13290 -171
-13255 -166
-13175 -206
-13477 91
-13145 238
-13394 87
-13051 -2
-13491 -170
-13347 163
-13087 -17
-13376 73
-13239 -219
-13438 -41
-13305 22
-13855 7
-21677 -325
-32114 -9
-32352 169
-25415 182
-11546 24
-10250 179
-10288 -1
-10094 -87
-10188 153
-10174 73
-10216 40
-10173 66
-10392 19
-13509 -167
-29232 -178
-32773 61
-28627 138
-10413 67
-6292 86
-6651 -34
-6687 -144
-6664 -56
-6929 44
-6603 87
-6486 -154
-6645 7
-6544 24
-6805 142
-9018 -179
-25330 -228
-32717 5
-31609 -38
-21282 285
-13639 -357
-15850 -61
-16047 88
-13218 -207
-6758 -219
-12079 420
-27645 -77
5800 523
28667 -388
29200 -123
29203 -5
20558 -442
-21977 -439
-32550 194
-30207 61
-12022 355
-6708 97
-6746 -125
-6670 -8
-6549 158
-6478 -48
-6715 -85
-6578 -61
-6479 13
-6606 26
-6744 177
-6671 -2
-6740 -177
-6481 72
-6697 -371
-6537 53
-6449 315
-6800 -168
-6838 -53
-6545 163
-6596 -33
-6463 60
-6597 32
-6644 -178
-6624 -32
-6619 76
-6710 -65
-6609 -222
-6566 -6
-6686 228
-6625 265
-6614 -33
-6600 -37
-6651 73
-19262 198
-31350 280
-29874 -536
5289 59
30814 104
31714 34
30899 -108
31080 59
31599 -84
31023 -59
30626 60
31184 65
31195 -103
31573 203
32603 10
32377 363
32399 15
32479 13
32666 -36
32643 -73
32377 -44
32396 46
32489 -20
32489 -175
32367 -33
32127 -360
32241 -84
32427 59
31761 -94
30968 -12
31245 -75
31139 -55
32018 66
31378 -136
31556 -9
31339 -18
31991 -5
30860 -90
31241 55
31297 -116
32484 -15
32481 -33
32254 84
32619 -17
32647 -37
32474 -134
32446 26
32376 -55
32387 -50
32492 169
27720 -99
-16992 138
-32691 56
-28333 121
-9694 -90
-6575 -87
-6788 -84
-6660 171
-6755 155
-6541 -147
-6552 28
-6601 -144
-6639 37
-6491 31
-6746 66
-6579 -84
-6604 102
-6601 50
-6613 -19
-6714 -80
-6615 113
-6473 49
-6552 33
-6651 -66
-6685 -189
-6542 193
-6640 48
-6618 91
-6637 -56
-6663 -63
-6651 8
-6684 6
-6577 -54
-6694 21
-6731 9
-6717 91
-6624 109
-6696 35
-6699 38
-6583 60
-6746 75
-6350 -87
1225 170
-10428 -155
-4877 18
310 10
26679 -217
28632 -30
29103 -41
29168 16
29120 -53
29227 -98
28769 -305
2051 544
-31306 -276
-32695 64
-24653 -145
-13622 7
-13303 -14
-13118 -107
-13256 -78
-13446 -193
-20499 98
-32015 148
-32757 -52
-20601 -203
-6996 -131
-6500 103
-6677 -56
-6813 -12
-6596 -103
-6719 18
-6662 -6
-6679 -66
-8650 -89
-26345 269
-32699 66
-26348 -150
-11262 -19
-10293 31
-10198 93
-10237 100
-10349 -32
-10253 21
-10280 -19
-10231 -174
-10251 27
-10188 -36
-14615 55
-30399 49
-32465 63
-23338 -222
-13611 9
-13247 163
-13323 -90
-13340 -10
-13432 -26
-13268 11
-13398 28
-13307 -39
-13730 -220
-14977 -113
-15379 -179
-15285 104
-15241 92
-15469 -70
-15684 -12
-14934 -121
-13209 -116
-13242 26
-13451 -13
-13329 -17
-13416 86
-13186 26
-13269 10
-13325 -29
-13334 -31
-13375 33
-13279 -129
-13418 35
-13298 22
-13364 129
-13415 27
-13339 10
-16304 -70
-29424 21
-32661 26
-30297 -23
-14918 84
-10141 -66
-10270 -30
-10311 85
-10363 -85
-10239 -170
-10376 -30
-10026 116
-10196 -77
-11124 36
-25379 -81
-32640 21
-31230 137
-15368 101
-6651 -8
-6646 120
-6532 17
-6542 114
-6580 -85
-6627 78
-6762 -40
-6890 -54
-6525 -37
-6618 -6
-7006 232
-17440 -210
-31886 39
-32548 -53
-27123 213
-15239 -26
-15611 84
-15915 160
-15622 -243
-20997 242
-30546 184
-32041 -274
-3300 262
28194 -85
29206 89
29127 -78
26411 73
-12260 -344
-32776 181
-31924 32
-16147 207
-6758 -43
-6689 124
-6712 -23
-6709 -73
-6649 -7
-6743 188
-6718 -20
-6665 -48
-6696 -135
-6706 -8
-6638 57
-6691 -105
-6675 -59
-6758 -37
-6650 78
-6532 4
-6616 93
-6683 183
-6647 160
-6540 -10
-6564 54
-6751 -126
-6807 -99
-6574 24
-6626 10
-6556 94
-6770 48
-6519 -91
-6607 -66
-6611 -55
-6579 12
-6692 41
-6573 116
-19118 287
-22524 -109
-16168 -356
7311 21
31294 214
31506 24
30990 -21
31769 30
31079 104
31652 95
31491 -84
31184 -154
32199 -179
32470 -63
32360 -65
32330 -60
32404 -12
32461 -24
32592 159
32439 -7
32389 39
32571 12
32577 45
32501 45
32593 -101
32242 -129
32365 -313
32389 -40
31586 -51
31216 28
32016 10
31031 -170
31046 -289
31646 -251
31313 107
31285 170
30969 -34
31098 -154
31144 17
32082 64
32596 39
32454 -129
31907 21
32004 -130
32375 -286
32431 -128
32423 -157
32174 -63
32490 114
32493 -36
27214 -67
-16760 10
-32598 -28
-28057 45
-9761 -268
-6547 42
-6633 -335
-6738 -3
-6781 -14
-6761 -46
-6475 -227
-6751 -302
-6623 87
-6629 -63
-6529 387
-6465 93
-6743 -124
-6721 25
-6910 -166
-6857 30
-6556 350
-6775 83
-6848 -27
-6622 105
-6607 -87
-6482 72
-6587 171
-6374 99
-6618 81
-6547 270
-6632 -38
-6725 -57
-6693 -151
-6637 -116
-6697 104
-6713 -141
-6391 259
-6422 340
-6717 73
-6587 -53
-6492 -49
-6795 -506
-11022 483
-6718 -205
-7521 611
2373 -635
28097 -435
29234 136
29405 -216
28908 -182
28430 -69
29128 75
27060 -539
-9056 1063
-32029 -55
-32085 49
-20692 -298
-13196 -74
-13345 -118
-13222 1
-13155 300
-13868 -221
-24166 312
-32132 16
-31614 264
-16219 -754
-6955 138
-6372 123
-6926 -145
-6682 72
-6786 -10
-6716 -93
-6907 30
-6630 -74
-9980 -190
-27918 262
-32379 164
-22220 -469
-10642 150
-10118 122
-10048 -98
-10257 -111
-10308 76
-10486 65
-10035 21
-10572 -142
-10275 141
-10589 25
-17733 148
-31425 198
-31637 -66
-19801 -41
-13457 -211
-13338 -14
-13391 279
-13254 -28
-13384 274
-13307 -130
-13242 597
-13370 236
-13230 -185
-13426 -70
-13479 -210
-13479 109
-13624 -166
-13570 223
-13610 -343
-13460 -211
-13270 -25
-13364 95
-13472 -49
-13304 201
-13371 103
-13093 33
-13444 84
-13468 -41
-12917 197
-13339 220
-13362 -219
-13289 -77
-13343 202
-13344 -130
-13254 124
-13339 147
-14041 128
-24709 -235
-32710 -114
-31744 1
-19790 176
-10042 -260
-10323 209
-10045 51
-10095 6
-10222 233
-10141 -43
-10198 137
-10141 106
-10250 62
-20791 95
-32214 321
-32072 -64
-20097 615
-7061 -189
-6451 76
-6422 -125
-6594 -138
-6651 204
-6721 98
-6609 -77
-6549 -118
-6796 28
-6632 -114
-6883 129
-11022 -336
-28627 -222
-32694 151
-30505 229
-17675 347
-13707 -404
-14271 152
-14249 63
-20953 -42
-32072 384
-32153 -626
-10290 902
26503 -542
29058 -256
29070 -133
28161 -23
-1641 -1023
-32039 342
-32484 6
-19244 333
-6953 160
-6461 44
-6521 -6
-6915 -201
-6931 35
-6685 -48
-6427 209
-6413 34
-6771 -48
-6834 -220
-6502 8
-6803 131
-6818 -315
-6642 -188
-6606 179
-6624 83
-6708 -323
-6671 -12
-6440 -84
-6584 -255
-6511 -107
-6503 10
-6545 15
-6535 -65
-6689 155
-6600 -72
-6715 -115
-6551 -26
-6742 185
-6505 -196
-6745 189
-6509 65
-6620 89
-19054 -1
-23324 -279
-3869 -192
16950 -246
30868 -77
31361 -46
31283 99
31257 -10
30683 -213
31367 189
31701 141
32315 79
32470 38
32345 188
32464 113
32074 -177
32024 -132
32556 -202
32533 245
32321 164
32628 86
32590 -70
32651 -199
32484 87
32451 -68
32068 -267
32521 -119
32048 -2
30726 -26
30320 58
31514 35
30760 -93
31756 -34
31222 76
31410 -136
31169 22
30800 -127
31889 6
32029 -78
32502 81
32728 36
32456 62
32432 -83
32271 -119
31589 49
32264 22
32544 -70
32551 32
32573 -108
32567 100
27737 61
-17088 12
-32818 11
-28317 57
-9818 72
-6507 -75
-6615 -62
-6573 27
-6702 30
-6531 46
-6735 39
-6581 -42
-6516 65
-6553 72
-6565 -11
-6648 -37
-6855 -72
-6773 24
-6629 240
-6504 -19
-6609 114
-6570 97
-6632 130
-6603 -29
-6664 -142
-6536 -2
-6785 127
-6550 -139
-6652 -32
-6611 62
-6737 28
-6490 -118
-6892 23
-6587 -35
-6753 137
-6691 91
-6675 -11
-6802 3
-6624 1
-6750 -15
-6652 14
-7172 -50
-20671 -7
-28949 494
-29319 410
3609 -269
29020 -61
29029 17
29125 -74
29105 60
29325 21
28527 -36
24355 -272
-17374 237
-32725 -260
-31165 -99
-17792 -34
-13207 -28
-13239 18
-13259 91
-13258 -88
-14316 96
-27137 72
-32712 -180
-30405 -85
-12158 -34
-6721 7
-6618 -111
-6773 57
-6591 92
-6716 -79
-6714 -10
-6639 202
-6622 -54
-11043 51
-29611 -12
-32201 7
-18887 -137
-10345 96
-10112 -121
-10217 -34
-10165 90
-10115 -51
-10388 -107
-10281 -66
-10298 -19
-10126 123
-10281 94
-18766 -22
-32398 -90
-31553 130
-17742 42
-13460 -85
-13334 -110
-13126 46
-13368 -68
-13273 2
-13251 -1
-13384 138
-13322 8
-13336 -11
-13530 -89
-13493 -12
-13314 129
-13440 121
-13250 -113
-13468 120
-13223 -129
-13233 -32
-13235 -46
-13334 54
-13265 -66
-13456 6
-13254 -61
-13250 63
-13289 -69
-13134 -72
-13236 -67
-13188 -76
-13202 61
-13225 14
-13364 41
-13479 -51
-13307 78
-13508 136
-20382 -59
-32225 47
-32785 -220
-24101 -113
-10811 24
-10224 -112
-10225 42
-10138 -129
-10253 36
-10268 -107
-10169 29
-10219 -59
-10298 17
-16336 -85
-31516 95
-32721 -215
-24703 128
-7593 -55
-6615 119
-6598 -179
-6739 -17
-6559 40
-6763 -87
-6748 138
-6637 -128
-6645 -93
-6778 -159
-6689 -107
-7503 20
-22878 -98
-32489 113
-32491 -60
-22154 -2
-13344 -139
-13457 42
-13344 -65
-18987 63
-31667 15
-32638 -130
-14969 263
25931 -83
28733 84
28803 24
29040 73
5355 -430
-31135 9
-32429 29
-22539 261
-7099 118
-6545 66
-6591 -102
-6724 -8
-6734 45
-6689 -5
-6753 -94
-6665 86
-6621 93
-6793 -144
-6778 -34
-6557 59
-6677 102
-6668 74
-6642 83
-6579 122
-6785 -3
-6638 66
-6575 -48
-6909 -22
-6528 -92
-6753 -136
-6775 -99
-6667 -11
-6703 -155
-6769 -77
-6745 204
-6616 -58
-6707 145
-6632 14
-6741 40
-6745 62
-6774 -5
-16701 52
-22833 -452
-11210 399
15792 98
30733 132
31833 -15
30831 -36
31221 -40
31226 -97
32087 -185
32326 87
32411 -150
32521 105
32497 -11
32478 -37
32497 -27
32256 -43
31855 -134
32526 108
32550 -61
32573 148
32615 8
32580 -94
32629 30
32654 -268
31933 -212
31815 -107
31858 -7
31173 -61
30911 -126
30637 78
31512 103
31098 -91
30896 72
31044 9
31162 -193
31773 -75
32203 -129
32649 -89
32695 70
32422 -185
32623 15
32423 -103
32166 42
32105 -215
31900 -48
32158 72
32394 152
32525 -76
32449 76
27527 -53
-16941 -59
-32543 -191
-28538 180
-10016 24
-6713 34
-6674 148
-6624 117
-6866 207
-6485 39
-6895 -21
-6750 -89
-6366 -152
-6625 81
-6573 148
-6656 -83
-6823 4
-6802 58
-6520 -1
-6749 -3
-6756 85
-6613 -24
-6659 131
-6725 -44
-6860 -144
-6717 -39
-6513 252
-6636 -258
-6718 -6
-6509 -28
-6785 -148
-6650 -30
-6670 32
-6684 53
-6684 -19
-6786 -244
-6638 -33
-6417 279
-6822 86
-6699 23
-6445 287
-7312 47
-22257 265
-32813 12
-31059 47
5245 -350
28755 -71
29424 30
29219 -81
29185 -49
29064 9
29123 81
22886 -173
-20801 366
-32754 -289
-30486 47
-16991 -62
-13186 159
-13047 -15
-13267 96
-13131 -252
-15019 -29
-28591 27
-32853 -203
-29121 97
-10292 -202
-6956 -103
-6660 58
-6615 -206
-6608 57
-6863 219
-6480 -2
-6462 88
-6789 -7
-12507 226
-30515 8
-31382 21
-16554 -243
-10418 -124
-10236 185
-10203 63
-9992 -119
-10102 311
-10354 131
-10108 223
-10276 -141
-10381 -95
-10120 50
-18370 12
-32144 32
-31385 93
-17955 -8
-13268 62
-13349 -98
-13456 -293
-13441 164
-13453 -270
-13518 34
-13183 103
-13305 127
-13352 23
-13487 93
-13401 138
-13383 6
-13242 -120
-13283 7
-13202 -69
-13391 -176
-13406 30
-13098 104
-13562 -63
-13339 -208
-13156 82
-13471 -51
-13371 114
-13235 -110
-13195 -213
-13430 2
-13493 -35
-13500 72
-13465 62
-13174 232
-13258 -68
-13161 -37
-13131 189
-17442 -411
-30819 -28
-32660 -162
-26496 147
-11874 -316
-10055 73
-10119 -21
-10150 -153
-10346 -11
-10298 -123
-10259 -142
-10267 -46
-10176 14
-13901 -97
-29712 -6
-33012 -163
-27389 191
-8947 248
-6545 105
-6858 22
-6652 246
-6542 -198
-6548 186
-6606 49
-6723 -103
-6536 29
-6742 162
-6508 158
-6710 371
-16027 -300
-31810 27
-32913 2
-25967 26
-13867 53
-13369 144
-13287 -74
-17523 -176
-31008 95
-32818 -75
-18643 448
23865 13
28967 -193
28721 70
28787 131
11056 -697
-28984 41
-32848 59
-25425 107
-8001 116
-6518 11
-6749 231
-6790 99
-6698 -33
-6621 194
-6768 168
-6597 143
-6630 167
-6617 178
-6497 48
-6484 96
-6646 -285
-6593 -224
-6552 153
-6477 86
-6670 -9
-6683 -42
-6609 -159
-6796 -165
-6702 100
-6899 204
-6714 -58
-6653 -34
-6796 166
-6743 -57
-6483 130
-6608 -230
-6610 -71
-6599 -13
-6569 -206
-6401 -98
-6446 17
-10074 -16
-7590 -117
-21719 -28
6456 64
31442 133
31248 186
30667 -80
31834 -41
32145 75
32535 59
32607 -163
32379 -130
32463 50
32620 159
32372 -169
32409 -52
32475 -211
32046 67
32212 -62
32293 -18
32658 11
32523 -52
32550 -138
32459 32
32542 -88
30706 -137
31218 63
31520 76
31462 -101
31440 3
30946 -127
31213 -36
31450 -62
31070 -30
31475 -66
32502 -64
32433 -64
32481 94
32550 54
32479 9
32590 -60
32492 -100
32464 12
32573 -32
32517 -30
32361 -29
32052 20
31980 88
32558 -9
32559 53
27677 73
-16933 6
-32792 -94
-28402 52
-9807 94
-6685 6
-6776 -128
-6576 180
-6588 4
-6659 -19
-6645 5
-6762 47
-6665 -67
-6470 -92
-6575 -3
-6672 -23
-6660 10
-6763 -20
-6572 -30
-6744 -107
-6610 40
-6606 -75
-6667 45
-6746 47
-6653 139
-6594 66
-6580 24
-6642 -32
-6667 -17
-6658 -49
-6675 86
-6682 -55
-6553 17
-6646 11
-6654 -24
-6795 -46
-6625 -103
-6521 -90
-6609 -20
-6656 -20
-6653 38
-7214 13
-22447 -7
-32701 117
-30485 57
7409 -81
29061 -40
29203 -69
29188 -11
29085 -17
29191 -32
29181 -19
23516 11
-20858 -46
-32784 -59
-30813 -40
-17234 -78
-13218 -34
-13244 10
-13319 -27
-13359 -96
-15197 -11
-28715 54
-32592 -20
-28874 9
-10373 -65
-6675 90
-6571 34
-6921 25
-6699 -21
-6552 -53
-6649 -8
-6591 -5
-6720 23
-13987 45
-31373 80
-30959 -6
-15263 47
-10347 102
-10263 101
-10209 -98
-10294 -34
-10318 56
-10323 -122
-10209 -2
-10343 3
-10231 111
-10199 35
-18074 -103
-31907 -10
-31687 18
-18790 -11
-13301 -68
-13281 52
-13202 36
-13300 64
-13678 129
-13195 -174
-13176 1
-13301 -100
-13346 50
-13365 -53
-13394 126
-13395 85
-13237 42
-13354 -97
-13491 56
-13203 -14
-13304 -53
-13323 -81
-13427 56
-13600 -94
-13386 30
-13283 33
-13236 19
-13308 95
-13352 -76
-13256 -61
-13319 7
-13379 -27
-13295 35
-13252 121
-13379 -40
-13226 -93
-13249 45
-15896 -95
-30111 20
-32787 -90
-28278 59
-12125 -56
-10159 -133
-10286 89
-10209 42
-10135 -30
-10237 69
-10158 95
-10176 30
-10215 -40
-12167 13
-27456 75
-32749 48
-29597 -24
-10403 -69
-6626 103
-6732 21
-6611 8
-6632 32
-6577 22
-6630 -5
-6594 -2
-6698 -47
-6554 -23
-6662 72
-6642 99
-12058 -96
-30282 29
-32706 89
-28035 -42
-14678 -79
-13214 67
-13308 6
-16082 -78
-30174 -20
-32711 -71
-22835 140
21336 52
29115 -80
29152 -109
28647 50
17391 -106
-26314 -118
-32838 225
-27978 64
-9672 -5
-6612 -22
-6609 126
-6667 49
-6733 -27
-6540 74
-6705 -38
-6652 77
-6548 4
-6532 39
-6746 -196
-6558 -6
-6786 74
-6680 -58
-6623 56
-6644 59
-6649 128
-6652 3
-6687 -76
-6693 86
-6657 -35
-6544 54
-6695 -1
-6667 -32
-6765 -1
-6595 -15
-6560 29
-6726 -33
-6665 45
-6608 -57
-6467 -10
-2331 -288
-3973 -9
-17792 71
-14875 369
-7051 -312
9509 -247
30931 50
31164 -17
31810 -90
32258 10
32503 63
32602 31
32423 67
32410 -16
32481 -92
32445 -69
32420 26
32492 -24
32517 -4
32501 44
32233 -53
31774 -48
32291 38
32429 -9
32409 5
32492 -52
32563 -169
30791 -151
30455 -212
31201 90
31648 8
31497 -247
31624 -177
31412 313
31982 -186
31581 -159
32467 136
32389 -203
32433 163
32475 36
32610 40
32697 112
32284 -85
32440 -260
32504 -18
32446 385
32717 -131
32567 219
32420 -135
31868 58
32031 -80
32403 140
27231 -364
-16626 -440
-32557 -17
-28161 0
-9624 98
-6612 44
-6532 303
-6682 305
-6779 124
-6750 -341
-6468 -44
-6566 70
-6898 77
-6580 26
-6542 28
-6652 98
-6751 98
-6914 256
-6899 -136
-6732 -36
-6509 -175
-6534 -88
-6603 -75
-6760 278
-6907 113
-6495 171
-6413 -37
-6653 103
-6400 86
-6339 -45
-6448 -63
-6756 -34
-6531 -79
-6708 -150
-6870 214
-6787 390
-6509 251
-6784 -62
-6542 78
-6772 -80
-6594 -88
-7481 108
-22288 -29
-32813 -48
-30634 142
5157 -223
28413 -211
29021 193
28814 -77
29103 -31
29234 173
29249 -44
23671 -93
-17919 -237
-32812 -8
-31177 -250
-17853 28
-13276 -210
-13280 -210
-13465 -19
-13555 -121
-15498 77
-28947 67
-32614 -172
-28773 53
-10517 -221
-6821 263
-6668 85
-6871 -8
-6507 11
-6877 -27
-6784 -229
-6777 -295
-6808 137
-14110 124
-30983 310
-30557 140
-14534 -128
-10154 178
-10146 -395
-9981 190
-10148 -61
-10124 172
-10272 51
-10104 -44
-10292 -46
-10291 -106
-10046 119
-17257 -33
-31268 167
-31632 13
-19959 95
-13701 245
-13380 -145
-13601 -486
-13316 -93
-13499 175
-13211 118
-13235 26
-13214 -54
-13169 -105
-13491 -152
-13447 -142
-13301 139
-13446 107
-13452 28
-13256 -41
-13348 -165
-13464 -17
-13327 23
-13289 115
-13356 77
-13504 -79
-13257 -25
-13276 -88
-13471 -49
-13776 -1
-13251 15
-13127 91
-13472 125
-13261 16
-13637 383
-13264 218
-13119 232
-13164 87
-16019 -362
-29301 -180
-32691 -107
-28307 -244
-12582 -91
-10440 -118
-9903 41
-10111 -141
-10243 -230
-10282 -123
-10197 -70
-10215 -108
-10303 86
-11695 -191
-25863 107
-32756 51
-29842 322
-11958 -135
-6413 -389
-6806 255
-6978 -143
-6515 35
-6678 188
-6618 -21
-6721 104
-6652 -235
-6812 -1
-6589 -329
-6559 -13
-10786 -205
-28488 152
-32525 -117
-29004 170
-15580 200
-13183 259
-13316 26
-15671 -29
-29046 223
-32585 144
-24645 354
18689 172
28761 -166
29030 76
28833 44
21636 -706
-19972 -509
-32452 562
-29830 98
-12495 140
-6683 -38
-6871 38
-6653 -279
-6731 178
-6780 -81
-6504 209
-6873 128
-6625 -222
-6738 7
-6841 75
-6412 -70
-6848 144
-6740 -155
-6827 -40
-6480 -255
-6472 32
-6595 -67
-6904 -18
-6748 -145
-6314 -259
-6333 -35
-6655 -50
-6558 -143
-6821 81
-6720 53
-5359 -64
-4926 11
-6677 31
-6245 -111
-5252 -130
2997 95
6371 -266
-16777 -42
-29065 252
-11067 130
16388 -617
31696 175
32287 -219
32224 -61
32412 211
32515 -273
32417 -210
32427 -128
32189 291
32144 77
32211 214
32715 -88
32543 -129
32296 -6
32441 269
32697 217
32640 -42
32099 69
32029 -171
32833 160
32348 309
32235 -474
30788 -162
30807 -236
31067 -4
31226 -22
31210 -83
31511 -206
31423 25
32414 229
32459 -31
32440 -56
32380 -111
32554 -36
32471 -15
32397 -18
32538 -127
32531 9
32536 60
32619 46
32381 -93
32495 -200
32618 -142
32621 -93
32625 -20
32318 -40
31835 230
27419 -160
-16922 112
-32692 -4
-28182 43
-9623 -13
-6562 67
-6590 26
-6638 34
-6524 -88
-6716 -51
-6534 45
-6757 -36
-6633 -147
-6527 15
-6595 172
-6642 100
-6734 104
-6594 10
-6746 -262
-6655 -75
-6550 156
-6677 85
-6630 79
-6562 151
-6460 -109
-6845 16
-6663 32
-6832 190
-6584 35
-6425 0
-6683 38
-6771 12
-6688 -262
-6808 90
-6774 -5
-6671 -182
-6739 2
-6456 86
-6852 -136
-6836 -16
-6416 -102
-7203 134
-22538 -121
-32820 165
-31753 -14
3843 -18
29097 -140
29016 -93
29139 215
29080 29
29166 -108
29086 -7
24804 25
-17422 -265
-32669 -94
-31709 92
-18594 85
-13462 -15
-13383 -12
-13293 -24
-13248 79
-15228 35
-29438 -92
-32704 63
-29005 18
-10397 18
-6759 72
-6611 7
-6775 -157
-6679 32
-6610 -117
-6740 -75
-6844 69
-6562 -104
-13910 -29
-31476 148
-30389 -265
-14188 93
-10343 54
-10058 -78
-10332 72
-10134 -30
-10183 -133
-10258 -39
-10227 -161
-10166 68
-10307 -28
-10212 268
-16351 -144
-31284 -9
-32252 136
-21352 156
-13280 41
-13592 -185
-13453 113
-13201 -49
-13125 -2
-13378 -18
-13170 -44
-13412 -14
-13394 -143
-13401 -60
-13667 197
-13272 -30
-13202 185
-13436 -62
-13622 -105
-13285 -29
-13330 44
-13316 32
-13314 16
-13341 90
-13439 188
-13480 -15
-13204 32
-13153 -60
-13494 79
-13575 18
-13460 34
-13420 -133
-13442 -57
-13252 105
-13178 -58
-13395 -190
-13246 -93
-15600 66
-29428 -21
-32987 23
-28604 237
-12370 -45
-10316 113
-10116 55
-10301 -99
-10321 -57
-10266 152
-10222 -90
-10185 -263
-10082 -121
-11056 -66
-25195 125
-32656 129
-30768 27
-13050 -90
-6588 95
-6783 -11
-6567 78
-6774 -107
-6575 -7
-6613 32
-6743 112
-6479 -111
-6637 170
-6548 -141
-6555 132
-9095 63
-27572 -138
-32941 134
-30258 122
-16265 197
-13511 132
-13446 -25
-15136 127
-28770 -19
-32739 -95
-26537 -28
18352 135
29067 -166
29226 -149
29153 136
26203 -27
-14526 -150
-32860 278
-31475 -51
-14903 -96
-6590 -43
-6939 123
-6732 70
-6686 -106
-6694 -22
-6530 108
-6728 -40
-6794 110
-6679 135
-6611 62
-6605 71
-6519 35
-6682 -1
-6814 -135
-6538 -54
-6647 92
-6543 72
-6592 63
-6830 81
-6504 -90
-6534 -16
-6524 -177
-6623 -79
-6608 -12
-6487 -39
23 26
5339 -2
-1274 46
5430 -85
7290 -86
2255 -163
6233 495
-4447 -316
-23853 -338
-11407 125
14491 -6
31910 -161
32628 37
32541 -51
32636 19
32679 59
32471 30
32390 96
32471 9
32509 -89
32545 -69
32510 44
32505 -21
32567 36
32515 -186
32700 78
32702 -8
32645 -60
32012 -36
31909 56
32243 22
32609 19
30961 165
31147 -61
30673 -85
31157 -10
31275 -70
31444 -18
32352 22
32584 62
32512 -90
32557 6
32415 5
32426 192
32334 -35
32576 -60
32490 -145
32401 -84
32275 15
32259 158
32589 -81
32560 -76
32371 117
32525 -128
32574 -185
32991 -54
32271 -51
27141 -370
-16777 40
-32641 -139
-28389 20
-9902 124
-6573 54
-6802 38
-6693 -59
-6472 -108
-6512 -71
-6787 87
-6538 -6
-6665 248
-6776 44
-6515 -176
-6452 -63
-6614 -86
-6634 91
-6853 0
-6536 -53
-6617 -136
-6885 -39
-6744 -229
-6532 113
-6471 -30
-6685 -147
-6820 -52
-6594 -87
-6522 81
-6713 -113
-6669 -60
-6910 292
-6602 -99
-6539 -66
-6824 26
-6699 355
-6704 -248
-6744 133
-6589 47
-6596 190
-6570 -42
-6918 -27
-21490 -179
-32504 -26
-31713 -54
3949 80
28833 -101
29312 -105
28969 88
29026 -98
29425 -15
29172 59
25476 41
-14644 -184
-32486 -135
-32216 265
-19481 178
-13457 40
-13657 -169
-13560 29
-13459 82
-14924 75
-28419 -32
-32593 -82
-28804 117
-10266 -57
-6568 -158
-6516 -208
-6840 176
-6874 71
-6720 154
-6715 111
-6666 207
-6686 228
-12841 -100
-30656 -154
-29564 102
-13725 70
-10302 -141
-10170 -107
-10166 117
-10288 -75
-10440 -185
-10065 214
-10204 -109
-10303 233
-10111 233
-10081 -63
-15606 59
-31074 -133
-32579 98
-23293 270
-13644 -154
-13231 107
-13442 -48
-13115 329
-13263 -176
-13403 109
-13257 7
-13270 166
-13555 0
-13553 -39
-13519 -27
-13317 6
-13314 -20
-13198 118
-13163 64
-13255 -12
-13435 -203
-13410 0
-13352 -49
-13096 143
-13456 84
-13464 -71
-13942 28
-13254 -144
-13493 10
-13166 26
-13349 -79
-13266 49
-13214 -35
-13322 -151
-13323 94
-13189 142
-13252 124
-15692 31
-29377 83
-32810 -34
-28170 -34
-12257 196
-10264 54
-10213 7
-10387 42
-10184 -68
-9975 81
-10348 -155
-10436 -137
-9939 7
-11141 92
-24677 141
-32516 20
-30891 2
-13279 -41
-6648 -108
-6748 27
-6583 12
-6566 -204
-6492 185
-6404 -58
-6707 158
-6637 -120
-6892 275
-6671 -175
-6594 80
-8173 148
-25290 -10
-32724 304
-31290 151
-18089 180
-13068 24
-13459 18
-14693 78
-28216 -80
-32537 -5
-27751 40
15163 176
29110 -254
29238 169
29078 -342
27403 299
-8610 -430
-32457 343
-32290 -227
-17091 153
-6633 82
-6356 107
-6892 179
-6897 154
-6640 37
-6642 210
-6791 117
-6560 159
-6599 -144
-6630 88
-6549 -71
-6719 31
-6517 -135
-6631 15
-6489 -193
-6529 188
-6837 112
-6622 30
-6544 155
-6522 -18
-6632 85
-6674 -120
-6793 268
-6896 72
-6459 -114
-4829 -104
5548 339
9991 -454
1523 205
-177 158
8019 117
2395 -150
-1965 243
-9361 -388
-17628 808
7430 -528
32208 134
32605 51
32218 -14
32701 -224
32378 8
32434 89
32432 -58
32516 147
32347 -169
32501 81
32311 -206
32590 67
32461 -79
32524 135
32699 -156
32685 -190
32731 11
32553 -58
32297 205
31689 -324
31865 -329
31645 -193
31125 -178
31052 -53
31516 4
32059 -71
32576 113
32509 -119
32572 30
32432 69
32395 74
32636 -33
32556 -21
32559 95
32533 -60
32601 13
32400 -32
32482 54
32496 1
32578 -57
32433 249
32563 -64
32617 -38
32453 -10
32529 -18
32601 128
27788 99
-17012 18
-32812 -58
-28271 95
-9687 85
-6608 63
-6702 32
-6583 -119
-6583 27
-6801 22
-6717 82
-6551 -12
-6924 115
-6492 -81
-6583 -101
-6606 46
-6738 155
-6601 -25
-6620 9
-6905 138
-6568 -69
-6583 160
-6750 0
-6576 168
-6750 74
-6504 101
-6796 -118
-6732 125
-6568 -161
-6517 -253
-6786 -100
-6494 20
-6661 -36
-6609 -11
-6560 87
-6732 61
-6768 -78
-6604 -99
-6642 92
-6861 -62
-6687 58
-6880 210
-20806 80
-32647 68
-31826 -204
4163 102
28994 148
29128 53
28996 -76
29147 119
29152 75
29137 192
27165 82
-11359 -24
-32453 173
-32218 95
-20157 -72
-13307 -5
-13266 122
-13269 -66
-13531 127
-15100 -56
-28564 -107
-32712 -103
-28765 40
-10257 4
-6628 -118
-6639 83
-6646 67
-6648 -52
-6721 -21
-6702 160
-6625 59
-6647 -187
-12446 41
-30700 -46
-29486 -82
-13241 -26
-10218 -81
-10259 -75
-10364 113
-10326 153
-10284 0
-10248 19
-10207 -122
-10096 39
-10124 -2
-10064 -5
-14618 -27
-30421 21
-32724 -252
-25795 43
-14024 -17
-13271 44
-13236 -131
-13156 86
-13404 13
-13446 -81
-13181 -46
-13410 -68
-13295 -23
-13398 94
-13254 98
-13206 72
-13370 58
-13289 26
-13393 106
-13508 -30
-13386 -14
-13210 16
-13254 59
-13315 0
-13397 202
-13344 188
-13256 -19
-13193 -110
-13669 -37
-13225 58
-13131 -9
-13261 -26
-13329 -50
-13356 59
-13378 -12
-13324 -169
-13272 -58
-16614 188
-30414 -267
-32572 9
-27326 -174
-11918 -19
-10092 -23
-10134 85
-10267 106
-10340 -35
-10126 -150
-10344 23
-10309 -66
-10245 -11
-10976 -114
-24729 -154
-32768 -56
-31181 71
-13450 -145
-6625 26
-6599 94
-6689 -194
-6583 122
-6493 2
-6665 104
-6652 159
-6887 128
-6551 13
-6513 -14
-6536 9
-7275 -37
-22655 -71
-32588 -104
-31891 -50
-19539 216
-13234 -80
-13250 -28
-14071 195
-27033 42
-32765 25
-29507 33
11032 -114
29044 -204
29080 226
29208 -46
28153 59
-4446 -193
-32628 122
-32510 53
-18481 -111
-6983 -107
-6510 15
-6679 22
-6671 36
-6683 2
-6651 10
-6610 119
-6543 156
-6772 90
-6745 30
-6832 4
-6838 75
-6665 53
-6605 -104
-6556 -21
-6633 51
-6604 97
-6570 65
-6676 51
-6723 -78
-6626 -181
-6784 -7
-6665 100
-6517 25
-3061 -110
3121 -181
-390 164
7148 323
1838 -304
-6023 -24
-214 240
8102 -107
-13293 39
-29706 294
-30149 96
9071 -275
32417 -75
32533 69
32539 -254
32422 74
32422 219
32370 -14
32422 112
32429 176
32618 -81
32556 31
32523 83
32488 -156
32374 47
32752 45
32450 -95
32600 55
32494 -48
32531 -50
32442 -7
32334 -37
31859 -26
31115 30
31761 -112
31793 -275
32026 -127
32459 335
32522 -54
32703 189
32487 -133
32742 -48
32491 162
32533 -108
32664 104
32605 387
32633 148
32481 47
32352 -137
32572 139
32436 51
32703 196
32714 132
32510 -121
32273 41
32474 -60
32582 -340
32357 105
27324 82
-16618 -94
-32420 180
-28235 260
-9931 116
-6632 -4
-6699 72
-6673 -10
-6374 -10
-6362 -5
-6476 156
-6677 -55
-6424 178
-6732 -30
-6453 14
-6697 12
-6612 2
-6664 15
-6755 -93
-6711 412
-6598 -34
-6688 203
-6695 136
-6528 172
-6432 -91
-6725 -197
-6692 -132
-6751 -55
-6385 -59
-6610 -72
-6603 -223
-6503 136
-6758 -2
-6899 173
-6658 -5
-6567 128
-6591 -52
-6802 -239
-6390 141
-6521 107
-6530 -139
-6812 25
-20060 -360
-32705 122
-31536 -204
2565 338
28637 -46
29490 97
29079 -50
29278 92
29430 -172
29161 275
27737 303
-6342 -658
-32188 82
-32291 213
-21449 330
-13275 -174
-13235 -77
-13342 -343
-13382 190
-15393 -208
-28538 -295
-32654 -78
-28724 74
-10335 -68
-6781 143
-6722 -178
-6657 37
-7022 -52
-6549 172
-6521 132
-6558 -26
-6611 -67
-11799 -76
-29747 -306
-29776 -213
-13517 -45
-10189 -54
-10416 177
-10226 2
-10489 39
-10008 -37
-10086 -141
-10236 -205
-10301 -239
-10344 -355
-10500 66
-13381 346
-28785 -227
-32559 124
-28795 87
-15833 190
-13264 12
-13223 172
-13351 -213
-13424 -206
-13105 -93
-13349 -293
-13643 -5
-13749 -174
-13444 -79
-13496 157
-13193 -33
-13309 -48
-13501 27
-13432 -101
-13408 -41
-13455 112
-13433 328
-13036 -24
-13463 85
-13100 21
-13413 -46
-13564 -121
-13402 106
-13229 133
-13575 -111
-13416 -11
-13203 60
-13446 19
-13332 84
-13502 86
-13213 -137
-13277 47
-19402 406
-31743 -238
-32720 -64
-25172 -177
-11213 107
-10474 -275
-10176 -408
-10052 -44
-10224 -43
-10122 -210
-10254 -65
-10449 130
-10084 -14
-11340 -132
-24804 -70
-32757 -88
-30749 -162
-13389 -9
-6629 151
-6472 216
-6508 -159
-6649 332
-6352 -289
-6389 47
-6680 144
-6576 -205
-6872 62
-6593 -80
-6816 -37
-7031 -102
-21534 -60
-32410 196
-32062 -97
-19982 156
-13233 6
-13319 23
-13939 168
-25453 -175
-32649 -245
-30379 34
6981 264
28761 -369
29255 93
29081 -85
28681 23
-1083 -355
-32510 285
-32345 -290
-19009 28
-7156 -74
-6744 -28
-6610 47
-6756 -96
-6685 -95
-6511 -169
-6739 88
-6390 -125
-6861 -112
-6588 68
-6732 -123
-6549 -20
-6767 150
-6729 -2
-6770 56
-6753 -122
-6555 147
-6838 111
-6278 -132
-6606 -414
-6540 251
-6544 -40
-6791 -141
-4776 263
7290 -200
3638 384
-3525 72
-1642 65
7277 219
102 119
-5827 13
-1319 278
-17518 -146
-32717 79
-30393 160
9734 -537
32347 228
32403 28
32311 89
32543 -46
32562 20
32542 9
32676 -146
32599 38
32369 107
32864 -45
32676 116
32738 -65
32532 40
32609 -181
32409 100
32237 13
32464 0
32404 41
32464 103
32377 -34
32345 -61
30373 -35
32182 -46
32334 -131
32510 -96
32593 -46
32653 -33
32457 -16
32477 -31
32515 -187
32388 -45
32510 149
32510 -32
32402 -16
32498 -13
32535 -57
32582 49
32482 18
32509 -96
32696 -253
32371 -54
32472 100
32619 -24
32382 48
32423 145
32489 91
27643 6
-16877 -26
-32772 -11
-28404 12
-9827 -189
-6596 -269
-6552 59
-6634 -70
-6791 127
-6705 -97
-6646 156
-6670 71
-6628 -114
-6623 -32
-6699 -29
-6766 8
-6772 -51
-6562 69
-6466 -89
-6767 54
-6512 -4
-6565 -207
-6541 103
-6628 21
-6663 42
-6555 105
-6604 -198
-6602 -119
-6771 62
-6581 133
-6581 19
-6807 222
-6771 123
-6565 68
-6632 67
-6640 -11
-6535 26
-6573 2
-6528 -116
-6700 156
-6590 -227
-6769 -144
-18710 208
-32539 223
-32103 -200
-922 152
28473 166
29275 -148
29135 -37
29224 105
29036 -147
29223 55
28684 189
455 -274
-31396 185
-32304 -161
-22385 -67
-13142 -75
-13412 40
-13171 99
-13274 -92
-14815 182
-28528 -85
-32799 -62
-28622 -12
-9660 32
-6598 -77
-6401 -75
-6741 95
-6683 71
-6694 -137
-6564 -221
-6712 168
-6636 -36
-10865 -32
-29427 -69
-30170 49
-14006 32
-10167 -141
-10195 45
-10115 -145
-10056 -91
-10223 -211
-10217 94
-10234 -67
-10153 63
-10162 61
-10213 -73
-11607 102
-25604 -97
-32778 -49
-31385 -152
-18808 97
-13203 89
-13150 26
-13216 49
-13284 136
-13390 44
-13297 -2
-13270 206
-13250 -49
-13431 26
-13386 39
-13126 -20
-13328 -18
-13458 195
-13464 137
-13411 -18
-13381 194
-13299 -19
-13235 -77
-13296 91
-13501 -52
-13369 222
-13504 97
-13433 174
-13233 -29
-13526 -49
-13385 101
-13482 140
-13428 -101
-13382 -67
-13350 107
-13251 -91
-13969 60
-25086 90
-32616 68
-32111 71
-20736 -74
-10304 199
-10145 -194
-10287 14
-10293 81
-10342 -12
-10293 71
-10180 -24
-10257 -91
-10077 -143
-10986 12
-24709 14
-32814 -185
-31283 -21
-13350 55
-6568 -50
-6583 21
-6702 -148
-6589 118
-6416 -37
-6603 195
-6670 -95
-6700 -152
-6718 12
-6629 77
-6551 -101
-6478 154
-20012 73
-32598 -5
-32453 -3
-20537 198
-13237 61
-13259 96
-13754 70
-24857 99
-32923 75
-31786 -59
4350 -68
29048 -77
29215 114
29184 -70
28877 155
-218 102
-32499 149
-32436 -83
-20510 108
-6924 -130
-7009 171
-6898 35
-6693 123
-6745 -17
-6624 6
-6728 -9
-6646 10
-6645 -43
-6804 220
-6701 3
-6770 90
-6772 30
-6675 4
-6530 -26
-6533 0
-6571 -132
-6627 112
-6679 41
-6680 -65
-6518 35
-6667 34
-6895 -71
-4127 -60
7368 38
3267 -253
5876 -240
6718 -39
3267 35
7337 -38
-2327 58
-6978 -104
-20775 23
-32546 160
-30532 -1
9975 -135
32803 91
32539 -39
32292 -39
32577 31
32606 -3
32582 20
32461 29
32299 -11
32376 -14
32485 61
32340 229
32547 -71
32709 11
32447 -34
32469 96
32452 14
32524 -106
32381 -102
32674 -32
32565 -207
32326 35
31866 -286
32505 99
32401 25
32498 -205
32346 -235
32674 -159
32296 -236
32532 -82
32200 -137
32484 -211
32538 96
32510 -156
32473 -25
32434 -132
32487 17
32754 52
32389 -101
32487 27
32771 -77
32411 -126
32433 84
32587 30
32400 142
32707 -188
32612 107
27854 27
-16589 -276
-32787 41
-28320 -88
-10080 82
-7123 78
-6800 -20
-6587 -29
-6734 157
-6745 66
-6555 -205
-6661 32
-6753 -12
-6591 -148
-6836 133
-6736 -72
-6606 254
-6580 14
-6602 116
-6789 45
-6622 50
-6882 56
-6493 -69
-6458 113
-6598 32
-6611 -15
-6646 198
-6787 302
-6767 -84
-6772 -18
-6735 -70
-6653 -27
-6679 183
-6531 171
-6733 -15
-6644 247
-6681 36
-6539 3
-6677 -76
-6609 -11
-6474 70
-6520 26
-16903 -9
-31730 -18
-32059 -314
-5884 569
28008 168
29146 -339
29162 27
29123 39
29151 104
29240 178
29134 413
9539 -520
-29485 59
-32461 200
-23920 -24
-13418 -38
-13244 52
-13246 121
-13201 -197
-14921 0
-28540 -286
-32733 68
-28791 96
-10366 -60
-6682 111
-6603 1
-6682 -147
-6668 198
-6750 -105
-6450 46
-6649 -32
-6967 79
-9643 149
-27686 -324
-31261 -52
-16548 263
-10395 -474
-10295 -56
-10145 121
-10142 -45
-10210 -106
-10432 2
-10387 -53
-10004 34
-10345 194
-10481 -80
-10598 211
-20128 -399
-32143 6
-32488 -71
-24736 62
-13993 -134
-13052 -152
-13425 -14
-13373 103
-13225 -20
-13397 -114
-13464 143
-13167 103
-13363 66
-13395 -150
-13283 -71
-13454 25
-13289 -88
-13269 8
-13448 20
-13139 107
-13394 13
-13464 7
-13351 164
-13299 88
-13392 65
-13347 181
-13353 300
-13217 -87
-13330 200
-13410 -105
-13416 -62
-13596 -1
-13564 -77
-13042 -129
-13396 -17
-17194 442
-29959 88
-32960 9
-29652 -325
-14380 -292
-10225 -56
-10425 -90
-10345 182
-10375 20
-10256 55
-10321 -165
-10132 -182
-10295 97
-10173 -238
-11014 159
-24828 212
-32799 61
-30984 -118
-13558 -62
-6511 155
-6622 29
-6630 259
-6468 -2
-6530 -300
-6774 -195
-6637 -85
-6685 -162
-6686 56
-6796 -252
-6460 -82
-6784 172
-19979 -29
-32622 -20
-32194 -85
-20331 18
-13333 -35
-13383 -9
-13734 -69
-23769 -43
-32763 -144
-31647 -161
3892 223
28769 139
29063 -174
28846 -100
28777 84
-530 -289
-32375 99
-32557 -26
-20824 -77
-7047 -74
-6414 19
-6540 122
-7003 29
-6920 293
-6500 4
-6678 113
-6742 -41
-6685 101
-6793 175
-6617 109
-6444 0
-6483 25
-6573 91
-6509 71
-6668 21
-6630 34
-6640 -62
-6703 -44
-6790 55
-6425 -121
-6702 -207
-6770 -124
-6257 -213
-1721 373
3536 -29
251 -229
3445 -32
6015 9
-2995 131
-5128 -407
-6914 128
-20914 -16
-32594 -441
-30354 46
10074 -372
32347 161
32508 237
32413 58
32741 -141
32673 56
32578 -227
32336 21
32498 15
32217 -184
32478 -47
32455 2
32496 -211
32327 96
32719 -129
32676 -120
32531 52
32571 35
32586 62
32595 -206
32228 -17
32642 -28
32053 -237
32374 -83
32607 5
32357 15
32442 13
32533 4
32436 -50
32407 14
32500 69
32458 -116
32446 93
32605 12
32471 -125
32476 -24
32521 63
32513 -137
32560 28
32424 85
32509 -182
32519 81
32535 32
32564 -7
32568 -6
32465 -141
32495 117
28735 -38
-15516 -301
-32538 89
-28318 90
-10066 43
-6697 166
-6646 -68
-6884 51
-6785 -119
-6738 19
-6802 -160
-6749 -25
-6662 34
-6634 77
-6619 35
-6758 25
-6540 61
-6544 63
-6566 24
-6684 86
-6740 -49
-6635 77
-6516 -60
-6798 -16
-6479 -2
-6541 -87
-6534 60
-6668 -13
-6787 28
-6622 85
-6810 117
-6739 -33
-6556 0
-6631 48
-6789 109
-6594 -53
-6487 -11
-6652 -49
-6675 -170
-6636 100
-6664 -55
-6625 28
-14092 -97
-31349 32
-32819 -76
-12784 296
26859 80
29094 -90
29191 -12
29100 80
29175 -3
29316 -135
29132 204
18260 -255
-25186 -258
-32753 7
-25153 -22
-13653 29
-13321 1
-13345 -32
-13367 -35
-14621 -23
-27622 -45
-32619 121
-29111 17
-10609 281
-6603 -100
-6636 -40
-6568 104
-6546 -169
-6597 -188
-6550 -46
-6790 29
-6632 40
-7993 113
-24486 -142
-32373 -40
-20746 71
-10525 -32
-10171 48
-10178 -25
-10225 16
-10289 -9
-10244 -15
-10267 55
-10161 120
-10451 63
-10279 -21
-10185 -26
-15258 -43
-30502 -60
-32855 -62
-30323 107
-17583 136
-13350 -138
-13301 154
-13333 50
-13449 61
-13419 7
-13287 158
-13268 16
-13249 -63
-13350 119
-13300 80
-13313 162
-13389 71
-13405 70
-13264 19
-13282 19
-13337 39
-13295 52
-13270 92
-13233 88
-13256 153
-13308 -61
-13304 -63
-13200 -35
-13417 -55
-13248 -122
-13293 4
-13107 90
-13294 -13
-13595 -19
-14036 -12
-24153 184
-32431 -23
-32557 71
-24158 -99
-11304 19
-10188 -47
-10322 118
-10326 -9
-10268 -104
-10208 -78
-10320 -228
-10444 76
-10222 8
-10217 26
-11009 42
-24773 22
-32753 67
-30829 -57
-13117 -110
-6748 39
-6596 -43
-6701 -1
-6454 -89
-6738 -120
-6617 28
-6686 114
-6605 11
-6580 14
-6791 82
-6645 24
-6625 14
-19961 -30
-32546 -49
-32431 18
-20518 145
-13349 -93
-13297 -38
-13523 104
-23741 -94
-32580 -102
-31913 -50
1429 -128
28622 -79
29160 -23
29210 131
28925 -22
-577 31
-32606 -101
-32436 44
-20826 50
-6970 169
-6678 -61
-6732 29
-6702 -47
-6836 43
-6887 9
-6634 67
-6646 -108
-6726 -119
-6715 68
-6781 -21
-6688 -18
-6609 -40
-6726 40
-6616 -1
-6694 44
-6730 -47
-6601 58
-6585 -17
-6552 112
-6587 -94
-6753 101
-6607 65
-6660 -87
-6608 -96
-6158 130
-699 -18
7615 3
2331 171
-6428 -80
-6689 56
-6991 -107
-22328 21
-32559 -4
-29987 -120
13218 -234
32492 106
32676 16
32634 85
32495 -160
32671 -70
32415 -1
32596 12
32549 -14
32388 55
32564 78
32529 -83
32376 -61
32541 8
32558 -81
32472 -121
32555 17
32469 -17
32584 -50
32437 -12
32510 -71
32493 77
32076 119
32510 -35
32361 -87
32353 -34
32424 -86
32451 -1
32472 157
32522 54
32446 -35
32694 128
32372 -162
32769 -34
32355 2
32276 183
32414 97
32480 -222
32362 106
32694 -8
32391 20
32471 -174
32368 218
32555 74
32515 200
32442 -243
32578 169
29055 -54
-13616 -775
-32702 310
-29034 18
-10564 171
-6662 -118
-6687 37
-6534 58
-7079 -105
-7032 -112
-6701 136
-6699 156
-6745 155
-6713 -30
-6738 -232
-6566 85
-6559 33
-6827 29
-6790 -117
-6654 230
-6772 -209
-6653 191
-6569 6
-6558 -63
-6777 94
-6554 1
-6487 -3
-6648 166
-6708 -105
-6812 -145
-6611 49
-6486 -157
-6783 -199
-6738 -135
-6607 108
-6709 32
-6680 4
-6619 -168
-6825 214
-6555 111
-6797 -240
-6508 186
-11614 -5
-29761 -55
-32539 -319
-18973 467
22818 524
29157 -294
28908 -151
29019 121
29001 131
29107 -22
29126 303
23570 -118
-17604 -728
-32337 303
-26691 79
-14123 225
-13383 -63
-13393 -76
-13454 -40
-14505 189
-26706 -269
-32531 56
-29773 263
-12310 143
-7056 165
-6636 -255
-6714 -236
-6987 69
-6809 -54
-6924 -51
-6752 269
-6604 291
-7303 183
-20922 -763
-32266 -238
-25613 271
-11772 42
-10291 -145
-10222 -97
-10257 -189
-10388 -190
-10091 100
-10414 -56
-10420 -77
-10119 296
-10281 217
-10223 70
-12052 -260
-25439 -635
-32480 -37
-32288 -34
-25069 181
-14469 186
-12985 102
-13304 -161
-13454 11
-13202 37
-13256 -219
-13470 -171
-13642 129
-13337 -158
-13056 248
-13287 152
-13226 -189
-13154 161
-13247 -92
-13237 -133
-13442 10
-13152 -50
-13065 -354
-13097 -41
-13073 210
-13386 148
-13221 -37
-13205 -90
-13294 26
-13540 7
-13433 219
-13355 -15
-13262 -63
-13650 -86
-19296 45
-30612 170
-32605 94
-30098 16
-16025 -263
-10324 -38
-10224 18
-10181 -100
-10163 39
-10220 48
-10024 36
-10337 -124
-10357 -230
-10219 -34
-10125 -16
-11273 27
-26062 209
-32749 -202
-30073 -221
-12093 347
-6710 150
-6763 -128
-6783 -38
-6580 -62
-6872 -97
-6878 10
-6599 146
-6764 -75
-6653 -156
-6749 88
-6738 18
-6933 -76
-20537 104
-32652 9
-32078 -294
-20299 153
-13340 53
-13087 -222
-13899 282
-24690 248
-33018 -109
-31467 -381
3426 -159
28566 198
29309 22
28991 -197
27768 23
-2792 516
-32254 -22
-32420 -2
-19333 -297
-6946 124
-6814 2
-6627 -33
-6875 98
-6648 89
-6976 -251
-6975 332
-6759 -116
-6688 -5
-6805 145
-6349 45
-6720 158
-6511 108
-6682 -87
-6687 -119
-6668 -67
-6653 -132
-6545 -109
-6691 -57
-6723 -140
-6910 -120
-6686 136
-6542 124
-6743 151
-6748 25
-6190 50
1050 81
492 321
-5548 -32
-6616 -4
-6877 -22
-7193 134
-23756 159
-33037 -125
-27901 -153
16411 -730
32448 597
32822 -135
32386 -117
32583 -72
32762 -213
32581 -67
32333 -231
32601 83
32599 -34
32347 -30
32576 -27
32480 31
32624 -20
32456 -4
32479 -143
32768 30
32748 96
32503 -44
32532 -98
32506 3
32478 -89
31935 170
32310 -52
32374 -215
32424 -127
32494 41
32612 15
32661 13
32500 0
32419 -47
32575 -237
32568 -159
32389 79
32514 226
32630 -53
32469 1
32494 79
32532 -156
32601 -113
32618 61
32420 -37
32589 -14
32576 -71
32318 44
32338 117
32586 38
29856 -22
-11986 -319
-32534 80
-29826 53
-11096 57
-6520 -28
-6810 -14
-6627 -18
-6646 78
-6548 105
-6955 132
-6711 23
-6680 -146
-6692 -140
-6713 105
-6764 -57
-6598 -70
-6658 181
-6659 -28
-6699 61
-6796 -104
-6423 -16
-6657 -13
-6815 -39
-6747 187
-6567 11
-6792 69
-6667 62
-6814 -74
-6700 -143
-6750 -5
-6694 50
-6632 211
-6580 -108
-6499 -50
-6561 -166
-6784 29
-6654 16
-6626 37
-6441 -39
-6799 166
-6602 100
-9185 -65
-27346 124
-32895 -52
-25137 104
18518 159
29163 -118
29099 70
29090 12
29262 -144
29185 -108
29092 18
27173 131
-9981 -310
-32268 251
-28486 6
-14739 -80
-13449 -215
-13131 3
-13137 -77
-13494 215
-24785 -38
-32703 -82
-31070 14
-13712 172
-6774 -101
-7061 -147
-6882 -260
-6552 87
-6564 -178
-6683 -3
-6600 53
-6728 75
-6780 180
-17062 57
-32028 1
-29511 11
-13937 42
-10241 -158
-10109 31
-10230 88
-10285 129
-10286 96
-10282 101
-10053 -165
-10211 2
-10248 52
-10060 -285
-10177 208
-18025 -73
-31447 -1
-32922 -41
-31111 -37
-19436 187
-13074 97
-13350 106
-13293 71
-13229 78
-13233 167
-13338 -74
-13434 161
-13346 187
-13235 119
-13275 207
-13433 16
-13389 13
-13324 -77
-13379 -129
-13261 36
-13302 123
-13318 154
-13429 -101
-13259 -77
-13165 -6
-12950 -6
-13188 -42
-13475 -66
-13275 -52
-13114 69
-13267 70
-13419 124
-15790 180
-27727 -8
-32861 180
-32021 2
-23331 -275
-11058 121
-10270 -109
-10351 -21
-10184 72
-10175 177
-10133 -3
-10142 124
-10114 -141
-10137 76
-10092 45
-10418 49
-13283 97
-28895 7
-32669 41
-28451 -10
-9776 -195
-6734 128
-6448 143
-6500 -54
-6715 -59
-6896 -13
-6899 224
-6536 243
-6628 19
-6692 190
-6633 11
-6495 24
-7485 118
-22278 -58
-32661 -112
-31826 -30
-19329 -117
-13442 -28
-13316 6
-14179 -58
-26727 -60
-32818 -91
-30130 69
8559 -89
29127 170
29144 85
29199 39
27589 23
-9738 375
-32552 -8
-32336 178
-16929 -196
-6490 -102
-6887 32
-6723 44
-6713 63
-6507 70
-6669 -96
-6594 76
-6804 20
-6785 -18
-6670 154
-6547 57
-6591 -101
-6612 -116
-6612 45
-6518 -35
-6739 127
-6686 -150
-6721 -159
-6714 71
-6602 17
-6733 -65
-6789 -99
-6688 -179
-6914 -20
-6521 51
-6683 -6
-6670 136
-6586 -50
-6591 134
-6800 -12
-6744 38
-7952 47
-25279 95
-32715 210
-26079 110
19215 -233
32620 128
32552 -5
32306 -16
32470 48
32516 -172
32605 -53
32446 40
32526 17
32411 119
32573 -94
32591 -77
32454 -90
32530 101
32637 -2
32419 -5
32482 -63
32288 147
32393 146
32598 -157
32435 -89
32489 -188
31879 -17
32496 -224
32292 -64
32248 72
32555 12
32417 -54
32463 86
32469 45
32652 -62
32300 -135
32305 -134
32579 113
32658 36
32536 134
32550 -13
32592 -88
32407 101
32397 -106
32410 -37
32310 -80
32269 124
32357 -144
32540 61
32638 -60
32571 -49
30373 203
-8166 -499
-32126 197
-30252 38
-11741 173
-6387 31
-6651 57
-6394 28
-6825 55
-6679 -42
-6639 116
-6838 -84
-6795 -139
-6782 -319
-6579 -146
-6409 -23
-6401 111
-6816 -26
-6775 1
-6580 -42
-6680 -131
-6821 -228
-6743 39
-6919 46
-6646 98
-6535 -180
-6822 -140
-6558 -121
-6669 18
-6450 54
-6411 199
-6692 119
-6561 89
-6743 -236
-6661 -81
-6680 32
-6700 143
-6606 174
-6909 44
-6629 -37
-6713 50
-6579 -81
-7885 177
-24278 -383
-32740 -111
-28928 53
10732 963
29145 -501
28874 -31
28968 -114
28988 41
29284 -69
29100 345
28511 234
-785 -721
-31518 461
-30140 285
-16251 -21
-13319 23
-13074 170
-13064 18
-13100 194
-22534 -161
-32340 -104
-32045 -176
-17031 437
-6785 -26
-6819 -7
-7052 67
-6789 45
-6754 -102
-6683 101
-6459 -106
-6570 -5
-6624 201
-12721 -320
-30757 -181
-31407 -75
-18286 218
-10397 -89
-10294 187
-10107 49
-10532 -161
-10522 21
-10172 20
-10115 -105
-10386 112
-10339 -75
-10351 -212
-10096 6
-11725 -274
-24563 -175
-32512 122
-32907 67
-27506 27
-15480 -43
-13262 -83
-13331 4
-13159 -38
-13224 -86
-13345 76
-13125 433
-13400 0
-13236 -161
-13267 309
-13213 -40
-13501 164
-13337 -331
-13393 114
-13265 201
-12917 -8
-13134 77
-13432 -19
-12954 -169
-13180 -162
-13349 84
-13266 16
-13443 -105
-13465 55
-13391 70
-13316 -66
-14555 -49
-24587 180
-32079 -124
-32709 -20
-28007 -279
-14461 -97
-10459 106
-10280 -156
-10163 -11
-10144 25
-10184 -183
-10251 -82
-10286 -96
-10397 -74
-10220 -123
-10095 91
-10017 -257
-16129 281
-31078 -20
-32858 117
-24417 -385
-7600 38
-6612 121
-6550 -181
-6805 95
-6635 40
-6627 273
-6397 130
-6598 -211
-6833 -52
-6801 43
-6662 47
-6709 -110
-7763 237
-24587 61
-32698 163
-31052 -223
-17829 -201
-13213 -100
-13169 -93
-15573 146
-28973 -177
-32927 -89
-26747 -432
15874 -227
29003 199
28967 30
28948 -342
22853 264
-19306 555
-32796 -200
-30857 -13
-13554 -9
-6613 123
-6760 -76
-6628 53
-6538 -46
-6591 67
-6882 -12
-6467 312
-6577 48
-6759 -55
-6870 7
-6730 90
-6650 219
-6811 5
-6804 93
-6672 11
-6824 100
-6585 343
-6707 -98
-6784 161
-6650 -258
-6740 203
-6861 237
-6514 -81
-6651 78
-6943 9
-6841 -229
-6516 -43
-6554 79
-6749 134
-6739 25
-6608 -83
-8458 37
-26513 122
-32626 5
-23882 -39
21685 -243
32752 166
32674 -208
32467 197
32487 -225
32525 -128
32527 -60
32599 240
32590 148
32459 -69
32095 14
32531 -8
32498 26
32640 -30
32659 136
32455 18
32401 30
32566 -158
32582 77
32423 25
32351 259
32748 11
32019 -238
32378 -7
32477 -26
32556 -139
32488 -7
32460 -116
32376 -25
32558 -81
32461 35
32404 2
32528 -46
32290 156
32436 56
32489 110
32429 -52
32496 -118
32530 97
32503 -61
32381 25
32433 -20
32377 2
32588 -36
32473 15
32412 -54
32443 16
31199 151
-3786 -234
-32415 9
-30917 92
-13620 64
-6633 -22
-6566 132
-6787 -98
-6751 -26
-6578 -134
-6593 27
-6568 141
-6721 34
-6939 -52
-6586 -149
-6573 -55
-6574 87
-6546 2
-6385 -108
-6661 -31
-6804 -30
-6483 104
-6502 183
-6711 21
-6573 -7
-6666 85
-6794 -86
-6664 -155
-6742 -36
-6487 26
-6625 -132
-6611 -23
-6692 4
-6805 -98
-6526 -10
-6692 35
-6585 -95
-6574 100
-6639 -44
-6669 -39
-6626 -7
-6697 119
-6905 63
-20360 -145
-32329 5
-31624 -7
614 447
28644 -250
29134 120
29199 -46
29076 17
29195 -80
29324 13
29050 124
8586 -407
-30379 -62
-31559 208
-18804 153
-13229 -14
-13189 -21
-13265 -120
-13298 48
-19732 -129
-32027 53
-32743 -100
-20775 278
-6935 -4
-6498 -77
-6761 -4
-6718 65
-7024 69
-6739 40
-6659 119
-6611 -29
-6661 221
-9756 74
-28078 -82
-32408 -18
-24509 176
-10944 -34
-10264 -67
-10435 34
-10242 -37
-10180 -33
-10272 18
-10263 18
-10140 80
-10280 -77
-10161 39
-10180 5
-10355 -103
-14630 125
-28630 -147
-32662 104
-31768 61
-22154 55
-13699 -192
-13473 -105
-13209 -165
-13330 14
-13415 -1
-13314 -87
-13333 5
-13332 14
-13206 27
-13369 -22
-13374 -64
-13394 -18
-13219 -17
-13284 31
-13309 114
-13370 -50
-13311 -105
-13311 -155
-13377 -154
-13350 -14
-13274 -155
-13434 -205
-13401 92
-13411 -200
-14682 -170
-23828 178
-31833 55
-32728 168
-30448 -28
-17521 -111
-10606 98
-10282 -73
-10444 157
-10457 -16
-10278 -21
-10164 145
-10279 -82
-10176 111
-10284 -39
-10321 342
-5160 50
-1938 -296
-18469 -10
-32262 -117
-32513 105
-19584 -52
-6973 -28
-6665 62
-6814 -33
-6600 25
-6544 -27
-6690 8
-6600 -41
-6658 -116
-6832 77
-6634 157
-6762 130
-6686 -69
-9043 -12
-27567 -46
-32734 -26
-29864 -52
-16284 92
-13353 95
-13319 -244
-17168 88
-30946 7
-32821 61
-21508 -280
22021 -152
29075 216
29099 2
29161 18
14686 397
-27529 -14
-32799 -76
-27592 -104
-9897 -68
-6430 160
-6619 52
-6656 -28
-6738 70
-6751 20
-6735 88
-6487 4
-6613 15
-6744 -43
-6632 143
-6799 61
-6912 125
-6712 74
-6656 -33
-6615 39
-6675 -4
-6558 67
-6737 73
-6656 22
-6827 -35
-7002 -73
-6948 -67
-6678 -120
-6583 116
-6649 28
-6633 -82
-6515 -61
-6608 -60
-6476 -1
-6669 156
-6719 70
-8713 145
-27400 29
-32603 -57
-22546 -79
23888 -37
32649 17
32601 54
32624 -26
32542 -85
32492 -104
32490 81
32546 48
32558 24
32461 42
32460 -115
32468 12
32536 -57
32493 -114
32431 -17
32641 165
32485 -12
32649 56
32490 -46
32563 -11
32596 -64
32457 39
32134 -57
32446 -29
32710 135
32487 142
32504 -44
32269 -19
32354 0
32622 -119
32171 258
32446 105
32678 15
32921 115
32583 132
32626 118
32764 310
32278 -199
32475 159
32695 38
32594 252
32628 264
32432 142
32695 -124
32571 41
32361 -148
32701 33
31592 451
654 -1122
-31869 205
-31320 127
-15326 322
-6762 -109
-6689 -54
-6682 -112
-6490 -7
-6817 189
-6619 134
-6691 -31
-6818 148
-6812 -34
-6899 -162
-6810 -255
-6728 372
-7044 -205
-7063 51
-6624 261
-6824 75
-6815 135
-6451 -35
-6461 -287
-6392 -13
-6791 172
-6610 38
-6578 192
-6724 173
-6613 106
-6690 -71
-6456 -120
-6455 17
-6855 -125
-6714 -12
-6615 -20
-6607 38
-6631 -45
-6678 264
-6690 -3
-6375 -266
-6490 -83
-6567 258
-15879 -327
-31483 153
-32209 -575
-11301 934
25861 83
29095 -246
29161 152
29106 241
29072 16
29168 217
29098 414
15917 -678
-26149 -190
-32187 101
-21916 310
-13315 58
-13017 29
-13649 109
-13503 213
-17156 -151
-30808 -405
-32576 -293
-24394 233
-8245 32
-6914 -135
-6748 144
-6703 -168
-6915 13
-6958 42
-6655 -6
-6717 -176
-6645 121
-7893 -123
-23484 -352
-32396 -50
-29863 16
-15255 80
-10605 -115
-10191 -102
-10468 -105
-9861 -140
-10361 -41
-10161 -262
-10230 -224
-10281 -10
-10195 68
-10242 -7
-10290 -51
-10527 2
-18212 -182
-30782 40
-32806 278
-29098 190
-17606 176
-13527 77
-13306 146
-13097 105
-13232 222
-13182 228
-13003 -19
-13531 42
-13162 -151
-13424 215
-13104 -29
-13374 -83
-13270 -31
-13108 184
-13151 230
-13374 191
-13340 -137
-13286 185
-13488 -124
-13544 -39
-13455 11
-13341 286
-13212 -17
-16063 45
-24878 136
-31902 119
-32944 -207
-31145 -327
-20623 -193
-11301 -139
-10392 79
-10283 31
-10290 -355
-10145 -178
-10357 81
-10523 18
-10343 262
-9528 -165
-5491 50
-2656 -136
2241 205
8712 91
-6304 -263
-30732 -312
-31079 34
-15253 -130
-6699 383
-6674 -162
-6995 359
-6468 -77
-6661 -69
-6532 -164
-6791 -377
-6657 1
-6582 23
-6547 104
-6501 114
-6856 -66
-11783 446
-29754 179
-32689 -264
-28049 -428
-14867 -23
-13118 -9
-13290 -196
-20397 382
-32174 -159
-32635 111
-12603 -1255
26190 73
29323 509
29197 56
28584 -216
4205 1252
-30768 -426
-32982 83
-23043 -608
-7650 -171
-6690 82
-6677 -144
-6716 -109
-6480 -66
-6637 82
-6678 46
-6596 -104
-6706 74
-6741 26
-6459 19
-6828 76
-6910 -9
-7062 -271
-6732 98
-6452 -79
-6573 -25
-6361 -16
-6555 131
-6606 227
-6919 155
-6701 19
-6605 -130
-6558 -48
-6812 169
-6742 -224
-6543 -141
-6707 -179
-6709 427
-6731 26
-6683 135
-6516 65
-9153 -177
-28032 151
-32757 52
-20854 -111
25327 -187
32685 340
32578 -81
32425 2
32463 -39
32538 -51
32586 228
32357 -57
32490 -109
32518 51
32176 -46
32578 15
32291 -86
32336 19
32531 70
32626 70
32574 36
32619 100
32555 -9
32582 -171
32460 -81
32652 -147
31968 180
32467 -194
32447 -149
32600 -87
32524 -96
32427 -174
32484 -87
32409 -93
32475 -142
32496 -55
32518 93
32656 -18
32600 37
32600 103
32335 47
32369 -125
32682 -15
32513 67
32703 -125
32545 92
32450 9
32482 108
32498 49
32475 -247
32529 111
32203 45
4550 -290
-31872 12
-31933 -84
-16638 38
-6722 69
-6556 25
-6780 39
-6560 71
-6903 176
-6612 3
-6873 -47
-6813 116
-6534 35
-6600 70
-8561 -72
-9728 8
-9491 39
-9318 -68
-9225 113
-9507 112
-8806 43
-7117 -49
-6894 -171
-6672 70
-6719 143
-6519 57
-6538 130
-6704 36
-6639 234
-6753 30
-6678 -35
-6431 -93
-6637 -23
-6760 -29
-6721 -38
-6541 -6
-6607 170
-6638 -7
-6779 -198
-6734 -71
-6754 -168
-6596 -112
-11306 -92
-29734 -79
-32806 -176
-21675 183
21607 244
29307 -114
29076 90
29282 93
29076 80
29291 197
29447 180
22075 -226
-21575 -141
-32863 -93
-26234 147
-14153 86
-13182 -19
-13302 183
-13333 90
-15392 -94
-28957 61
-32749 -132
-28118 123
-9773 108
-6672 23
-6599 101
-6584 81
-6764 10
-6787 -72
-6852 -6
-7053 -32
-6657 -33
-6775 144
-15889 -100
-31347 -51
-32360 42
-23244 194
-11195 9
-10228 -157
-10275 6
-10281 -54
-10159 -248
-10359 -4
-10200 25
-10153 62
-10158 -184
-10186 -69
-10301 -43
-10376 -54
-11801 118
-24951 -77
-32225 -63
-32564 -269
-27453 351
-16240 80
-13379 -164
-13328 -26
-13369 106
-13132 203
-13277 -16
-13425 55
-13293 89
-13197 -82
-13232 4
-13226 7
-13309 50
-13332 184
-13323 -37
-13374 -13
-13226 8
-13350 237
-13171 3
-13428 -175
-13539 52
-13681 47
-17755 -9
-26895 172
-32114 -161
-32784 102
-30910 -26
-21616 -277
-11555 158
-10301 135
-10310 150
-10198 165
-10340 46
-10256 139
-10231 -17
-10345 171
-9737 -40
-414 -76
2616 -140
9966 223
-1724 -120
5954 192
-6913 291
-29614 9
-28320 -40
-10132 -47
-6594 25
-6548 -37
-6678 115
-6503 -156
-6656 21
-6685 156
-6505 89
-6668 -60
-6716 -76
-6626 -250
-6694 13
-6905 116
-16744 261
-31845 -213
-32769 46
-25094 -229
-13810 58
-13290 47
-14066 100
-25271 155
-32781 -2
-31720 30
-626 -418
28518 301
29134 61
29024 -275
27532 -44
-7585 537
-32479 -393
-32362 50
-18460 -242
-6968 -58
-6626 -169
-6615 -21
-6726 57
-6761 1
-6819 -219
-6684 -36
-6835 -31
-6633 -61
-6646 -2
-6591 -38
-6740 -30
-6636 1
-6635 47
-6938 58
-6712 -105
-6134 -237
-6247 -70
-6539 -152
-6956 -133
-6539 90
-6455 159
-6619 -62
-6587 -184
-6684 31
-6666 53
-6739 -75
-6681 121
-6598 -60
-6607 29
-6557 52
-6774 7
-9178 54
-28535 87
-32988 81
-20495 -213
26185 147
32611 183
32517 96
32530 -61
32465 -3
32534 61
32555 -156
32653 81
32619 -51
32496 147
32462 72
32505 -24
32506 10
32620 1
32408 -76
32459 -55
32362 99
32491 -69
32522 18
32469 107
32538 58
32498 60
32285 -42
32527 235
32391 -299
32345 -36
32412 4
32464 -137
32511 -45
32581 -302
32513 73
32574 -115
32630 6
32515 121
32637 -142
32705 -196
32653 7
32458 83
32723 -69
32678 -238
32540 -148
32758 8
32222 334
32382 19
32356 -68
32543 -10
32406 -9
32205 295
9106 -589
-30156 312
-32471 -54
-18288 48
-6664 -5
-6558 -27
-6675 80
-6544 -70
-6606 182
-6614 68
-6612 24
-6666 236
-6653 -86
-6690 43
-8768 -164
-9878 84
-3743 -355
-1 -108
-7254 11
-10134 187
-10249 71
-7664 6
-6798 108
-6738 222
-6542 91
-6534 -147
-6582 -109
-6683 49
-6656 -76
-6590 -154
-6605 -45
-6406 -204
-6679 -99
-6772 66
-6677 96
-6618 -278
-6677 -71
-6397 -44
-6796 -17
-6775 33
-6743 -135
-6516 -102
-8856 46
-26200 -260
-32870 11
-27331 211
13824 470
29092 -171
29264 67
28863 235
29216 -247
29076 91
29216 198
26322 25
-11939 -789
-32374 284
-30017 220
-16634 142
-13200 -36
-13406 61
-13079 183
-13827 -177
-26438 -240
-32913 -82
-30341 -234
-12712 7
-6640 -162
-6698 -86
-6931 424
-6718 184
-6595 64
-6548 -75
-6732 126
-6140 -28
-3299 238
-7300 -258
-26345 -297
-32617 111
-30406 224
-16771 244
-10698 -123
-10297 -114
-10375 11
-10251 65
-10329 76
-10316 -6
-10066 -184
-10307 91
-10257 -63
-10135 -130
-10222 -94
-10220 322
-15023 -50
-28605 -283
-32705 262
-32464 218
-26643 302
-16739 208
-13332 -199
-13418 12
-13103 -34
-13392 159
-13222 81
-13109 -158
-13474 44
-13256 -123
-13176 -73
-13286 11
-13436 255
-13507 189
-13270 -91
-13239 257
-13473 -28
-13490 39
-13800 90
-15774 156
-22517 306
-29993 15
-32600 -187
-32747 -273
-29621 -225
-18854 -206
-11320 82
-10226 -18
-10408 18
-10521 99
-10140 -98
-10307 -54
-10378 -91
-10223 199
-8845 18
-1862 -134
5642 -204
6674 -180
-1047 282
4656 -315
-13070 449
-29482 526
-32226 -109
-20999 -374
-7160 302
-6561 73
-6703 -64
-6731 150
-6743 -417
-7087 114
-6684 145
-6785 139
-6539 122
-6795 57
-6725 -148
-6588 -113
-7738 -23
-22678 407
-32555 -160
-32206 -34
-21046 -376
-13284 313
-13269 11
-16472 331
-29439 191
-32868 50
-27725 -198
12698 -870
29070 541
29060 94
28972 -270
24169 -56
-17074 725
-32835 -365
-31047 245
-14057 -363
-6754 -9
-6724 -71
-6635 -101
-6455 72
-6558 130
-6399 -36
-6604 -120
-6527 12
-6582 16
-6559 -61
-6716 77
-6785 48
-6663 -137
-6616 105
-6564 52
-3025 -348
-58 161
-3895 -169
-6542 -215
-6563 232
-6597 -133
-6741 -43
-6648 116
-6657 -179
-6381 -1
-6735 89
-6643 -7
-6530 242
-6668 47
-6653 80
-6710 200
-6659 182
-9582 80
-28730 193
-32629 -19
-18069 -333
27278 -85
32751 10
32700 -173
32450 -19
32520 138
32371 -43
32389 -273
32689 244
32265 -1
32374 110
32509 117
32631 5
32551 -156
32521 -168
32487 -47
32554 -191
32723 -8
32465 67
32508 -300
32507 35
32518 117
32314 -77
32218 -119
32414 -115
32569 -38
32477 -10
32365 -22
32346 -5
32571 100
32545 -24
32590 -32
32427 -25
32516 -70
32544 76
32522 15
32545 91
32488 -51
32542 45
32490 -61
32358 59
32379 -7
32476 -99
32562 189
32598 -35
32512 117
32490 5
32551 192
32403 41
14145 -145
-28993 24
-32456 -112
-20430 -7
-6916 -41
-6693 62
-6685 -18
-6580 -35
-6576 -32
-6595 -77
-6696 24
-6653 11
-6659 -46
-6761 -81
-9030 8
-7813 -51
6122 -154
-321 225
-8109 -135
-10198 37
-9937 -39
-7772 -172
-6643 23
-6642 -45
-6580 -89
-6735 -26
-6714 -16
-6686 76
-6707 -54
-6672 -145
-6713 -15
-6672 -97
-6767 70
-6482 74
-6545 -44
-6479 61
-6581 140
-6587 -32
-6715 17
-6692 -104
-6644 59
-6497 -185
-7173 -28
-22274 -57
-32742 11
-30809 -91
4939 338
28947 -97
29201 -44
29098 117
29095 1
29216 -6
29241 50
28692 147
-61 -416
-31695 170
-31754 -33
-20002 91
-13335 -144
-13365 10
-13311 48
-13705 178
-22998 -55
-32501 -138
-31990 33
-17660 238
-6775 -54
-6585 76
-6713 29
-6646 -52
-6688 24
-6701 239
-6529 78
-2307 -87
-220 49
-4450 149
-16999 -216
-31313 13
-32652 -67
-27045 27
-13517 16
-10185 -15
-10339 14
-10171 -26
-10261 56
-10100 79
-10122 -45
-10245 -22
-10413 -35
-10250 -87
-10364 34
-10113 -77
-10523 -13
-17296 -219
-29423 -53
-32500 -11
-32459 -83
-28499 20
-19579 209
-14451 115
-13290 -87
-13377 -110
-13335 104
-13320 32
-13155 91
-13197 -33
-13332 -199
-13243 148
-13174 -38
-13177 -194
-13376 130
-13375 84
-13852 101
-16068 159
-21740 65
-28636 102
-32166 98
-32818 -171
-32297 20
-27240 -67
-16190 -54
-10840 -21
-10325 82
-10168 -93
-10303 -2
-10309 18
-10239 95
-10176 168
-9441 202
-6195 -88
401 82
7545 -117
9332 -260
3623 296
1721 -145
-10740 467
-28004 65
-32551 -139
-29612 -65
-12414 -86
-6633 35
-6605 -54
-6681 108
-6646 -1
-6662 13
-6695 -24
-6837 -28
-6560 112
-6658 -12
-6752 59
-6642 59
-6741 -73
-10439 113
-28398 24
-32822 -83
-30447 -117
-16753 -108
-13306 23
-13309 -49
-20530 243
-31912 -5
-32801 90
-18034 -333
23582 -167
29139 256
29188 78
29048 -99
18058 441
-25200 178
-32777 -41
-28660 -116
-10486 -56
-6605 94
-6569 -59
-6708 -178
-6583 113
-6638 -61
-6558 54
-6638 -8
-6519 99
-6758 -96
-6768 104
-6548 -82
-6630 73
-6777 -108
-6711 20
-6310 -96
-635 16
-4032 111
-6106 7
-6137 -102
-6597 22
-6661 32
-6680 56
-6675 -83
-6618 69
-6689 29
-6665 79
-6680 60
-6558 -25
-6569 14
-6611 -71
-6709 -3
-6697 84
-10429 40
-29307 25
-32807 -44
-17587 -83
27443 -107
32558 143
32407 -5
32445 5
32582 -14
32517 67
32446 -41
32527 -23
32674 -40
32704 143
32512 -41
32543 -106
32586 -3
32524 119
32565 85
32456 -11
32606 -2
32568 -8
32502 24
32560 8
32570 34
32550 31
32155 36
32360 -416
32495 8
32264 59
32415 -1
32402 -197
32723 15
32616 -124
32434 -46
32581 -35
32667 107
32729 95
32508 -10
32394 -155
32674 74
32534 -120
32395 -248
32346 -132
32514 16
32519 73
32304 364
32299 -214
32456 -49
32461 -244
32475 99
32484 640
17280 -835
-26957 -245
-32282 154
-22211 501
-7469 -173
-6301 -122
-6646 328
-6815 110
-6626 11
-6593 17
-6790 84
-6471 177
-6792 -3
-6848 -4
-9402 149
-8225 -279
-2517 323
-8623 247
-3674 -89
-6146 44
-9985 114
-7321 -61
-6549 99
-6653 -70
-6555 -64
-6664 241
-6561 129
-6745 -54
-6556 80
-6983 -66
-6549 74
-6597 -9
-6604 -95
-6576 -23
-6749 164
-6499 52
-6440 50
-6619 -187
-6639 224
-6509 -129
-6267 95
-6541 -54
-7050 -57
-17933 -651
-31799 -165
-31662 -28
-6408 878
27155 292
29129 189
29043 289
29099 58
29255 120
29242 352
28617 322
9029 -1033
-28845 -320
-32242 131
-24015 142
-13799 -17
-13021 -34
-13362 -23
-13330 146
-19417 -138
-31410 -373
-32236 -57
-23415 550
-8039 353
-6523 -65
-6918 51
-6868 -133
-6576 209
-6372 -322
-6691 14
-2948 0
-4804 93
-5994 -168
-6343 -110
-24103 -476
-32217 -292
-31986 -49
-23909 401
-12087 123
-10188 32
-10381 131
-10253 -97
-10181 -91
-10332 -168
-10268 40
-10266 -29
-10334 -307
-10317 -156
-10244 126
-10106 100
-10876 43
-17657 -527
-28943 -75
-32038 139
-32711 221
-30870 306
-25325 131
-18569 49
-14847 125
-13723 268
-13975 -40
-13875 44
-13778 -68
-13590 -112
-13613 -168
-13845 -141
-14906 -91
-17215 59
-20899 43
-25124 168
-29452 352
-32290 257
-32617 125
-32243 -52
-30149 73
-22138 -193
-13260 -170
-10244 -224
-10361 -90
-10505 139
-10372 -332
-10631 155
-10224 214
-9755 -77
-7600 -272
-1454 53
8013 26
6674 86
5863 198
7274 509
-3477 132
-10264 384
-21333 224
-31702 292
-32217 -167
-22409 -664
-7874 -32
-6599 -42
-6780 127
-6944 66
-6327 162
-6682 -165
-6858 75
-6483 178
-6400 61
-6860 119
-6595 231
-6831 28
-6764 39
-16263 669
-31151 195
-32481 15
-26202 -377
-14382 48
-12884 114
-14673 1
-26033 215
-32479 248
-30983 -265
-1179 -1228
27664 -193
29307 462
29146 129
28189 97
5290 1068
-29506 246
-32625 -317
-24333 -663
-8271 37
-6429 -112
-6735 172
-6460 -162
-6800 -133
-6754 131
-6651 20
-6995 -28
-6562 -134
-6800 59
-6616 77
-6630 -49
-6633 296
-6607 -52
-6255 19
-6728 99
-5551 185
-6084 -149
-3751 -301
-1772 109
-6260 -41
-6665 -201
-6715 -171
-6723 202
-6620 -160
-6529 -31
-6711 215
-6725 48
-6522 -136
-6565 126
-6661 84
-6669 213
-6595 145
-10611 30
-29012 95
-32363 280
-17188 -413
26873 -387
32779 198
32474 82
32509 4
32443 -250
32468 271
32357 136
32554 -76
32577 -332
32313 -197
32519 173
32480 -184
32538 111
32822 -64
32602 194
32420 121
32468 -169
32560 -74
32343 115
32361 -277
32776 -136
32354 81
31900 151
32263 -21
32445 33
32456 -129
32529 -95
32552 -140
32485 72
32469 -227
32583 55
32335 -145
32392 15
32374 78
32422 127
32564 -49
32351 30
32533 -31
32575 39
32301 -16
32423 39
32381 125
32579 125
32567 1
32482 -32
32520 -43
32359 -11
32435 116
20634 -256
-25854 44
-32657 128
-23452 -116
-7469 146
-6556 -45
-6713 40
-6623 -3
-6565 -98
-6787 12
-6745 79
-6662 -57
-6567 25
-7029 -129
-9712 77
-10260 -117
-9038 49
-1996 -276
6212 269
-4554 -54
-9726 47
-7116 -60
-6788 -10
-6608 50
-6674 -62
-6546 42
-6646 -49
-6568 -54
-6601 -129
-6711 -25
-6755 55
-6756 45
-6759 4
-6571 35
-6537 10
-6717 -62
-6638 -59
-6618 -46
-6672 41
-6488 1
-6825 145
-6709 -153
-6762 69
-13151 -122
-30723 -56
-32275 47
-19303 250
23080 139
29219 63
29236 -39
29210 -74
29018 121
29155 9
29198 206
18176 -342
-25131 -67
-32713 -93
-27873 99
-14692 29
-13370 -70
-13147 -24
-13100 85
-15527 42
-29201 -16
-32804 -70
-28736 113
-10945 72
-6590 -180
-6687 125
-6648 -106
-6547 153
-6332 -136
-6591 52
-6668 59
-5365 -140
-2260 -100
-775 186
-12332 -306
-28625 -88
-32883 9
-31517 92
-20782 259
-11186 -10
-10388 20
-10086 -30
-10300 -72
-10164 18
-10186 -226
-10157 -182
-10211 -52
-10140 -162
-10348 -211
-10289 48
-10096 -21
-10395 4
-15946 -115
-26553 -127
-32085 179
-32657 63
-32494 -134
-30949 -41
-27873 81
-25654 126
-25156 6
-24277 -37
-24349 -95
-25022 105
-25439 -43
-26293 204
-28452 10
-30821 -84
-32068 93
-32463 -31
-32778 -85
-32374 346
-30132 -149
-23337 -73
-15169 -50
-10683 19
-10486 -31
-10388 33
-10267 -97
-10226 -49
-10305 -27
-10322 -4
-9187 177
-936 -177
3515 -132
7582 131
12213 98
8452 74
-3894 101
-6961 293
-10035 -65
-15201 166
-29526 210
-32725 -14
-29737 153
-13171 -114
-6573 -33
-6660 -58
-6735 -128
-6516 -28
-6588 -93
-6721 83
-6643 -129
-6521 111
-6567 -32
-6693 -7
-6632 61
-6692 25
-8085 59
-23463 87
-32515 -99
-31955 -18
-20938 -192
-13413 -26
-13220 66
-17897 8
-30841 97
-32545 139
-24507 -360
17016 -510
28993 -9
29086 -42
29275 -13
25673 102
-11821 412
-32348 -154
-32184 92
-18100 -295
-6596 -141
-6520 -253
-6685 83
-6624 124
-6622 -97
-6689 73
-6642 0
-6733 141
-6605 -24
-6868 -11
-6650 -214
-6684 -105
-6797 109
-6673 -54
-6544 -92
-6547 -47
-6388 142
-3110 77
184 -190
-3409 82
-6609 -58
-6816 -89
-6680 48
-6587 197
-6673 -54
-6480 40
-6797 7
-6669 -118
-6677 158
-6704 -48
-6740 -127
-6493 153
-6667 -62
-10540 198
-29337 -38
-32487 63
-17643 -69
27535 14
32421 154
32422 -181
32402 62
32472 -135
32375 133
32741 68
32440 -25
32478 43
32531 104
32352 151
32492 -25
32376 -270
32504 15
32552 -81
32609 5
32616 -54
32732 -63
32373 -89
32512 72
32404 -15
32506 -27
32081 159
32508 -218
32524 -41
32513 -46
32565 253
32505 85
32461 -229
32590 -24
32630 -60
32324 201
32577 1
32491 -228
32374 137
32300 8
32546 35
32577 -41
32664 11
32542 -202
32682 104
32544 107
32479 106
32405 -113
32320 -192
32383 -194
32399 15
32555 144
22366 -216
-23317 -354
-32699 151
-24571 268
-7692 36
-6450 -37
-6750 57
-6763 -18
-6484 125
-6601 101
-6581 276
-6691 46
-6755 -79
-7477 83
-9889 68
-10172 -151
-8785 97
-1291 -129
-2407 461
-9301 119
-9500 155
-7246 -85
-6666 10
-6477 -130
-6858 142
-6653 80
-6794 114
-6557 117
-6743 40
-6874 175
-6677 149
-6776 144
-6501 -76
-6652 -110
-6571 -153
-6488 -12
-6640 -107
-6727 141
-6567 182
-6622 44
-6442 135
-6565 -2
-6825 -89
-9635 -174
-26818 -284
-32791 166
-27685 49
12352 1025
28966 -290
29051 24
28840 -47
28938 -15
29274 91
29150 -31
24120 -74
-16684 -868
-32604 316
-30897 -26
-18314 502
-13258 10
-13411 -34
-13138 -113
-13714 -57
-24251 -349
-32748 134
-31806 -63
-17014 221
-6814 25
-6614 -52
-6619 196
-6365 -23
-6559 -55
-6584 -185
-6416 159
-4355 25
-1953 87
-5358 229
-7452 64
-16753 -126
-30607 -331
-32315 -52
-30915 -72
-20174 23
-11604 -23
-10239 -43
-10300 -206
-10363 -111
-10323 -193
-10335 120
-10162 -244
-10392 70
-10631 200
-10082 -227
-10355 88
-10202 -93
-10352 27
-12862 -31
-21300 -129
-29195 36
-32453 -45
-32879 66
-32731 -124
-32824 -44
-32615 -77
-32886 166
-32726 -170
-32697 -33
-32716 -311
-32730 -136
-32650 -3
-32676 -72
-32267 -136
-30480 -114
-27400 -61
-21977 -45
-15158 84
-11111 -77
-10454 234
-10329 72
-10141 79
-10139 -30
-10348 266
-10367 -92
-10338 -331
-9980 240
-4930 -84
5555 4
4989 -279
844 -30
2000 276
-6681 129
-9717 16
-9965 298
-12221 -94
-25049 324
-32509 -5
-32053 115
-21112 -294
-7706 -271
-6802 127
-6693 -222
-6497 205
-6671 58
-6556 -45
-6620 109
-6668 262
-6534 208
-6657 -188
-6777 288
-6534 34
-6848 65
-12974 421
-29727 84
-32564 -41
-28982 -148
-15954 6
-13370 -149
-13756 -154
-24273 442
-32410 6
-31775 331
-7622 -1136
26186 -91
29111 28
28957 172
28857 -163
16199 754
-24801 189
-33035 -301
-29363 -213
-11788 -266
-6554 62
-6738 -126
-6641 97
-6614 -85
-6532 198
-6907 195
-6546 95
-6639 101
-6573 -201
-6448 276
-6539 54
-6596 81
-6560 -141
-6436 -61
-6615 56
-7013 -59
-6261 0
-5785 -111
-5759 -45
-6420 -221
-7054 5
-6666 -6
-6553 111
-6641 -62
-6828 1
-6608 -132
-6810 -99
-6665 -130
-6620 -166
-6588 -3
-6678 104
-6728 46
-6435 141
-10665 295
-29431 -51
-32691 22
-17615 -33
27323 -73
32512 257
32374 82
32495 14
32319 -75
32635 -5
32384 53
32454 151
32390 -28
32533 186
32378 42
32365 57
32734 -66
32418 30
32359 50
32608 92
32489 -155
32528 9
32334 144
32433 83
32454 140
32563 64
32059 -135
32369 -207
32510 -75
32544 -69
32577 -37
32519 1
32459 15
32484 -24
32587 79
32385 -3
32381 -100
32509 -5
32472 45
32446 -58
32386 28
32500 92
32353 46
32423 -40
32463 -39
32713 159
32535 -143
32346 71
32482 33
32526 -69
32616 80
32428 9
24576 -205
-21106 -57
-32693 159
-25825 86
-8074 -30
-6575 111
-6611 33
-6580 51
-6718 115
-6673 8
-6711 -114
-6755 -68
-6733 3
-7023 -45
-8725 45
-8982 -122
-9091 -103
-9258 -2
-9205 92
-9516 -17
-8464 -103
-6590 -45
-6676 -31
-6630 -21
-6761 120
-6503 -10
-6587 152
-6600 -79
-6564 -97
-6598 55
-6598 75
-6677 202
-6699 163
-6742 -98
-6507 -104
-6724 -126
-6609 20
-6654 -206
-6475 134
-6696 -103
-6623 54
-6722 -139
-6663 81
-7431 -1
-21138 -142
-32368 -47
-32119 -139
-4546 520
27863 30
29263 82
29025 273
29208 24
29079 68
29273 -54
28316 206
-1695 -446
-31771 -90
-32498 -6
-24243 170
-13988 81
-13216 11
-13243 53
-13343 216
-18220 -18
-31101 -215
-32421 -139
-25133 77
-8645 133
-6564 70
-6617 44
-6639 2
-7069 62
-6539 -51
-6657 -44
-6522 139
-6580 114
-6555 -113
-6895 110
-7998 -63
-20440 -242
-31625 -244
-32534 -27
-31232 70
-21499 262
-11416 -71
-10143 23
-10325 -71
-10169 -82
-10368 -45
-10114 67
-10254 84
-10385 85
-10177 -9
-10191 -187
-10154 244
-10211 -28
-10328 67
-10809 57
-14391 -159
-21588 -85
-26997 -55
-29673 -142
-30670 41
-30781 80
-30892 124
-30824 32
-30689 63
-30022 -83
-29462 18
-27632 34
-23966 -89
-19385 -160
-15235 90
-12110 -59
-10602 -64
-10088 228
-10191 -2
-10288 -80
-10123 -26
-10404 -90
-10259 7
-10362 -34
-10310 70
-10253 -42
-10319 -131
-8154 -92
5021 145
4839 55
-5410 -105
-9766 125
-10306 96
-10225 13
-11125 37
-21084 131
-31510 -126
-32389 222
-27413 -93
-10913 -1
-6789 14
-6585 85
-6706 140
-6684 41
-6689 58
-6654 83
-6669 128
-6529 -28
-6634 1
-6675 -84
-6563 20
-6582 -27
-8061 19
-22605 424
-32451 5
-32343 135
-23480 -244
-13581 -55
-13249 36
-16779 75
-29668 6
-32992 58
-27678 -41
12217 -458
28967 227
29174 67
29168 36
28209 29
-357 679
-31500 -242
-32613 178
-23637 -348
-7750 -143
-6676 50
-6592 -37
-6697 28
-6707 -55
-6518 43
-6527 -56
-6550 -52
-6593 -30
-6515 33
-6751 109
-6605 -71
-6606 122
-6605 -53
-6602 -130
-6822 -15
-6598 23
-6676 -132
-6596 -35
-6748 -8
-6738 -65
-6869 121
-6569 21
-6681 41
-6673 93
-6529 -5
-6578 84
-6745 1
-6643 -43
-6703 -85
-6588 -212
-6682 -45
-6654 208
-6667 -82
-10517 -147
-29255 34
-32650 20
-15551 -136
28186 -56
32410 222
32557 -72
32460 -140
32523 -8
32454 -51
32563 -90
32435 49
32526 -19
32692 -69
32500 -63
32403 167
32390 -139
32464 64
32594 -11
32460 -73
32321 20
32504 -39
32330 72
32538 -68
32418 -137
32534 -34
32039 245
32573 -60
32530 -100
32401 -209
32629 128
32464 44
32421 70
32295 -8
32660 -133
32329 -121
32236 32
32343 158
32496 44
32481 149
32307 185
32591 -5
32587 244
32223 -2
32601 153
32753 -170
32383 124
32659 15
32448 186
32494 -270
32461 162
32506 452
26430 -502
-18248 -397
-32512 164
-26662 292
-9006 -12
-6438 -276
-6675 225
-6661 258
-6606 -12
-7006 34
-6517 16
-6624 101
-6959 231
-6567 -193
-6688 10
-6392 -207
-6460 62
-6916 46
-6985 7
-6967 -65
-6865 152
-6894 -14
-6640 -30
-6932 19
-6461 -141
-6598 56
-6749 -172
-6569 127
-6810 -66
-6707 128
-6577 96
-6575 23
-6507 -158
-6719 50
-6736 -136
-6606 -156
-6588 33
-6628 -72
-6963 35
-6599 84
-6478 163
-6819 218
-6637 -181
-6760 106
-14352 -99
-30585 -305
-32572 -274
-20692 876
20107 631
28962 20
29132 29
28871 -140
29289 263
29203 25
29069 196
14896 -672
-25709 -473
-32797 -79
-29405 -12
-16744 261
-13101 -191
-13143 -171
-13041 82
-14733 82
-26217 -649
-32751 51
-30599 229
-14945 462
-6815 -25
-6663 32
-6978 -167
-6842 -324
-6822 -97
-6492 45
-6887 173
-6742 294
-6573 -15
-6621 -24
-7038 72
-9272 -114
-21678 -310
-31170 -151
-32578 72
-31095 273
-22442 51
-12755 -84
-10143 -129
-10285 286
-10310 -69
-10241 -60
-10296 198
-10103 170
-10169 -45
-10277 -58
-10181 -125
-10358 289
-10278 -5
-10246 -19
-10224 -52
-10719 -72
-12129 -121
-13730 179
-14593 -205
-14695 -205
-14975 80
-14926 5
-14557 -9
-14204 -193
-13646 -290
-11813 -378
-10722 147
-10130 105
-10039 299
-10093 208
-10203 58
-9928 -154
-10199 213
-10147 248
-10299 -80
-10359 47
-10293 145
-10154 188
-10317 -130
-10178 27
-10447 -114
-10058 -183
-8730 -36
-8433 -262
-10303 -99
-10194 -21
-10228 -135
-11482 142
-19860 257
-30925 0
-32879 233
-30305 -408
-15961 -408
-6863 141
-6760 313
-6332 -18
-6801 53
-6512 181
-6649 143
-6839 -47
-6677 6
-6573 113
-6645 -242
-6502 -20
-6477 -12
-6793 34
-14491 508
-30050 46
-32918 25
-29814 -417
-17303 -78
-13516 -171
-14046 355
-23163 290
-31977 -82
-32256 238
-14089 -897
23949 -440
28880 9
29177 -16
29346 -234
22875 533
-16957 1011
-32548 -289
-31295 -134
-16101 -516
-6793 149
-6632 156
-6495 -133
-6599 71
-6646 -90
-6781 -228
-6715 -59
-6643 -28
-6703 -169
-6543 -119
-6785 146
-6750 -162
-6660 35
-6645 -4
-7096 54
-6625 -22
-6589 -200
-6689 -95
-6812 -320
-6809 44
-6764 -57
-6608 -103
-6974 -173
-6898 -258
-6574 -15
-6763 68
-6538 -169
-6795 311
-6528 12
-6707 157
-6942 81
-6732 -7
-6270 47
-6739 -25
-10328 -29
-29460 255
-32888 221
-13347 -277
28932 -181
32775 108
32399 -56
32167 218
32625 178
32437 -138
32484 -109
32423 54
32439 -166
32482 -176
32375 138
32457 -3
32554 36
32475 -36
32408 -114
32451 71
32292 272
32671 37
32521 51
32090 123
32524 200
32418 86
31980 11
32580 -55
32541 46
32641 -47
32503 11
32306 -116
32548 98
32599 -2
32499 -3
32527 -5
32228 52
32569 27
32473 42
32651 20
32472 60
32617 -13
32545 -38
32446 4
32582 -167
32471 -59
32571 -135
32494 -107
32490 92
32360 -137
32686 -71
32392 73
28713 31
-15689 -184
-32884 165
-28057 88
-9611 -39
-6648 87
-6587 148
-6550 -19
-6623 -1
-6776 -54
-6903 -12
-6809 23
-6695 25
-6668 87
-6792 70
-6791 -13
-6546 60
-6690 -4
-6416 34
-6654 111
-6526 59
-6586 -20
-6882 26
-6607 -51
-6872 -140
-6645 1
-6621 100
-6655 81
-6632 72
-6756 80
-6661 -28
-6611 35
-6783 42
-6771 204
-6709 -10
-6515 15
-6593 -40
-6757 43
-6743 62
-6601 -113
-6602 -85
-6534 78
-6686 46
-6661 45
-8534 -10
-25681 -116
-32679 -139
-30724 -123
2244 415
28155 -132
29345 -117
29134 216
29108 -50
29202 37
29231 1
26011 -58
-12398 -540
-32278 185
-32240 -35
-22505 137
-13591 -153
-13352 -118
-13436 -15
-13275 10
-19666 -152
-31234 53
-32535 -90
-24349 192
-8625 -100
-6862 -98
-6601 5
-6749 -9
-6925 -64
-6660 38
-6517 99
-6747 119
-6782 -230
-6848 187
-6750 24
-6996 104
-8787 105
-20035 -197
-31405 56
-32931 10
-31883 -186
-25562 115
-14525 300
-10466 -42
-10325 47
-10374 -14
-10316 188
-10365 -189
-10262 14
-10069 72
-10393 -139
-10156 7
-10147 -162
-10169 79
-10166 -62
-10262 130
-10194 46
-10242 135
-10390 117
-10249 67
-10259 -140
-10477 107
-10394 200
-10222 62
-10350 102
-10381 165
-10201 -20
-10138 179
-10357 -176
-10204 -92
-10134 -113
-10407 34
-10259 -2
-10273 -114
-10344 -137
-10248 162
-10277 52
-10225 -70
-10181 -210
-10246 -125
-10244 -98
-10335 -118
-10237 148
-10342 -147
-10258 -150
-10049 -63
-12861 117
-22546 260
-31035 24
-32594 52
-31468 -116
-20186 -30
-8196 94
-6541 16
-6517 -94
-6700 -202
-6690 117
-6537 95
-6485 -36
-6722 -16
-6737 -33
-6727 55
-6683 -88
-6646 65
-6619 -57
-9997 198
-25898 284
-32502 -9
-32161 57
-23589 -117
-14072 56
-13441 19
-18185 98
-30378 -82
-32825 122
-28608 -191
8007 -462
28593 122
29177 73
29158 9
29201 -99
10474 480
-28469 87
-32840 -137
-28007 -76
-10129 -101
-6610 77
-6726 -8
-6638 -124
-6715 147
-6515 -68
-6628 163
-6807 -36
-6567 127
-6686 57
-6631 -99
-6740 53
-6700 21
-6812 -12
-6686 93
-6639 85
-6592 -27
-6770 36
-6702 -79
-6633 -29
-6724 -190
-6681 -35
-6671 60
-6835 -63
-6739 -52
-6926 -52
-6721 -124
-6647 117
-6583 251
-6539 80
-6495 131
-6688 19
-6603 84
-6700 -23
-6641 27
-10538 -15
-29433 183
-32709 67
-13437 -92
29035 -126
32667 -52
32441 -142
32384 171
32361 -5
32465 125
32531 -62
32501 39
32402 -115
32574 -125
32442 49
32529 -25
32275 145
32591 -39
32485 -173
32440 -52
32427 14
32262 -179
32371 -50
32392 -53
32571 80
32460 -74
32240 -127
32533 -38
32565 -243
32495 -44
32236 -122
32415 -38
32455 -239
32398 177
32538 -101
32391 138
32435 24
32608 -125
32379 193
32393 -245
32529 9
32758 -121
32609 -33
32289 82
32623 -214
32454 -8
32289 -10
32577 -114
32667 196
32514 -37
32528 400
32423 26
29488 105
-11845 -366
-32346 221
-28686 -14
-10375 192
-6451 -132
-6545 -63
-6500 41
-6511 -68
-6922 70
-6935 -160
-6456 90
-6723 35
-6599 -135
-6663 -6
-6570 24
-6551 9
-6553 -68
-6399 -53
-6766 -46
-6628 -135
-6471 -97
-6465 269
-7051 7
-6800 16
-6668 97
-6552 -24
-6700 181
-6619 64
-6739 -19
-6681 118
-6669 51
-6566 -89
-6781 -3
-6796 -200
-6484 -74
-6764 41
-6756 -27
-6626 284
-6737 -169
-6644 -185
-6721 -44
-6691 -123
-6719 -97
-6773 20
-16591 -221
-31466 -135
-32357 -46
-19190 579
20826 527
29323 -239
29090 236
29107 81
29046 -347
29271 90
28369 310
7519 -453
-28982 -43
-32859 143
-29293 90
-16276 -240
-13259 -130
-13064 -174
-13279 -172
-14775 22
-26372 0
-32559 -202
-30759 234
-15532 426
-6867 -1
-6702 27
-6806 -133
-6824 192
-6608 122
-6564 -130
-6594 -31
-6790 19
-6880 -217
-6645 -27
-6721 -101
-6747 -108
-8592 75
-18676 -81
-30008 -132
-32784 -56
-32625 55
-28253 168
-18588 209
-11790 4
-10417 -159
-10224 -10
-10410 139
-10244 -85
-10274 -71
-10225 -34
-10122 -198
-10084 -81
-10141 -49
-10154 -117
-10337 26
-10114 57
-10198 -159
-10019 7
-10232 -92
-10096 273
-10148 -200
-10424 20
-10269 -150
-10173 118
-9997 -86
-10094 9
-10190 -123
-10380 -61
-10270 241
-10379 30
-10167 -182
-10501 -114
-10232 -197
-10204 138
-10064 113
-10221 -241
-10336 -261
-10320 -153
-10346 127
-10450 66
-10226 18
-10125 -58
-10498 -226
-10914 82
-16094 195
-26549 156
-32041 -107
-32726 -119
-31044 -28
-21042 20
-8850 -300
-6691 218
-6654 213
-6959 100
-6565 38
-6362 -157
-6604 15
-6532 -200
-6687 107
-6765 54
-6462 -10
-6549 70
-6552 140
-8279 -148
-20833 347
-31975 -120
-32615 -196
-28264 -246
-16193 -296
-13535 -57
-14940 -13
-26737 149
-32629 146
-31774 180
-9995 -636
24941 -249
28961 233
29183 153
29247 -219
26517 -84
-8675 835
-31788 -314
-32336 155
-20624 -364
-7515 249
-6552 34
-6680 61
-6647 202
-6716 -89
-6650 -85
-6654 -78
-6823 27
-6807 160
-6360 89
-6955 99
-6400 106
-6742 5
-6807 102
-6565 -175
-6615 203
-6732 236
-6742 -26
-6667 -117
-6643 -10
-6857 196
-6554 112
-6531 277
-6552 -102
-6640 155
-7003 43
-6943 175
-6486 15
-6506 -24
-6729 -16
-6625 106
-6700 101
-6851 -57
-6351 -216
-6647 -266
-10579 -180
-29281 -54
-32659 138
-13214 -259
28878 150
32804 -122
32561 112
32463 166
32507 38
32631 40
32602 -44
32578 275
32334 89
32285 -318
32435 97
32439 53
32491 51
32451 9
32298 -23
32431 33
32389 346
32425 -1
32489 196
32638 198
32510 270
32382 38
32115 -238
32507 5
32364 -45
32420 -16
32483 -3
32478 48
32580 -70
32586 -117
32493 -7
32511 35
32466 -36
32564 -20
32536 14
32520 11
32511 -125
32434 -73
32479 -88
32534 11
32377 -43
32556 23
32391 80
32404 81
32581 -12
32414 77
32634 -57
32517 83
30515 42
-7433 -160
-32574 231
-30062 -64
-11397 174
-6625 -53
-6527 107
-6644 -8
-6925 20
-6643 37
-6712 69
-6529 -137
-6459 3
-6688 -37
-6747 -80
-6747 -87
-6442 73
-6685 58
-6574 25
-6717 -37
-6755 60
-6697 -19
-6622 -12
-6714 65
-6893 81
-6713 21
-6582 -104
-6633 129
-6574 -5
-6744 86
-6631 145
-6641 68
-6699 -47
-6685 6
-6710 67
-6551 -76
-6700 -3
-6606 74
-6560 -46
-6713 50
-6620 -110
-6625 -56
-6649 199
-6672 -42
-6704 84
-9004 -53
-25805 -74
-32467 118
-30581 -69
-214 683
27814 -67
29276 148
29198 65
29095 55
29165 -93
29142 39
23316 -46
-16327 -378
-32449 20
-32595 186
-23768 -21
-11013 -30
-10572 -37
-13260 -138
-13379 65
-18511 19
-30631 -64
-32717 2
-26161 144
-9884 100
-6565 -23
-6603 68
-6719 79
-6814 20
-6662 -29
-6616 90
-6597 63
-6693 215
-6669 -24
-6608 -44
-6722 30
-6674 -23
-7846 62
-15663 -97
-28334 -35
-32451 139
-32709 -58
-31266 62
-24874 284
-15655 137
-10980 -59
-10173 -152
-10280 -95
-10377 -56
-10074 -34
-10281 -113
-10281 -25
-10290 -100
-10231 52
-10308 -53
-10154 -50
-10334 107
-10216 -60
-10156 91
-10272 30
-10387 4
-10289 -52
-10235 11
-10251 59
-10263 75
-10116 162
-10412 -130
-10351 -138
-10179 -141
-10165 -33
-10182 -77
-10097 -63
-10274 20
-10184 -5
-10327 -220
-10177 -1
-10313 142
-10223 -19
-10128 -113
-10197 -154
-10237 -58
-10832 -77
-14578 134
-22524 119
-29993 22
-32713 -169
-32519 133
-29177 104
-17374 -24
-8106 -124
-6753 188
-6668 -18
-6622 -97
-6882 39
-7090 123
-6748 -88
-6699 -49
-6568 4
-6646 -144
-6714 -23
-6770 1
-6579 -28
-7151 -148
-16176 231
-30543 12
-32594 -37
-30701 12
-19603 -120
-13612 6
-13620 -10
-21332 65
-31795 -120
-32733 194
-22784 -248
16371 -335
29050 241
29082 -25
29261 87
28999 -221
17009 378
-24632 254
-32403 -60
-29704 16
-12613 -184
-6742 109
-6509 -53
-6556 64
-6758 -43
-6654 144
-6636 -48
-6233 23
-6033 -115
-6704 78
-6703 -98
-6524 52
-6858 -71
-6628 70
-6850 46
-6701 -124
-6577 58
-6725 57
-6608 24
-6725 -31
-6768 68
-6736 84
-6624 99
-6591 8
-6664 56
-6766 99
-6615 -53
-6824 -57
-6866 -35
-6685 68
-6672 -69
-6691 16
-6790 53
-6593 -44
-6671 -72
-6749 10
-10610 22
-29358 15
-32668 -21
-13450 -60
29095 -9
32601 36
32572 -78
32379 38
32564 -82
32573 -145
32484 -166
32568 -38
32523 -6
32413 10
32597 3
32595 150
32420 -47
32409 26
32470 51
32562 48
32528 67
32580 -37
32665 -22
32616 -9
32573 -20
32555 25
32192 -222
32563 32
32404 -72
32634 -63
32666 116
32241 174
32482 60
32329 -169
32256 30
32484 -5
32455 -128
32704 147
32446 -137
32406 -204
32509 15
32486 30
32376 -180
32409 200
32335 35
32673 -5
32660 359
32604 70
32438 -57
32266 -89
32627 267
32285 393
30910 49
-2557 -992
-32048 563
-30472 -292
-13052 217
-6588 -267
-6955 126
-6787 -74
-6414 17
-7023 -1
-6586 -35
-6565 -122
-6659 -226
-6751 -201
-6681 -2
-6679 -92
-6695 -136
-6665 46
-6646 -180
-6602 118
-6789 -71
-6805 -41
-6475 -153
-6707 121
-6698 84
-7005 42
-6960 -242
-6671 63
-6403 79
-6917 54
-6518 35
-6796 -91
-6895 200
-6821 -135
-6565 5
-7000 -37
-6692 -320
-6483 -9
-6396 215
-6801 -156
-6865 -59
-6421 -259
-6416 298
-6655 -171
-6533 495
-6826 -17
-16271 -435
-30563 -110
-32633 113
-23175 646
15592 556
28940 146
29254 181
29031 118
28766 204
28749 106
28062 17
8557 -1081
-26600 -383
-31313 428
-19758 -879
-14653 -52
-11462 117
-13218 -261
-13456 264
-13907 79
-22622 -329
-31634 116
-31759 84
-20434 425
-7553 97
-6546 128
-6418 13
-6319 423
-6733 -41
-6994 -163
-6790 -21
-6417 79
-6899 -29
-6822 -268
-6867 114
-6714 -13
-6467 -130
-7201 -60
-12656 79
-24617 165
-31650 -183
-32471 -109
-32315 -2
-30114 -36
-23380 -93
-14724 178
-10787 20
-10279 -116
-10347 -116
-10469 154
-10184 101
-10329 267
-10121 -186
-10158 43
-10285 -40
-10039 286
-10051 -85
-10293 3
-10322 -178
-10399 256
-10526 62
-10317 -242
-10091 -137
-9914 76
-10251 -136
-10602 59
-10456 186
-10170 -312
-10385 -186
-10137 -80
-10343 328
-10241 292
-10267 239
-10197 206
-10258 199
-10303 93
-10368 238
-10662 -211
-11456 43
-15851 35
-22966 82
-29617 450
-32279 118
-32637 -102
-31773 -107
-25418 -23
-13268 -165
-7266 -3
-6919 231
-6767 272
-6666 -60
-6649 -301
-6705 -335
-6949 125
-6846 -78
-6637 107
-6360 27
-6780 11
-6699 174
-6554 112
-7163 -38
-13826 387
-28584 599
-32522 33
-31567 -156
-23078 -287
-14095 -8
-13219 47
-16663 305
-28853 249
-32857 -4
-29406 -115
2028 -878
27473 -113
28923 48
28797 122
29055 -76
27610 144
-2247 1183
-30865 186
-32311 -258
-23124 -335
-7854 6
-6912 -29
-6743 -256
-6585 -202
-6646 413
-6637 -153
-6116 -310
-4236 -13
-2857 148
-6596 83
-6933 -33
-6834 -144
-6800 0
-6707 -86
-6663 225
-6794 44
-6448 -66
-6713 77
-6813 -311
-6523 -277
-6897 182
-6653 226
-6782 256
-6746 -78
-6733 -204
-6506 -251
-6746 -32
-6772 -151
-6643 -149
-6794 370
-7095 90
-6668 75
-6620 106
-6711 -36
-6481 214
-6521 130
-10515 -111
-29462 -116
-32637 80
-13415 -302
28584 -233
32977 -26
32621 -221
32535 -56
32379 42
32624 -73
32339 -37
32219 -47
32396 20
32415 -48
32540 -53
32395 126
32544 95
32502 77
32594 130
32467 -99
32540 51
32421 -82
32555 361
32318 96
32507 107
32788 -12
32058 275
32471 -245
32498 10
32588 93
32583 93
32609 83
32585 -173
32604 160
32390 -3
32505 89
32596 -86
32556 106
32443 -78
32272 -26
32378 -37
32642 154
32440 -190
32619 90
32508 -65
32623 -34
32616 -102
32502 -86
32448 -13
32438 -144
32613 -64
32477 82
31911 236
1713 -325
-32050 160
-31051 -144
-14549 70
-6896 -187
-6891 56
-6714 -178
-6706 71
-6818 85
-6612 -12
-6602 9
-6687 -94
-6730 -73
-6696 141
-6694 28
-6732 173
-6651 55
-6671 31
-6414 160
-6767 -227
-6746 -81
-6544 26
-6558 32
-6591 -57
-6582 112
-6859 -36
-6955 57
-6687 61
-6591 189
-6633 -23
-6448 58
-6625 18
-6678 72
-6758 15
-6544 -86
-6669 87
-6583 -32
-6754 81
-6677 110
-6705 217
-6855 -15
-6623 -46
-6774 145
-6725 93
-6674 -45
-8283 -122
-23534 -258
-32621 -47
-31806 -22
-8150 466
26487 -11
29210 -157
29212 37
28987 70
29157 -126
28570 -69
26706 181
-3824 -600
-27738 96
-9251 -253
-22937 298
-16001 265
-13598 -96
-13390 54
-13262 155
-15303 -310
-26177 -47
-32462 223
-30281 -74
-15297 97
-6891 113
-6593 36
-6507 -66
-6731 193
-6763 17
-6872 37
-6766 -84
-6667 197
-6796 26
-6694 -53
-6861 -111
-6511 -103
-6673 -18
-6979 196
-9272 27
-17998 -194
-28146 -189
-32102 112
-32802 99
-32409 22
-29760 104
-23441 69
-16426 -56
-12529 -85
-10506 94
-10094 -53
-10157 -163
-10252 -170
-10079 -39
-10173 33
-10307 97
-10240 49
-10259 -91
-10148 72
-10293 150
-10258 -26
-10347 65
-10198 -42
-9964 -57
-10233 122
-10411 143
-10270 102
-10271 22
-10067 -136
-10346 -67
-10383 186
-10025 -38
-10211 123
-10203 -170
-10204 26
-10751 89
-12697 355
-17377 35
-24462 121
-30301 36
-32544 65
-32715 27
-31997 -14
-28518 75
-18905 -98
-9556 -132
-6573 191
-6668 87
-6666 111
-6726 24
-6633 -96
-6706 -23
-6648 190
-6535 62
-6774 -56
-6903 -171
-6774 -97
-6634 16
-6607 -26
-6963 -50
-13009 239
-27609 -6
-32871 -248
-32313 79
-26267 -176
-15257 -105
-13261 -93
-14251 -132
-24428 130
-32457 166
-32309 325
-15596 -478
23265 -30
29238 -18
29164 -259
29173 162
29030 -133
18846 313
-21710 306
-32670 -221
-30822 91
-14545 -185
-6735 145
-6691 -52
-6347 -64
513 -121
-2285 -404
-6264 205
1096 -391
-1836 -18
-5842 -188
-6651 -23
-6790 99
-6714 33
-6614 98
-6520 169
-6796 -95
-6708 -84
-6632 127
-6705 45
-6723 41
-6765 102
-6591 -72
-6762 -163
-6522 95
-6672 -122
-6638 -26
-6666 125
-6697 -161
-6706 190
-6600 -187
-6625 101
-6749 48
-6472 49
-6662 14
-6521 162
-6375 -81
-6642 34
-10601 45
-29430 46
-32904 158
-13562 -142
28996 13
32492 186
32451 -29
32551 53
32467 -68
32394 -28
32391 -74
32601 30
32515 157
32505 43
32562 137
32398 145
32478 133
32455 55
32602 -9
32372 183
32640 8
32447 -119
32427 -27
32551 183
32383 69
32481 -44
31905 163
32575 -218
32520 -246
32417 -89
32451 -45
32559 108
32449 -95
32418 67
32313 -161
32440 147
32572 -242
32577 3
32598 245
32514 -49
32361 -30
32497 149
32462 138
32450 158
32504 -102
32336 -148
32609 -31
32369 -69
32566 -316
32435 133
32477 72
32596 128
32157 430
6235 -532
-31042 213
-31651 -219
-16366 256
-6954 197
-6578 146
-6755 -26
-6640 -58
-6578 175
-6762 -19
-6610 -50
-6649 -65
-6867 -57
-6585 170
-6536 68
-6679 -15
-6715 -27
-6507 149
-6663 -89
-6827 -86
-6665 171
-6738 0
-6744 103
-6843 -96
-6576 18
-6550 61
-6654 -20
-6732 -225
-7001 -70
-6617 90
-6688 -67
-6845 -207
-6668 223
-6780 315
-6683 95
-6717 -116
-6694 28
-6217 -12
-6591 66
-6543 194
-6738 -70
-6621 -100
-6381 -47
-6556 69
-6705 179
-6652 -54
-12859 -99
-29491 31
-32758 -229
-26826 150
10346 536
28745 -367
29177 -240
29078 121
28877 71
29199 115
28234 319
22036 -49
-9877 -408
-8615 244
-23780 -200
-23465 -167
-14377 29
-13516 217
-13221 38
-13566 188
-17077 -62
-28637 -126
-32489 -30
-28160 167
-13492 330
-7096 -212
-6449 71
-6737 -28
-6632 192
-6631 259
-6547 -61
-6584 -55
-6538 47
-6803 -170
-6731 32
-6569 -107
-6434 -56
-6486 -36
-6898 98
-7378 105
-11327 10
-20604 -191
-29126 -271
-32328 -282
-32641 41
-32573 55
-31045 7
-27746 197
-22431 269
-16620 -2
-12921 -103
-11143 108
-10195 197
-10212 19
-10084 -16
-10241 -50
-10200 -17
-10247 -5
-10207 -9
-10259 36
-10213 -6
-10306 18
-10228 -83
-10294 112
-10111 155
-10082 64
-10370 -193
-10430 -88
-10411 190
-10331 116
-10510 195
-11507 248
-13952 210
-18031 46
-23168 238
-28036 -33
-31303 36
-32548 174
-32983 106
-31572 150
-27922 -27
-19260 -420
-10905 -225
-7051 28
-6520 121
-6564 92
-6786 191
-6708 168
-6594 -270
-6580 111
-6741 120
-6561 48
-6657 -11
-6617 261
-6841 134
-6811 27
-6902 50
-7097 106
-12731 -12
-27071 58
-32422 44
-32417 -145
-28035 -308
-16480 -79
-13174 -270
-13510 174
-19403 16
-31149 317
-32687 118
-26709 -467
9965 -816
28550 30
29193 -67
29008 -55
29090 -177
26814 47
-4234 930
-31190 -5
-32390 107
-24308 -226
-8806 0
-6873 -22
-6671 -60
-6297 110
-95 67
6848 116
-2229 -330
4615 100
-197 -103
-6558 165
-6951 -102
-6710 91
-6711 21
-6527 292
-6560 -79
-6657 2
-6370 -94
-6723 32
-6633 -7
-6801 24
-6792 -5
-6825 -76
-6933 28
-6383 234
-6828 -48
-6734 72
-6690 42
-6662 182
-6688 -36
-6802 75
-6455 -40
-6752 -28
-6927 26
-6581 60
-6694 51
-6622 26
-6452 -5
-10635 -83
-29490 -61
-32898 -118
-13541 -74
28807 -98
32581 165
32536 -27
32571 -76
32579 17
32512 113
32556 74
32509 30
32191 -86
32711 168
32594 134
32626 266
32546 68
32735 46
32585 -86
32777 91
32608 -83
32484 -44
32766 -131
32624 2
32447 -41
32509 84
31843 -267
32350 -131
32352 -3
32464 71
32486 3
32463 30
32509 58
32472 74
32385 4
32537 75
32439 22
32432 -102
32476 68
32436 -55
32576 -72
32322 -15
32487 41
32474 -18
32492 -92
32381 -47
32494 -10
32496 -87
32484 81
32422 164
32492 -25
32483 29
32479 208
11466 -171
-29832 -79
-32271 -41
-18101 73
-6612 49
-6554 103
-6659 34
-6561 41
-6568 71
-6690 -62
-6841 8
-6757 -26
-6693 4
-6662 -33
-6584 -12
-6635 38
-6623 -104
-6700 23
-6723 100
-6700 186
-6630 13
-6461 -83
-6646 -12
-6736 7
-6505 -58
-6848 -7
-6662 14
-6658 -16
-6766 36
-6812 99
-6658 51
-6639 -43
-6659 114
-6625 -58
-6640 91
-6656 76
-6719 -185
-6599 -136
-6632 75
-6604 -53
-6756 138
-6665 78
-6680 -106
-6581 -169
-6612 97
-6644 172
-7495 77
-20803 -190
-32095 159
-32390 -162
-15072 466
22858 44
29316 -5
29119 60
29147 298
28699 -40
28618 -90
27622 239
17487 -413
443 -78
-7708 -143
-11853 54
-9603 -98
-11406 21
-13166 -147
-13335 -143
-13193 194
-19184 -90
-30608 -53
-32532 57
-27382 5
-12238 71
-6642 -285
-6433 156
-6677 6
-6740 -63
-6648 154
-6854 -35
-6610 -16
-6854 -10
-6611 100
-6553 104
-6614 78
-6666 61
-6612 194
-6681 -56
-7090 177
-7516 26
-12340 -152
-21899 -108
-29118 -184
-31809 10
-32819 -73
-32768 -53
-32509 -123
-31447 -49
-28533 11
-24670 -190
-20772 -142
-17353 149
-14797 4
-13413 109
-12880 233
-12569 70
-12421 162
-12646 116
-12729 -165
-12556 65
-12536 19
-12529 -93
-12970 264
-13670 38
-14838 105
-15678 78
-17194 -30
-19671 90
-22931 -91
-26463 -54
-29753 10
-31867 -21
-32754 -1
-32736 37
-32580 -30
-31187 -187
-26254 -172
-18008 -152
-10397 -224
-6846 -2
-6708 376
-6680 128
-6622 -104
-6559 -19
-6612 5
-6687 -30
-6769 -91
-6737 -50
-6777 -140
-6595 40
-6733 37
-6700 -102
-6653 -53
-6724 -96
-6898 -68
-12924 56
-27236 54
-32532 -210
-32462 181
-28521 -133
-17365 -213
-13222 -42
-13286 -124
-15915 177
-28036 100
-32713 13
-31554 -14
-6171 -591
26164 75
29139 95
29182 24
29130 86
29162 -196
17469 271
-24114 193
-32729 -47
-30163 169
-14139 -200
-6624 -37
-6681 173
-6747 13
-6430 -249
-4758 -137
1723 165
6955 -136
7597 13
3950 -87
-3591 -85
-5434 -28
-6387 34
-6634 -14
-6728 -11
-6793 15
-6552 -31
-6797 -48
-6640 234
-6540 25
-6775 -17
-6710 198
-6560 23
-6673 -67
-6605 -81
-6606 69
-6504 239
-6698 193
-6635 77
-6772 -231
-6576 -147
-6675 -165
-6650 30
-6800 -62
-6963 16
-6999 -46
-6571 -3
-6613 6
-10588 59
-29443 -76
-32769 24
-13543 -78
29060 -82
32516 105
32668 -3
32450 3
32480 75
32580 62
32433 -78
32474 -78
32319 104
32624 -2
32531 -80
32567 -40
32284 108
32493 -209
32460 -28
32534 11
32591 -24
32480 87
32709 -135
32453 -9
32564 31
32522 44
31771 -192
32059 -49
32415 165
32371 93
32419 98
32431 89
32440 103
32436 316
32373 159
32358 -167
32495 -62
32535 31
32528 94
32520 14
32468 15
32426 59
32368 85
32569 -77
32345 -3
32430 7
32245 229
32411 19
32400 179
32485 44
32546 135
32551 127
32301 341
15392 -817
-28499 369
-32575 76
-19493 462
-6893 -156
-6560 -95
-6427 39
-6636 54
-6603 53
-6798 2
-6715 26
-6723 126
-6728 -131
-6295 -29
-6663 -43
-6444 -21
-6670 -86
-6573 -47
-6791 -126
-6547 160
-6571 -4
-6723 28
-7028 224
-6657 18
-6593 -209
-6529 96
-6601 109
-6593 -242
-6893 89
-6585 126
-6892 183
-6890 18
-6604 254
-6541 136
-6713 181
-6742 -52
-6677 71
-6801 -158
-6538 133
-6709 -55
-6654 302
-6836 -30
-6577 -101
-6341 -187
-6810 78
-6710 -29
-6601 379
-11080 -51
-27792 -491
-32683 -75
-29649 384
1326 860
27434 -389
29054 -42
28525 -12
29500 -58
29230 94
28364 -192
26531 -282
11316 -199
-13423 -510
-21050 177
-15654 163
-14936 -133
-13619 -222
-13438 46
-13133 117
-13908 107
-22585 -142
-31440 -113
-32356 27
-25448 329
-10942 368
-6684 -240
-6563 42
-6418 276
-6540 91
-6734 169
-6645 180
-6623 93
-6649 91
-6490 -201
-6688 -111
-6763 -262
-6615 11
-6763 187
-6814 -117
-6970 -160
-6893 42
-7538 -15
-11152 -162
-18010 -154
-24813 -78
-29370 -137
-31965 -29
-32768 106
-32777 -238
-32622 -213
-32364 99
-31844 101
-30528 272
-29613 204
-28707 48
-28589 26
-28691 237
-28496 137
-28610 -52
-28737 62
-28609 -91
-29185 219
-29439 156
-29874 181
-30688 293
-31061 155
-31572 219
-31969 30
-32224 64
-32560 -255
-32670 207
-32495 -17
-31275 -55
-27665 -273
-22563 -100
-14755 -21
-9367 -261
-6819 9
-6749 175
-6665 109
-6382 48
-6586 -67
-6476 -119
-6628 40
-6583 -232
-6291 -308
-6774 -232
-6614 196
-6688 125
-6562 39
-6718 -20
-6748 7
-6460 70
-6945 -116
-13491 127
-27039 47
-32648 -11
-32366 -88
-28570 -225
-18197 -245
-13314 -218
-13263 25
-15013 208
-24712 193
-31938 20
-32188 -25
-21273 -607
18055 -603
28854 -62
29033 64
29314 45
28901 208
27296 -190
-2687 1131
-30955 -216
-32116 16
-22852 -415
-8181 206
-6493 -34
-6725 309
-6309 298
1352 -667
7126 -113
2385 415
1858 92
10871 79
9102 -11
6919 199
5735 135
-1300 15
-6451 -125
-6487 -88
-6673 -104
-6584 -30
-6814 -9
-6732 67
-6827 -284
-6767 273
-6442 -57
-6713 51
-6498 147
-6781 -21
-6502 -18
-6346 -63
-6726 101
-6904 -39
-6815 -32
-6587 -186
-6545 -111
-6664 356
-6618 337
-6709 53
-6625 -58
-7188 89
-6756 -65
-10521 121
-29473 -10
-32857 23
-13261 -141
28877 0
33015 67
32401 -188
32398 -210
32512 -91
32351 -8
32523 -56
32366 -87
32607 140
32621 -56
32636 47
32490 -175
32544 150
32498 7
32433 -63
32689 -44
32393 -104
32760 216
32429 -13
32558 93
32660 92
32751 -35
31995 224
32329 -17
32038 127
32259 117
32521 -42
32602 65
32646 -30
32601 -54
32305 148
32400 -96
32508 -106
32406 -34
32566 -45
32354 -127
32419 113
32408 62
32552 54
32563 0
32480 -393
32582 -103
32661 -15
32437 -99
32515 37
32324 18
32628 25
32455 7
31848 89
17502 -196
-27725 -31
-32520 81
-21028 106
-6973 -60
-6845 127
-6709 -11
-6658 68
-6559 7
-6708 65
-6771 26
-6683 -87
-6612 241
-6762 108
-6644 -124
-6636 -84
-6725 71
-6639 -57
-6499 9
-6558 -16
-6667 -190
-6860 51
-6659 84
-6720 30
-6611 30
-6741 21
-6685 16
-6839 -90
-6746 82
-6633 6
-6557 124
-6981 95
-6804 2
-6666 9
-6434 -119
-6727 3
-6629 -64
-6595 33
-6585 -74
-6782 -78
-6809 45
-6606 141
-6714 129
-6491 0
-6540 91
-6604 164
-6804 155
-6919 102
-17234 -231
-31244 -240
-32829 69
-23339 203
15442 449
29097 -146
28530 -70
29334 67
28442 -182
29307 26
28160 -109
22994 -104
1421 -530
-26482 102
-32248 -52
-28385 157
-16987 -33
-13488 93
-13150 43
-13266 135
-14906 -99
-25645 -276
-32517 305
-32086 -32
-25208 312
-11419 173
-6964 -149
-6650 97
-6482 105
-6621 10
-6770 24
-6653 17
-6704 -186
-6690 -131
-6661 41
-6660 113
-6715 80
-6560 131
-6638 -50
-6702 9
-6932 132
-7006 32
-6801 -31
-7043 52
-8046 -113
-11344 -37
-16580 -46
-22555 -63
-27294 -21
-30386 -8
-31627 -53
-32417 68
-32580 -95
-32727 -113
-32810 2
-32743 -48
-32630 53
-32629 170
-32643 -17
-32689 109
-32806 201
-32803 -38
-32649 15
-32707 149
-32650 33
-32577 -72
-32468 -25
-32301 -291
-31059 -6
-29283 -31
-25823 71
-20117 -54
-13848 90
-9705 -11
-7496 98
-6597 251
-6620 128
-6609 -70
-6677 -90
-6709 35
-6590 158
-6619 30
-6793 -174
-6610 -79
-6543 101
-6697 -135
-6789 59
-6666 -61
-6735 8
-6553 33
-6784 187
-6432 20
-7769 -47
-15180 176
-28424 -50
-32439 -155
-32431 249
-28766 32
-18222 -56
-13495 4
-13354 79
-14405 2
-23344 157
-31943 19
-32779 195
-27760 -82
6672 -654
28335 114
29141 -23
29091 -56
29149 50
29180 -170
18814 131
-22600 352
-32699 13
-30661 -67
-14158 -109
-6771 67
-6624 83
-6680 -12
-4143 101
8742 -187
34 115
-4887 353
-6031 -34
2004 211
7246 30
-2098 203
-3173 41
-5440 31
-6647 -107
-6594 -77
-6683 -107
-6734 35
-6676 85
-6617 -34
-6654 95
-6498 52
-6704 -27
-6563 -58
-6570 162
-6625 -74
-6597 110
-6749 -17
-6547 122
-6684 20
-6500 82
-6605 109
-6448 -192
-6588 -67
-6611 -163
-6644 2
-6676 100
-6702 -55
-6850 149
-10829 17
-29372 164
-32665 -82
-13550 -189
29117 -21
32621 -189
32594 -56
32574 -104
32620 -98
32411 -87
32551 -11
32621 -60
32559 31
32480 -40
32583 -27
32661 -71
32547 -18
32622 -134
32429 -53
32453 3
32413 -116
32375 -99
32566 1
32470 70
32737 34
32486 -241
32116 33
32594 -160
32189 -155
31954 -54
32419 184
32622 -61
32538 17
32522 171
32721 14
32336 86
32246 53
32285 -165
32489 -32
32417 50
32390 193
32635 56
32461 84
32592 -194
32354 56
32263 -152
32397 88
32653 -176
32529 99
32685 151
32620 165
32118 -106
32151 273
19811 -256
-25463 40
-32788 10
-22335 12
-7108 -2
-6519 22
-6629 -118
-6764 -40
-6587 140
-6706 38
-6680 53
-6776 -54
-6923 240
-6757 90
-6878 199
-6435 -65
-6786 -86
-6646 -153
-6565 12
-6736 -38
-6593 -30
-6510 64
-6449 -41
-6568 224
-6632 33
-6462 -140
-6752 129
-6520 119
-6516 37
-6634 -163
-6770 -121
-6682 146
-6388 26
-6973 75
-6646 47
-6471 -57
-6382 -220
-6728 85
-6721 -47
-6779 -88
-6550 194
-6618 22
-6700 -281
-6642 86
-6508 197
-6688 -84
-6451 93
-6738 154
-8796 -326
-23961 -171
-32454 81
-31478 175
-10486 521
22679 448
28700 -359
29395 -230
28891 168
28339 -247
28565 -26
28426 394
16420 92
-20581 -833
-32367 -117
-32256 89
-27056 220
-16067 -86
-13275 -36
-13383 -44
-13340 -145
-16222 -116
-27285 -180
-32223 -208
-31953 197
-26814 235
-13411 266
-7076 -60
-6757 -243
-6557 -50
-6495 91
-6582 -37
-6874 39
-6653 14
-6687 72
-6541 10
-6465 165
-6466 148
-6428 24
-6465 293
-6723 -11
-6569 201
-6904 177
-6526 128
-6677 268
-6705 29
-6662 129
-7556 67
-9099 40
-11964 -69
-15072 78
-18414 -109
-21420 -10
-23454 -244
-24912 -65
-25418 72
-25363 -138
-25167 -18
-25547 27
-25098 180
-25433 45
-25390 51
-24748 -170
-23607 -235
-22785 -97
-21074 -75
-19593 -208
-16989 -63
-13645 -152
-10604 -30
-8301 134
-7016 27
-6629 124
-6647 172
-6511 3
-6810 -112
-6623 -175
-6619 -54
-6613 115
-6733 37
-6709 122
-6633 32
-6851 -63
-6568 -153
-6420 -164
-6611 -78
-6723 19
-6857 93
-6572 -139
-6483 -72
-6643 -127
-9423 222
-19278 413
-30020 260
-32721 -91
-32495 131
-28248 -42
-17860 -297
-13681 -35
-13577 -123
-14919 235
-23551 374
-31713 68
-32568 -8
-29536 -236
-1669 -672
26232 -202
29217 229
29002 -4
29181 21
29216 -147
26899 118
-4374 612
-30940 -277
-32785 -259
-24276 -76
-8468 -83
-6690 462
-5855 -230
-6412 248
-5020 -19
6628 386
1429 38
-6205 -3
-4526 -118
1970 -301
2198 194
-1052 -157
-6483 13
-6519 -88
-6614 9
-6650 140
-6743 70
-6835 114
-6687 22
-6484 113
-6646 -114
-6673 7
-6899 8
-6712 -4
-6796 43
-6699 58
-6433 -36
-6608 -26
-6531 107
-6511 158
-6835 -16
-6865 172
-6571 -18
-6750 -37
-6641 -37
-6663 65
-6581 184
-6743 57
-6320 77
-10758 -65
-29424 31
-32880 62
-14753 195
27928 -67
32687 -33
32426 -21
32345 89
32410 47
32548 -119
32399 -73
32349 -91
32548 -104
32389 -98
32459 147
32397 -70
32705 -12
32364 -107
32361 52
32520 -50
32223 135
32340 49
32548 207
32648 -77
32424 191
32325 273
32146 -244
32474 -83
32395 46
32465 148
31930 -89
31906 -53
32442 -18
32658 31
32580 -82
32555 -12
32490 32
32453 66
32490 29
32519 -15
32587 23
32519 16
32564 34
32518 -7
32434 70
32595 102
32525 76
32489 -58
32515 -27
32282 -49
32111 7
32048 27
32523 11
22074 7
-23607 -31
-32689 -17
-23446 -7
-7109 31
-6725 74
-6707 -10
-6666 -109
-6661 57
-6677 -7
-6599 37
-6726 -98
-6602 49
-6648 36
-6579 17
-6621 91
-6754 53
-6611 77
-6483 -53
-6640 -9
-6649 -38
-6596 108
-6657 -72
-6684 133
-6600 -14
-6648 2
-6794 98
-6525 29
-6725 25
-6662 33
-6663 16
-6600 2
-6603 51
-6583 8
-6840 22
-6939 -3
-6653 -29
-6813 56
-6735 34
-6704 -70
-6447 -97
-6565 -17
-6701 -12
-6660 -61
-6647 -41
-6762 -62
-6621 -12
-6645 163
-6643 138
-12656 -103
-28727 172
-24098 -200
-10003 -55
1658 757
26140 -38
28013 -46
29139 101
29742 -26
29478 22
28711 65
28560 55
9774 -445
-25182 -203
-32627 141
-32105 -55
-26314 108
-15671 -26
-13288 117
-13350 25
-13254 59
-16742 53
-27008 -242
-32145 106
-32653 -58
-28676 123
-17253 83
-8875 81
-6724 -73
-6498 -144
-6641 73
-6634 92
-6617 -19
-6724 -97
-6681 31
-6570 -173
-6606 -61
-6667 58
-6621 55
-6715 36
-6665 -45
-6556 50
-6948 -66
-6871 -44
-6518 34
-6689 -30
-6508 51
-6622 74
-6702 91
-6658 72
-6581 45
-6856 -69
-7322 -133
-7616 -67
-7992 -88
-8120 14
-7938 -20
-8032 -16
-7933 -14
-8041 -92
-7930 -93
-7718 3
-7279 -29
-7183 80
-6930 -6
-6723 13
-6638 -66
-6641 91
-6682 72
-6530 -1
-6741 -2
-6640 8
-6670 -48
-6669 -24
-6636 -3
-6728 3
-6667 -85
-6730 -28
-6665 37
-6506 -70
-6656 -4
-6666 29
-6622 -91
-6734 -92
-6627 -18
-6558 76
-6777 -50
-6777 -154
-8281 -21
-14703 81
-25365 102
-31802 -150
-32681 30
-32234 52
-27242 -74
-17222 -105
-13332 81
-13306 -67
-16042 39
-25370 115
-31936 -30
-32758 239
-30000 40
-6517 -659
24286 -79
29251 -14
29097 -133
29179 40
29162 94
29211 -148
14218 348
-25151 178
-32559 -108
-29970 -90
-14095 -121
-6680 220
-3963 -60
5271 -72
-2730 2
-6374 60
-595 -116
7716 62
1628 23
3054 -72
6322 42
-5554 107
-6427 137
-6726 3
-6649 12
-6618 -69
-6694 47
-6615 108
-6752 107
-6715 -82
-6598 -93
-6584 23
-6784 53
-6719 93
-6681 32
-6558 18
-6702 62
-6721 -108
-6705 -65
-6743 60
-6680 -4
-6630 121
-6591 -39
-6711 -83
-6582 -105
-6401 25
-6662 45
-6655 83
-6634 -43
-6512 -59
-10484 -151
-29339 -17
-32670 140
-17548 -112
27465 19
32502 5
32529 49
32539 124
32541 113
32449 -48
32479 -93
32526 -5
32445 -70
32420 6
32550 -19
32454 73
32538 -119
32506 38
32533 -32
32436 -27
32576 26
32508 46
32396 -74
32476 67
32011 -97
32223 -107
32419 165
32411 -217
32406 98
32689 -121
32622 -44
31966 64
32282 266
32516 57
32484 -3
32490 -213
32451 342
32519 6
32663 -20
32405 236
32227 111
32238 7
32696 76
32570 101
32454 31
32523 97
32129 12
32483 -100
32379 160
31750 -28
32493 -9
32824 130
32539 305
22368 -721
-22299 -9
-33069 -7
-24170 168
-7402 8
-6544 0
-6842 84
-6590 -45
-6428 152
-6651 -83
-6386 -121
-6446 226
-6598 130
-6490 132
-6754 -215
-6693 -50
-6614 -255
-6587 -119
-6550 12
-6626 35
-6649 239
-6551 -273
-6630 -98
-6602 104
-6635 323
-6511 -257
-6655 229
-6572 -47
-6801 104
-6358 -52
-6562 -155
-6611 495
-6280 116
-6472 229
-6334 246
-6815 18
-6985 96
-6825 357
-6975 -30
-6731 -24
-6360 -183
-6493 131
-6440 149
-6601 -2
-6713 -185
-6714 -99
-6448 -171
-5500 125
-2853 104
-6290 198
-14666 -47
-10425 93
-14070 121
-24246 330
8297 892
28368 124
28082 -64
28434 -252
28618 -98
28934 -78
29288 144
27020 -60
5066 -716
-26111 -537
-32694 -117
-31960 29
-26175 -157
-15841 96
-12970 -145
-13292 -120
-13365 -51
-15918 -199
-23703 15
-30630 -235
-32221 63
-30984 358
-24755 158
-14920 163
-8239 17
-6497 43
-6477 85
-6530 134
-6593 54
-6678 -90
-6548 124
-6352 -69
-6741 70
-6434 -192
-6548 -87
-6823 -230
-6745 40
-6852 -76
-6821 -233
-6804 -133
-6416 -136
-6593 1
-6650 -109
-6382 -282
-6484 -66
-6600 13
-6830 54
-6813 109
-6809 85
-6738 -43
-6857 143
-6751 -7
-6728 10
-6689 -50
-6807 -44
-6674 103
-6611 20
-6834 82
-6766 -34
-6694 169
-6747 82
-6803 -305
-6620 -228
-6393 11
-6751 -80
-6680 49
-6865 191
-6708 173
-6810 -39
-6816 -32
-6545 -251
-6713 -323
-6734 165
-6825 -204
-6901 -91
-6659 262
-6995 -153
-6586 200
-6739 -93
-6651 57
-6537 -113
-8064 326
-13657 240
-23278 76
-30749 98
-32539 2
-32769 107
-30711 -188
-24233 -46
-16009 -74
-13430 -69
-13734 66
-17812 240
-26924 41
-31907 -73
-32314 46
-28847 -433
-5376 -629
23302 -451
28825 5
28737 10
28935 -117
29004 3
28893 50
23887 327
-10327 865
-31994 -152
-31479 136
-13934 -501
-5696 -319
-3856 -26
1760 -124
7166 -129
-4220 38
-4766 -199
5986 -93
3412 55
6042 -20
5390 -153
-2099 85
-6624 -59
-6793 -52
-6385 -202
-6587 212
-6615 82
-6575 27
-6637 1
-6488 23
-6342 20
-6946 -255
-6584 185
-6719 -70
-6728 216
-6805 105
-6650 -53
-6773 471
-6668 -56
-6722 235
-6693 231
-6605 -141
-6697 92
-6829 148
-6687 -159
-6321 -46
-6611 0
-6391 382
-6463 -55
-6735 36
-6428 141
-10753 58
-29034 128
-32319 -37
-17043 -460
26700 -105
32400 189
32261 -80
32459 -34
32644 -89
32440 49
32377 -241
32460 20
32452 -72
32332 85
32342 -140
32703 365
32705 197
32586 -228
32025 230
32455 177
32453 149
32505 -164
32276 8
31962 128
32393 -67
32699 -166
32187 196
32303 -134
32532 -15
32651 -92
32562 -179
32581 -38
32104 -41
32055 66
32530 40
32693 91
32354 146
32554 -60
32642 -116
32663 24
32426 -119
32587 -84
32563 16
32470 43
32429 -74
32522 -18
32518 98
32269 -11
32019 87
32268 30
32570 6
32664 -122
32363 15
25049 -84
-20751 33
-32749 67
-24394 -166
-7298 -19
-6653 -49
-6718 7
-6795 70
-6548 108
-6573 94
-6639 -71
-6783 151
-6530 -19
-6688 -70
-6768 -31
-6741 -134
-6705 -37
-6607 -64
-6572 -83
-6528 -9
-6747 52
-6726 108
-6502 -22
-6764 150
-6736 -23
-6585 -126
-6644 -73
-6637 -132
-6651 23
-6663 -112
-6709 -101
-6735 116
-6622 38
-6672 151
-6459 40
-6656 -75
-6755 118
-6974 87
-6667 60
-6828 86
-6684 12
-6606 -121
-6351 -8
-6620 60
-6843 -17
-6577 -133
-6563 -127
-4203 13
7422 72
5157 -160
2199 -70
-8167 131
-9779 170
-29025 -233
-16543 131
22396 122
28633 -120
29259 -45
29012 -45
29212 -54
29226 -215
29226 142
27132 148
3194 -280
-27277 -119
-32383 258
-32385 -108
-27647 78
-17591 163
-13348 4
-13367 2
-13127 -116
-14059 -88
-19044 -173
-27437 -5
-31957 24
-32663 -159
-30776 93
-23388 101
-13149 264
-7793 -112
-6435 -345
-6495 -74
-6762 86
-6777 212
-6695 -147
-6702 39
-6651 -132
-6778 -110
-6618 112
-6707 -79
-6795 -164
-6743 36
-6671 -64
-6941 -106
-6838 -155
-6640 128
-6911 115
-6642 169
-6627 19
-6644 65
-6470 -10
-6641 188
-6540 -16
-6625 -55
-6641 75
-6683 -145
-6349 -83
-6776 41
-6597 -51
-6718 -1
-6857 171
-6736 22
-6811 16
-6695 67
-6645 59
-6708 -17
-6764 8
-6648 157
-6734 150
-6717 56
-6691 27
-6632 -91
-6637 -52
-6623 10
-6711 37
-6678 101
-6669 -59
-6574 67
-6622 -96
-6745 -87
-6587 99
-6716 32
-8388 124
-13671 210
-22853 165
-30185 31
-32282 72
-32798 235
-32203 7
-28525 -114
-19924 -127
-14393 86
-13359 -44
-14368 267
-20626 78
-29390 -151
-32394 -210
-32462 277
-27162 -532
-1165 -569
24060 -61
28692 283
28898 142
29313 43
29166 -154
29293 67
28024 -194
3287 643
-29391 105
-32938 -159
-28478 170
-212 282
8011 -121
6151 -53
-160 155
7252 44
-3042 45
-5856 -64
5022 99
4367 175
-5627 -6
-6220 -45
-6838 -10
-6649 89
-6782 166
-6648 -199
-6662 -154
-6657 -9
-6766 -118
-6693 -68
-6668 -38
-6723 -84
-6763 165
-6523 121
-6503 85
-6557 122
-6676 52
-6652 -146
-6612 -70
-6580 -71
-6429 129
-6537 -143
-6867 -65
-6663 0
-6503 0
-6474 130
-6496 -29
-6714 23
-6667 -59
-6703 -20
-6595 6
-6690 129
-10613 -54
-29233 269
-32713 -102
-17527 73
27138 -132
32057 -190
32027 -87
32516 -45
32428 -31
32615 -4
32533 -22
32513 137
32463 -44
32470 13
32482 20
32532 41
32514 74
32276 -22
32417 -79
32373 -81
32554 32
32002 -85
31780 -110
32006 97
32627 -95
32310 71
32077 317
32350 -155
32504 -29
32377 -51
32258 -31
32364 190
32549 -47
32221 18
32065 -147
32426 -36
32565 105
32386 103
32554 -210
32303 -40
32628 142
32709 209
32490 20
32602 -25
32256 -14
32480 20
32035 78
31881 208
32495 9
32630 235
32421 -51
32515 204
32666 94
25481 -43
-20256 -91
-32764 5
-24983 77
-7915 11
-6555 -111
-6867 100
-6733 -1
-6433 173
-6684 158
-6698 -207
-6475 249
-6697 43
-6731 -79
-6790 260
-6743 30
-6683 -133
-6713 -119
-6659 -13
-6681 6
-6758 -86
-6868 102
-6753 114
-6743 263
-6701 60
-6852 -228
-6595 177
-6687 32
-6708 -19
-6750 -184
-6666 39
-6743 15
-6621 -92
-6740 -113
-6627 -73
-6641 -135
-6627 50
-6611 54
-6880 209
-6570 238
-6895 -76
-6723 -42
-6659 -230
-6598 -227
-6770 -74
-6661 98
-6523 315
-5908 -73
4162 331
11264 100
1723 -4
-8647 -117
-21043 376
-31832 -245
-25003 229
-2790 828
22953 198
29081 -233
29142 208
28980 -41
29190 -84
29093 88
29200 145
26963 -35
2934 -490
-25846 -169
-32528 -73
-32629 -55
-29270 87
-20046 -124
-13840 37
-13261 68
-13181 174
-13532 177
-15081 -257
-21839 -186
-29698 -249
-32316 -5
-32241 -181
-29944 307
-22957 262
-13416 171
-7975 131
-7023 -11
-6513 -9
-6542 76
-6563 176
-6733 94
-6729 189
-6647 -43
-6555 38
-6705 36
-6708 -362
-6705 15
-6823 177
-7118 -93
-6870 185
-6746 69
-6373 -76
-6731 57
-6715 -113
-6663 153
-6431 -59
-6280 -71
-6777 -44
-6633 201
-6761 -182
-6747 29
-6764 163
-6754 -224
-6659 -57
-6555 57
-6656 185
-6425 197
-6589 0
-6723 241
-6715 -31
-6733 84
-6707 -85
-6655 -74
-6538 -60
-6746 -69
-6661 -28
-6855 -124
-6861 187
-6651 105
-6528 77
-6605 -93
-6588 -57
-6568 -204
-7486 274
-10151 212
-16695 208
-24739 215
-30463 40
-32147 162
-32443 -52
-32209 20
-29174 -284
-22151 -146
-15688 -47
-13519 60
-13645 61
-16993 288
-25280 139
-31699 11
-32803 60
-31912 42
-21952 -417
6597 -487
26361 -448
28921 100
28745 51
28731 15
29057 -76
29039 45
28709 -403
13508 962
-23634 515
-32746 -52
-31847 -27
-17992 -481
-140 228
10150 68
5571 -11
-5417 64
-3703 611
-5508 -43
-3893 93
5984 262
-1361 21
-6659 -314
-6802 37
-6626 -11
-6672 -133
-6673 192
-6676 -308
-6432 11
-6613 152
-6624 88
-6515 -69
-6761 243
-6596 102
-6814 34
-6656 -1
-6490 6
-6758 -119
-6540 -79
-6500 -33
-6616 180
-6308 -2
-6859 30
-6647 -104
-6911 8
-6625 130
-6420 -112
-6703 375
-6648 -35
-6600 -155
-6539 54
-6494 33
-6782 223
-6636 105
-10672 37
-29332 18
-32531 -145
-17347 -215
27096 54
32583 -53
32365 119
31986 -179
32124 -249
32255 -166
32367 52
32607 45
32295 -88
32531 -14
32527 -23
32624 9
32491 72
32373 56
32529 -2
31989 -171
32149 2
31925 -106
32848 161
32434 253
32314 -68
32281 -238
32087 184
32391 64
32471 -86
32589 73
32508 -12
32449 -47
32458 -5
32483 18
32227 -189
32081 96
32145 -93
32524 -40
32426 -39
32513 65
32449 108
32528 -113
32452 12
32521 23
32356 54
31997 140
32272 -12
32530 65
32541 181
32506 72
32533 155
32398 24
32552 -97
25817 -22
-20325 -123
-32946 -84
-25710 -2
-8238 -83
-6560 160
-6630 171
-6741 -115
-6587 -201
-6651 150
-6672 51
-6575 75
-6688 21
-6651 -26
-6546 69
-6558 41
-6913 82
-6694 -138
-6631 9
-6553 -35
-6476 -65
-6671 -12
-6512 82
-6561 -140
-6671 -94
-6655 -4
-6600 52
-6394 148
-6678 40
-6710 -48
-6606 -73
-6638 3
-6740 -103
-6733 -36
-6677 -9
-6659 52
-6651 23
-6679 51
-6580 -1
-6799 124
-6744 215
-6667 -20
-6699 -58
-6561 -13
-6681 -72
-6553 83
-1947 -115
4065 -280
-1042 158
1951 292
8503 -85
-1040 -292
-9702 -384
-28080 -165
-32371 79
-30038 244
-3264 562
25952 -203
29291 -97
29195 173
29143 -41
28962 -139
29239 -41
29025 84
27390 294
7796 -363
-23011 -486
-32318 350
-32775 118
-30931 -103
-24168 128
-15985 68
-13283 -254
-13327 -81
-13379 25
-13725 -75
-17398 -81
-25602 -207
-31349 -148
-32454 82
-32426 -81
-30097 -51
-22064 36
-12062 244
-7143 -169
-6641 -208
-6569 -49
-6672 -55
-6683 -114
-6701 198
-6703 -77
-6624 -153
-6563 -71
-6561 -259
-6701 16
-6671 87
-6618 169
-6970 -44
-6677 13
-6536 145
-6772 70
-6537 41
-6601 -160
-6730 -1
-6817 25
-6681 52
-6784 7
-6458 19
-6744 -117
-6614 -48
-6622 75
-6577 14
-6885 -89
-6538 -126
-6769 66
-6851 19
-6598 -132
-6716 -9
-6724 52
-6745 -14
-6625 -10
-6638 193
-6608 -2
-6638 158
-6651 13
-6528 -95
-6647 -63
-6874 6
-8957 118
-13442 226
-20899 165
-28030 -70
-31707 70
-32925 44
-32649 -56
-32047 -32
-29083 -41
-22701 -28
-16243 -141
-13628 -73
-13638 70
-15698 105
-22459 -8
-29593 -85
-32477 -145
-32782 162
-30467 127
-14059 -365
15408 -586
28401 59
29295 184
29222 -207
29089 -7
28528 14
28835 77
29231 -225
21337 209
-15907 521
-32088 -186
-32152 282
-19417 -400
3421 -42
-256 195
-2351 138
7485 128
2075 -122
-3523 -192
-5353 29
-6438 102
-5200 210
-6810 -42
-6694 86
-6644 -13
-6745 -87
-6750 64
-6778 106
-6773 -28
-6649 114
-6546 -102
-6577 -54
-6740 20
-6720 37
-6669 -87
-6700 29
-6683 -57
-6533 106
-6614 68
-6724 105
-6685 -125
-6524 60
-6779 -68
-6583 -191
-6656 -44
-6504 163
-6887 69
-6572 133
-6659 155
-6609 -6
-6730 -271
-6523 -42
-6616 -35
-6548 -86
-6615 51
-10801 137
-29681 -44
-32923 -48
-17532 -255
27369 -35
32663 62
32510 -59
32278 -18
31990 -26
32418 168
32463 184
32591 181
32434 50
32485 105
32496 21
32436 96
32493 -133
32422 90
32006 50
31997 136
32015 -133
32519 149
32521 56
32538 74
32672 -59
32581 -66
32373 42
32470 -277
32349 65
32540 213
32478 -61
32404 4
32397 3
32523 -125
32644 91
32356 -122
32001 -24
31893 -4
32439 161
32628 -97
32765 122
32589 -254
32805 -218
32104 -118
31793 -131
32221 62
32359 114
32418 -212
32316 -136
32537 -157
32692 -135
32585 189
32565 12
26943 -318
-18499 -162
-32871 154
-25345 -172
-8097 -78
-6545 90
-6765 -303
-6674 -66
-6399 -140
-6617 42
-6652 23
-6531 193
-6268 128
-6515 -111
-6881 -3
-6551 65
-6568 223
-6994 -86
-6611 -72
-6759 -118
-6688 55
-6697 -131
-6372 -240
-6637 -132
-6752 -188
-6728 -10
-6768 -17
-6727 -209
-6658 37
-6624 33
-6772 -1
-6603 120
-6750 41
-6459 139
-6764 240
-6821 35
-6749 -224
-6463 -1
-6324 28
-6582 171
-6687 60
-6768 -55
-6484 112
-6635 -12
-6345 -149
-2690 143
7211 -106
1151 12
-2985 -86
-3691 -204
2220 675
8682 25
5988 318
-14545 -661
-30679 85
-32747 -82
-28121 88
788 411
26249 426
29011 127
29114 398
28876 -129
28933 -284
29023 60
29263 313
27829 90
13800 -341
-16067 -615
-30907 -178
-32653 235
-32387 40
-28016 421
-19053 238
-13957 167
-13458 -119
-13388 66
-13311 -106
-14592 39
-19802 77
-27226 -331
-31785 -53
-32578 236
-32353 100
-29163 214
-21011 122
-12165 236
-7693 270
-6890 -183
-6881 -110
-6576 115
-6656 -122
-7029 162
-6803 -134
-6617 83
-6833 -20
-6698 204
-6739 86
-6467 147
-6840 28
-6652 134
-6522 56
-6574 38
-6474 49
-6546 126
-6417 35
-6833 -51
-6840 271
-6715 -136
-6715 -115
-6806 -12
-6810 -53
-6766 159
-6687 310
-6822 -9
-6453 176
-6967 294
-6711 121
-6625 133
-6841 -69
-6636 -188
-6864 -287
-6585 -34
-6550 25
-6791 32
-6776 133
-8258 244
-12294 -101
-18963 210
-25848 329
-30298 -126
-32270 338
-32578 30
-32372 129
-30911 -108
-27188 -50
-21516 -300
-16202 -152
-13728 119
-13790 324
-15550 112
-20892 110
-28529 175
-32061 -100
-32612 -255
-32175 251
-25031 -247
-658 -833
22536 -235
28681 76
29076 -267
28650 -49
28863 -205
28884 -181
29149 227
28540 178
25419 379
-4781 654
-30506 -1
-30859 -289
-24220 -48
2157 -193
1123 96
-1978 -113
-1880 -303
-859 246
7529 -178
7629 412
-1150 -242
-6642 -336
-6505 114
-6351 36
-6523 -140
-6408 -5
-6418 -16
-7001 -132
-6667 -43
-6645 73
-6849 127
-6727 164
-6580 183
-6775 211
-6664 149
-6771 -190
-6757 -44
-6656 -30
-6659 -78
-6749 119
-6483 187
-6651 -71
-6429 132
-6639 -170
-6691 159
-6593 -15
-6592 -10
-6881 272
-6572 142
-6681 -229
-6545 -213
-6628 -278
-6441 117
-6593 208
-6535 -135
-6677 80
-12003 -62
-30104 -98
-32800 337
-15016 -699
27950 120
32464 -203
32244 262
32358 46
32509 117
31542 -442
27915 233
27759 -256
28343 164
28549 349
29431 194
30231 267
31045 24
32120 -27
32062 249
32428 24
32503 -53
32465 -147
32569 -2
32310 39
32634 20
32542 98
31740 189
32405 -166
32392 -43
32684 -148
32495 -151
32472 -74
32537 29
32459 -64
32584 -198
32555 35
32416 66
32212 67
31926 -62
32052 96
31384 -168
31998 -23
32323 18
31991 -11
32491 129
32438 76
32351 -57
32499 -23
32519 83
32644 -221
32553 85
32396 -20
32726 -67
27983 126
-17932 56
-32592 -105
-25639 -58
-8304 39
-6488 -130
-6628 -183
-6686 71
-6655 -96
-6509 24
-6750 -65
-6528 -4
-6686 64
-6729 -58
-6751 70
-6620 -83
-6611 138
-6746 71
-6821 -45
-6798 139
-6729 69
-6701 11
-6570 63
-6517 -250
-6725 116
-6855 103
-6706 49
-6837 53
-6647 -9
-6482 55
-6693 -182
-6423 118
-6780 68
-6684 65
-6680 -23
-6684 -16
-6521 -58
-6547 188
-6455 -88
-6582 -90
-6678 7
-6805 76
-6697 207
-3895 -77
4010 -10
2144 98
8472 173
4117 -159
7398 133
7926 -243
-2421 102
-3543 291
-4643 105
-7801 23
-20448 -134
-31619 -7
-33027 -118
-27898 135
-2201 449
23777 15
29267 -176
29147 91
29143 36
29216 -261
29125 21
29140 27
28806 164
21139 -28
-4408 -558
-26768 -8
-32360 168
-32874 -89
-30709 -11
-23876 157
-16455 203
-13630 -38
-13162 -39
-13299 206
-13510 180
-14952 -69
-21577 -233
-29015 -66
-32471 -25
-32824 64
-32372 -86
-29198 9
-21991 192
-13574 159
-8853 179
-6905 32
-6738 76
-6624 -39
-6733 -286
-6666 -182
-6849 76
-6659 232
-6706 69
-6741 74
-6675 -65
-6913 174
-6500 149
-5949 -263
-6450 126
-6519 -40
-6586 -111
-6629 223
-6691 3
-6725 82
-6596 -16
-6624 7
-6655 151
-6761 84
-6676 -141
-6656 21
-6698 -99
-6503 91
-6503 82
-6512 84
-6736 -7
-7009 -26
-7861 -46
-10128 228
-13127 41
-16409 12
-20436 -31
-25777 4
-30230 179
-32110 51
-32718 29
-32494 -28
-31740 -179
-29267 -95
-24259 -137
-18223 12
-14669 -13
-13271 -2
-13563 156
-15639 -32
-21765 124
-28341 184
-31692 -107
-32817 209
-32291 100
-28679 -269
-12354 -237
13667 -406
27538 227
29164 213
29292 -143
29063 5
28917 39
29024 -96
29177 35
29134 3
27864 -123
6123 547
-27562 71
-29632 -70
-12283 -172
-5720 -184
8112 337
6521 -218
7337 5
8840 42
755 -157
-4378 149
-3748 220
-6299 194
-6557 -132
-6664 148
-6803 60
-6779 225
-6563 37
-6929 19
-6840 136
-6562 -119
-6711 -86
-6538 3
-6580 69
-6595 -19
-6663 -156
-6552 55
-6654 22
-6587 -5
-6524 -175
-6826 -160
-6572 -15
-6688 113
-6636 -242
-6764 40
-6648 -118
-6655 -40
-6787 -144
-6818 -118
-6630 4
-6655 7
-6629 58
-6618 -46
-6558 -299
-6631 -51
-6632 140
-6664 -71
-6436 134
-12102 240
-30188 -10
-32765 48
-13229 -381
28959 -20
32602 -67
32535 -10
32444 66
32493 64
30594 -8
23995 14
23113 41
23947 56
24005 85
23667 67
23814 54
26692 -254
32198 -293
32465 51
32450 -24
32538 -158
32284 46
32550 43
32480 -14
32582 3
32337 -119
32014 -109
32392 110
32359 63
32496 231
32810 -86
32704 -154
32521 153
32474 -82
32222 -166
32499 -137
32446 179
32465 72
31635 -39
30567 -35
30295 -231
30903 -100
32369 89
32376 -208
32519 -80
32470 140
32500 -53
32552 -9
32540 -122
32384 132
32514 4
32308 24
32438 -195
27639 27
-17859 -196
-32879 293
-25821 -85
-8247 95
-6753 -12
-6864 269
-6635 -169
-6732 -96
-6802 88
-6746 -76
-6663 45
-6554 127
-6674 -40
-6456 -61
-6597 -116
-6628 151
-6626 35
-6732 -25
-6579 100
-6567 103
-6730 -80
-6658 117
-6680 31
-6665 239
-6497 -59
-6497 37
-6685 11
-6533 -176
-6532 4
-6768 230
-6703 104
-6707 0
-6591 -62
-6787 -34
-6480 -173
-6673 -23
-6672 7
-6788 -94
-6596 22
-6471 -111
-6242 241
-6194 -147
2628 -47
6155 146
-4048 -88
1789 266
1717 39
-1285 -167
7441 91
-1607 -111
-6390 10
-6560 353
-6646 -145
-8878 15
-22167 -176
-31638 -316
-32430 162
-29604 274
-10980 673
18256 423
28275 244
28918 152
29118 -254
29264 -237
29329 22
29160 145
29271 292
26824 -177
9771 -509
-18925 -622
-31350 48
-32191 161
-32565 184
-28920 137
-21409 38
-15234 92
-13598 108
-13442 4
-13393 -129
-13615 -157
-16808 -276
-23704 -143
-29832 -101
-32355 -56
-32253 96
-32270 250
-30660 184
-26344 -49
-20022 162
-14774 -134
-11594 56
-9887 440
-8107 98
-7008 -142
-6618 271
-6857 -168
-6667 -10
-6618 -110
-6379 152
-2951 -132
426 -113
-3591 -142
-6605 -103
-6837 -144
-6630 43
-6692 36
-6640 28
-6801 116
-6418 155
-6887 -106
-6631 145
-6718 11
-6595 -24
-6743 98
-7082 224
-8470 126
-11146 392
-14801 149
-19783 4
-24856 211
-28426 198
-30765 277
-31695 230
-32383 120
-32762 77
-32484 -282
-32476 -68
-30578 -193
-26317 -19
-20539 -1
-15899 -325
-13962 -118
-13256 -138
-13673 0
-16337 -267
-22217 225
-28389 209
-32295 298
-32716 59
-32355 -11
-29295 23
-15797 -242
8526 -510
24842 -348
28752 194
29185 -14
29124 -100
29071 235
29048 -104
29052 -222
29015 -54
28881 -30
27203 43
7690 415
-23280 247
-31703 -558
-22427 4
-446 136
-4986 -138
-2538 70
-626 378
-2699 -177
5939 99
761 131
-6508 -100
-6712 204
-6756 -99
-6770 -20
-6905 -114
-6802 138
-6595 -127
-6417 -55
-6711 -139
-6625 188
-6600 -22
-6727 -83
-6630 -56
-6753 228
-6541 -14
-6566 58
-6685 172
-6673 52
-6523 118
-6594 139
-6555 174
-6479 -3
-6618 191
-6707 -223
-6442 74
-6515 11
-6831 -123
-6771 -144
-6474 16
-6479 149
-6738 -53
-6790 23
-6680 -211
-6716 -2
-6697 79
-6459 39
-6826 -29
-6425 -67
-12716 107
-30582 -198
-32761 135
-10990 -463
29550 103
32715 -180
32455 92
32583 -44
32593 -230
29989 51
23950 -188
24716 1
25728 -15
24656 -31
23509 93
23497 -96
26646 -131
32177 -20
32725 44
32382 31
32637 120
32470 25
32707 -62
32495 -91
32473 10
32377 -42
31956 -31
32528 -100
32383 -56
32489 -61
32548 -46
32576 81
32416 -87
32492 -81
32429 81
32497 -123
32549 141
32472 33
31345 50
30229 -39
30921 -65
31117 -123
31332 78
32420 41
32462 20
32701 -49
32431 -103
32614 27
32587 38
32553 -71
32458 17
32471 36
32466 2
28006 29
-17754 53
-32714 37
-25755 29
-8162 -29
-6575 92
-6637 50
-6611 93
-6600 60
-6711 36
-6691 42
-6622 -5
-6637 -16
-6705 -77
-6638 -44
-6636 59
-6727 -21
-6712 23
-6772 -91
-6786 8
-6555 47
-6689 196
-6637 94
-6541 -123
-6630 70
-6659 -76
-6613 44
-6646 -29
-6713 -141
-6662 33
-6688 -58
-6539 -71
-6703 118
-6634 32
-6536 -10
-6733 -57
-6275 -113
-6625 53
-6657 48
-6321 202
-898 -298
4955 65
2575 -136
1397 132
7270 -6
-4101 3
-6653 153
-1995 40
6484 -359
3309 133
-5840 -73
-6614 90
-6541 -42
-6768 108
-6352 -67
-9062 36
-20968 -157
-30855 13
-32681 -48
-31814 -155
-18913 246
11600 402
27865 -36
29094 -193
29181 -45
29074 -64
29298 -121
29034 -164
29333 129
28930 178
19737 -233
-5604 -338
-26593 -174
-32393 111
-32945 285
-31965 -92
-27902 -20
-20466 106
-15660 105
-13698 -72
-13288 106
-13235 -48
-13890 134
-17271 8
-24204 -191
-29824 -110
-32135 -119
-32740 14
-32754 -27
-32355 166
-31465 47
-30085 -15
-28197 47
-24774 -28
-19341 210
-14067 75
-10977 116
-8744 164
-7355 -61
-6919 -104
-1231 27
-3601 163
-6120 -51
-6077 -105
-6854 38
-6770 -67
-6672 21
-6579 30
-6652 26
-6764 89
-7210 12
-8833 132
-10979 140
-13692 33
-16838 33
-21174 2
-25865 0
-29563 148
-31674 139
-32467 -74
-32753 -12
-32867 -82
-32690 -107
-32198 -208
-32007 -77
-30375 -63
-27652 73
-22754 -96
-17442 35
-14435 84
-13324 -145
-13176 2
-13519 108
-16338 112
-22816 161
-29411 -74
-32252 -110
-32699 72
-32355 345
-29184 41
-14513 -322
7173 -450
23508 -102
28908 180
29291 230
29198 -154
29076 -73
29021 -34
29109 38
29178 142
29125 -49
29199 -188
25565 178
2734 711
-20668 -138
-14998 -419
-13877 37
-15660 -288
5552 30
-483 -290
-6611 231
-3449 -65
6436 -154
3944 141
-5274 62
-6715 110
-6598 221
-6667 -15
-6684 68
-6767 175
-6576 81
-6692 12
-6629 -30
-6689 -61
-6667 22
-6583 -54
-6750 -20
-6610 35
-6522 -20
-6621 -46
-6601 18
-6713 32
-6617 98
-6542 30
-6708 12
-6563 -56
-6845 -11
-6546 3
-6687 -77
-6580 -142
-6751 4
-6759 79
-6622 104
-6623 65
-6613 38
-6651 71
-6606 109
-6635 29
-6654 56
-6674 -125
-6592 -89
-6639 134
-6542 -56
-13943 -3
-31653 119
-32725 227
-7303 -170
30837 61
32490 -69
32467 64
32419 12
32347 -38
29914 36
23493 123
24808 -23
24596 -9
23635 75
23840 6
23406 30
26881 65
32487 -77
32564 -14
32443 45
32530 62
32587 98
32564 -74
32513 34
32487 23
32550 89
32205 229
32469 -319
32349 248
32435 177
32620 -89
32686 31
32411 100
32278 44
32317 -225
32311 21
32573 43
32489 234
31829 -43
30886 -142
31391 120
30135 198
30315 317
32073 211
32463 266
32389 40
32533 -161
32422 -37
32320 109
32726 21
32665 13
32879 -13
32393 -100
28044 26
-15881 -341
-32565 135
-24815 11
-7601 -194
-6466 -132
-6751 -110
-6402 -77
-6509 -199
-6667 312
-6558 177
-6701 165
-6712 221
-6579 8
-6641 70
-6700 8
-6816 334
-6646 118
-6595 -185
-6548 114
-6416 -98
-6839 229
-6738 17
-6706 -64
-6605 -60
-6772 -73
-6492 59
-6748 141
-6584 -71
-6737 -116
-6578 -48
-6869 251
-6661 31
-6657 -65
-6584 -214
-6418 287
-733 131
-2738 9
-5599 -269
-3061 238
8059 -200
2405 75
6400 -250
4839 -121
4414 483
4901 -18
-5402 72
-2449 136
-708 557
-5669 113
-6286 -138
-6605 -157
-6426 -53
-6838 68
-6594 120
-6707 -12
-8126 49
-16854 70
-28531 -79
-32290 -13
-32509 -139
-24438 883
2711 817
24976 494
29043 20
28761 161
28978 -223
29152 153
29146 154
28998 164
28717 -99
25924 4
11245 -568
-14378 -539
-29220 -165
-32454 17
-32542 19
-32013 -87
-28800 -51
-23778 -4
-18046 455
-14540 -217
-13081 17
-13220 -81
-13869 -302
-16516 -540
-21910 28
-27392 263
-30760 11
-32306 -72
-32733 -62
-32650 -251
-32496 -82
-32136 -88
-32375 240
-31072 202
-29603 243
-27136 -99
-23872 73
-19865 -41
-16473 123
-15276 12
-12618 -194
-7360 65
-13723 351
-14309 115
-14755 273
-15370 13
-16067 210
-18073 144
-22286 243
-26440 299
-29435 429
-31042 160
-31818 154
-32608 -113
-32356 -296
-32572 102
-32580 -253
-32040 -76
-31119 -176
-28371 44
-25158 -1
-21905 -167
-19638 3
-16750 137
-14751 -143
-13572 -369
-13269 60
-13246 -112
-13770 243
-17139 -114
-23508 -25
-29507 -25
-32243 170
-32717 261
-32068 317
-28103 -473
-13272 -45
8157 -314
23891 -26
28778 177
29111 248
28993 53
29400 -58
29079 50
28895 -264
29156 203
28894 2
28916 49
27791 194
19777 350
-6817 139
-25408 119
-10871 -370
-13099 -59
-8553 -123
3914 -569
1566 271
7396 -126
-2384 -67
-4902 392
-2245 458
-5524 383
-6760 110
-6619 -142
-6449 267
-6706 -59
-6833 75
-6599 -21
-6662 -52
-6839 -289
-6616 -113
-6705 -21
-6726 163
-6670 38
-6494 65
-6591 8
-6676 -124
-6706 104
-6694 -47
-6800 15
-6662 -175
-6571 51
-6524 -73
-6493 274
-6722 66
-6888 72
-6807 13
-6718 -99
-6499 10
-6500 212
-6540 235
-6471 77
-6718 54
-6501 -150
-6790 68
-6481 -49
-6442 -87
-6614 251
-6579 25
-6746 207
-6474 -218
-15297 501
-31732 129
-31965 634
-4237 -1005
31243 334
32717 18
32369 -11
32306 -80
32331 89
29666 60
23891 -284
23297 89
23568 95
24431 -77
25784 68
23883 -101
27295 -104
32264 74
32631 -40
32470 -8
32387 122
32375 164
32463 -121
32267 98
32196 -178
32324 30
31883 330
32275 56
32450 -112
32504 -16
32451 -143
32476 20
32391 43
32473 -68
32513 -142
32425 -55
32512 139
32411 121
32591 192
32095 -128
30248 -35
30584 -77
30870 85
32338 -75
32632 -40
32499 130
32533 131
32695 -2
32604 9
32485 -19
32406 -42
32219 -92
32642 -8
28931 38
-13931 25
-32646 -29
-24637 -163
-7383 79
-6614 -113
-6556 222
-6804 101
-6591 9
-6741 146
-6694 5
-6796 -126
-6644 -47
-6453 -131
-6637 -100
-6466 78
-6603 -62
-6566 13
-6571 -85
-6722 5
-6782 -10
-6622 3
-6574 -10
-6726 80
-6578 18
-6443 39
-6570 76
-6652 147
-6397 -17
-6674 73
-6759 176
-6731 -30
-6563 48
-6870 -159
-4646 190
-6264 -107
1020 83
8319 -17
6666 -103
-229 -17
7981 2
2113 -378
6786 73
2653 64
-2915 46
5738 244
-190 -21
-6626 261
-6568 -21
-6582 7
-6667 -169
-6435 117
-6530 121
-6598 78
-6573 97
-6735 255
-6561 -9
-7204 37
-12949 -78
-25868 -213
-32329 207
-32728 -235
-29355 82
-8272 520
20110 293
28803 -480
28990 -10
29153 -225
29055 -49
29040 -58
29125 25
29115 120
28701 96
23961 -117
4937 -251
-18992 -253
-30566 -330
-32408 61
-32621 312
-32351 39
-30857 -5
-26548 -78
-20621 44
-15903 132
-13586 81
-13341 -176
-13703 67
-14892 -57
-17378 -94
-21296 -168
-24314 -68
-26817 14
-28998 -132
-31166 -85
-32253 -25
-32670 -26
-32783 -128
-32711 39
-32946 112
-32548 111
-32259 -113
-27174 32
-19070 11
-21375 377
-30858 20
-31257 -232
-31452 138
-31872 19
-32031 246
-32276 64
-32647 -177
-32700 103
-32651 -2
-32671 -1
-32271 -198
-31432 75
-29967 -253
-27581 149
-24172 -81
-20670 -60
-17273 20
-15358 7
-13995 26
-13176 78
-13190 93
-13511 199
-13363 33
-13627 19
-15090 -104
-18879 -24
-24878 126
-30255 -70
-32518 97
-32852 185
-32001 197
-27022 -57
-11498 -311
10722 -494
25217 -87
28733 150
29281 290
29243 -111
29058 -349
29016 162
29075 -155
29012 152
29186 124
29345 22
28777 -240
26276 217
12365 415
-3 149
-12783 -197
-19923 -245
-8556 464
-9949 -342
1909 -354
4135 380
-2956 -254
2110 179
2846 -123
-6481 25
-6582 -40
-6514 49
-6734 212
-6548 -49
-6523 55
-6736 -77
-6769 13
-6693 -130
-6777 -35
-6703 190
-6609 -175
-6683 135
-6514 119
-6669 153
-6661 92
-6558 42
-6595 24
-6894 60
-6575 -133
-6742 20
-6633 -68
-6552 14
-6534 -26
-6733 -24
-6571 10
-6647 47
-6632 211
-6666 28
-6678 33
-6455 39
-6743 45
-6691 70
-6559 7
-6507 66
-6762 87
-6884 -51
-6691 90
-6452 21
-6610 186
-6682 -84
-6646 -253
-16385 -73
-31946 -75
-31830 153
-638 -446
31532 81
32524 204
32537 68
32627 113
32476 -31
29558 25
23530 26
23219 -39
24114 185
25462 -95
24849 190
23495 -178
27643 18
32584 132
32550 69
32456 111
32442 95
32333 -6
32548 82
32448 13
32497 -44
32548 -85
31926 206
32284 -133
32440 61
32315 0
32376 176
32365 -200
32550 -45
32655 -162
32382 -18
32438 33
32538 119
32182 388
32237 75
32234 48
31394 -258
31565 8
31822 -181
31937 111
32287 46
32389 23
32483 -42
32576 -163
32511 35
32480 102
32732 -187
32489 -157
32603 -69
29031 361
-13757 -308
-32668 -85
-24698 -120
-7511 181
-6463 -172
-6538 -52
-6641 -83
-6572 116
-6802 173
-6450 -39
-6741 74
-6680 -138
-6936 37
-6767 -6
-6569 170
-6891 96
-6462 280
-6701 1
-6676 -131
-6604 21
-6596 -83
-6765 -92
-6506 -168
-6863 -90
-6611 86
-6582 -34
-6460 -21
-6715 54
-6599 69
-6728 -40
-6634 51
-6593 -95
-5869 74
3895 -27
683 -89
3871 17
10678 287
7607 105
-4471 -174
1121 311
9974 -329
761 26
1743 -605
3245 -314
-4475 601
-4870 120
-6428 -52
-6547 113
-6796 -184
-6816 -115
-6386 -137
-6500 -71
-6668 -114
-6522 -128
-6508 151
-6626 165
-6576 9
-6750 259
-10310 149
-21205 -322
-30655 185
-32695 -57
-31350 235
-17199 570
11836 604
26979 82
29083 15
28983 -187
29036 -85
29155 -13
29189 215
29098 126
29049 176
28120 -304
21689 -280
5409 -480
-13288 -215
-26494 -493
-31513 -54
-32432 -5
-32499 299
-31821 -22
-29108 19
-24209 -79
-18373 12
-14758 480
-13602 109
-13550 -95
-13341 -209
-13768 133
-14202 -184
-15525 -104
-18208 -89
-21630 -146
-24850 -108
-27365 -30
-29422 -105
-30690 130
-31611 6
-32077 18
-31122 -236
-29382 145
-30949 373
-32477 42
-32428 208
-32173 62
-32390 24
-32160 -138
-31615 -4
-31230 71
-29256 76
-26700 -42
-23316 -11
-20681 -311
-18465 -113
-16280 -103
-14181 -161
-13589 -98
-13340 236
-13417 79
-13442 -14
-13651 110
-14007 -47
-15480 218
-18113 -17
-21304 -51
-25144 99
-28466 52
-31207 -10
-32393 173
-32702 88
-31846 -37
-25281 -371
-8047 -333
13400 -493
25583 -210
28997 81
29094 63
29218 -96
29430 61
28749 -77
29031 12
29075 -231
29007 -170
29225 110
29174 -263
28299 148
22228 623
1183 261
-17528 -112
-4287 196
-4452 75
-21823 -361
-11551 166
8313 68
3296 -11
-65 -113
5811 -98
-4517 220
-5590 173
-6735 -87
-6505 -89
-6436 -24
-6643 14
-6758 -228
-6773 193
-6541 117
-6671 -14
-6810 39
-6710 -14
-6577 75
-6753 75
-6560 232
-6619 127
-6535 -41
-6802 180
-6674 -278
-6496 -68
-6805 -120
-6559 -97
-6661 151
-6626 7
-6883 -96
-6936 -43
-6690 173
-6668 -157
-6665 24
-6567 34
-6435 -71
-6559 -1
-6534 -28
-6736 322
-6607 -188
-6580 -180
-6571 -30
-6597 82
-6635 282
-6554 -4
-6658 -95
-6606 -37
-6491 68
-6692 -77
-17736 180
-32113 155
-31258 277
3550 -705
31731 332
32793 -76
32452 417
32415 -7
32471 -8
29828 123
24901 51
24450 -87
24321 218
23925 -222
23926 -133
23490 -108
27618 -39
32378 127
32486 -71
32520 -12
32404 19
32300 -88
32527 29
32719 135
32584 -105
32328 -215
31991 3
32408 -66
32589 -88
32552 97
32379 -3
32540 -29
32492 -60
32438 68
32406 86
32460 -51
32390 15
32081 22
32246 -59
32596 -51
32565 117
32515 76
32513 159
32439 53
32045 -87
32101 27
32460 47
32456 37
32711 -126
32350 -67
32454 5
32521 -124
32507 25
29226 61
-12472 -89
-32633 48
-24560 21
-7305 79
-6800 55
-6584 51
-6660 -209
-6806 53
-6669 10
-6539 2
-6731 18
-6715 30
-6693 -15
-6553 16
-6642 1
-6566 -14
-6633 20
-6751 20
-6533 1
-6541 105
-6540 131
-6617 -57
-6642 58
-6649 120
-6839 7
-6673 -62
-6725 -67
-6645 111
-6732 15
-6693 -104
-6794 -121
-6778 -178
-6430 32
825 158
11176 -156
7788 -73
-1825 123
5417 36
2427 -153
-4990 -194
3136 23
7792 26
7723 -61
-922 109
-6555 -150
-6704 47
-6645 -7
-6891 -132
-6529 -79
-6695 -85
-6701 -88
-6698 69
-6673 15
-6509 -21
-6513 -51
-6565 -8
-6715 35
-6715 27
-6551 76
-7651 19
-15850 -245
-27708 1
-32161 -76
-32451 -140
-25327 259
328 404
23948 86
29241 -182
29117 116
29097 26
29106 64
28990 -76
29181 -51
29246 118
29239 183
28561 210
25484 -164
15313 -345
-1848 -135
-19771 -236
-29528 -37
-32292 97
-32772 197
-32596 55
-31540 -49
-27586 21
-21514 -29
-17126 212
-14438 79
-13363 67
-13296 18
-13328 113
-13267 -112
-13203 57
-13630 41
-14569 12
-15740 -138
-17383 -97
-19169 11
-20653 -32
-22035 -53
-21994 -22
-22008 81
-22078 -79
-22134 98
-22105 -34
-22082 -39
-21118 27
-19657 -84
-17857 18
-15486 -81
-14153 34
-13591 -121
-13284 -114
-13379 -139
-13317 -163
-13320 -28
-13637 67
-14285 50
-15823 110
-18673 155
-22813 41
-26915 -89
-29641 -83
-31315 -85
-32396 69
-32579 254
-32633 47
-32426 65
-31057 34
-23394 -200
-5561 -251
15456 -305
26953 47
28997 232
29196 98
29261 -3
29162 -25
29081 15
28980 -41
29178 -53
29080 60
29164 95
29244 -181
29161 -96
24465 218
5411 428
-11916 483
-4198 -324
-5880 -388
-16313 322
-7707 197
-1501 -622
-6011 9
910 149
7874 -26
7715 165
524 76
-6304 -1
-6601 -220
-6565 175
-6863 -69
-6642 28
-6668 68
-6750 54
-6538 81
-6499 -59
-6528 -128
-6658 135
-6583 -105
-6702 107
-6675 39
-6775 -38
-6594 59
-6613 112
-6615 66
-6661 -56
-6645 94
-6668 -143
-6659 4
-6647 9
-6602 -54
-6751 25
-6584 -20
-6654 5
-6654 -196
-6549 42
-6744 -41
-6604 -2
-6690 41
-6565 -20
-6751 -61
-6739 -133
-6685 -211
-6655 -80
-6733 -9
-6723 -158
-6648 -54
-6667 89
-6604 109
-6650 -18
-6584 68
-18191 61
-32166 -17
-31062 84
7254 -420
32217 120
32420 64
32546 123
32444 18
32349 77
31664 44
31216 -130
31270 12
30979 -3
30421 -59
29892 7
28917 3
30244 -69
32205 -49
32544 -162
32458 -180
32491 -43
32644 -86
32517 102
32430 -3
32510 41
32458 -42
32015 -22
32344 -65
32527 -122
32544 -93
32608 330
32413 28
32368 -85
32560 -202
32396 29
32184 112
31945 27
32532 -11
32402 4
32502 26
32615 42
32420 154
32592 189
32263 87
32494 -49
32071 -161
32070 -75
32378 122
32562 -70
32500 62
32484 133
32146 -150
32229 -102
29942 67
-9442 -259
-32324 523
-23529 223
-7273 167
-6518 106
-6784 20
-6805 -209
-6775 -122
-6505 20
-6664 22
-6678 170
-6877 133
-6766 85
-6513 509
-6386 -71
-6739 32
-6600 251
-6599 -47
-6743 -81
-6609 152
-6709 111
-6630 172
-6835 -309
-6730 -120
-6307 285
-6677 60
-6623 -83
-6634 103
-6686 95
-6551 -13
-6729 358
-6684 -85
-1889 166
2025 114
4302 119
6913 -67
-2963 -204
-3613 133
6240 -3
5720 -74
1617 -130
-2879 209
-4349 -83
-6245 -42
-6426 -120
-6446 123
-6735 -60
-6924 367
-7107 143
-6838 231
-6903 -131
-6706 -61
-6850 -308
-6660 -111
-6640 -41
-6573 243
-6505 224
-6507 -50
-6705 31
-6728 -337
-6814 297
-11585 -202
-23231 -347
-31038 -66
-32761 -195
-29327 97
-11952 394
16212 410
28083 -17
28813 131
29306 162
29119 97
28809 164
29034 -49
29093 -37
29163 80
29132 31
28997 22
27931 70
21875 -318
7580 -527
-11246 -550
-25001 -414
-30857 -260
-32514 34
-32564 57
-32101 72
-30313 156
-26814 12
-22451 3
-18794 -20
-16609 243
-14682 216
-13483 -7
-13329 169
-13489 102
-13567 320
-13349 -175
-13341 -169
-13417 400
-13409 -6
-13323 110
-13017 22
-13143 -73
-13359 -43
-13676 -167
-13607 -60
-13609 -130
-13301 -117
-13025 186
-13346 -70
-13275 64
-13726 -53
-14638 48
-16454 494
-18518 103
-21499 -183
-24194 159
-26760 -110
-29744 5
-31400 -94
-32219 30
-32815 138
-32839 49
-32515 78
-32118 -135
-29792 -146
-24654 -176
-13887 -465
2590 -521
18552 -560
27149 -190
29056 156
29038 157
29118 -159
29128 -32
28962 -153
28984 186
29020 -11
29160 21
29045 -63
29122 32
28825 -47
25393 221
10961 561
-12856 215
-26467 -28
-20939 -648
-10467 272
-4938 -34
-14337 -56
-7263 228
5768 22
5511 223
2705 -122
-2602 -289
-4011 155
-6372 310
-6542 232
-6527 -125
-6635 -158
-6259 -7
-6934 143
-6721 163
-6354 -67
-6409 -25
-6606 -212
-6872 -280
-6660 52
-6503 -217
-6489 -94
-6513 40
-6306 155
-6390 57
-6819 170
-6853 185
-6715 -78
-6730 9
-6868 92
-6737 28
-6484 50
-6664 26
-6362 19
-6615 -49
-6704 76
-6817 -124
-6587 -50
-6772 164
-6784 82
-6597 -255
-6706 -23
-6667 62
-6872 15
-6584 -32
-6591 44
-6609 -64
-6777 -8
-6396 188
-6562 -10
-6529 -326
-6544 21
-6618 -408
-19178 506
-32551 179
-30146 116
10318 -1009
32101 410
32663 -107
32667 188
31976 -17
31731 -67
32398 -166
32472 122
32659 -36
32347 74
32421 57
32421 -164
32394 -61
32586 -110
31881 12
31786 80
32419 258
32508 4
32344 -46
32565 33
32520 275
32358 -7
32242 -94
31921 153
32564 8
32463 -135
32388 -95
32523 -147
32282 46
32509 -27
32527 112
31950 48
31866 -22
32473 42
32533 -116
32551 17
32359 -175
32525 200
32521 62
32623 8
32448 72
32491 -199
32523 20
32249 -137
32050 155
32099 -24
32511 -26
32539 178
32470 207
32573 59
30087 113
-9533 8
-32352 105
-24506 127
-7484 -14
-6707 -31
-6719 118
-6565 78
-6663 63
-6538 -153
-6907 105
-6591 -73
-6816 24
-6649 59
-6596 35
-6558 -15
-6472 43
-6455 102
-6741 19
-6675 -35
-6626 74
-6497 57
-6674 26
-6756 35
-6764 -41
-6717 -137
-6633 -35
-6538 -44
-6699 4
-6604 -124
-6698 170
-6290 -19
-6347 175
-2018 -113
8026 102
-301 -150
1848 302
6357 -1
-651 -209
-841 -9
1843 196
-1374 145
-6469 -259
-6576 -153
-6589 -75
-6594 119
-6608 72
-6634 -35
-6612 99
-6745 347
-6814 21
-6747 22
-6588 82
-6708 34
-6661 35
-6600 21
-6502 -147
-6681 -26
-6732 51
-6546 -88
-6431 -2
-6700 63
-6681 107
-8691 84
-18485 -194
-29655 144
-32724 -60
-31966 -76
-22615 240
4007 186
24312 35
29109 -240
29304 -162
29221 -112
28967 161
28997 122
29100 -60
29024 -268
29331 -210
29223 145
29274 167
28828 129
26197 -197
17636 -353
1513 -449
-17004 -235
-28399 -131
-31959 26
-32639 1
-32748 -1
-32679 198
-31591 -77
-30393 -61
-28403 67
-25821 -160
-23068 -83
-20330 -21
-18397 -64
-17174 57
-16073 -14
-15553 126
-15367 70
-15192 114
-15456 128
-15675 199
-15567 59
-15769 230
-15903 49
-15897 -22
-16655 -101
-17340 -97
-18865 -76
-21434 -111
-24466 -74
-27923 1
-30035 17
-31737 -38
-32569 43
-32691 172
-32838 147
-32593 248
-32579 40
-31502 -138
-27555 -352
-20408 -103
-10953 -300
208 -344
9882 -61
18889 -198
25822 -283
28649 98
29218 142
29218 5
29426 -240
29129 107
29041 -126
28986 25
29098 -19
29264 77
29222 58
29304 -253
28983 -25
25156 263
10748 329
-11868 326
-27733 236
-32037 -212
-26754 -49
-7787 40
-13755 -179
-3218 -57
5871 -77
-2298 -198
-1752 -172
2732 265
969 293
-5957 -202
-6551 61
-6560 25
-6568 71
-6729 -131
-6772 -84
-6687 91
-6640 -29
-6861 134
-6842 9
-6614 -33
-6595 -24
-6615 -162
-6504 41
-6683 18
-6674 192
-6606 -41
-6538 99
-6628 -5
-6624 -33
-6710 24
-6608 31
-6572 -119
-6519 -21
-6615 5
-6506 -118
-6659 -116
-6707 153
-6713 55
-6659 -12
-6645 -50
-6788 -19
-6552 221
-6740 -7
-6747 17
-6671 4
-6685 22
-6682 41
-6594 -210
-6751 -65
-6507 50
-6714 54
-6592 -235
-6709 176
-6557 -102
-6645 45
-6998 -129
-20462 215
-32461 80
-29062 238
13934 -418
32390 133
32481 -259
32108 144
31908 -48
32394 -93
32484 155
32346 46
32628 3
32545 -93
32482 31
32577 83
32622 -81
32466 -115
32434 -48
31863 121
31882 147
32505 -101
32425 10
32519 -93
32755 110
32603 -8
32525 -139
32077 164
32579 13
32102 77
32200 -201
32450 -142
32388 75
32559 -152
31986 -32
32057 66
32585 -56
32681 147
32401 10
32603 -184
32541 -23
32396 139
32640 263
32636 -92
32399 2
32290 48
32470 -182
32622 142
32152 131
32027 139
32323 1
32749 7
32493 -90
32595 73
30509 151
-7290 -189
-32395 10
-25509 -102
-8110 64
-6629 -20
-6677 78
-6598 17
-6710 64
-6555 -149
-6373 -118
-6702 13
-6723 98
-6579 64
-6519 -76
-6546 -32
-6451 178
-6551 -85
-6683 10
-6632 105
-6598 -108
-6781 55
-6751 34
-6576 -8
-6859 -43
-6737 -182
-6834 -105
-6642 128
-6669 107
-6634 -44
-6588 115
722 42
1495 -214
-5618 -50
-636 212
7423 106
-1055 -49
1809 368
7244 -136
1320 169
-6301 13
-6745 -13
-6767 54
-6824 -81
-6553 -156
-6873 108
-6523 -95
-6688 -54
-6425 -9
-6515 83
-6662 36
-6955 315
-6786 294
-6812 194
-6770 -123
-6693 -252
-6701 -135
-6616 -76
-6650 -75
-6624 -131
-6666 -8
-6643 -8
-6752 -178
-6753 8
-7105 -59
-13928 -80
-26330 -377
-31741 -67
-32129 -191
-29514 237
-13323 412
10594 633
25331 154
29002 15
29044 -303
29261 -47
29145 -34
29074 297
29170 0
28999 -92
29156 -98
29083 -220
29133 18
28925 11
28271 73
23654 -196
11864 -513
-4927 -501
-19010 -88
-27891 -227
-31240 -215
-32349 -59
-32772 15
-32761 -147
-32689 10
-32499 88
-32222 248
-31562 -44
-30832 212
-30434 -119
-29824 68
-29034 -42
-29285 6
-29670 1
-30165 10
-30317 -21
-30287 -49
-30209 -201
-30177 -2
-30807 158
-30858 198
-31650 219
-32449 296
-32787 201
-32781 140
-32505 126
-32316 186
-31495 -185
-29357 -246
-25632 -250
-20066 -388
-10827 -153
2211 -506
14561 -354
22631 -201
26994 -218
28750 29
28982 126
29031 100
29017 62
29239 -68
28706 -204
28893 243
29114 50
29218 96
29185 -9
29168 117
29364 172
29089 -20
28659 -218
25146 416
10093 335
-12439 419
-27889 191
-32091 -165
-26799 -158
-19959 -427
-25518 -201
-9028 -49
5988 -91
-1060 -5
2373 561
8370 -259
4485 155
-5425 6
-6751 -134
-6703 35
-6626 83
-6487 -247
-6537 -287
-6787 35
-6717 32
-6649 107
-6537 -16
-6588 -3
-6949 149
-6831 8
-6966 -67
-6747 31
-6591 51
-6625 34
-6664 -63
-6463 -258
-6681 33
-6663 45
-6659 35
-6729 195
-6705 -20
-6759 -136
-6715 113
-6681 -141
-6557 -86
-6545 152
-6762 -107
-6687 215
-6707 -19
-6628 79
-6491 21
-6612 -105
-6707 -36
-6717 -65
-6674 -140
-6676 142
-6788 268
-6527 -114
-6825 -17
-6758 9
-6757 76
-6712 15
-6573 21
-6667 61
-6644 266
-7051 -255
-21625 53
-32763 61
-26800 -92
17049 -484
32252 587
32045 11
32516 -54
32287 64
32600 17
32678 76
32566 -38
32625 9
32524 89
32628 304
32538 -141
32430 89
32617 188
32515 179
32669 -103
32434 -116
31852 -80
32365 269
32581 170
32676 76
32606 167
32597 -265
31875 -156
31480 -46
29721 -87
30763 46
32491 -36
32274 -11
31941 -11
32163 31
32491 -52
32333 49
32510 30
32671 2
32513 -53
32576 -94
32591 -104
32483 -90
32540 -66
32490 14
32635 6
32493 30
32545 5
32375 66
32628 38
31903 41
32006 -18
32527 113
32513 -57
31103 129
-5060 -156
-32379 148
-26306 76
-8512 -40
-6769 0
-6623 -70
-6718 -105
-6767 1
-6665 -12
-6716 -33
-6825 -67
-6569 -78
-6566 -151
-6575 -83
-6571 -70
-6616 82
-6627 -38
-6561 64
-6620 -63
-6583 13
-6730 148
-6728 -63
-6755 6
-6729 12
-6704 46
-6220 199
-4789 -150
-6462 89
-4612 -149
-1742 -99
-29 -61
7933 250
954 -347
-5879 42
1351 -42
7150 -166
-4347 108
-5412 35
-6209 110
-6656 51
-6586 76
-6840 -60
-6585 -58
-6525 -77
-6672 90
-6610 17
-6502 -36
-6547 -45
-6659 -1
-6579 1
-6614 203
-6556 99
-6811 79
-6902 57
-6714 74
-6644 132
-6711 -73
-6674 -74
-6680 49
-6627 -152
-6696 -72
-6624 176
-6650 21
-6608 -31
-6648 77
-10008 -63
-20608 -45
-29737 -27
-32382 0
-32315 -70
-27974 298
-11707 358
11232 206
25451 202
29008 -333
29284 -284
29204 -112
29212 -57
29158 116
29073 83
29037 113
29041 -152
29125 -232
29179 12
29074 88
29086 85
27865 -43
23170 -107
13805 -130
3202 -294
-6254 -134
-15389 -218
-22255 -29
-27481 -231
-29877 -207
-31463 3
-32101 -13
-32365 -55
-32690 26
-32713 210
-32810 95
-32630 22
-32725 60
-32689 215
-32919 129
-32772 163
-32898 35
-32763 84
-32720 99
-32542 55
-32459 -18
-31824 115
-29504 18
-24892 -103
-17020 -105
-7500 -221
2017 -229
11201 -312
17752 -274
23326 -106
26923 -214
28724 123
29176 326
29111 193
29248 148
29293 -52
29260 -119
29119 -82
28970 -161
29129 -145
28920 132
29135 -28
29087 7
29150 102
29255 35
29100 -151
28648 -213
24804 199
9747 310
-13272 350
-26798 -33
-32158 37
-32019 -101
-28897 -224
-20037 -66
377 -64
-1836 -380
-6332 155
684 304
7468 -363
-3097 243
-3632 141
-5092 81
-6610 2
-6717 78
-6644 -179
-6587 -120
-6690 -69
-6643 83
-6641 -53
-6681 56
-6662 -57
-6664 -32
-6553 49
-6723 59
-6642 -88
-6885 87
-6650 41
-6674 182
-6637 -54
-6748 -29
-6648 -87
-6666 6
-6516 51
-6615 87
-6589 -102
-6622 40
-6623 -106
-6707 25
-6681 -7
-6667 -102
-6583 33
-6740 63
-6607 68
-6779 22
-6570 47
-6549 -46
-6609 -29
-6625 -122
-6689 30
-6747 59
-6584 50
-6630 42
-6649 -7
-6724 -20
-6706 70
-6612 -21
-6566 3
-6557 31
-6623 -140
-6697 60
-7118 -136
-22938 40
-32714 171
-23954 -241
21957 -151
32042 97
32326 -20
32431 16
32426 97
32628 -57
32467 -26
32472 -65
32541 -79
32552 58
32671 -61
32549 -13
32570 81
32432 -41
32571 11
32567 -95
32445 40
32280 48
32106 -109
32235 -41
32508 38
32551 23
32284 -7
31403 -82
30907 -277
30606 -50
31975 167
31966 79
31588 -40
32166 178
32512 173
32494 113
32443 295
32494 -179
32730 -15
32601 -212
32221 -103
32549 -5
32322 221
32594 -331
32475 146
32442 -300
32522 -59
32584 -81
32753 213
32600 -181
32648 -124
32115 2
32009 -49
32389 -119
30710 328
-4277 -778
-31975 184
-26972 158
-9095 182
-6923 -208
-6645 -43
-6506 130
-6761 51
-6477 158
-6608 -90
-6634 150
-6681 -119
-6687 -106
-6542 358
-6712 152
-6500 -133
-6463 -4
-6482 -207
-6541 -118
-6579 238
-6732 71
-6567 75
-6975 42
-6653 5
-6589 144
-3109 68
6286 23
1173 -6
6257 -252
7351 92
7578 28
2354 105
7661 220
3335 -116
4578 -356
4104 126
-5037 154
-6944 98
-6701 -122
-6695 -125
-6572 92
-6670 -39
-6955 -102
-6532 -136
-6529 -104
-6659 126
-6744 -5
-6445 -206
-6547 271
-6424 174
-6389 106
-6270 -134
-6704 -311
-6755 22
-6739 -66
-6665 103
-6551 44
-6483 121
-6903 -5
-6893 -89
-6228 -178
-6441 -52
-6489 30
-6494 120
-6740 -62
-6528 175
-7605 239
-13097 -223
-23564 -312
-30277 -62
-31983 -92
-31760 73
-27115 140
-11994 419
9530 430
21111 306
26416 316
28361 91
28906 330
29067 -143
28793 -242
29106 -167
29097 146
28846 74
28849 -140
28880 43
29098 -125
28916 -81
28946 20
29001 179
27730 -29
25225 -141
21124 -169
15603 -345
8756 -59
2453 -439
-3639 -165
-9095 -445
-12201 -408
-14773 -335
-15223 -368
-15239 -254
-15356 -309
-16441 -4
-18376 -76
-18370 -165
-17380 -442
-15532 -214
-15072 -144
-12435 -407
-7225 49
1190 -259
10562 -368
18663 -133
24727 -13
27498 -151
28652 106
28677 29
29077 79
28975 394
29105 446
28926 -15
29322 69
29161 -329
28965 -174
28780 193
28736 90
28997 101
28990 283
28860 246
28762 105
28925 116
28889 -98
29380 -176
28364 26
24005 228
8385 685
-14008 409
-28097 158
-29789 -373
-15229 -434
-21869 203
-15441 -299
-944 -52
3769 69
2056 310
7780 36
1121 -16
-58 -31
7569 -124
-2289 235
-6659 -57
-6544 39
-6338 -348
-6508 110
-6969 -189
-6561 -89
-6741 -145
-6725 -106
-6509 -91
-6540 179
-6617 -219
-6543 258
-6745 181
-6759 -94
-6580 84
-6600 134
-6787 -108
-6877 -12
-6778 74
-6737 -104
-6563 45
-6590 213
-6697 158
-6633 133
-6568 78
-6648 -14
-6524 80
-6352 31
-6777 54
-6588 -65
-6760 85
-6719 -176
-6597 -71
-6595 -44
-6844 -37
-6718 23
-6839 -110
-6945 -27
-6879 247
-6876 17
-6660 23
-6622 -123
-6682 189
-6484 372
-6726 81
-6849 -87
-6701 -279
-6354 -40
-6279 -114
-6595 -73
-7787 -24
-23795 343
-32397 236
-19676 -939
24240 -423
32245 490
32712 -243
32695 -88
32366 150
32381 -53
32519 -61
32418 -23
32475 -176
32456 -100
32796 131
32268 170
32482 -306
32539 183
32710 154
32490 -143
32564 -192
32562 53
32331 97
31895 354
32115 57
32455 253
32347 137
30769 276
31052 39
31725 -72
31881 42
31882 46
32575 20
32459 -13
32354 -37
32465 50
32560 64
32603 -89
32535 15
32317 -184
32465 24
32451 63
32468 14
32404 -224
32558 159
32694 44
32473 139
32327 -21
32622 -80
32635 58
32399 -150
32422 155
32175 -27
32050 -121
31630 127
-1285 -93
-32578 209
-28330 22
-9407 83
-6749 159
-6536 325
-6649 106
-6437 10
-6538 137
-6710 -20
-6658 -38
-6747 153
-6826 244
-6807 28
-6486 -95
-6593 -89
-6635 -19
-6720 -6
-6649 20
-6574 150
-6650 -120
-6576 -44
-6562 -153
-6557 -37
-6774 201
-5886 93
2165 261
10474 -229
3159 -226
-5026 241
2616 143
7382 -228
1107 162
4140 -100
1350 196
-5266 59
-6625 -108
-6818 -79
-6872 40
-6763 29
-6654 12
-6670 -77
-6554 -30
-6685 76
-6564 192
-6654 -75
-6525 -50
-6803 22
-6395 0
-6645 -25
-6498 -3
-6439 28
-6687 -41
-6654 -17
-6642 -18
-6847 48
-6708 -9
-6750 88
-6590 64
-6652 -41
-6539 -273
-6538 23
-6732 25
-6601 -57
-6859 -95
-6594 -130
-6564 63
-6684 121
-7856 -101
-13326 -29
-22865 -118
-29970 102
-32373 -219
-32399 13
-28957 347
-21959 317
-10855 154
3903 382
16707 2
24530 -51
27895 -106
29011 -28
29137 -8
29316 -262
29206 124
29012 95
29158 -269
29384 90
29097 -156
28980 40
28776 -13
29069 262
29325 -20
29145 218
29288 53
29183 12
28650 -275
28156 -160
27521 -246
26237 -64
25874 -197
26317 -207
26208 -198
25614 -86
24389 18
24430 134
24967 -17
26190 -107
26381 -227
27499 -41
28121 -179
28481 -30
28555 7
29422 162
29389 33
29283 -20
29312 -33
29302 -86
29333 -184
29098 -143
29209 -33
29107 15
29222 -20
29002 87
29044 381
29130 142
29243 301
29235 44
29286 1
29259 69
29220 -161
29036 -148
27892 -136
20659 138
5096 471
-15476 127
-28791 51
-32404 -155
-32829 -152
-30738 -217
-13461 326
2796 -346
4889 -60
-2665 310
2934 209
7491 -273
1927 -2
6884 5
5974 201
-1355 6
-6486 -74
-6641 60
-6561 29
-6622 132
-6708 119
-6511 43
-6621 -50
-6566 211
-6662 -59
-6651 131
-6653 0
-6605 -82
-6589 200
-6591 8
-6596 76
-6635 -74
-6767 -76
-6574 -62
-6781 30
-6865 -43
-6501 124
-6609 -99
-6660 36
-6534 35
-6751 -69
-6546 -22
-6564 -26
-6733 57
-6616 132
-6614 82
-6742 -10
-6800 38
-6876 -107
-6721 40
-6441 -285
-6804 -144
-6634 67
-6597 -166
-6471 135
-6680 -17
-6546 85
-6588 -35
-6713 39
-6808 -160
-6491 29
-6679 -31
-6649 10
-6563 145
-6557 -58
-6593 -21
-6509 43
-7916 -21
-25298 169
-32567 63
-14445 -9
27972 -3
32532 218
32684 -77
32496 -60
32547 41
32379 -239
32586 25
32598 160
32564 69
32378 46
32669 -112
32301 -18
32296 -82
32526 139
32321 -79
32322 -166
32547 104
32534 237
32597 -74
32394 -32
32111 68
32092 40
32089 -22
30209 229
31328 -183
31403 65
31987 -61
32352 -94
32573 132
32514 2
32473 100
32487 77
32526 -99
32292 89
32580 -82
32496 -140
32374 -104
32565 61
32479 -108
32423 -3
32407 86
32579 288
32662 -9
32366 155
32400 -342
32224 81
32339 132
32406 -82
32353 -62
32287 -69
31291 52
-708 -226
-32068 148
-28952 253
-9804 -180
-6558 159
-6489 -18
-6744 -9
-6718 218
-6615 -198
-6544 -77
-6653 264
-6467 -108
-6612 -29
-6618 8
-6530 -62
-6615 -237
-6406 9
-6972 244
-6810 45
-6667 140
-6716 249
-6711 19
-6721 76
-6862 343
-6010 -165
-1069 -299
-251 118
3123 357
7573 16
-3271 -381
-5430 81
3663 403
2875 34
-6100 -16
-6636 8
-6471 156
-6630 -111
-6725 -72
-6684 78
-6645 19
-6651 42
-6684 -14
-6502 -65
-6773 -141
-6484 124
-6584 -38
-6473 -46
-6508 -99
-6674 -17
-6633 188
-6331 -139
-6542 218
-6547 127
-6473 106
-6594 -113
-6415 -60
-6744 32
-6679 23
-6734 197
-6898 -252
-6949 -98
-6813 -158
-6681 115
-6640 25
-6581 -162
-6863 72
-6552 -11
-6685 -176
-6556 296
-6555 -77
-7885 73
-12371 -97
-20956 6
-28181 -313
-31367 -188
-32358 102
-32306 127
-31044 277
-26172 628
-17420 154
-5464 154
6561 429
16977 467
24247 214
27625 54
29050 -201
29076 53
29162 112
28829 78
28697 218
29206 -57
29215 -4
29039 -310
29197 -237
28930 3
29076 -120
29053 -319
28967 -195
29359 -123
29206 -48
29157 -87
28984 183
29129 -10
29238 -74
29119 152
29385 5
29187 23
29161 162
29160 123
28946 62
29054 -35
29246 -133
28655 -192
28806 -275
29148 -71
28894 161
29208 97
29020 61
29267 119
29270 387
28901 36
29149 51
29206 -219
28824 84
29410 88
29055 174
29088 -115
29037 129
29210 60
28178 1
24157 167
13465 534
-4050 663
-20958 399
-30112 37
-32198 67
-32576 -206
-31683 1
-26992 -116
-15895 -521
-5066 -212
3074 162
8366 -5
-3167 -287
-5751 -108
4055 98
5262 -187
-4196 -66
-5772 8
-6528 263
-6586 -130
-6787 -123
-6525 -12
-6524 -42
-6608 262
-6723 -1
-6689 30
-6696 140
-6709 164
-6713 -96
-6539 168
-6648 -1
-6730 32
-6593 29
-6521 13
-6813 77
-6515 188
-6712 157
-6722 25
-6633 105
-6890 130
-6598 60
-6547 -287
-6621 -122
-6788 190
-6642 39
-6678 -75
-6724 266
-6416 -104
-6873 56
-6771 103
-6691 -75
-6671 22
-6565 2
-6662 -53
-6802 -92
-6533 -96
-6690 30
-6491 177
-6821 53
-6908 121
-6775 -250
-6545 -145
-6544 63
-6760 -41
-6627 -286
-6642 -19
-6629 52
-6643 -253
-6793 106
-6501 63
-8633 -73
-26597 63
-32317 77
-8640 -777
30181 18
32714 271
32635 -394
32318 -18
32405 -78
32443 -65
32447 63
32571 -94
32624 -189
32503 239
32623 186
32484 34
32469 -107
32739 21
32544 68
32606 141
32406 39
32380 174
32339 210
32629 136
32421 -16
32364 104
31892 -12
31524 -101
31732 -20
31110 -64
31210 80
30921 -131
31954 10
32529 4
32589 -25
32502 77
32410 184
32580 -126
32449 -72
32490 -80
32440 -60
32501 21
32458 -58
32508 -170
32526 73
32603 125
32495 13
32536 43
32415 42
32424 1
32704 56
32388 141
32427 -160
32605 -105
32081 152
2234 -282
-31666 -71
-29461 67
-10630 -93
-6645 -44
-6773 -80
-6772 29
-6598 84
-6728 67
-6646 43
-6604 10
-6736 -50
-6620 16
-6513 65
-6537 -43
-6700 20
-6661 -256
-6569 -95
-6715 19
-6569 -44
-6652 21
-6549 13
-6804 -46
-6362 187
1751 -125
6256 301
-1021 -100
-3546 -150
4786 118
6622 -212
-4491 112
-5735 3
-5008 59
-6693 -171
-6577 -1
-6718 10
-6647 -93
-6459 213
-6626 59
-6745 -136
-6433 -62
-6467 -113
-6716 34
-6549 41
-6552 118
-6616 77
-6666 85
-6647 -12
-6515 59
-6544 -16
-6711 -67
-6561 -122
-6624 16
-6640 -63
-6473 7
-6553 -95
-6730 -17
-6861 24
-6823 152
-6755 18
-6701 147
-6781 198
-6800 16
-6573 -155
-6621 -63
-6648 -58
-6623 64
-6609 65
-6691 -64
-6670 -79
-6673 144
-6552 219
-7295 -154
-10326 12
-16170 162
-23106 -16
-28576 -141
-31553 -170
-32509 -113
-32548 -8
-32239 105
-30801 116
-25940 -7
-17521 222
-5384 400
7600 237
18601 256
25077 104
28515 1
29137 -60
29131 -233
29021 -168
29153 124
29070 0
29156 -45
29362 61
29180 61
29065 -26
29195 -120
29036 182
29061 103
29024 64
29054 -126
29072 91
29166 40
29102 11
29025 40
29258 15
29065 68
29230 70
29285 -62
29295 -68
29276 -135
28900 -40
28848 -98
29025 46
29116 -52
29162 -35
29268 -122
29213 -361
29105 -84
29198 -149
28795 -43
27887 182
26166 135
23373 262
20157 158
15622 263
8505 -12
-2585 177
-16912 213
-27813 87
-32085 -104
-32898 -50
-32575 -57
-31052 51
-25857 -200
-17015 60
-6151 -217
5858 -14
2642 266
-4540 -427
4458 108
6422 -310
-4417 -62
-5070 -99
-2117 298
-6290 -137
-6596 -21
-6695 3
-6690 -69
-6630 13
-6687 -9
-6531 -69
-6746 95
-6703 -55
-6552 158
-6741 -47
-6612 -70
-6620 -19
-6749 -39
-6507 -37
-6658 43
-6609 185
-6569 35
-6483 -124
-6789 3
-6641 13
-6733 174
-6816 -133
-6472 -63
-6891 -39
-6671 -43
-6489 -57
-6591 36
-6467 61
-6689 -114
-6669 -118
-6615 -20
-6596 -29
-6552 66
-6652 -5
-6675 78
-6726 -62
-6551 123
-6752 -62
-6608 -143
-6599 8
-6622 32
-6665 216
-6668 115
-6699 -2
-6702 6
-6614 -52
-6621 -138
-6548 23
-6513 -51
-6730 147
-6564 -39
-6653 4
-6583 -218
-9368 129
-28072 214
-32174 91
-953 -460
31396 75
32523 80
32321 -3
32577 74
32608 152
32384 -90
32542 83
32347 -71
32596 -91
32501 -140
32526 -3
32536 -95
32529 16
32395 129
32435 -39
32505 51
32499 95
32399 -82
32503 -116
32629 73
32585 -21
32635 -60
32634 -54
30404 148
31485 -229
31033 -17
31432 65
31559 -39
32263 -68
32438 -133
32428 -51
32405 90
32418 108
32296 107
32657 -199
32380 60
32408 29
32481 -19
32391 12
32420 -218
32534 34
32320 -71
32603 15
32699 -96
32490 170
32569 193
32315 -144
32731 -134
32414 -47
32413 -316
32209 468
3561 -399
-31169 302
-29929 -225
-11219 271
-6724 110
-6835 -153
-6527 -10
-6729 120
-6759 -159
-6672 20
-6478 264
-6642 -78
-6729 -31
-6762 47
-6251 111
-6816 42
-6589 -322
-6493 -161
-6696 -130
-6702 197
-6534 -4
-6638 -124
-6863 156
-4615 169
7609 -93
2126 115
4545 -46
7935 76
3213 -132
4271 233
-1471 -302
-6400 178
-6472 -82
-6525 -199
-6750 177
-6717 344
-6499 -309
-6811 29
-6546 183
-6547 46
-6671 -115
-6784 -50
-6926 -83
-6713 -65
-6659 -54
-6794 -41
-6689 -134
-6630 13
-6647 -166
-6598 128
-6829 -124
-6447 -77
-6447 98
-6663 -9
-6664 -151
-6712 -173
-6770 281
-6719 -209
-6482 144
-6815 -54
-6823 194
-6852 202
-6700 221
-6574 21
-6733 217
-6619 359
-6776 88
-6646 -168
-6675 69
-6452 -274
-6534 139
-6548 -283
-6621 111
-6700 179
-6476 107
-7465 152
-10611 -148
-16255 -249
-23132 -76
-28160 -307
-31340 -105
-32406 -85
-32541 -193
-32589 43
-32038 105
-29825 356
-24459 244
-13534 254
2050 483
15640 454
24245 13
27960 410
28951 -86
28971 169
28766 -188
29038 -45
28878 -15
28978 209
29032 108
29297 273
29005 86
28933 -155
29098 47
29308 -239
29164 275
28940 60
28990 76
29030 -121
29214 38
29011 -12
29115 -143
29086 -235
28823 -117
28058 180
27386 47
25830 99
23527 291
21940 171
19955 239
16075 306
11261 338
5848 481
-139 -85
-7915 290
-14584 103
-19879 96
-24369 248
-27058 156
-30410 147
-31860 143
-32229 -33
-32740 -289
-32207 -197
-29716 -109
-22849 -187
-14949 -63
-9306 -272
-6010 -8
4593 -233
3211 124
576 -260
4909 -270
2599 -134
5966 176
1705 -58
-6197 -22
-6687 56
-6576 -99
-6717 -28
-6606 157
-6379 -182
-6737 -1
-6527 -196
-6710 -256
-6741 -243
-6432 37
-6653 -116
-6515 140
-6673 122
-6877 52
-6559 162
-6517 -68
-6344 34
-6249 -158
-6645 -248
-6637 -54
-6744 -140
-6561 21
-6608 147
-6551 156
-6836 -116
-6738 -229
-6647 97
-6640 -226
-6638 -52
-6752 -214
-6694 134
-6576 117
-6617 -113
-6551 -9
-6567 112
-6688 46
-6748 252
-6676 163
-6883 -369
-6719 20
-6709 -206
-6641 30
-6390 13
-6689 129
-6691 192
-6777 69
-6565 -33
-6630 -13
-6728 -109
-6587 59
-6441 99
-6604 47
-6576 179
-6600 292
-7078 -115
-10378 82
-28876 36
-30997 105
6630 -841
31632 280
32505 205
32658 -159
32262 223
32492 162
32227 -87
32514 -134
32559 -72
32494 30
32593 189
32382 175
32219 8
32469 -93
32578 111
32342 92
32449 100
32464 -44
32367 258
32442 -35
32611 121
32364 105
32670 -153
32386 43
29726 121
30865 -127
31255 -157
32507 -21
32497 -136
32509 -111
32444 107
32468 -89
32390 13
32613 -50
32492 140
32489 -9
32517 137
32564 131
32470 -58
32526 -67
32465 13
32508 130
32460 347
32659 4
32374 34
32580 -35
32395 90
32394 29
32474 128
32634 -4
32437 -48
32076 82
6859 -139
-30790 2
-30406 -1
-12006 65
-6784 134
-6666 -3
-6528 6
-6699 62
-6934 -17
-6615 173
-6554 68
-6593 16
-6615 -96
-6498 -75
-6676 -77
-6754 -84
-6557 -19
-6700 32
-6611 146
-6626 25
-6383 -43
-6754 -153
-6680 98
-6074 -10
3045 120
6038 28
633 66
4600 -206
4018 101
-5485 106
-6562 95
-6506 -136
-6616 180
-6818 -135
-6657 213
-6670 91
-6609 -108
-6728 -25
-6644 66
-6696 -155
-6648 45
-6632 -132
-6533 -66
-6505 53
-6516 129
-6569 -75
-6553 108
-6684 5
-6712 131
-6677 11
-6690 -7
-6518 -39
-6833 18
-6702 -84
-6733 38
-6693 6
-6481 -157
-6654 10
-6629 62
-6473 -177
-7002 -45
-6768 -103
-6574 -11
-6463 -10
-6652 84
-6611 -120
-6775 33
-6801 86
-6585 108
-6668 -230
-6640 -4
-6523 179
-6681 -65
-6526 -235
-6665 28
-6464 30
-6709 83
-6814 -25
-7545 76
-9945 -32
-14535 -99
-19975 22
-25400 -162
-29858 -9
-32122 -6
-32736 -242
-32820 -230
-32518 -273
-31067 -177
-26687 147
-17237 401
-4276 258
8008 179
16331 240
19060 263
21075 78
21755 68
21767 58
21620 -54
21652 34
21653 124
21649 -104
21746 266
21778 65
21489 162
19239 27
19069 49
18633 66
16831 72
14377 160
10490 182
4482 170
-1155 138
-5434 159
-10130 119
-15620 178
-19354 235
-21987 167
-24608 42
-27524 85
-29569 -5
-31161 -8
-32063 -10
-32453 8
-32788 -141
-32698 -140
-32806 -11
-32761 -114
-32753 -146
-31989 -140
-30384 130
-25693 67
-18383 -190
-11446 -236
-7681 59
-6630 26
-6536 280
-6250 -162
3611 71
8252 -39
4822 278
4074 -90
7126 -44
-3708 21
-4952 -23
-6522 -91
-6722 77
-6719 -185
-6856 260
-6557 18
-6665 58
-6761 116
-6713 -38
-6467 -35
-6534 -96
-6595 -20
-6573 108
-6778 -37
-6544 -9
-6637 21
-6705 5
-6769 24
-6587 90
-6639 -63
-6719 187
-6682 -6
-6581 -4
-6852 53
-6622 192
-6523 15
-6642 7
-6699 80
-6554 -69
-7050 -9
-7008 -133
-6546 -124
-6597 2
-6817 -36
-6638 11
-6667 -28
-6696 18
-6587 -124
-6616 -98
-6671 -66
-6812 -43
-6628 63
-6546 85
-6509 8
-6454 -83
-6663 141
-6654 135
-6713 -60
-6646 47
-6703 -58
-6629 -57
-6693 -49
-6780 62
-6685 97
-6771 -44
-6775 65
-6707 100
-11034 67
-29639 1
-30152 80
12084 -386
32431 128
32441 -26
32362 -40
32292 26
32618 108
32476 98
32502 8
32371 -39
32496 -112
32411 -9
32685 -48
32514 29
32414 -37
32484 -200
32654 54
32751 240
32418 -49
32442 164
32514 64
32565 54
32646 -152
32359 -61
32674 72
31055 -313
31876 11
32213 -49
32394 39
32383 26
32269 5
32762 -32
32461 -45
32798 104
32692 -99
32628 -187
32526 -31
32685 -153
32380 -12
32409 65
32450 -167
32319 19
32574 15
32550 -22
32663 -99
32447 -68
32321 -1
32379 258
32646 103
32641 110
32487 47
32307 -232
32100 78
10112 -367
-29864 6
-30700 31
-13152 133
-6984 84
-6769 44
-6761 13
-6705 33
-6770 -22
-6463 -201
-6861 149
-6549 -96
-6727 -10
-6711 -61
-6702 168
-6779 -107
-6668 -179
-6554 138
-6713 -88
-6550 85
-6708 246
-6755 161
-6728 118
-6634 -144
-6199 172
-4352 -44
2338 -9
6251 141
-3130 -69
-6674 -48
-6571 120
-6640 -24
-6664 -93
-6736 -70
-6465 82
-6610 220
-6862 -60
-6609 -69
-6518 7
-6714 -23
-6596 -81
-6734 -118
-6796 -221
-6668 -214
-6549 160
-6853 -176
-6739 -16
-6574 32
-6523 124
-6499 -204
-6675 -170
-6628 -370
-6443 288
-6684 134
-6490 -45
-6983 -16
-6654 -211
-6755 -49
-6510 -74
-6786 129
-6463 -30
-6688 -37
-6249 290
-6842 -21
-6806 11
-6833 97
-6809 287
-6589 120
-6695 -116
-6665 -49
-6689 -230
-6529 51
-6621 -72
-6761 -180
-6670 139
-6673 -86
-6790 161
-6636 39
-6661 219
-6737 30
-6932 1
-7092 4
-8405 -152
-11751 -262
-16451 -227
-22599 -117
-27715 -70
-31202 128
-32345 -161
-32835 -42
-32542 -64
-32183 -71
-29974 190
-27101 308
-25070 360
-23412 117
-23061 101
-23160 109
-23048 104
-23012 112
-23101 154
-23214 -26
-22986 256
-23389 169
-23665 337
-24707 398
-25527 486
-25685 109
-27325 221
-28619 191
-29853 79
-31450 1
-31883 197
-32633 -8
-32369 -261
-32720 -316
-32629 -120
-32687 -135
-32825 94
-32749 162
-32882 37
-32421 -50
-31871 42
-30768 6
-29253 56
-27517 -59
-25303 -262
-22818 -376
-20109 -96
-16178 -21
-11857 -139
-8511 -290
-7113 56
-6614 -92
-6662 224
-6529 -6
-6476 -31
-6564 72
-5605 183
-3695 191
-1885 -211
5254 -93
1144 5
-6138 -84
-6648 15
-6803 72
-6533 233
-6753 -35
-6829 35
-6607 148
-6424 62
-6574 -45
-6760 -52
-6628 -88
-6860 -71
-6719 -22
-6600 32
-6845 2
-6445 -66
-6854 -7
-6566 -113
-6589 -180
-6680 57
-6530 -75
-6528 -95
-6890 187
-6573 -16
-6743 104
-6517 231
-6510 263
-6400 180
-6782 -62
-6529 -58
-6501 -5
-6949 -163
-6943 220
-6667 -119
-6724 33
-6651 -171
-6827 204
-6864 -150
-6641 20
-6465 -135
-6956 -72
-6899 278
-6787 -27
-6623 -29
-6830 -90
-6841 -272
-6701 -111
-6774 260
-6651 -164
-6794 -79
-6606 -125
-6679 176
-6588 98
-6552 -67
-6906 -66
-6952 74
-6763 112
-6520 -55
-11779 40
-29811 51
-28489 84
14836 -666
32224 226
32561 205
32424 80
32493 -19
32328 44
32643 -149
32535 85
32571 -95
32245 -35
32431 98
32391 16
32554 146
32697 186
32440 -170
32379 -77
32543 69
32424 -95
32526 161
32494 -99
32428 15
32402 -48
32489 67
32611 4
31848 -85
32433 -92
32489 -8
32490 -106
32521 -98
32477 113
32536 -49
32405 71
32462 -49
32457 -43
32564 -49
32392 1
32469 -32
32472 10
32633 17
32457 121
32521 -18
32468 -4
32590 -48
32542 20
32568 56
32533 79
32427 27
32408 -23
32564 10
32423 -19
32503 -56
32485 70
13324 -55
-29507 130
-30784 -111
-13320 24
-6578 -18
-6932 13
-6829 92
-6769 -63
-6642 -36
-6847 -40
-6620 100
-6665 50
-6740 -54
-6612 13
-6605 -134
-6643 30
-6730 -73
-6600 -47
-6724 -13
-6681 -128
-6504 -46
-6579 150
-6607 -63
-6776 -56
-6734 -45
-3611 -167
2393 52
-3976 167
-6821 -25
-6685 31
-6416 74
-6739 -111
-6802 -14
-6560 -44
-6614 -15
-6674 53
-6676 35
-6507 53
-6664 36
-6603 -6
-6697 -23
-6623 -146
-6794 2
-6600 -1
-6652 0
-6704 -28
-6607 94
-6681 -60
-6477 36
-6620 11
-6690 175
-6804 88
-6593 -25
-6554 -75
-6615 -36
-6728 31
-6646 39
-6851 76
-6582 -21
-6675 3
-6832 -158
-6759 -64
-6758 -189
-6640 155
-6644 76
-6656 -29
-6620 7
-6652 -54
-6659 -64
-6617 -9
-6714 44
-6620 -149
-6720 -86
-6585 100
-6555 116
-6677 151
-6723 103
-6693 4
-6666 86
-6685 -63
-6655 68
-6951 143
-6837 56
-6677 220
-6718 61
-7223 -86
-9612 -109
-14143 -82
-20846 -218
-26508 23
-30163 78
-31895 49
-32413 -38
-32490 10
-32670 -24
-32926 -6
-32678 -92
-32637 -39
-32808 -11
-32746 12
-32659 -26
-32722 117
-32671 44
-32697 121
-32864 66
-32764 -17
-32779 55
-32729 -47
-32725 -9
-32699 -145
-32766 -149
-32286 -140
-32003 16
-31447 -88
-30608 -63
-29451 104
-28380 262
-27057 71
-25217 49
-23484 -20
-21135 79
-18467 -104
-15609 -73
-13231 28
-10488 -76
-9091 9
-7920 -130
-7262 -2
-6979 -78
-6496 79
-6606 43
-6640 139
-6560 31
-6641 -136
-6648 25
-6684 68
-6715 -43
-6542 -140
-6884 -14
-4782 27
4842 -7
232 351
-6088 128
-6639 -44
-6666 41
-6555 4
-6566 29
-6719 -19
-6770 48
-6641 -11
-6570 -46
-6678 -27
-6593 15
-6698 18
-6611 7
-6540 -155
-6582 34
-6650 42
-6632 -79
-6657 -73
-6562 -17
-6802 -119
-6578 -17
-6629 -90
-6588 -38
-6663 14
-6640 21
-6712 52
-6669 63
-6751 177
-6521 12
-6728 67
-6692 83
-6634 32
-6556 -167
-6593 60
-6888 50
-6626 128
-6676 -14
-6682 11
-6512 106
-6661 -162
-6699 -18
-6805 101
-6583 -10
-6729 84
-6816 85
-6637 41
-6654 182
-6670 64
-6537 96
-6639 100
-6638 93
-6794 -2
-6542 19
-6880 -102
-6914 -23
-6604 -49
-6675 3
-6637 77
-6638 -59
-12364 97
-30319 105
-26574 -65
18700 -109
32525 137
32443 -26
32603 2
32447 108
32577 75
32487 -109
32465 18
32586 -107
32417 -73
32428 -17
32510 21
32515 -127
32519 -110
32399 -23
32469 -19
32561 -28
32586 54
32479 -128
32548 63
32509 -88
32483 8
32503 46
32564 -74
32553 -383
32359 -211
32555 56
32604 -26
32485 -105
32533 -128
32564 -187
32414 94
32664 -55
32459 195
32470 -72
32596 40
32481 -33
32431 127
32439 -6
32393 -138
32294 -68
32717 -100
32730 -62
32419 80
32732 80
32639 -121
32387 -53
32345 -100
32390 61
32250 -177
32457 -78
32566 411
15473 -648
-28285 148
-31404 286
-14614 195
-6670 71
-6597 -33
-7048 122
-6882 223
-6673 -45
-6765 87
-6469 184
-6729 19
-6864 112
-6891 44
-7110 380
-6648 171
-6637 -75
-6439 -55
-6587 -9
-6652 43
-6656 80
-6647 236
-6651 115
-6234 -88
-6878 176
-6344 -43
-6292 181
-6494 32
-6628 -197
-6771 55
-6667 -350
-6735 -10
-6585 -60
-6624 -248
-6300 -8
-6534 -14
-6626 18
-6516 -161
-6915 109
-6696 83
-6522 -76
-6778 130
-6775 -195
-6653 59
-6737 -241
-6542 49
-6546 44
-6701 -79
-6420 -186
-6585 -149
-6824 -225
-6415 -49
-6501 -44
-6868 156
-6860 -147
-6884 -326
-6458 238
-6685 234
-6519 -362
-6795 188
-6819 127
-6883 48
-6564 -50
-7252 -150
-6916 40
-6926 123
-6471 -47
-6641 179
-6520 -92
-6677 112
-6693 192
-6713 -48
-6619 50
-6606 190
-6703 -80
-6708 -199
-6753 61
-6512 -55
-6538 -47
-6465 140
-7069 145
-7010 -104
-6711 -253
-6632 98
-6710 189
-6581 107
-6790 306
-6609 254
-7053 35
-8863 -130
-12226 -27
-17097 -181
-21058 4
-23855 184
-25492 30
-25862 41
-26104 -198
-25851 -46
-25985 80
-25636 19
-25905 127
-25867 274
-25907 -241
-25937 -2
-25771 -16
-25243 -42
-24421 69
-24371 268
-23610 -125
-22595 -98
-20545 -205
-18035 154
-15708 -116
-14076 173
-12367 -255
-10608 -23
-9539 -116
-8437 -306
-7999 -113
-7380 -173
-7177 177
-7276 194
-6980 243
-6619 195
-6646 101
-6341 96
-6577 103
-6681 -103
-6545 4
-6611 142
-6888 243
-6696 -247
-6587 -102
-6828 75
-6770 -60
-6656 97
-6645 247
-6975 34
-6504 317
-6480 10
-5329 145
-6352 7
-6653 -61
-6703 -263
-6705 -210
-6820 -56
-6583 144
-6795 129
-6526 8
-6559 116
-6670 -260
-6661 -11
-6818 -180
-6557 80
-6612 -57
-6993 -88
-6670 -154
-6373 -212
-6305 -322
-6547 61
-6771 49
-6714 215
-6539 122
-6721 332
-6699 -28
-6630 293
-6664 125
-6828 159
-6541 -19
-6681 -61
-6602 -160
-6848 -184
-6740 -57
-6602 -61
-6415 -57
-6505 148
-6565 -167
-6706 -31
-6885 -184
-6529 -158
-6557 80
-6478 54
-6564 293
-6716 86
-6692 -40
-6437 211
-6716 90
-6830 -110
-6798 -133
-6882 27
-6728 -18
-6838 -39
-6808 151
-6706 -276
-6904 -76
-6945 -98
-6785 -25
-6482 -143
-6594 -60
-6588 -193
-6607 -220
-14539 458
-31130 184
-25000 -406
19889 -491
32067 -15
32304 67
32454 -86
32434 -33
32253 146
32315 -93
32562 191
32402 -236
32193 106
32604 344
32314 -185
32559 23
32455 -270
32565 19
32330 -75
32285 -221
32457 105
32362 284
32608 -132
32514 19
32390 -48
32660 -19
32537 -106
31900 130
32360 -68
32529 22
32660 1
32459 -42
32407 -171
32515 44
32454 -132
32421 13
32576 -49
32442 -26
32540 23
32574 -79
32619 30
32488 -28
32491 63
32525 -110
32213 9
32510 62
32715 32
32542 37
32364 -52
32444 82
32471 -49
32587 17
32403 70
32460 106
32601 192
18203 -134
-27139 100
-31771 148
-14955 -25
-6609 -32
-6738 15
-6842 -39
-6938 96
-6812 164
-6576 -43
-6694 55
-6550 178
-6567 60
-6657 -60
-6627 188
-6486 75
-6682 -250
-6837 -75
-6538 -168
-6548 92
-6499 -26
-6698 123
-6855 -104
-6653 -348
-6649 51
-6633 -136
-6601 -125
-6551 70
-6694 -109
-6666 86
-6739 -22
-6754 -58
-6484 59
-6551 -165
-6748 -124
-6746 1
-6741 -58
-6737 -28
-6776 50
-6667 49
-6646 -12
-6771 -54
-6647 131
-6789 -45
-6670 -60
-6571 82
-6684 25
-6599 -60
-6666 -70
-6665 11
-6573 130
-6644 -216
-6706 -20
-6711 47
-6758 145
-6635 238
-6698 -95
-6735 62
-6753 66
-6512 -46
-6462 -154
-6590 7
-6626 -140
-6726 7
-6874 82
-7017 13
-6834 -53
-6635 199
-6623 -156
-6532 -139
-6667 96
-6580 50
-6784 -28
-6775 73
-6603 -66
-6676 6
-6744 -180
-6658 -144
-6738 142
-6946 -30
-6755 -43
-6726 100
-6674 -88
-6704 1
-6679 -35
-6888 80
-6550 90
-6452 35
-6652 22
-6578 171
-6652 134
-6659 147
-7012 -80
-7461 -32
-7917 -73
-7921 43
-8114 -152
-8003 28
-7812 -58
-7971 -288
-7924 -164
-7782 -64
-7739 16
-7810 -233
-7905 -70
-7606 77
-7881 -51
-7769 -120
-7313 -225
-7193 -32
-6838 68
-6737 -122
-6610 -41
-6749 134
-6544 140
-6613 153
-6766 248
-6641 69
-6668 81
-6877 26
-6642 148
-6531 -97
-6876 20
-6876 -66
-6700 11
-6625 -145
-6526 78
-6674 -190
-6685 -62
-6646 -53
-6486 169
-6762 66
-6721 216
-6625 121
-6718 -99
-6567 155
-6846 38
-6649 -11
-6543 18
-6672 55
-6707 -9
-6724 55
-6805 -62
-6698 -66
-6600 18
-6651 -1
-6520 98
-6553 -43
-6506 30
-6633 -10
-6550 -112
-6727 75
-6860 -188
-6540 5
-6527 -90
-6627 27
-6570 42
-6646 -40
-6593 -115
-6735 -167
-6598 132
-6416 -10
-6555 8
-6676 -216
-6557 202
-6530 125
-6699 119
-6625 112
-6564 -49
-6642 -17
-6784 -71
-6683 13
-6515 100
-6607 -134
-6619 -75
-6625 -55
-6627 -31
-6628 80
-6844 -110
-6537 -87
-6751 113
-6689 132
-6636 46
-6679 49
-6663 146
-6622 54
-6708 114
-6833 301
-6611 2
-6757 103
-6559 -92
-6610 8
-6704 189
-6744 46
-6670 21
-6612 -35
-6729 -40
-6493 -85
-6562 83
-6580 319
-6561 -72
-16995 128
-32204 -126
-24639 -128
22012 -88
32499 -90
32588 342
32495 180
32545 139
32550 252
32534 -20
32431 32
32327 91
32390 159
32468 -89
32511 -74
32496 57
32456 -97
32522 42
32420 45
32510 -60
32387 -75
32642 75
32589 199
32499 -79
32478 -71
32611 7
32506 9
32165 236
32422 114
32634 -72
32428 -103
32229 -165
32581 -79
32603 -111
32570 210
32311 -88
32623 172
32447 51
32658 -148
32241 70
32575 -102
32443 74
32703 -57
32520 76
32480 41
32542 -130
32505 130
32457 -207
32584 1
32396 -45
32529 214
32687 -43
32323 160
32289 -152
32575 -81
17172 62
-27579 -76
-31710 -9
-15782 272
-6650 -155
-6614 204
-6747 -25
-6703 223
-6806 -17
-6973 142
-6511 88
-6308 -42
-6572 143
-6685 -1
-6736 -75
-6452 -24
-6427 -264
-6843 -3
-6585 -94
-6756 -56
-6874 121
-6653 -65
-6730 251
-6650 -8
-6583 147
-6490 192
-6614 -157
-6680 -207
-6669 99
-6629 56
-6793 24
-6938 269
-6679 155
-6750 -4
-6695 -122
-6701 5
-6689 -106
-6594 35
-6970 258
-6462 228
-6486 -82
-6586 56
-6888 -52
-6956 -183
-6462 -215
-6527 -81
-6646 205
-6794 123
-6628 -48
-6629 -409
-6669 77
-6561 -24
-6786 5
-6556 -42
-6694 2
-6496 135
-6640 -76
-6390 100
-6801 65
-6852 -403
-6723 1
-6395 -1
-6658 -10
-6583 106
-6645 -39
-6731 -103
-6979 52
-6743 -22
-6776 57
-6812 -56
-6690 168
-6670 63
-6616 33
-6562 12
-6467 -119
-6747 -64
-6681 -69
-6521 94
-6888 137
-6809 28
-6500 -99
-6595 -85
-6679 -27
-6754 -139
-6735 -57
-6656 27
-6409 -34
-6620 -62
-6585 82
-6538 -72
-6524 22
-6559 109
-6685 175
-6578 156
-6903 81
-6671 83
-6937 100
-6744 -161
-6731 -14
-6531 -89
-6604 -61
-6599 192
-6664 -52
-6816 -11
-6718 85
-6787 -19
-6658 -60
-6623 -157
-6725 156
-6786 -82
-6656 -32
-6453 -35
-6496 34
-6425 -96
-6740 62
-6614 -42
-6673 75
-6561 -132
-6681 109
-6380 -133
-6550 -2
-6668 10
-6670 -94
-6782 -202
-7011 67
-6654 -231
-6623 -107
-6535 -242
-6718 -175
-6822 10
-6594 130
-6599 104
-6621 -123
-6680 -97
-6666 149
-6626 61
-6537 50
-6665 -15
-6782 -37
-6632 -5
-6911 231
-6660 78
-6596 154
-6689 -16
-6566 -97
-6573 -21
-6753 -115
-6750 -88
-6717 -155
-6781 13
-6652 62
-6821 149
-6469 40
-6541 83
-6623 -76
-6629 60
-6440 -8
-6804 -217
-6580 -92
-6693 -58
-6720 -183
-6471 73
-6669 -5
-6841 -16
-6540 -30
-6626 -75
-7023 -115
-6622 95
-6409 188
-6292 30
-6650 -165
-6783 -160
-6487 41
-6856 3
-6736 -145
-6706 -96
-6651 -88
-6771 -26
-6740 -183
-6951 -272
-6786 -21
-6621 104
-6531 15
-6595 -89
-6688 -9
-6649 85
-6480 132
-6633 -64
-6883 -67
-6650 120
-6795 44
-6607 64
-6757 227
-6787 34
-6818 75
-6824 -21
-6977 305
-6358 -30
-6606 -85
-6566 72
-6711 -66
-19594 31
-32354 27
-23441 -463
23452 -242
32252 294
32699 -32
32372 84
32588 22
32493 274
32440 170
32417 79
32495 -142
32223 195
32479 229
32434 52
32435 132
32374 3
32700 84
32534 123
32358 -148
32606 25
32774 65
32400 -98
32415 50
32484 -76
32619 -104
32808 -52
31972 -225
32425 51
32335 -49
32580 35
32505 -97
32506 50
32527 -84
32537 -39
32474 48
32513 -95
32365 118
32512 51
32458 -15
32534 -142
32488 99
32437 29
32458 -14
32428 138
32597 -156
32497 18
32551 37
32467 -72
32423 -35
32483 34
32411 134
32532 53
32450 -56
32480 100
15759 -1
-28917 58
-32227 -163
-16396 -36
-6598 -55
-6578 68
-6625 -168
-6662 97
-6799 116
-6709 -9
-6893 -59
-6821 -6
-6602 -29
-6740 109
-6561 -7
-6707 -18
-6765 118
-6663 91
-6601 -81
-6966 -27
-6446 -56
-6644 -63
-6554 186
-6583 148
-6608 71
-6630 -51
-6597 46
-6476 86
-6682 25
-6574 -43
-6548 87
-6721 165
-6701 188
-6782 -16
-6556 -97
-6542 -101
-6722 -7
-6703 -106
-6743 -48
-6438 -52
-6697 -67
-6533 -83
-6627 65
-6772 70
-6673 -108
-6665 90
-6659 -102
-6689 -95
-6539 94
-6491 -28
-6699 61
-6741 66
-6492 -32
-6697 6
-6759 82
-6585 5
-6734 -41
-6785 -81
-6605 -51
-6612 -77
-6728 40
-6730 -42
-6702 -46
-6624 -15
-6582 107
-6413 106
-6709 -91
-6880 35
-6615 21
-6591 15
-6654 -43
-6640 61
-6561 -199
-6564 -199
-6810 -159
-6584 225
-7016 -78
-6935 43
-6622 -21
-6600 -83
-6525 6
-6611 -167
-6765 -25
-6635 18
-6603 35
-6668 17
-6710 -70
-6714 -116
-6712 69
-6609 26
-6688 50
-6599 64
-6646 -102
-6547 -47
-6638 196
-6637 -14
-6689 -36
-6504 -34
-6505 54
-6710 -47
-6733 -48
-6709 -8
-6713 -32
-6716 -130
-6544 65
-6775 -135
-6593 33
-6757 -103
-6550 -139
-6509 -48
-6796 -139
-6716 -165
-6698 -32
-6676 43
-6614 -13
-6728 -84
-6588 -47
-6712 86
-6618 120
-6639 2
-6703 -30
-6547 149
-6772 -51
-6591 -87
-6674 186
-6784 -55
-6771 -178
-6658 -112
-6587 -141
-6783 50
-6663 237
-6658 -26
-6653 101
-6946 101
-6879 -3
-6452 35
-6751 87
-6662 -70
-6816 -54
-6750 3
-6781 -14
-6624 121
-6683 18
-6675 14
-6760 -65
-6604 53
-6641 56
-6727 -155
-6572 30
-6691 -22
-6703 36
-6671 39
-6523 -105
-6673 -88
-6743 102
-6662 -88
-6643 -67
-6759 -42
-6671 -157
-6705 -130
-6697 118
-6732 -36
-6564 -19
-6704 44
-6721 -23
-6572 57
-6570 132
-6682 20
-6726 22
-6671 36
-6698 -65
-6724 -98
-6661 -89
-6698 48
-6584 -18
-6690 -24
-6722 20
-6619 28
-6509 47
-6785 -50
-6696 -102
-6813 112
-6906 -86
-6690 -91
-6711 27
-6751 55
-6659 30
-6738 124
-6798 36
-6612 148
-6856 89
-6575 -222
-6680 135
-6734 84
-6571 53
-6695 57
-6544 69
-6671 -263
-6649 -110
-6465 -21
-7226 -39
-22598 34
-32520 50
-21021 -153
25395 -145
32431 124
32512 -20
32466 -12
32449 93
32496 -37
32397 -16
32532 101
32451 119
32501 189
32504 -65
32566 87
32691 -83
32563 -113
32550 -18
32631 68
32281 -82
32555 -24
32588 -29
32447 4
32591 -23
32503 -58
32581 55
32607 43
32238 -66
32260 28
32427 -223
32396 73
32572 26
32427 -4
32346 -138
32731 134
32328 45
32412 -217
32729 169
32447 -144
32460 147
32367 58
32463 -82
32414 122
32432 68
32829 242
32367 -113
32449 38
32545 -51
32635 -4
32385 -47
32672 -114
32601 83
32496 -13
32590 -10
32542 -147
15584 100
-28653 -287
-32256 -315
-17589 161
-6663 -244
-6590 16
-6725 -97
-6374 18
-6545 79
-6413 -164
-6456 -16
-8172 -14
-9245 21
-8803 -143
-8904 -128
-8537 224
-8711 -99
-8487 43
-7234 -218
-6555 -8
-6700 58
-6668 229
-6627 227
-6517 -281
-6730 25
-6796 17
-6627 120
-6557 -117
-6706 79
-6667 -439
-6615 -185
-6553 348
-6530 571
-6642 43
-6698 -244
-6934 -237
-6819 10
-6748 240
-6814 190
-6383 -194
-6552 -376
-6750 225
-6926 59
-6854 -85
-6923 -70
-6445 -9
-6705 -4
-6607 -73
-6397 -65
-6856 -101
-6580 4
-6527 -101
-6683 24
-6552 209
-6513 98
-6313 -58
-6715 -92
-6606 21
-6693 126
-6841 191
-6661 232
-6822 -1
-6561 -14
-6499 328
-6429 36
-6683 90
-6572 148
-6643 -54
-7045 -105
-7510 302
-7676 286
-7421 -208
-8061 139
-8160 83
-7884 190
-7611 38
-6948 169
-6867 77
-6715 7
-6809 -101
-6756 17
-6730 -228
-6744 28
-6577 82
-6621 16
-6405 101
-6794 111
-6521 -224
-6565 258
-6501 -44
-6723 -197
-6534 -99
-6592 101
-6741 105
-6686 -34
-6703 -62
-6831 7
-6628 -223
-6779 -39
-6777 -67
-6743 106
-6523 -26
-6763 8
-7023 77
-6723 8
-6595 78
-6603 -69
-6483 14
-6710 23
-6642 13
-6609 44
-6624 -195
-6710 59
-6799 56
-6546 -43
-6666 -144
-6660 -27
-6656 -41
-6594 -87
-6572 25
-6533 -48
-6775 -298
-6824 162
-6627 -22
-6756 -41
-6860 -23
-6735 143
-6729 -180
-6719 -127
-6448 158
-6716 27
-6641 -31
-6989 -3
-6762 251
-6639 -20
-6570 -128
-6661 -130
-6756 105
-6833 5
-6486 -39
-6720 112
-6650 42
-6559 358
-6605 40
-6625 93
-6764 -130
-6639 102
-6806 106
-6670 14
-6678 -52
-6693 -168
-6677 159
-6704 47
-7008 173
-6544 -162
-6777 -66
-6784 -228
-6836 -48
-6754 169
-6616 63
-6470 186
-6611 -176
-6589 -143
-6788 4
-6771 -302
-6632 60
-6662 -49
-6669 -244
-6749 120
-6746 160
-6939 75
-6565 -37
-6675 -44
-6700 1
-6355 -183
-6652 85
-6809 -20
-6591 0
-6504 -192
-6577 -7
-6534 -53
-6464 -100
-6997 -221
-6853 29
-6453 119
-6549 172
-6858 53
-6512 1
-6986 17
-6774 172
-6594 140
-6817 89
-6528 78
-6507 -9
-6604 14
-6512 -136
-6655 -188
-6693 -174
-6634 -4
-6441 -259
-8002 -92
-25263 64
-32615 215
-17918 -743
26714 -15
32388 122
32379 -234
32473 23
32809 43
32398 -52
32451 -86
32376 -243
32639 -138
32633 45
32332 224
32460 209
32345 91
32486 -123
32329 -216
32423 -93
32372 -149
32572 73
32457 -201
32341 -38
32421 40
32197 -66
32604 -35
32481 -164
31979 171
32576 -64
32285 -56
32498 -23
32526 -42
32471 -147
32465 161
32503 62
32464 75
32555 -62
32407 -41
32432 -50
32509 -85
32591 -60
32386 -21
32446 207
32369 7
32457 102
32415 29
32457 54
32706 -19
32569 -68
32363 121
32490 -58
32592 197
32382 137
32373 61
32382 12
16575 -134
-28320 -109
-32487 -15
-19614 147
-6759 -181
-6773 177
-6607 70
-6594 -91
-6492 69
-6740 133
-6768 -44
-8739 142
-10271 -32
-6577 -121
-2353 -154
-7667 36
-10313 -110
-10688 16
-8338 -30
-6797 129
-6556 -61
-6642 -16
-6612 134
-6682 -7
-6643 136
-6621 -28
-6643 164
-6775 2
-6697 18
-6580 -34
-6782 -90
-6712 -66
-6540 104
-6626 49
-6578 100
-6775 -188
-6550 -37
-6565 90
-6835 -8
-6714 -130
-6680 16
-6692 -77
-6736 -3
-6609 -33
-6757 121
-6624 -51
-6695 110
-6685 -56
-6514 189
-6819 -62
-6644 -34
-6478 68
-6791 32
-6755 -42
-6607 2
-6636 87
-6704 -65
-6644 -37
-6648 -112
-6623 105
-6704 -44
-6602 115
-6697 193
-6665 -22
-6674 115
-6633 60
-6703 60
-6753 145
-7192 -19
-9765 73
-10024 63
-8360 -143
-8033 -261
-9844 218
-10184 46
-9441 79
-7008 81
-6724 -15
-6624 44
-6636 82
-6685 26
-6616 30
-6569 -85
-6622 -58
-6466 -5
-6497 -162
-6676 -55
-6857 68
-6611 61
-6734 -98
-6850 9
-6591 -72
-6754 -114
-6550 -53
-6687 65
-6664 93
-6673 143
-6599 -69
-6913 87
-6684 15
-6667 173
-6496 74
-6531 -64
-6624 -72
-6745 181
-6675 -36
-6711 -89
-6583 46
-6602 46
-6659 -13
-6621 -145
-6638 70
-6710 188
-6586 -54
-6701 147
-6651 -100
-6659 182
-6724 119
-6710 40
-6559 48
-6648 -41
-6583 -98
-6512 -153
-6668 159
-6542 -8
-6689 83
-6765 6
-6807 -12
-4654 -214
-4826 13
-6635 2
-6868 15
-6987 -32
-6691 90
-6716 48
-6766 37
-6609 -115
-6556 64
-6757 9
-6677 115
-6693 165
-6563 58
-6688 -71
-6732 117
-6507 -53
-6660 -244
-6667 106
-6685 93
-6748 131
-6582 33
-6673 -59
-6559 196
-6668 76
-6528 23
-6605 4
-6692 -182
-6518 -77
-6552 -42
-6552 -55
-6718 -34
-6474 -40
-6619 -37
-6611 71
-6805 0
-6679 -109
-6630 191
-6536 94
-6696 -56
-6487 52
-6653 89
-6541 174
-6683 77
-6723 88
-6646 -30
-6692 -58
-6842 86
-6801 59
-6630 -11
-6770 -27
-6766 -5
-6720 1
-6588 -67
-6813 -62
-6595 22
-6007 37
-2565 -74
-4512 112
-9900 92
-10590 151
-8839 123
-6803 2
-6595 -67
-6434 -49
-6666 13
-6541 -48
-6696 -94
-6765 -16
-6606 11
-6771 -4
-6573 23
-9215 63
-27849 82
-32551 25
-15017 -268
28425 131
32479 -158
32444 69
32385 -145
32582 -187
32647 173
32588 71
32406 -126
32438 -65
32478 59
32494 37
32616 -118
32411 -46
32481 -37
32461 58
32453 -62
32603 -22
32623 84
32528 69
32469 98
32501 34
32495 37
32369 -38
32512 110
32105 -197
32595 20
32327 80
32561 41
32447 -196
32343 -22
32493 204
32591 -34
32689 -23
32628 21
32568 37
32541 -7
32677 -54
32525 51
32551 53
32639 -343
32373 92
32445 220
32421 -100
32555 5
32546 -39
32740 -92
32520 58
32493 42
32463 20
32488 -250
32260 31
32363 188
18045 59
-26756 -242
-32560 -117
-21648 312
-6940 -70
-6585 31
-6794 47
-6544 -103
-6569 74
-6695 3
-6590 -63
-7968 -29
-9898 -164
2822 -339
4074 99
-9393 317
-18852 -299
-22292 452
-21580 218
-17566 196
-11283 76
-7064 -6
-6614 -11
-6552 80
-6458 40
-6677 58
-6588 32
-6510 -42
-6549 208
-6978 -140
-6616 -74
-6528 329
-6540 2
-6480 -127
-6746 -81
-6565 99
-6753 67
-6743 -87
-6864 -31
-6552 -125
-6755 -221
-6563 189
-6687 132
-6587 -86
-6671 -5
-6717 -22
-6593 -77
-6573 180
-6614 186
-6811 -111
-6862 -83
-6750 -59
-6816 14
-6720 -139
-6568 215
-6803 -75
-6539 -103
-6809 164
-6785 -227
-6778 179
-6723 268
-6786 -95
-6394 -117
-6544 163
-6746 212
-6813 166
-6992 14
-6758 -54
-6787 -45
-9636 -41
-7268 113
5087 -496
1789 266
-8841 -169
-10390 -224
-9751 216
-6826 67
-6708 163
-6559 -57
-6580 40
-6594 -5
-6803 82
-6493 -127
-6796 -259
-6718 -169
-6737 -96
-6803 -95
-6643 -54
-6420 120
-6669 -55
-6443 67
-6658 -86
-6693 111
-6469 -7
-6585 158
-6594 -51
-6704 146
-6676 -57
-6699 -111
-6643 -2
-6455 196
-6641 -43
-6684 -74
-6721 98
-6613 -112
-6655 -55
-6670 229
-6712 99
-6495 73
-6576 -131
-6506 -27
-6594 -15
-6763 -29
-6842 -108
-6873 -29
-6400 5
-6458 -8
-6580 85
-6604 -73
-6602 34
-6728 -25
-6518 -131
-6885 116
-6710 -321
-6496 -136
-6644 10
-6659 -33
-5077 263
683 -171
-1737 -61
-6178 -95
-6558 -109
-6691 186
-6615 45
-6754 -168
-6476 -201
-6723 -52
-6677 43
-6477 193
-6785 189
-6453 216
-6658 -121
-6751 96
-6538 233
-6883 59
-6659 116
-6583 14
-6568 -7
-6619 -117
-6759 -55
-6577 19
-6691 67
-6566 113
-6646 -104
-6601 -15
-6709 16
-6782 -7
-6757 172
-6610 -200
-6756 134
-6736 -280
-6692 28
-6552 53
-6739 108
-6549 -16
-6720 -112
-6545 -114
-6716 95
-6531 -47
-6602 98
-6741 19
-6677 -19
-6491 152
-6736 -86
-6693 -66
-6714 -190
-6596 136
-6706 -1
-6729 240
-6536 -47
-6857 65
-6538 -27
-6800 24
-7121 -5
-6789 232
-9074 134
-21539 466
-27670 101
-28895 11
-26375 381
-17764 177
-8670 124
-6484 -298
-6524 -9
-6757 51
-6709 35
-6648 111
-6864 -104
-6351 262
-6546 -47
-11167 112
-29538 120
-32395 98
-11623 -593
30134 215
32385 1
32496 130
32460 -79
32615 -41
32602 42
32506 -47
32408 45
32678 -66
32558 -42
32600 171
32599 33
32317 95
32568 68
32610 4
32363 -66
32586 -163
32413 -90
32529 31
32512 -43
32655 -110
32440 -9
32731 -92
32523 4
32186 -249
32338 -22
32609 0
32531 68
32463 12
32601 90
32545 -18
32474 -74
32532 74
32637 -48
32500 32
32518 -29
32581 172
32437 49
32522 61
32504 -158
32594 -7
32555 -121
32449 -73
32624 -69
32419 -65
32433 -87
32351 -32
32415 -97
32490 12
32399 37
32499 24
32486 95
19552 52
-25913 -164
-32810 -110
-23576 134
-7293 -30
-6611 23
-6629 -44
-6559 3
-6632 55
-6503 -39
-6661 30
-7662 20
-9906 -55
-2599 135
-13103 252
-26231 256
-22646 -340
-30777 89
-31934 1
-31818 -24
-28204 140
-17188 268
-7853 -16
-6576 -64
-6652 -4
-6639 -4
-6671 -25
-6656 -33
-6668 -106
-6694 47
-6708 -5
-6679 -34
-6617 63
-6546 8
-6690 -24
-6638 -27
-6545 71
-6609 154
-6681 87
-6661 20
-6766 126
-6678 -137
-6649 74
-6593 -6
-6685 9
-6627 -47
-6572 -5
-6596 -30
-6585 16
-6771 39
-6734 81
-6690 31
-6536 58
-6694 65
-6606 -50
-6638 59
-6689 78
-6691 -1
-6678 87
-6662 -26
-6732 48
-6716 -66
-6615 25
-6619 -199
-6534 71
-6671 78
-6645 12
-6602 27
-6906 -83
-9446 -141
-6204 62
4598 196
-7468 293
-7679 -90
-7907 -83
-9865 25
-7059 28
-6600 -51
-6713 0
-6670 62
-6759 78
-6689 28
-6621 -11
-6629 48
-6731 22
-6832 60
-6753 -112
-6745 -41
-6707 -84
-6703 21
-6620 63
-6604 9
-6536 54
-6716 -93
-6491 21
-6658 -85
-6593 70
-6657 -19
-6765 -61
-6614 146
-6725 108
-6644 -93
-6623 28
-6626 -1
-6616 -8
-6717 -72
-6606 43
-6540 -145
-6547 -62
-6715 53
-6685 -117
-6630 -29
-6710 62
-6620 34
-6600 88
-6686 -16
-6570 30
-6652 124
-6675 54
-6723 12
-6664 39
-6756 -78
-6528 50
-6585 -51
-6552 63
-6643 -108
-6748 -108
-5839 -23
-2150 212
-6376 132
-6016 -137
-5960 -12
-6697 43
-6607 -100
-6752 -38
-6741 30
-6580 -38
-6742 -117
-6658 -90
-6744 -33
-6595 -83
-6626 165
-6616 -32
-6777 -32
-6550 61
-6649 -125
-6573 -3
-6707 21
-6684 -9
-6742 -17
-6631 -36
-6681 135
-6610 -9
-6643 -109
-6650 127
-6701 -7
-6699 76
-6651 86
-6671 -67
-6683 -41
-6628 -69
-6699 -11
-6632 19
-6605 52
-6655 -103
-6686 -7
-6704 -19
-6737 -9
-6684 45
-6567 24
-6594 -31
-6637 68
-6663 -124
-6623 -60
-6753 -104
-6611 55
-6618 -44
-6612 53
-6656 118
-6699 -186
-6646 77
-6577 -176
-7070 31
-14277 280
-23879 168
-25081 142
-29630 -151
-23007 -249
-24743 -138
-31753 -55
-31328 -5
-21951 253
-9118 -64
-6671 -97
-6600 -15
-6765 74
-6671 17
-6774 -33
-6615 -58
-6631 -207
-12774 101
-30957 37
-32323 -4
-8491 -288
30930 135
32522 -39
32432 23
32490 -78
32435 20
32492 -28
32568 47
32526 -37
32441 -42
32502 30
32553 7
32546 -10
32674 -50
32395 -89
32514 -86
32388 -2
32485 1
32496 -140
32655 16
32430 37
32508 -93
32447 25
32574 -37
32443 -95
32475 -215
32531 75
32328 -56
32613 -94
32787 22
32390 -131
32468 -26
32341 -139
32305 -43
32454 -362
32301 158
32387 106
32510 -45
32488 -171
32487 198
32222 105
32381 -84
32737 -185
32372 80
32568 9
32204 -426
32357 231
32225 137
32399 -93
32621 197
32359 127
32301 150
32502 288
22910 -147
-21646 -930
-32763 -60
-26083 87
-8755 257
-6578 122
-6712 132
-6542 -296
-6631 14
-6568 -116
-6684 119
-7238 -9
-10536 -411
-17727 437
-28174 103
-20439 -614
-3466 -55
-17559 114
-21039 -1
-25867 -321
-31504 -122
-30341 416
-17425 790
-7706 141
-6491 -101
-6532 -188
-6714 -299
-6754 -37
-6513 -97
-6706 102
-6731 -32
-6529 66
-6615 -192
-6563 -321
-6478 -421
-6409 -194
-6498 92
-6866 32
-6503 121
-6423 -283
-6738 44
-6829 -327
-6766 -36
-6443 184
-6694 -78
-6659 32
-6718 -117
-6525 86
-6535 127
-6722 21
-6758 52
-6462 -479
-6622 4
-6571 119
-6604 -66
-6812 40
-6132 49
-6620 305
-6572 123
-6833 227
-6619 385
-6705 244
-6594 -80
-6636 -62
-6480 -51
-6521 221
-6445 79
-6724 252
-6648 -268
-8928 -175
-9733 -305
-7403 501
-8554 -334
197 -262
-124 56
-9729 -294
-7674 109
-6574 57
-6749 177
-6403 -290
-6784 175
-6795 24
-6849 346
-6582 84
-6583 134
-6486 313
-6606 22
-6571 197
-6885 -97
-6620 215
-6785 174
-6577 -308
-6593 -55
-6778 -312
-6506 -310
-6891 -172
-6500 -277
-6716 -68
-6579 -35
-6835 26
-6599 277
-6622 144
-6716 95
-6780 -172
-6659 21
-6557 253
-6384 173
-6694 -102
-6601 128
-6661 117
-6649 -6
-6567 202
-6635 -27
-6654 126
-6381 79
-6791 -145
-6509 65
-6522 194
-6369 -133
-6682 -57
-6716 93
-6719 -92
-6742 -24
-6817 -122
-6521 -294
-6704 74
-6785 -103
-6590 62
-6444 409
-6046 -120
-3043 -29
-1529 187
-6454 32
-6811 -28
-6833 271
-6794 -41
-6650 -82
-6597 -68
-6735 -65
-6967 70
-6840 34
-6935 -39
-6980 -276
-6729 -111
-6611 -86
-6613 75
-6648 -26
-6760 165
-6670 -65
-6695 103
-6523 33
-6727 218
-6510 -121
-6649 82
-6835 85
-6331 -100
-6535 12
-6761 -124
-6617 62
-6720 182
-6662 99
-6507 95
-6605 210
-6641 -319
-6866 -94
-6477 151
-6581 10
-6903 -28
-6543 139
-6657 242
-6790 57
-6529 401
-6617 -160
-6535 -45
-6689 220
-6568 -108
-6408 35
-6697 72
-6575 -119
-6764 149
-6584 5
-6942 -70
-12919 421
-28218 743
-29194 -314
-21198 355
-13576 141
-6522 -68
-10497 115
-22419 -358
-31102 -109
-31518 225
-19432 155
-7276 163
-6447 -137
-6546 311
-6585 293
-6592 -62
-6559 79
-6739 -381
-15030 441
-30884 -387
-31729 0
-4930 -1014
30773 426
32553 -75
32566 -149
32121 -195
32451 87
32361 310
32396 -17
32409 32
32591 2
32686 134
32643 260
32505 -112
32407 275
32362 217
32437 -134
32425 -51
32533 -51
32263 41
32536 -82
32665 -81
32516 57
32410 175
32761 249
32478 40
32352 387
32503 -322
32386 31
32616 -123
32441 0
32409 89
32594 -37
32546 -23
32526 250
32659 -61
32410 23
32429 -42
32521 12
32304 -99
32664 29
32504 -28
32255 96
32556 -40
32712 5
32416 41
32415 -50
32416 -164
32473 33
32441 66
32427 -78
32516 24
32508 -35
32493 130
26826 -10
-19297 -54
-32758 123
-28780 29
-9767 -35
-6605 -48
-6773 -69
-6684 273
-6711 -59
-6819 -272
-6544 95
-7138 -71
-11352 -72
-26543 20
-29064 94
-6893 -100
-3442 540
-14649 163
-15300 320
-14936 23
-24726 0
-32265 1
-28291 106
-11161 138
-6663 -180
-6603 -65
-6667 56
-6836 55
-6680 -174
-6698 79
-6637 108
-6621 -64
-6634 -164
-6759 0
-6640 -49
-6482 -47
-6613 63
-6771 40
-6618 -19
-6621 -91
-6734 -287
-6759 -86
-6581 -53
-6488 -51
-6529 106
-6687 106
-6590 130
-6542 2
-6790 -98
-6857 130
-6444 78
-6709 -194
-6675 -165
-6674 28
-6491 83
-6688 7
-6608 -156
-6565 -27
-6633 -93
-6593 -45
-6643 -81
-6527 117
-6612 -60
-6434 -284
-6731 -175
-6521 153
-6659 -135
-6812 -61
-6615 91
-8517 -108
-10246 -91
-10063 215
-3337 -26
5841 4
-2871 319
-10115 -83
-7950 90
-6719 54
-6683 22
-6692 -189
-6812 43
-6686 179
-6393 -101
-6771 -25
-6588 161
-6563 -52
-6742 131
-6697 -64
-6647 126
-6826 10
-6625 -277
-6818 15
-6801 -73
-6784 -31
-6515 130
-6683 -29
-6704 9
-6656 -21
-6806 -156
-6616 129
-6488 -64
-6823 80
-6670 -37
-6854 135
-6752 -139
-6633 -106
-6827 -155
-6634 1
-6531 46
-6516 -34
-6725 -19
-6815 -39
-6657 -27
-6509 12
-6461 116
-6809 -119
-6614 -49
-6680 98
-6580 87
-6620 37
-6699 -130
-6753 -60
-6854 70
-6542 14
-6850 -70
-6545 -12
-6948 34
-6553 93
-6634 18
-4300 147
-16 -25
-2293 98
-6541 -82
-6610 -186
-6535 -29
-6635 -22
-6707 -164
-6646 29
-6658 -78
-6550 -45
-6810 -204
-6648 -82
-6466 185
-6645 -22
-6568 45
-6623 -17
-6626 204
-6793 -207
-6614 -208
-6684 191
-6537 -155
-6705 110
-6600 17
-6737 -40
-6722 -6
-6815 -195
-6579 182
-6757 -101
-6587 50
-6715 -49
-6714 -1
-6711 21
-6574 58
-6719 186
-6790 62
-6670 -6
-6874 117
-6718 141
-6481 82
-6588 24
-6651 8
-6657 -81
-6492 -77
-6623 -36
-6673 -84
-6793 -46
-6419 -54
-6704 -141
-6508 73
-6577 -19
-6652 -110
-7799 72
-23205 206
-30530 -224
-19763 -95
-13526 -31
-10376 52
-8839 248
-12248 82
-14445 137
-24841 -129
-32331 21
-28292 111
-10157 35
-6480 -8
-6625 -127
-6607 -202
-6719 -60
-6526 -27
-6541 -235
-17823 162
-32274 -57
-31993 171
714 -462
31951 289
32571 18
32488 -114
32398 -78
32589 -79
32467 -27
32552 -65
32544 28
32315 23
32633 84
32646 64
32305 16
32699 7
32627 116
32615 -212
32531 -30
32465 -31
32204 111
32372 -163
32421 16
32415 64
32655 -31
32370 -113
32400 -12
32284 239
32561 -273
32641 -252
32314 -145
32311 -177
32537 -135
32491 -117
32566 31
32643 -49
32340 -187
32792 -33
32515 99
32482 56
32687 -268
32577 49
32424 -63
32314 -201
32452 -191
32550 -182
32532 18
32635 -22
32579 -167
32438 -5
32382 -81
32433 151
32571 90
32434 4
32682 155
27931 42
-15054 -613
-32775 36
-30036 -1
-11670 141
-6695 -321
-6535 71
-6402 1
-6686 115
-6868 -80
-6569 -131
-7025 -12
-12724 141
-29773 499
-27157 -284
-16196 -42
-15371 591
-15536 -132
-15413 -53
-13738 126
-16635 -189
-29648 -162
-31703 135
-19176 94
-7223 -219
-6565 2
-6939 66
-6920 54
-6825 11
-6611 -190
-6654 46
-6742 135
-6353 38
-6751 -311
-6687 -75
-6763 -132
-6288 106
-6624 35
-6665 90
-6434 166
-6505 142
-6841 -54
-6738 -14
-6850 -145
-6771 64
-6374 -111
-6616 -91
-6685 122
-6816 31
-6601 114
-6437 37
-6488 136
-6637 -41
-6611 -23
-6630 -36
-6756 -137
-6762 -55
-6639 -194
-6615 -229
-6607 -50
-6417 -47
-6360 62
-6816 348
-6838 -58
-6701 -41
-6804 -123
-6539 -37
-6739 123
-6804 -86
-8176 -64
-10114 -146
-10299 -240
-9193 14
-8107 440
-9398 93
-9979 -117
-8411 -81
-6484 -22
-6491 40
-6517 150
-6695 56
-6569 -124
-6741 -212
-6715 -125
-6745 -196
-6636 216
-6377 -113
-6596 47
-6540 11
-6709 -6
-6836 110
-6696 72
-6527 -104
-6904 -117
-6741 -26
-6555 22
-6660 37
-6674 -102
-6813 147
-6781 -293
-6792 -116
-6759 9
-6588 13
-6555 144
-6669 168
-6777 -28
-6538 12
-6778 -217
-6513 -221
-6630 -84
-6590 75
-6490 -110
-6628 113
-6618 -247
-6666 -64
-6661 -120
-6476 182
-6562 171
-6590 37
-6669 136
-6473 -259
-6593 41
-6529 -82
-6500 -143
-6710 254
-6443 -204
-6869 165
-6989 -7
-6508 -45
-6493 -80
-6199 76
-6127 135
-6627 48
-7000 -90
-6546 143
-6499 -145
-6825 123
-6450 133
-6617 146
-6517 75
-6645 66
-6349 41
-6816 -161
-6660 -181
-6504 234
-6641 -81
-6372 49
-6648 106
-6608 -157
-6623 205
-6683 -244
-6521 -99
-6520 -55
-6517 115
-6556 109
-6589 128
-6569 75
-6544 -22
-6593 100
-6464 -93
-6566 -15
-6599 -125
-6801 -149
-6419 12
-6594 117
-6479 107
-6571 170
-6432 202
-6655 110
-6615 -67
-6644 -59
-6583 28
-6680 -180
-6856 99
-6805 65
-6891 111
-6622 83
-6681 231
-6610 106
-6844 -44
-6601 -282
-10669 228
-28894 362
-25515 -336
-14362 -388
-13150 222
-13097 52
-13444 -161
-13255 2
-13059 129
-19084 34
-31494 8
-30990 154
-13722 -150
-6800 -62
-6556 -14
-6655 146
-6447 -15
-6353 107
-7656 125
-22384 196
-32411 29
-30330 -258
8714 -621
32081 338
32572 -63
32582 -276
32484 -176
32622 -97
32360 50
32349 -126
32768 -53
32506 23
32776 166
32413 49
32264 -60
32706 24
32445 -127
32395 300
32649 -54
32570 160
32339 -31
32611 5
32532 -23
32436 -67
32352 153
32544 -172
32504 -128
32039 181
32471 -122
32420 12
32483 -76
32322 29
32522 -94
32418 0
32515 98
32365 10
32537 -147
32474 -83
32444 -71
32601 27
32414 -55
32498 78
32457 38
32462 31
32615 -11
32440 -34
32604 -111
32519 6
32407 5
32464 17
32317 -37
32525 7
32406 -3
32558 -50
32732 111
29655 104
-10787 -243
-32667 141
-31345 -260
-13960 -2
-6677 -49
-6726 16
-6628 14
-6644 47
-6766 -46
-6801 -90
-6917 0
-14528 206
-30910 120
-23880 -168
-13862 54
-13777 -32
-13932 -170
-13753 -29
-13414 5
-14112 234
-25489 -38
-32189 20
-24976 66
-8097 236
-6606 -3
-6625 187
-6590 224
-6654 80
-6667 11
-6499 20
-6412 8
-6609 57
-6754 -178
-6605 -58
-6648 -28
-6658 -9
-6737 -64
-6568 109
-6448 -38
-6620 12
-6792 48
-6634 -82
-6565 156
-6498 -5
-6523 -79
-6648 97
-6525 35
-6625 5
-6702 46
-6652 107
-6649 -54
-6629 -167
-6611 82
-6463 -243
-6594 0
-6578 53
-6562 160
-6699 -44
-6623 -51
-6663 37
-6572 68
-6630 205
-6651 64
-6712 68
-6478 10
-6626 -132
-6540 108
-6612 -3
-6982 -47
-7730 88
-7642 32
-7742 -7
-7624 -60
-7549 -51
-7508 18
-7160 -113
-6962 -76
-6657 -64
-6550 52
-6573 -66
-6633 13
-6734 -73
-6463 17
-6632 98
-6596 -68
-6626 -128
-6793 -70
-6673 116
-6480 73
-6551 -73
-6738 89
-6676 -71
-6672 62
-6793 104
-6789 -11
-6594 -74
-6737 -59
-6691 -79
-6442 21
-6662 -207
-6744 123
-6601 85
-6547 -59
-6607 74
-6622 -49
-6525 -89
-6720 -37
-6750 55
-6542 29
-6742 -7
-6678 -122
-6689 77
-6559 -46
-6720 -149
-6607 99
-6603 39
-6762 153
-6596 -10
-6612 -27
-6668 -80
-6734 -6
-6659 -166
-6810 90
-6591 -181
-7023 -26
-6963 -106
-6507 85
-6554 14
-6782 -86
-6590 118
-6648 77
-6592 -52
-6918 -103
-7003 -80
-6667 107
-6823 -2
-6730 129
-6678 151
-6410 245
-6593 75
-6599 19
-6642 85
-6532 99
-6608 -39
-6651 20
-6530 36
-6507 -73
-6738 -122
-6494 0
-6726 -15
-6734 34
-6696 -34
-6610 -18
-6523 68
-6699 -31
-6778 103
-6513 -56
-6575 -54
-6534 13
-6706 -5
-6769 -127
-6753 -162
-6571 -77
-6659 -15
-6544 62
-6540 -73
-6555 -117
-6544 159
-6657 62
-6638 -21
-6673 -69
-6730 -72
-6750 -55
-6601 -107
-6560 20
-6677 -7
-6596 -107
-6640 35
-6573 -28
-6443 -132
-13188 177
-30768 -4
-23579 -106
-13382 36
-13263 -56
-13431 65
-13621 1
-13251 -151
-13233 -132
-17368 131
-31195 -23
-31328 140
-14783 -47
-6716 -48
-6681 -83
-6451 55
-6468 -76
-6544 39
-10503 73
-28139 -39
-32651 57
-25848 -257
19342 -151
32491 253
32474 -3
32360 93
32373 81
32543 42
32504 138
32501 35
32472 -81
32405 -74
32558 8
32536 41
32432 28
32587 -81
32410 -34
32587 57
32625 28
32548 131
32392 -31
32465 27
32565 -78
32811 23
32527 -130
32444 -11
32527 -154
32411 549
32273 13
32359 68
32383 -170
32266 184
32703 -22
32342 -265
32472 181
32631 369
32551 -42
32200 268
32269 -330
32373 35
32431 -336
32644 59
32237 31
32406 -56
32593 -53
32469 23
32763 174
32606 -2
32519 -173
32248 217
32339 63
32573 -138
32257 -38
32234 -39
32623 -50
31162 634
-2563 -892
-31750 281
-32269 -223
-18820 461
-7273 -21
-6496 -203
-6770 -179
-6599 -168
-6659 228
-6979 -38
-6782 -15
-14617 -48
-30727 -180
-25120 187
-13659 -67
-13081 70
-13403 9
-13182 37
-13195 -157
-13983 -179
-24442 -285
-32142 -270
-25971 -165
-8545 174
-6531 268
-6567 -6
-6410 -138
-6424 42
-6561 140
-6480 37
-6635 46
-6755 -403
-6662 212
-6682 136
-6600 2
-6711 -7
-6535 121
-6645 -160
-6826 107
-6728 -163
-6596 40
-6789 -35
-6806 8
-6721 -145
-6487 38
-6866 -208
-6514 37
-6504 -124
-6641 -190
-6731 -90
-6898 -150
-6830 96
-6589 -34
-6470 -34
-6694 -45
-6635 -11
-6376 -117
-6608 -147
-6469 147
-6711 -18
-6644 -192
-6545 -28
-6676 -126
-6599 54
-6807 50
-6821 15
-7019 -94
-6823 41
-6599 -159
-6675 55
-6491 -145
-6837 -83
-6657 110
-6685 77
-6900 -181
-6533 127
-6782 44
-6815 -15
-6563 -94
-6674 30
-6679 -84
-6753 293
-6621 -149
-6869 106
-6711 313
-6618 -31
-6720 -14
-6815 -78
-7002 -77
-6890 34
-6764 89
-6625 -18
-6516 27
-6701 -129
-6451 189
-6541 18
-6669 -100
-6760 56
-6789 9
-6956 45
-6704 -69
-6635 -161
-6837 76
-6922 50
-6836 8
-6763 329
-6845 -23
-6496 20
-7068 -128
-6717 94
-6620 316
-6490 -169
-6687 19
-6747 -4
-6896 -39
-6398 -153
-6611 144
-6593 -211
-6622 -119
-6696 196
-6760 209
-6596 92
-6660 -178
-6669 -22
-6713 159
-6846 109
-6692 138
-6561 55
-6674 -3
-6620 -142
-6771 52
-6642 -81
-6705 -127
-6652 -69
-6955 -333
-6865 81
-6488 -14
-6614 360
-6545 21
-6542 226
-6645 -174
-6552 -46
-6808 87
-6787 -4
-6800 -154
-6494 -110
-6630 -237
-6595 -8
-6593 -37
-6674 84
-6581 -101
-6544 -40
-6755 23
-6818 -9
-6857 109
-6562 254
-6603 -365
-6541 118
-6624 -16
-6752 114
-6935 -8
-6731 -110
-6501 26
-6665 -74
-6822 -189
-6483 -162
-6515 16
-6582 24
-6570 186
-6703 -120
-6537 -111
-6762 -72
-6550 155
-6831 160
-6635 65
-6686 -67
-6724 237
-6657 -80
-6562 -121
-6863 4
-13817 254
-30997 -148
-25130 -135
-13975 -135
-12956 135
-13123 95
-13500 384
-13335 29
-13275 133
-18684 154
-31447 -52
-31247 -78
-14744 -83
-6947 -60
-6586 -49
-6580 -65
-6706 -18
-6901 -8
-16961 377
-31123 56
-32051 -196
-13550 -1021
27481 -77
32616 340
32321 -248
32171 218
32380 -51
32723 -310
32667 88
32195 50
32793 -200
32518 147
32434 41
32368 161
32357 380
32427 40
32463 310
32393 78
32556 -243
32583 -72
32639 52
32445 60
32411 150
32529 111
32580 385
32750 191
32289 -187
32154 497
32425 -64
32486 -80
32716 14
32336 -13
32330 -156
32316 -119
32631 -50
32369 26
32502 126
32485 -25
32558 132
32477 -119
32451 -167
32493 102
32402 -87
32311 141
32301 -80
32375 -163
32477 -225
32614 -100
32476 -105
32372 -119
32407 -26
32456 48
32444 173
32480 -151
32544 88
32097 196
10912 -363
-29234 86
-33034 32
-24847 10
-8276 90
-6606 -23
-6578 -10
-6950 16
-6676 -97
-6733 -18
-6650 69
-12076 -50
-30124 -142
-29105 -239
-16128 20
-13195 -65
-13233 10
-13287 -26
-13307 -151
-15776 1
-28242 120
-32502 -218
-23845 -181
-7790 -81
-6669 -76
-6592 -176
-6819 -77
-6643 -162
-6736 163
-6661 144
-6793 -27
-6666 23
-6752 -14
-6779 116
-6562 -39
-6605 141
-6651 6
-6628 -35
-6683 28
-6520 1
-6761 -31
-6732 -115
-6818 111
-6609 102
-6701 -46
-6617 -35
-6471 -76
-6599 -5
-6734 -130
-6720 8
-6528 -53
-6580 37
-6637 61
-6595 -29
-6628 115
-6733 267
-6710 -280
-6704 -19
-6725 -77
-6783 94
-6515 44
-6604 -101
-6622 -110
-6584 148
-6680 -95
-6909 -66
-6810 79
-6776 63
-6695 -157
-6647 7
-6591 93
-6738 106
-6675 -98
-6549 33
-6815 -120
-6589 83
-6564 163
-6571 -40
-7038 151
-6838 50
-6816 -179
-6581 132
-6704 261
-6586 -53
-6737 -70
-6610 -114
-6703 -132
-6563 -113
-6645 11
-6483 -5
-6684 81
-6877 88
-6630 -119
-6706 -120
-6519 78
-6612 105
-6728 66
-6649 -48
-6821 -81
-6619 118
-6420 -4
-6553 115
-6644 41
-6749 -4
-6586 -219
-6605 -12
-6638 95
-6888 -49
-6746 -61
-6548 80
-6631 -66
-6724 45
-6700 102
-6590 177
-6663 -4
-6820 -72
-6560 -15
-6698 -36
-6535 62
-6650 -10
-6761 44
-6914 12
-6869 -77
-6713 -83
-6685 12
-6731 -39
-6598 -2
-6655 5
-6681 -47
-6677 -63
-6557 -70
-6501 -37
-6618 -52
-6450 125
-6459 -172
-6968 -44
-6719 185
-6754 109
-6642 42
-6531 -62
-6684 56
-6798 0
-6513 -65
-6635 69
-6736 -140
-6736 -42
-6813 -70
-6570 198
-6648 -52
-6658 4
-6731 1
-6712 215
-6588 -74
-6706 -177
-6724 92
-6491 -44
-6771 -69
-6665 -22
-6681 48
-6747 -42
-6519 -252
-6717 8
-6609 98
-6537 -85
-6636 -41
-6724 38
-6642 166
-6757 95
-6570 120
-6784 -2
-6670 79
-6691 41
-6494 87
-6592 -72
-6492 180
-6583 64
-6613 -103
-6587 19
-6695 -231
-6913 -35
-11305 -7
-29639 -110
-29400 46
-16787 229
-13352 -100
-13144 -176
-13431 137
-13241 57
-14782 -193
-25397 23
-32477 -96
-29337 76
-11507 -131
-6632 22
-6531 39
-6636 67
-6599 -207
-10049 24
-26350 39
-32775 -114
-30019 63
6762 -649
31701 212
32743 70
32285 64
32410 159
32580 -35
32571 35
32497 -111
32380 189
32594 -16
32488 -200
32524 161
32660 63
32401 97
32451 -17
32626 271
32605 99
32393 4
32533 196
32519 67
32510 72
32726 31
32573 -16
32668 -26
32461 -111
32490 -106
32244 176
32635 -91
32575 69
32609 -7
32466 116
32390 -109
32606 74
32428 -154
32482 213
32416 106
32540 9
32338 46
32625 -104
32069 -62
32591 82
32448 92
32529 -121
32292 -20
32485 -136
32498 -48
32477 -102
32395 85
32300 167
32421 -89
32668 -95
32578 155
32395 51
32386 -121
32824 303
22949 -408
-21296 -373
-32810 354
-29619 -71
-11459 18
-6739 -140
-6957 28
-6796 26
-6717 -180
-6503 88
-6566 389
-8934 317
-26264 -544
-31860 -107
-24705 379
-15314 -4
-14202 140
-15186 -191
-18974 42
-26311 172
-32259 -60
-31294 -157
-17010 -295
-6928 331
-6632 -43
-6586 50
-6604 75
-6624 108
-6733 82
-6588 -135
-6678 24
-6754 -119
-6788 -87
-6642 -15
-6654 -285
-6599 -75
-6644 -28
-6853 -47
-6745 255
-6690 -212
-6539 -139
-6841 75
-6492 -32
-6676 -71
-7035 -40
-6663 -4
-6444 -67
-6545 232
-6798 55
-6478 -117
-6648 25
-6672 42
-6558 123
-6832 -205
-6587 7
-6429 -237
-6509 -44
-6891 78
-6912 172
-6251 198
-5616 183
-6672 -138
-6716 107
-6477 99
-7000 26
-6942 -174
-6497 52
-6597 -111
-6731 44
-6764 -76
-6745 -82
-6826 -1
-6559 -7
-6454 55
-7102 -40
-6647 -227
-6633 97
-6781 -40
-6715 -215
-6889 -146
-7075 -178
-6581 -67
-6825 -18
-6794 -158
-6547 -181
-6738 -16
-6708 220
-6621 121
-6532 -54
-6742 24
-6623 41
-6636 33
-6619 -107
-6791 -72
-6719 -91
-6789 -143
-6652 107
-6433 83
-6584 194
-6504 71
-6439 -87
-6745 -33
-6668 -72
-6748 201
-6721 -17
-6590 103
-6750 9
-6848 -22
-6648 -16
-6751 -28
-6623 59
-6730 18
-6744 -72
-6751 65
-6495 65
-6620 1
-6410 205
-6481 101
-6629 -241
-6575 -39
-6823 140
-6711 30
-6642 -205
-6547 -79
-6647 163
-6829 -88
-6675 -15
-6620 -140
-6767 -114
-6688 422
-6757 -140
-6749 42
-6561 -142
-6437 127
-6685 -69
-6691 -75
-6955 -15
-6903 228
-6668 115
-6592 180
-6816 200
-6783 34
-6806 -170
-6773 5
-6865 -169
-6711 86
-6691 117
-6630 -95
-6603 -31
-6754 47
-6455 -115
-6744 93
-6643 66
-6833 104
-6589 104
-6690 137
-6530 -26
-6423 -162
-6608 -106
-6713 -35
-6769 36
-6796 71
-6771 13
-6697 241
-6584 -68
-6839 -170
-6511 -71
-6562 -111
-6562 196
-6625 -37
-6769 -85
-6746 38
-6549 -123
-6611 21
-6686 90
-6620 -9
-6844 -27
-6734 179
-6931 -21
-6798 -121
-8195 327
-23703 -199
-32103 -219
-26795 159
-16792 139
-14380 -285
-14315 43
-16430 90
-24239 221
-31452 50
-31730 -268
-21610 -524
-7835 346
-6820 64
-6777 -49
-6717 -87
-8203 -75
-21121 156
-32214 7
-32427 33
-16528 -787
24778 -508
32581 399
32588 -164
32559 -143
32472 93
32533 19
32586 -93
32577 -23
32725 14
32468 -329
32442 -269
32585 135
32495 -52
32628 203
32455 97
32479 -3
32764 4
32438 -25
32432 -14
32331 144
32313 97
32422 162
32338 -28
32387 -2
32534 13
32571 88
32052 16
32535 -147
32600 58
32487 -22
32460 36
32489 6
32484 33
32517 -73
32717 67
32516 49
32623 86
32535 -68
32513 -74
32511 92
32628 -132
32516 135
32515 47
32345 169
32478 84
32551 3
32374 -55
32370 -11
32638 128
32541 -103
32410 55
32451 82
32434 79
32415 58
32638 54
29780 -133
-8827 -363
-32382 100
-32103 64
-17939 214
-7100 -87
-6659 -69
-6763 15
-6669 -176
-6437 -105
-6648 43
-6931 188
-15863 -270
-30545 -231
-31920 84
-28596 38
-27154 336
-28989 87
-31323 294
-32328 170
-31825 -33
-22931 -335
-8966 54
-6697 117
-6798 46
-6675 -206
-6520 -48
-6625 34
-6574 128
-6675 -72
-6670 -73
-6802 -77
-6797 59
-6671 48
-6659 97
-6645 -158
-6629 -41
-6702 51
-6771 -70
-6683 -12
-6741 -141
-6717 78
-6639 -108
-6690 -134
-6617 -7
-6647 -118
-6615 -13
-6572 78
-6763 20
-6651 -33
-6555 36
-6753 -129
-6774 8
-6752 -67
-6649 31
-6121 -138
-6726 -221
-6688 150
-4525 -185
-3881 -14
-3150 65
-6646 -73
-6709 -158
-6909 -58
-6741 -30
-6630 6
-6620 95
-6526 -36
-6834 -64
-6784 70
-6786 -14
-6617 45
-6671 -64
-6664 155
-6675 110
-6698 -78
-6615 -48
-6634 5
-6802 6
-6658 -14
-6661 -116
-6812 -91
-6715 -73
-6772 -71
-6641 -78
-6656 -101
-6690 117
-6798 -73
-6531 -9
-6615 60
-6724 -3
-6738 41
-6770 16
-6720 119
-6732 -139
-6733 -57
-6702 -43
-6658 -20
-6710 51
-6722 52
-6729 152
-6683 -71
-6730 9
-6547 147
-6592 -68
-6756 -17
-6735 -9
-6642 -189
-6490 -1
-6554 -39
-6705 -73
-6718 -123
-6590 100
-6757 39
-6732 151
-6601 86
-6578 70
-6644 0
-6633 9
-6924 50
-6705 -12
-6602 26
-6741 36
-6782 36
-6607 141
-6719 -16
-6660 24
-6675 -6
-6643 31
-6612 -49
-6711 45
-6548 34
-6694 -124
-6559 40
-6683 138
-6727 31
-6695 148
-6987 53
-6970 -2
-6494 130
-6583 14
-6669 -21
-6690 193
-6682 -14
-6772 0
-6565 -18
-6672 -11
-6735 -81
-6685 -125
-6700 -62
-6556 42
-6751 -179
-6656 10
-6602 25
-6716 -60
-6591 -6
-6625 106
-6657 -41
-6625 20
-6562 -58
-6733 112
-6666 99
-6636 77
-6766 -112
-6709 -62
-6669 2
-6697 28
-6749 -61
-6526 55
-6626 -51
-6802 -109
-6822 -16
-6585 8
-6627 54
-6741 10
-6904 24
-6806 18
-6801 -55
-6683 66
-6804 13
-6674 83
-12978 87
-28626 107
-32401 35
-29816 185
-26944 257
-27310 116
-29881 30
-32120 59
-32181 -51
-24999 -239
-10350 -163
-6577 291
-6527 78
-6893 86
-7206 4
-16823 182
-30829 50
-32531 97
-25757 -85
11875 -590
31670 159
32511 59
32618 56
32502 -102
32512 172
32406 88
32589 -23
32396 60
32587 -50
32587 -126
32421 -113
32608 -20
32540 -15
32621 -21
32520 -15
32575 2
32569 -36
32544 -43
32531 -2
32390 79
32516 71
32435 -116
32503 -33
32494 132
32479 -144
32533 -134
32507 86
32505 -211
32260 78
32645 82
32772 183
32720 -194
32756 179
32283 -282
32386 213
32363 49
32608 6
32230 -387
32444 263
32412 -81
32463 -185
32585 -99
32683 9
32595 143
32243 -256
32556 -21
32402 -111
32459 -251
32390 283
32427 -4
32801 80
32265 98
32370 -153
32361 151
32427 201
31510 123
8689 -980
-29024 -174
-32303 43
-25970 250
-10053 188
-6495 -16
-6664 -149
-6632 219
-6639 -47
-6376 136
-6347 224
-8009 329
-18303 -320
-28949 28
-32086 80
-31792 -252
-31873 -113
-30931 84
-27146 -89
-19163 1
-9653 -264
-6929 88
-6472 452
-6761 80
-6930 -127
-6743 -229
-6674 -79
-6415 -291
-6863 -88
-6689 -19
-6570 60
-6827 -25
-6696 283
-6861 183
-6496 -58
-6731 -114
-6658 108
-6481 41
-6773 -123
-6872 32
-6596 -44
-6788 -129
-6810 -245
-6464 76
-6449 -126
-6381 -180
-6719 -75
-6578 94
-6704 -224
-6603 -531
-6442 158
-6810 -180
-6664 -7
-4447 134
4105 -96
-3220 -99
-4294 0
4856 -62
-4373 304
-6398 -14
-6903 -36
-6745 180
-6822 -454
-6817 3
-6545 24
-6431 75
-6316 -14
-6602 75
-6786 234
-6827 -69
-6623 62
-6527 160
-6543 273
-6935 72
-6731 -317
-6549 -91
-6914 195
-6417 171
-6564 17
-6621 383
-6739 -77
-7157 -32
-6989 -44
-6632 168
-6945 325
-6552 66
-6520 -170
-6427 85
-6702 -31
-6469 258
-6805 89
-6710 120
-6503 113
-6789 201
-6811 128
-6799 120
-6443 228
-6547 120
-6606 67
-6732 -14
-6490 130
-6435 -86
-6514 -92
-6757 -99
-6821 250
-6417 36
-6667 -122
-6750 163
-6641 0
-6813 -97
-6910 -18
-6604 -204
-6542 -200
-6617 162
-6940 19
-6954 -127
-6596 -126
-6888 185
-6592 75
-6754 -122
-6873 173
-6786 154
-6718 131
-6617 54
-6795 86
-6770 4
-6590 161
-6580 190
-6579 -107
-6440 -11
-6706 -164
-6703 -107
-6473 82
-6715 -5
-6527 159
-6636 117
-6504 -137
-6993 143
-6684 -23
-6567 75
-6931 111
-6536 65
-6345 130
-6945 129
-6661 -75
-6944 -15
-6340 -176
-6507 -71
-6762 101
-6696 312
-6704 100
-6727 -120
-6672 -26
-6440 34
-6642 -101
-6494 20
-6536 -115
-6487 122
-6536 69
-6687 -114
-6736 201
-6716 28
-6374 143
-6589 9
-6756 302
-6755 -142
-6497 210
-6513 19
-6767 11
-6658 82
-6536 4
-6393 28
-6592 91
-6729 -102
-6961 -85
-6897 231
-6916 120
-6596 87
-6640 -9
-6395 257
-6877 -106
-14164 -433
-26021 96
-31463 -113
-31890 1
-32257 -49
-31650 10
-28925 -177
-21710 -130
-10765 -326
-6639 -4
-6259 135
-6459 -346
-7408 142
-15295 282
-29085 -17
-32723 110
-28940 -179
930 -806
29518 -244
32178 61
32533 280
32696 -140
32221 -138
32270 -51
32459 37
32438 -218
32466 127
32381 51
32627 52
31974 -109
32801 -36
32470 190
32427 294
32338 -322
32474 -162
32683 -16
32606 77
32379 -9
32584 221
32421 101
32408 33
32558 135
32546 -131
32753 -97
32300 -149
32182 391
32426 -231
32375 15
32644 -145
32411 -194
32435 -80
32353 55
32467 245
32610 60
32541 102
32635 -115
32600 147
32565 250
32616 34
32606 17
32595 -186
32547 31
32298 -16
32356 51
32510 75
32384 -28
32625 -162
32453 35
32456 141
32435 90
32628 115
32467 133
32709 139
32407 172
32572 119
24372 -325
-18538 -277
-32309 167
-31902 -40
-19637 -28
-7567 32
-6432 125
-6681 -3
-6618 -159
-6583 -116
-6748 -2
-6659 -42
-7324 156
-11520 -33
-16572 -95
-18609 -244
-17106 -56
-13637 -176
-9420 -134
-6991 -48
-6638 -114
-6584 -17
-6503 85
-6691 121
-6889 39
-7014 -96
-6765 65
-6755 65
-6690 29
-6640 96
-6633 73
-6642 -129
-6870 65
-6703 50
-6702 13
-6702 -147
-6641 94
-6621 -12
-6624 47
-6738 90
-6695 129
-6621 -98
-6663 81
-6632 -148
-6760 56
-6451 -9
-6520 194
-6707 129
-6641 -129
-6567 -276
-6508 -134
-6697 -17
-6715 -103
-5352 102
4968 286
5764 -158
-1243 215
6529 39
-5583 -26
-6647 -200
-6548 -103
-6868 93
-6638 323
-6790 14
-6718 -216
-6595 -112
-6615 42
-6751 -10
-6675 -32
-6722 142
-6655 83
-6710 76
-6586 0
-6780 23
-6743 -47
-6725 103
-6665 -141
-6625 7
-6607 163
-6620 16
-6665 91
-6739 57
-6929 240
-6859 101
-6740 -45
-6521 -5
-6785 169
-6488 45
-6657 87
-6642 112
-6702 -20
-6767 -8
-6621 43
-6490 62
-6598 -190
-6602 20
-6731 -29
-6466 95
-6660 4
-6634 118
-6705 -18
-6718 6
-6602 21
-6563 49
-6454 2
-6476 -51
-6557 125
-6596 139
-6477 45
-6672 -74
-6581 250
-6767 90
-6623 -36
-6759 59
-6786 153
-6916 -71
-6952 73
-6793 7
-6855 69
-6423 -70
-6491 139
-6797 78
-6624 -39
-6546 61
-6723 -55
-6727 153
-6656 218
-6786 -63
-6748 27
-6608 -152
-6806 -23
-6744 -40
-6596 -21
-6720 -51
-6564 72
-6550 98
-6556 -54
-6620 154
-6721 -70
-6838 34
-6724 125
-6872 -136
-6581 99
-6618 161
-6605 -38
-6639 -2
-6731 -253
-6659 -20
-6762 30
-6666 140
-6661 25
-6728 -48
-6571 -82
-6639 78
-6675 -145
-6773 -90
-6593 -157
-6694 60
-6692 -20
-6832 -16
-6666 135
-6670 58
-6546 32
-6562 85
-6321 -46
-6588 -92
-6649 -149
-6560 19
-6725 244
-6721 67
-6617 -29
-6734 -33
-6786 30
-6733 29
-6660 108
-6660 -47
-6824 86
-6643 -51
-6475 128
-6474 87
-6676 38
-7031 -14
-9662 -139
-14946 -195
-18055 -175
-18217 37
-15742 6
-11231 -95
-7536 -206
-6592 192
-6792 -64
-6468 -184
-7703 -106
-16513 165
-29187 -112
-32672 -43
-30976 182
-7221 -512
27233 -19
32672 -49
32534 24
32620 -98
32606 96
32441 -17
32341 -15
32462 124
32256 -88
32483 -8
32373 -30
32530 -70
32353 114
32497 59
32634 32
32513 190
32381 -81
32515 61
32539 77
32560 -10
32555 -66
32638 87
32573 4
32481 -214
32619 195
32627 135
32638 24
32748 -54
32205 318
32384 -151
32452 9
32407 -121
32426 -175
32388 38
32524 86
32547 65
32607 -126
32414 11
32478 59
32538 -128
32538 297
32347 46
32369 58
32157 93
32561 -7
32491 -11
32307 -38
32540 -26
32469 -102
32459 199
32656 169
32287 144
32560 -33
32583 -103
32478 28
32436 -9
32616 -110
32190 130
30557 225
6852 -819
-28549 -121
-32806 -49
-30021 343
-16861 -6
-7099 -40
-6565 -21
-6557 -148
-6708 -8
-6436 53
-6719 66
-6646 104
-6977 66
-6707 -192
-6814 -197
-6744 -162
-6730 -46
-6217 -165
-6730 -267
-6691 -66
-6684 -233
-6539 -55
-6678 -106
-6500 -121
-7010 -51
-6923 -259
-6526 49
-6631 -31
-6572 -5
-6684 25
-6738 140
-6662 178
-6738 114
-6725 132
-6724 132
-6759 40
-6611 32
-6624 -39
-6630 6
-6607 51
-6898 -125
-6544 121
-6471 175
-6610 86
-6819 152
-6513 70
-6576 35
-6502 94
-6598 142
-6417 -76
-6890 105
-6378 12
-4330 -301
-1780 42
7383 13
8028 -562
9240 162
1331 -31
-3117 -155
-5999 54
-6546 -7
-6484 97
-6862 58
-6800 221
-6655 -9
-6592 -171
-6724 188
-6574 240
-6757 -42
-6785 -29
-6590 -16
-6748 112
-6609 96
-6788 147
-6517 -68
-6870 60
-6514 179
-6442 -211
-6570 149
-6381 130
-6738 -109
-6789 201
-6826 -213
-6690 -18
-6460 223
-6702 51
-6485 -54
-6841 -4
-6585 163
-6746 -187
-6470 187
-6812 5
-6587 -12
-6567 100
-6498 162
-6530 30
-6752 -18
-6553 -21
-6543 32
-6618 -19
-6738 137
-6719 92
-6856 -209
-6355 113
-6804 -151
-6519 14
-6680 283
-6703 -43
-6695 -50
-6661 -25
-6663 -84
-6821 -2
-6626 -8
-6581 -154
-7105 -152
-6584 -85
-6775 117
-6580 -82
-6406 5
-6538 143
-6616 46
-6627 -154
-6713 143
-6649 -68
-6652 29
-6698 15
-6593 -20
-6808 74
-6539 -134
-6709 -100
-6638 -49
-6587 -128
-6440 151
-6606 145
-6742 180
-6647 -27
-6444 30
-6599 317
-6816 -21
-6871 121
-6704 -159
-6756 -101
-6590 -43
-6550 -175
-6895 -81
-6808 -82
-6699 54
-6785 -41
-6801 49
-6842 106
-6573 -3
-6528 -11
-6793 -221
-6559 23
-6468 -36
-6646 -91
-6552 -228
-6615 -4
-6598 4
-6856 18
-6591 -100
-6410 28
-6376 213
-6559 -272
-6550 20
-6721 22
-6656 -6
-6702 77
-6333 -79
-6609 82
-7117 35
-6934 -31
-6735 281
-6282 82
-6638 217
-6883 36
-6833 172
-6954 38
-6501 -23
-6569 -105
-6714 -274
-6658 -18
-6656 -125
-6684 -28
-6847 56
-6468 80
-6383 125
-6624 -45
-6260 -218
-6760 -94
-8682 -47
-19204 269
-30463 227
-32455 208
-30877 94
-9709 -669
23813 -286
32537 102
32339 63
32303 -205
32477 -54
32509 61
32415 -98
32385 230
32519 -31
32510 112
32603 266
32627 -163
32498 -171
32402 100
32493 134
32345 51
32363 -30
32446 73
32396 35
32432 -152
32809 -16
32433 -52
32543 -91
32619 -17
32227 48
32419 -50
32582 -35
32345 -91
32486 -162
31437 39
32335 -2
32461 65
32414 -9
32453 25
32481 112
32607 -79
32545 -79
32582 -17
32535 43
32469 128
32458 -67
32527 125
32478 -7
32588 57
32444 265
32545 -127
32675 171
32283 6
32503 38
32649 69
32497 20
32564 112
32634 0
32521 21
32417 -77
32461 -27
32283 207
31980 -109
31910 21
32040 111
28287 -115
-6024 -457
-30969 223
-32456 -42
-29824 153
-16817 153
-7599 -91
-6497 80
-6648 223
-6595 -67
-6758 -204
-6601 -31
-6641 86
-6667 97
-6804 -38
-6642 116
-6608 55
-6679 -73
-6663 -77
-6650 15
-6714 0
-6660 99
-6667 57
-6644 -67
-6655 6
-6899 46
-6721 -178
-6732 12
-6593 8
-6595 -29
-6582 -115
-6566 -21
-6756 57
-6741 0
-6688 7
-6886 46
-6565 -44
-6545 -131
-6696 -35
-6903 -46
-6652 23
-6600 -30
-6705 -99
-6557 -81
-6740 128
-6722 -70
-6536 -77
-6675 -110
-6501 -39
-6687 6
-5725 92
2379 -109
7125 58
1509 -41
-1392 66
10368 180
6752 -19
3979 100
6388 -71
-806 -128
-6336 32
-6520 -17
-6556 -32
-6589 48
-6655 -85
-6706 -77
-6810 100
-6567 91
-6675 29
-6722 51
-6760 35
-6500 70
-6634 -54
-6485 -5
-6775 62
-6721 -14
-6647 -71
-6550 11
-6527 -79
-6634 99
-6803 -85
-6627 -72
-6677 32
-6909 21
-6546 -35
-6647 92
-6592 -45
-6864 -18
-6676 -146
-6501 -11
-6500 -87
-6788 149
-6620 29
-6763 142
-6678 62
-6665 199
-6647 55
-6589 2
-6624 -45
-6619 -152
-6637 151
-6646 64
-6700 75
-6744 -79
-6680 9
-6565 6
-6548 -55
-6758 -89
-6692 -30
-6707 50
-6559 86
-6558 67
-6873 170
-6608 -30
-6741 50
-6652 -86
-6590 -5
-6430 -26
-6656 -50
-6650 83
-6519 -14
-6655 175
-6553 8
-6786 56
-6702 111
-6599 149
-6640 -121
-6688 95
-6626 20
-6680 99
-6678 -46
-6664 26
-6555 -19
-6626 57
-6659 98
-6614 56
-6595 59
-6614 -68
-6704 -1
-6848 -52
-6998 -82
-6902 40
-6670 250
-6616 -70
-6629 -24
-6655 -68
-6750 -184
-6625 25
-6714 22
-6733 -151
-6620 -65
-6656 -161
-6621 -91
-6712 50
-6696 91
-6648 -70
-6545 56
-6743 121
-6689 49
-6723 7
-6711 -114
-6768 -77
-6658 -4
-6722 -104
-6581 -57
-6642 143
-6598 25
-6636 66
-6622 -17
-6871 -10
-6892 -9
-6683 6
-6614 40
-6739 65
-6519 -97
-6734 138
-6615 -97
-6620 95
-6775 89
-6591 -74
-6535 88
-6606 -104
-6619 6
-6731 89
-6492 216
-6634 -77
-6637 -175
-6703 -186
-7520 2
-12811 173
-24240 134
-31650 -7
-32536 161
-29480 55
-6249 -441
25100 -302
31912 257
32077 -115
32466 -10
32454 -13
32471 -51
32543 -11
32409 -32
32626 181
32518 18
32556 -102
32636 9
32678 -25
32492 5
32429 17
32518 125
32464 22
32613 -49
32441 48
32517 -70
32445 -26
32473 67
32498 30
32443 207
32496 -95
32582 49
32459 118
32444 95
32659 32
32513 9
31760 27
31808 133
32261 -176
32401 130
32609 -247
32438 13
32541 -163
32505 -270
32794 -172
32624 -32
32390 339
32500 -214
32444 9
32388 -65
32547 -184
32742 104
32496 255
32384 35
32531 144
32780 30
32253 -160
32476 -15
32435 258
32518 157
32638 -48
32779 -111
32335 -16
31914 99
32243 173
32371 48
32343 56
32199 -312
24166 -400
-11415 -648
-30988 226
-32583 154
-30030 25
-18687 208
-8611 -93
-6484 -86
-6692 125
-6546 92
-6604 -168
-6721 11
-6811 -23
-6794 11
-6548 146
-6501 -220
-6613 -228
-6605 -40
-6872 103
-6498 111
-6247 -42
-6691 150
-6753 266
-6593 134
-6581 126
-6653 -95
-6825 -14
-6419 -50
-6464 -168
-6667 -9
-6805 -155
-6526 149
-6661 11
-6563 44
-6506 -57
-6708 -182
-6993 -100
-6789 -227
-6509 143
-6522 210
-6387 -105
-6644 -215
-6659 112
-6764 -111
-6575 -112
-7005 -145
-6609 -4
-6816 -286
-6650 -151
-547 -128
6954 -24
-3436 367
-5996 311
-5515 -168
2190 145
6821 70
-4597 141
-5353 481
-6206 -72
-6588 15
-6768 254
-6572 -50
-6461 -16
-6822 70
-6755 -5
-6477 -128
-6653 101
-6699 71
-6379 -148
-6753 256
-6530 -174
-6683 -131
-6522 -142
-6688 36
-6649 -55
-6659 123
-6776 4
-6628 144
-6598 -40
-6985 136
-6683 -83
-6696 -1
-6766 -16
-6707 91
-7153 25
-6651 64
-6576 122
-6555 50
-6864 -272
-6755 169
-6787 66
-6745 70
-7000 -187
-6634 -106
-6839 238
-6450 176
-6662 -12
-6599 147
-6420 -48
-6674 160
-6703 -115
-6521 0
-6546 -1
-7062 -133
-6566 28
-6551 153
-6806 -46
-6759 -73
-6596 276
-6665 -35
-6880 53
-6537 27
-6708 -203
-6510 74
-6550 143
-6531 -73
-7016 -147
-6651 -62
-6522 -8
-6434 54
-6535 183
-6722 75
-6850 115
-6778 8
-6603 1
-6686 -123
-6701 79
-6506 113
-6707 277
-6731 -47
-6605 -131
-6583 -281
-6516 90
-6488 -182
-6681 73
-6682 -114
-6518 71
-6470 66
-6787 164
-6754 -22
-6926 85
-6763 -1
-6747 -151
-6587 57
-6683 220
-6811 -67
-6481 145
-6479 -176
-6837 85
-6382 116
-6634 6
-6588 -20
-6672 63
-6474 -41
-6828 -50
-6609 194
-6645 -21
-6719 -49
-6487 135
-6528 128
-6693 173
-6564 34
-6599 28
-6336 2
-6551 68
-6514 149
-6938 147
-6615 45
-6722 -107
-6823 -147
-6722 99
-6570 158
-6610 -29
-6756 -105
-6588 105
-6711 -9
-6766 -183
-6637 -173
-6607 -9
-6747 -247
-6624 -25
-6753 23
-6755 -6
-6745 71
-6508 290
-8082 59
-12803 305
-21636 253
-29358 80
-32354 -43
-32235 18
-25580 -546
1426 -444
27508 -430
32405 37
32649 -139
31998 -78
31744 -20
32557 285
32707 -96
32410 5
32411 -55
32360 119
32634 131
32424 -134
32517 128
32467 -56
32522 -37
32702 -68
32344 -14
32660 11
32446 -21
32569 283
32457 69
32359 17
32415 -2
32656 144
32699 103
32436 1
32495 196
32469 110
32465 -184
32362 -162
32287 -37
32053 503
32229 35
31966 -79
32258 20
32392 43
32466 22
32455 -36
32479 103
32541 -153
32600 31
32521 67
32518 -30
32483 16
32447 129
32481 159
32614 -49
32378 17
32504 27
32523 -49
32445 -95
32456 -22
32448 287
32440 -47
32596 -37
32400 52
32073 -41
31983 -176
32544 42
32440 68
32362 -7
32575 26
32621 -25
32251 190
22895 -317
-11186 -457
-30787 69
-32775 247
-31256 -330
-23639 47
-12889 67
-7783 0
-6645 -11
-6545 -76
-6665 -95
-6802 191
-6675 -2
-6573 90
-6664 163
-6626 35
-6779 75
-6626 117
-6631 -31
-6564 86
-6495 -66
-6589 33
-6871 7
-6742 -6
-6541 -81
-6789 131
-6938 -187
-6578 -23
-6551 13
-6669 32
-6742 65
-6649 -58
-6711 -42
-6543 -5
-6671 -46
-6725 166
-6665 -43
-6549 40
-6582 149
-6625 56
-6606 73
-6758 -168
-6820 -25
-6726 -136
-6584 21
-6789 107
-6683 -53
-6761 -6
-322 46
8387 257
-3232 -252
-5895 71
3155 -191
-61 21
-1111 224
-5640 -182
-6704 -42
-6677 -31
-6725 -88
-6768 -82
-6540 -135
-6672 45
-6631 113
-6546 69
-6780 11
-6638 -15
-6606 234
-6648 119
-6736 -47
-6728 -19
-6614 51
-6735 10
-6753 10
-6775 -199
-6774 -184
-6678 132
-6565 120
-6532 -188
-6663 78
-6613 32
-6622 85
-6549 31
-6733 -143
-6810 -50
-6880 -244
-6658 -5
-6607 -1
-6616 75
-6723 95
-6716 71
-6672 -126
-6736 -47
-6828 34
-6546 -262
-6681 -23
-6505 -66
-6761 -127
-6710 33
-6681 -35
-6617 212
-6676 -32
-6633 -65
-6759 2
-6615 -154
-6689 68
-6586 86
-6680 29
-6952 -62
-6811 229
-6686 97
-6738 1
-6722 -7
-6737 240
-6521 31
-6695 13
-6656 148
-6622 -146
-6673 79
-6562 -32
-6812 -61
-6788 132
-6561 219
-6664 42
-6646 146
-6649 315
-6735 46
-6850 144
-6652 166
-6637 105
-6792 131
-6594 78
-6662 -58
-6533 -41
-6592 219
-6653 28
-6603 71
-6661 52
-6705 -88
-6799 6
-6604 -35
-6682 27
-6858 62
-6611 -155
-6749 -14
-6647 -33
-6773 -40
-6686 122
-6639 -86
-6509 -124
-6606 -28
-6878 14
-6699 -86
-6704 -148
-6601 29
-6809 20
-6526 -142
-6596 90
-6632 -2
-6658 -312
-6720 -58
-6645 -67
-6730 22
-6752 39
-6726 100
-6922 14
-6710 68
-6667 8
-6603 18
-6737 -24
-6606 -73
-6592 -76
-6584 -106
-6487 -209
-6614 53
-6642 -61
-6758 116
-6719 -99
-6813 -103
-7498 34
-8243 -55
-9356 106
-10716 27
-14372 125
-19067 26
-24874 -87
-30074 -135
-32344 60
-32806 263
-30555 -82
-16929 -368
12897 -374
30192 36
32496 127
32456 -47
32536 -51
32278 6
32108 14
31716 172
32261 -69
32418 27
32559 -12
32403 31
32637 -54
32280 2
32546 -106
32592 8
32492 -25
32557 -48
32450 0
32582 -110
32358 131
32686 -29
32456 -1
32591 46
32453 29
32478 37
32658 8
32567 49
32348 -94
32717 97
32582 -113
32587 30
32343 -166
32126 -91
32385 -189
32377 14
31997 64
32087 176
32544 -56
32502 -2
32501 -8
32380 20
32485 12
32702 107
32402 104
32412 40
32603 -7
32547 128
32529 -102
32541 41
32539 28
32346 28
32500 -82
32353 150
32507 -247
32463 16
32419 144
31903 29
31909 180
32421 -28
32571 57
32631 138
32510 -20
32579 81
32427 -50
32417 94
32066 79
24490 -191
-3588 -433
-27385 -230
-32868 -109
-32147 61
-30027 146
-22873 -56
-14383 -30
-8831 70
-7067 241
-6620 -26
-6358 -65
-6667 -74
-6741 -141
-6583 -285
-6796 -58
-6756 -23
-6606 -125
-6507 -117
-6774 195
-6379 73
-6469 71
-6952 63
-6784 -202
-6707 139
-6806 14
-7245 -163
-6596 87
-6635 -197
-6609 147
-6617 73
-6836 -133
-6695 38
-6478 47
-6838 197
-6683 49
-6792 79
-6581 -40
-6619 -70
-6827 -138
-6520 228
-6853 116
-6554 86
-6597 206
-2331 -272
-1084 -92
-6228 127
-4211 -212
4992 84
7225 -54
3780 -70
7280 244
-3333 291
-6423 233
-6547 -70
-6462 101
-6781 33
-6741 54
-6623 236
-6609 112
-6715 -45
-6554 -148
-6575 11
-6601 -21
-6638 34
-6543 139
-6678 212
-6579 -119
-6475 -21
-6557 -221
-6521 -11
-6463 -169
-6800 -41
-6470 -211
-6528 -88
-6593 -79
-6684 140
-6730 -6
-6681 32
-6422 22
-6613 -9
-6718 -91
-6399 51
-6694 -108
-6882 119
-6804 41
-6596 -84
-6719 45
-6376 198
-6754 29
-6582 3
-6750 -47
-6735 -129
-6663 26
-6822 -53
-6771 -313
-6654 86
-6627 -64
-6756 91
-6621 -77
-6570 -18
-6492 0
-6817 -128
-6873 90
-6449 91
-7029 175
-7147 41
-6482 -105
-6734 -48
-6673 -103
-6603 16
-6499 129
-6654 -7
-6661 9
-6552 16
-6688 -51
-6605 148
-6643 -68
-6678 -206
-6670 9
-6652 -54
-6653 78
-6553 -48
-6719 -31
-6585 107
-6640 53
-6541 16
-6682 23
-6563 -89
-6467 -253
-6239 77
-6582 -97
-6643 -231
-6848 161
-6714 85
-6603 -40
-6994 229
-6910 251
-6759 134
-6832 -84
-7087 -36
-7185 166
-7176 25
-7214 79
-8084 168
-8344 133
-8670 86
-8960 -56
-9351 332
-9288 -85
-9086 -96
-9046 -87
-8566 68
-8665 140
-8460 96
-8262 -41
-7836 -122
-7820 -28
-7300 -12
-7238 -114
-7145 111
-7159 194
-7288 176
-6762 -89
-7037 113
-6999 -217
-7190 -86
-7663 -62
-8279 213
-9027 228
-9086 -208
-9575 134
-10441 -41
-12432 37
-14307 -140
-16896 18
-20596 -117
-23747 -58
-26355 -2
-28070 -215
-29396 12
-31455 -48
-32416 -35
-32674 104
-32577 170
-30701 -81
-21202 -276
1567 -647
23862 -621
31561 -207
32511 103
32339 2
32466 137
32199 -205
32305 180
32473 -79
32419 -61
31713 52
31947 249
32472 -152
32463 64
32510 238
32581 -45
32468 144
32488 134
32668 -38
32355 76
32392 99
32332 33
32499 -63
32603 107
32405 78
32759 225
32340 -136
32616 61
32405 -324
32414 112
32416 142
32646 73
32478 -16
32310 -179
32031 -28
31943 -39
32487 -193
32607 -182
32308 -53
31985 -40
32285 75
32525 3
32538 -99
32457 22
32482 4
32495 -23
32454 -22
32351 75
32481 62
32653 6
32531 10
32480 6
32387 80
32553 -44
32367 -132
32450 15
32575 -95
32277 -21
31978 28
32408 -66
32517 101
32428 42
32555 48
32548 1
32475 1
32523 27
32372 -13
32514 28
32508 -69
32602 236
29150 -132
8137 -473
-20568 -343
-31163 -80
-32347 -48
-32363 49
-31173 55
-26642 40
-21454 -111
-16602 -99
-13092 -12
-10820 96
-9294 112
-7901 -56
-7504 86
-7213 97
-6801 -39
-6721 68
-6594 200
-6701 -145
-6586 51
-6613 -39
-6698 -59
-6602 -12
-6757 -19
-6667 63
-6887 -27
-6895 -49
-6683 55
-6686 71
-6631 122
-6664 78
-6629 -169
-6733 -18
-6613 76
-6535 -43
-6666 72
-6652 -77
-6661 -10
-5595 -123
-6060 -191
-6671 -139
-4214 97
7677 -24
283 35
-5972 15
3170 61
4694 -175
2312 150
3286 -35
-2898 166
-6643 -127
-6570 -95
-6718 -115
-6539 -69
-6714 70
-6583 33
-6696 18
-6702 -125
-6656 -120
-6836 -66
-6557 -116
-6691 -6
-6754 39
-6590 41
-6653 -16
-6748 -28
-6678 212
-6579 -76
-6779 16
-6741 -88
-6624 116
-6668 -31
-6752 4
-6673 -1
-6626 53
-6651 35
-6674 82
-6673 54
-6747 53
-6706 -73
-6694 13
-6634 -72
-6604 29
-6883 -4
-6579 30
-6718 53
-6546 101
-6715 92
-6680 -64
-6649 -58
-6635 -45
-6664 3
-6754 124
-6798 59
-6634 -16
-6735 188
-6652 118
-6614 -50
-6632 -54
-6742 -7
-6722 48
-6657 21
-6971 -127
-6569 48
-6549 -129
-6740 -36
-6665 42
-6721 -70
-6645 -35
-6663 -7
-6941 37
-7217 69
-7212 28
-7395 6
-7672 109
-7788 96
-7651 0
-7778 15
-7939 92
-7937 58
-8060 14
-7995 -16
-8356 60
-9171 111
-9980 41
-10481 -33
-11133 5
-11736 65
-12661 -94
-14364 8
-15919 79
-17208 116
-18622 -8
-19030 -95
-19662 -43
-20609 -19
-20596 -49
-20694 -32
-20598 57
-21032 -98
-22226 -45
-24015 32
-25244 -33
-26287 34
-26759 17
-27501 -6
-28054 36
-28171 -26
-28080 -89
-27329 -32
-26843 33
-26719 -51
-26571 -13
-25806 21
-25600 -2
-25341 23
-24212 -1
-24014 9
-23458 0
-22499 31
-21602 162
-20910 18
-19730 18
-20519 174
-22881 64
-24774 128
-26339 110
-27068 111
-28102 -19
-28332 201
-29307 120
-30739 -76
-31720 155
-32162 169
-32480 -35
-32794 17
-32785 -111
-32542 -15
-32473 -27
-32130 -71
-30414 -96
-26344 -290
-16114 -317
2462 -389
22170 -233
31128 240
32427 203
32412 40
32539 -93
32439 -25
32458 -116
32519 93
32416 -88
32406 -87
32417 -58
32391 6
32025 38
31926 123
32196 62
32669 100
32568 -9
32613 116
32609 -82
32552 20
32451 23
32554 -96
32526 146
32564 -55
32501 99
32380 -38
32578 -5
32472 -111
32536 12
32641 104
32582 87
32520 53
32508 27
31885 79
31990 -146
32384 -60
32263 518
32057 58
32489 88
32371 34
32280 -129
32175 199
32249 80
32255 -268
32744 -97
32307 -10
32510 46
32462 126
32345 274
32514 231
32425 48
32522 177
32500 378
32394 307
32371 168
32296 191
32083 -35
31869 -80
31976 452
32414 128
32599 -89
32417 11
32536 29
32589 -142
32276 -105
31994 -64
32427 212
32125 175
32210 93
32329 -52
32394 -201
32541 -207
30891 -271
21132 -392
-400 -693
-20649 -623
-30049 -3
-32502 -55
-32377 526
-32415 -32
-32066 -45
-30594 -176
-29652 -1
-27297 -207
-25192 -270
-23684 32
-21876 124
-20425 -68
-18598 -71
-16996 165
-15741 105
-14251 60
-12825 419
-11687 -203
-10698 26
-9772 161
-9110 72
-8548 -198
-8110 113
-7343 -11
-8022 -144
-7999 -18
-7894 87
-8424 -109
-8404 1
-8783 -223
-8732 214
-8684 48
-9431 -75
-9903 85
-2091 106
995 51
-904 -263
-2530 23
5292 181
-3520 -79
-10405 133
-3181 -197
5301 -2
-8434 184
-10665 -135
-10928 308
-10906 62
-11006 334
-11057 -15
-10973 89
-10912 59
-11123 129
-10973 53
-11067 96
-11427 137
-12668 -138
-13689 -62
-14715 28
-15684 264
-16373 -2
-16169 267
-17027 -10
-17749 -202
-17957 -71
-17832 -63
-17955 -126
-17917 55
-18119 87
-17850 6
-17813 112
-18014 116
-17883 63
-17866 53
-17677 -5
-17998 -22
-17914 258
-17924 152
-17933 -48
-17785 69
-18082 -123
-18230 -157
-17783 -79
-17800 96
-17615 -103
-17732 207
-18077 201
-17812 17
-17885 51
-17878 -63
-17911 -91
-17885 325
-17880 1
-18015 -112
-17874 -136
-17746 -9
-17678 84
-17868 179
-18058 107
-17945 89
-17916 192
-18029 -139
-18072 -91
-17901 25
-17805 100
-17906 154
-18570 163
-20176 128
-21785 -13
-23199 18
-24031 -173
-24277 -45
-24615 87
-24470 43
-24917 166
-25461 241
-25614 63
-25754 21
-25984 -8
-26400 -15
-27469 39
-28344 -114
-29385 -113
-29832 138
-30210 66
-30897 -109
-31458 -178
-32124 -22
-32325 202
-32339 172
-32385 -10
-32402 24
-32569 -181
-32416 -128
-32322 129
-32442 -20
-32578 247
-32356 -38
-32764 74
-32750 -304
-32548 232
-32644 -596
-32798 -77
-32575 -103
-32496 217
-32752 -42
-32845 97
-32715 -125
-32707 -51
-32748 38
-32494 30
-32624 95
-32279 172
-32145 -59
-32165 -261
-31797 208
-32084 -380
-31800 -166
-31473 -81
-30638 207
-30615 -66
-29703 -140
-29604 39
-29286 -401
-30158 165
-30974 -286
-30528 -90
-30776 -102
-29838 -160
-28506 -3
-26581 -337
-23281 -196
-18687 -265
-14104 -259
-10981 -100
-6751 -416
-578 -318
8688 -276
18609 -310
26741 70
31283 64
32269 206
32465 307
32589 -64
32484 179
31906 -7
32497 -30
32431 25
32448 454
32672 57
32396 -190
32489 -67
32237 -11
32553 278
32123 -39
31700 358
32043 -57
32443 -61
32708 117
32178 19
32445 -138
32479 387
32521 -82
32509 82
32518 24
32546 -103
32498 -148
32442 73
32440 -173
32605 75
32388 -321
32377 38
32282 30
32039 -139
32073 315
32568 -257
32554 -58
32118 597
32399 -91
32385 -47
32579 98
32473 -3
32596 -28
31946 -17
31853 117
32569 34
32452 -113
32517 -320
32501 91
32689 124
32475 -25
32654 135
32175 -57
32385 61
32428 -57
32480 51
32563 -31
32002 260
31931 61
32511 190
32482 -25
32487 -169
32494 84
32492 43
32811 -47
32506 -129
32531 -190
32658 -24
32482 138
32415 105
32271 47
32641 -27
32416 -151
32324 -148
32421 181
30987 -50
23188 -287
6321 -283
-13067 -200
-24634 -177
-29824 -112
-31761 -83
-32354 52
-32799 67
-32672 10
-32657 198
-32850 141
-32863 72
-32713 178
-32481 185
-32192 -80
-32052 -25
-31313 -58
-30802 89
-30189 -194
-29306 185
-28635 -84
-27914 -7
-26522 -44
-25257 140
-23648 100
-24366 28
-24957 203
-25484 91
-26229 -60
-26435 -24
-27400 55
-27671 -50
-27680 53
-27929 -7
-28265 4
-21942 -44
-2099 -149
-2848 -308
-22177 41
-20609 223
-22136 180
-28128 -63
-12309 -155
-14869 383
-28992 -267
-29616 78
-29807 -155
-29484 69
-29736 33
-29666 -172
-29592 13
-29716 73
-29515 -145
-29584 40
-29790 44
-30094 45
-30974 -11
-31262 172
-31719 -12
-32022 177
-31997 -53
-31995 -16
-32219 74
-32183 -40
-32420 141
-32388 56
-32222 -17
-32248 72
-32160 130
-32345 -32
-32125 117
-32520 255
-32089 66
-32277 63
-32263 65
-32423 14
-32263 181
-32208 -77
-32227 107
-32132 -8
-32404 22
-32415 95
-32334 136
-32166 104
-32322 -73
-32267 -169
-32230 104
-32474 210
-32184 192
-32196 13
-32162 129
-32174 103
-32275 83
-32242 46
-32302 -147
-32313 161
-32192 189
-32415 124
-32654 260
-32221 48
-32216 -33
-32001 46
-32230 -61
-32212 -52
-32257 -133
-32208 120
-32441 18
-32817 79
-32675 0
-32776 199
-32679 -77
-32910 145
-32777 -118
-32454 -8
-32701 20
-32743 -26
-32776 -105
-32922 14
-32744 7
-32661 50
-32861 16
-32611 -37
-32720 -113
-32514 -65
-32732 27
-32482 63
-32160 -7
-31639 -59
-30859 -208
-31035 -61
-29821 -135
-29505 142
-29267 -5
-29351 6
-29321 14
-29161 -20
-28155 -299
-26765 81
-25225 -131
-22807 -203
-20946 -166
-18359 -41
-17791 -21
-15663 -194
-14437 -34
-14450 -92
-12741 11
-11110 18
-11043 -165
-10922 -63
-7902 -192
-7188 65
-6734 -57
-3768 -115
-2766 -293
-209 27
1683 -148
3997 -212
5577 -146
7682 -165
9270 -106
11802 -114
12991 -123
12523 -186
10325 -48
8973 17
8922 -234
9137 -96
12088 -209
16061 -83
19745 -155
23217 -283
27239 -7
29266 -207
30041 51
30801 -89
31965 54
32481 126
32639 201
32606 154
32636 192
32583 -119
32534 23
32587 -18
32589 -48
32651 61
32421 129
32566 87
32669 198
32723 -42
32459 -33
32313 -20
32512 -4
32554 -3
32220 -4
32513 95
32101 -25
32008 -24
32199 -18
32677 -51
32515 -6
32490 271
32405 114
32473 -17
32453 109
32501 -1
32562 50
32559 83
32557 99
32386 -172
32355 -168
32053 -133
32024 41
32350 127
32517 122
32671 -86
32354 -76
32222 749
32533 -47
32272 -35
32562 72
32812 -82
32548 -37
32647 173
31858 116
31921 157
32385 228
32554 -64
32305 2
32632 -48
32521 232
32604 135
32500 221
32474 51
32421 291
32448 143
32079 167
32061 225
32442 171
32408 396
32461 202
32491 22
32267 313
32730 -226
33005 382
32520 59
32342 -47
32467 83
32628 66
32613 165
32345 116
32145 35
32198 103
32340 -65
32475 151
32426 141
32366 271
31972 -94
28362 -486
20821 -442
12073 -208
2934 -89
-4490 -349
-10636 -242
-17154 -159
-21922 24
-24658 -102
-27296 -55
-29111 -128
-29667 -156
-30238 -125
-30900 -132
-31559 39
-31479 260
-31820 -24
-31958 92
-32297 42
-32456 -94
-32269 63
-32175 -234
-32611 64
-32338 59
-32360 164
-32113 55
-32549 25
-32295 233
-32447 -33
-32383 36
-32325 218
-32369 98
-27654 -424
-20802 -490
-14793 499
-8232 193
-17165 -233
-30232 408
-30600 -312
-32039 -196
-29716 415
-31054 454
-32849 -72
-32533 -289
-32784 163
-32601 33
-32897 215
-32993 320
-32838 136
-32582 73
-32542 188
-32413 -44
-32632 -17
-32816 -58
-32701 -92
-32190 -70
-32388 70
-32020 -117
-31839 32
-31647 -116
-31754 210
-30996 -157
-30855 -30
-31046 -59
-30631 42
-30914 215
-31196 -77
-30776 -293
-30840 -79
-30740 149
-30945 243
-30883 -90
-30818 -182
-31049 24
-30576 -36
-30807 259
-30951 97
-30831 227
-30743 115
-30766 -183
-30803 -6
-30729 53
-30990 -56
-30854 -98
-30727 9
-31020 6
-30769 -105
-30975 -3
-30953 -389
-30785 112
-30703 -5
-30671 83
-31007 -53
-30831 -115
-30642 -19
-30837 65
-30906 22
-30791 115
-30978 -212
-30813 246
-30776 -178
-30878 20
-30859 -106
-30706 23
-30461 294
-29559 -156
-28333 -123
-26836 -107
-25155 -81
-24586 -48
-23442 -109
-22264 -122
-22456 107
-22368 -113
-22327 -195
-22303 16
-21769 59
-19903 -337
-17075 -244
-13853 -191
-10910 -39
-8453 25
-6218 -89
-3554 -157
1157 -23
5567 -247
9358 -245
11246 108
12729 52
14044 -203
14057 -87
14066 141
14066 -285
14304 -367
16543 -113
19001 -59
21795 -119
24281 21
25531 -83
26495 -58
27307 -159
28461 -87
29119 5
29210 -42
29805 -111
30841 -48
30948 -271
30573 -50
30933 -126
31024 -263
30790 -243
31201 -137
31454 -139
32020 -250
32037 -67
32246 -41
32496 -215
32521 93
32621 204
32394 -27
32388 152
32403 -45
32249 240
32336 48
32269 -190
31999 -116
32297 159
32205 141
32307 73
32598 163
32614 141
32308 -116
32630 -60
32592 16
32584 104
32585 34
32384 -66
32546 146
32626 16
32832 73
32579 14
32429 -222
32389 -169
32321 29
32397 -26
32743 225
32579 -152
32659 -22
32667 -85
32600 -56
32582 -85
32387 368
32304 150
32541 52
32644 -83
32064 -76
31867 171
31863 -3
32437 2
32653 98
32387 94
32441 92
32590 147
32405 58
32453 83
32503 90
32222 -104
31863 74
31819 -121
32387 -190
32625 -2
32300 8
32616 -16
32575 -331
32611 173
31985 359
32529 -97
32360 63
32585 -11
32591 -182
32553 -144
32581 35
32703 46
32422 29
32084 169
32180 -235
32522 162
32440 118
32411 40
32621 -83
32561 128
32165 -46
32199 -49
31792 31
32367 104
32496 126
32417 169
32547 -25
32565 74
32447 40
32600 107
32484 82
32618 81
32424 -37
32442 118
32483 27
32500 -112
32498 -5
32478 92
32497 162
32393 189
32543 146
32547 52
32511 37
32514 -193
32454 -50
32679 91
32564 188
32362 362
32212 156
31678 -131
30039 -52
27786 -206
24622 -144
21478 -183
18497 -110
16015 -248
13097 -121
10522 13
7896 -58
5966 36
4014 -209
3694 -147
2410 -71
-85 -135
-378 -47
-784 -144
-3601 -154
-3886 -47
-3781 -51
-3972 -38
-4400 -98
-4046 -101
-4009 -6
-5885 -4
-8011 -161
-8316 -58
-7449 -78
3595 -186
3156 59
-10240 -100
-6276 107
5587 162
567 -104
-489 -92
-13163 -47
-15977 71
-15864 25
-15964 -185
-16076 -98
-16029 47
-15954 45
-15923 111
-15800 9
-16067 11
-16128 -74
-15969 -32
-15058 -185
-12734 141
-11531 -196
-7967 -74
-4019 -156
-947 -224
1162 -117
3476 4
3550 167
4008 -62
6721 -95
7798 -75
7807 34
8003 -238
7945 7
7889 46
7877 -66
7890 -171
7984 -41
7976 -162
7905 -11
7856 -62
8012 -99
7841 -210
7813 -125
8057 162
7976 -160
8015 -41
7735 -96
7950 -176
7854 -78
7951 -51
7723 -17
7194 35
6324 -23
6316 -74
6402 18
6679 -32
6807 -66
7270 -79
7383 -43
7370 -94
7859 -91
7879 29
7984 -151
7751 -61
8012 -138
8034 -129
8169 -2
7909 -151
8003 -89
7947 -97
7953 68
10786 -188
14229 -135
17049 -179
19186 -152
21156 -217
21502 2
23198 12
24222 24
24380 -107
24168 -183
24360 -142
24088 -93
25205 -59
26979 -236
28192 -144
28968 -143
30198 -10
30806 -19
31701 95
31916 -18
32016 39
32191 -73
32410 -8
32457 78
32619 159
32605 10
32510 16
32371 42
32540 109
32498 90
32474 171
32580 104
32532 98
32534 46
32553 134
32098 103
32019 30
32186 180
32223 198
32499 153
32482 58
32463 122
32479 51
32374 108
32255 33
31832 70
32218 23
32401 -32
32407 17
32481 -28
32616 22
32509 54
32457 44
32482 -147
32610 45
32604 -18
32655 -4
32427 53
32663 41
32360 123
32516 -197
32567 11
32432 -50
32642 90
32445 55
32482 -152
32555 -114
32333 -45
32556 -83
32382 -75
32360 -67
32445 -58
32305 108
32536 146
32589 58
32413 -58
32442 -90
32449 -22
32465 -6
32592 5
32372 -26
32667 -26
32566 -36
32544 27
32437 31
32347 -145
32455 -106
32543 48
32414 -63
32643 34
32412 53
32465 -204
32594 60
31954 111
32031 63
32244 64
32617 104
32506 -11
32529 -161
32561 -22
32557 -29
32316 29
31877 97
31756 -6
32527 -11
32523 59
32786 115
32475 -129
32537 48
32689 71
32596 -112
32504 443
32403 -94
32777 143
32447 57
32424 -85
32565 -275
32577 156
32572 118
32474 -81
32524 -13
31714 -159
29721 109
28713 306
28246 146
27418 139
26871 380
26263 0
26898 -4
31387 -190
32420 -168
32626 15
32515 323
32541 257
32551 93
32888 58
32621 -115
32293 -84
32584 -70
32490 75
32471 -6
32476 112
32726 78
32598 -193
32673 -79
32715 -16
32780 191
32580 256
32177 92
32336 171
32315 -12
32349 -256
32312 -262
32437 -216
32412 -70
32535 67
32495 42
32529 131
32442 -147
32308 -149
32192 -24
32767 67
32497 -101
32341 205
32547 14
32167 33
32245 131
32200 5
32193 -302
32281 -88
32025 -23
32160 191
32184 -137
31683 23
31300 138
31523 215
31542 -28
31505 151
30791 -64
31297 -14
31057 -88
30052 -139
28817 -244
28961 -75
29963 87
28961 158
28876 -86
28748 46
29396 165
30028 -111
30143 118
29206 -291
28881 -12
28817 54
28668 -227
28649 -182
28890 -375
28970 133
29016 145
28923 -62
28708 -123
28858 -70
28834 -157
28894 -77
29553 -33
29804 20
30529 -237
31429 -243
31972 24
32262 355
32149 26
32492 -106
32432 -83
32016 169
32273 91
32634 -94
32613 -225
32514 1
32505 91
32276 -207
32457 -36
32684 -75
32569 -151
32509 -33
32449 9
32388 -26
32393 87
32484 102
32367 -13
32409 -54
32471 -207
32527 -47
32496 -83
32263 32
32614 -122
32293 -40
29651 88
24632 145
24137 -20
24242 -165
24318 235
24738 -68
25258 79
28714 -62
32182 -222
32154 -80
32589 6
32404 -64
32626 -21
32580 -122
32398 -122
32459 -2
32413 -119
32270 4
32306 -118
32375 -177
32425 81
32242 -242
32242 7
32178 -59
32442 19
32534 45
32258 112
32623 2
32539 77
32302 32
32303 36
32322 176
32614 -115
32519 123
32607 53
32601 -80
32611 -4
32575 210
32314 -167
32649 10
32836 -36
32463 -15
32535 -1
32587 87
32594 -122
32515 63
32405 68
32517 -94
32388 189
32557 100
32541 -79
32224 -45
32729 37
32402 157
32527 -128
32470 86
32331 33
29205 -41
26668 86
26793 -76
26993 -148
27270 210
27535 6
27546 -103
30681 -127
32261 -62
32640 -132
32252 8
32579 -2
32519 48
32442 18
32336 77
32476 246
32480 183
32518 -249
32511 148
32231 -91
32189 -43
32639 -155
32156 394
32103 99
32527 95
32445 212
32450 194
32327 129
32727 -81
32371 9
32404 -5
32419 -21
32411 134
32525 142
32583 93
32509 41
32672 -173
32486 -164
32493 -40
32688 -180
32725 55
32557 -15
32861 -293
32544 -169
32635 81
32551 -184
32740 319
32446 -236
32441 85
32716 -200
32659 101
32392 -41
32412 12
32568 -89
32387 -216
32784 75
32341 -126
32409 -9
31998 -24
31976 90
31480 23
32112 86
32335 246
32042 68
32152 -140
32234 142
32374 319
32648 -41
32540 -61
32678 72
32473 29
32400 338
32566 -240
32434 94
32064 845
32486 -51
32709 -22
32416 -138
32580 112
32314 -165
32361 40
32593 31
32404 -74
32474 84
31930 -127
26003 96
23284 119
23872 31
24448 -11
23604 79
23299 -1
24087 179
30906 -3
32404 94
32460 34
32550 73
32504 43
32581 72
32577 1
32415 253
32278 47
32599 -156
32598 -13
32324 12
32368 132
32469 -33
32484 -59
32291 -182
32456 -173
32578 -333
32534 -96
32539 312
32589 25
32527 -61
32440 -86
32463 208
32585 -24
32467 58
32387 -158
32617 -127
32548 -127
32499 -210
32555 -15
32718 -26
32382 29
32474 -108
32497 -162
32484 119
32624 -117
32625 25
32624 119
32520 28
32546 19
32614 46
32440 166
32599 0
32542 -71
32751 -99
32620 -40
32468 116
32504 10
32456 130
32496 -44
32567 -23
31352 140
31534 108
30699 -10
31127 -38
31371 55
31138 110
31585 210
31465 -155
32122 -123
32674 -199
32438 125
32649 193
32670 178
32523 131
32591 -107
32340 247
32471 1
32743 31
32686 220
32470 56
32563 187
32635 124
32399 -8
32555 13
32461 106
32559 13
32438 -95
32435 -122
32523 65
32674 -86
32511 -76
32622 -140
32469 -65
32512 -142
32683 -7
32505 91
32501 -75
32413 54
32540 -109
32638 98
32518 51
32424 -54
32298 60
32562 -217
32278 25
32647 76
32610 11
32492 -25
32473 169
32610 -34
32499 24
32512 -242
32373 -91
32524 -75
32386 -24
29896 -62
23812 73
24289 -16
25577 10
24680 -5
23204 53
23224 -34
27296 -1
32670 27
32414 -33
32471 -114
32578 44
32649 1
32553 -259
32430 -229
32576 -23
32543 26
32620 176
32519 69
32463 -84
32764 3
32574 -3
32567 -120
32512 -48
32384 -133
32499 68
32392 83
32455 103
32455 -97
32503 -88
32470 -15
32516 -44
32462 54
32587 74
32403 -5
32276 81
32632 -17
32347 -127
32444 69
32537 7
32489 48
32594 -105
32283 31
32602 33
32406 105
32556 120
32444 42
32321 48
32459 41
32704 98
32547 -83
32563 24
32566 -44
32588 73
32434 85
32498 172
32626 101
28266 5
23219 158
23738 117
24306 75
23819 -226
23336 87
23352 105
28737 -94
32522 -103
32713 -56
32450 71
32464 -47
32363 -28
32511 -34
32479 49
32503 40
32406 -66
32524 -51
32529 98
32549 129
32556 87
32537 -218
32416 150
32405 10
32485 99
32431 80
32511 90
32489 16
32587 -66
32489 -41
32387 55
32379 97
32547 -2
32566 108
32464 119
32559 50
32493 1
32550 -125
32537 4
32418 -12
32617 163
32410 -7
32540 17
32559 36
32549 -168
32536 94
32665 -135
32639 -53
32462 85
32520 27
32549 -33
32391 -55
32417 142
32474 97
32424 -97
32505 -4
32715 86
32472 0
32254 60
30542 141
30201 110
30578 90
31832 62
32390 -275
32519 -36
32572 -90
32559 -27
32393 89
32364 -11
32474 128
32523 176
32514 188
32380 49
32552 -101
31935 127
32531 -76
32592 -240
32625 -88
32512 88
32292 -70
32538 39
32597 183
32424 100
32781 58
32139 -190
26316 -99
23573 54
25543 40
25427 29
23929 128
23543 -32
24037 310
30382 -20
32538 13
32423 96
32542 136
32372 -36
32699 196
32637 -147
32602 96
32328 210
32427 235
32524 135
32768 -213
32329 218
32416 159
32570 154
32604 15
32423 -176
32633 22
32429 -90
32539 -134
32653 -30
32385 -78
32525 -32
32453 -204
32510 -113
32506 -38
32464 -39
32490 -51
32531 172
32222 233
32449 233
32291 129
32594 269
32504 309
32436 9
32523 -48
32470 25
32656 -188
32559 -62
32401 11
32460 -32
32421 191
32498 292
32449 23
32524 -25
32395 -6
32465 78
32632 30
32685 -2
32049 46
31306 60
31417 -185
31126 -124
31426 53
31427 -125
32047 -181
31785 -133
31157 79
31463 65
31502 -72
32435 -20
32711 72
32482 -79
32543 59
32599 36
32409 50
32415 -117
32528 -76
32587 51
32635 48
32542 -97
32431 147
32524 -82
32567 39
32394 -120
32419 -197
32440 -34
32559 129
32479 -189
32647 95
32529 86
32552 -160
32536 16
32319 -78
32655 51
32435 -38
32451 -120
32576 58
32591 285
32520 72
32543 -113
32528 168
32612 -75
32648 -71
32332 134
32610 174
32465 -63
32459 -41
32441 334
32577 131
32657 71
32501 -91
32167 -223
32237 139
32410 127
32664 -17
32495 -94
30396 -68
24060 -22
24829 51
25374 214
23871 58
23399 -94
23168 117
26710 -157
32081 52
32346 296
32322 12
32371 6
32638 35
32701 154
32592 -87
32607 50
32610 -191
32533 -42
32601 -107
32614 -19
32567 297
32546 -34
32408 251
32309 109
32541 -122
32562 -85
32553 53
32763 182
32221 48
32389 251
32345 -149
32502 51
32387 69
32858 127
32527 383
32626 112
32521 5
32354 32
32453 -11
32421 174
32669 -264
32612 85
32590 -97
32663 -472
32751 -159
32659 -205
32514 193
32691 -65
32549 -204
32282 -111
32454 58
32466 61
32605 -71
32569 -130
32417 60
32599 157
32537 247
29050 137
23768 49
24846 -212
25816 204
24309 -20
23054 -2
23319 -217
28088 86
32460 -6
32373 -170
32283 25
32514 54
32587 50
32433 148
32479 147
32478 -38
32735 123
32565 21
32550 -22
32580 71
32453 43
32374 82
32472 -181
32443 235
32606 74
32733 -18
32522 -121
32414 114
32697 126
32523 10
32526 45
32472 263
32619 156
32486 95
32527 78
32638 10
32614 -56
32458 -31
32587 11
32627 50
32680 -208
32283 116
32545 -53
32478 -122
32414 -120
32570 -108
32532 100
32603 -99
32661 2
32525 82
32456 -106
32364 56
32460 128
32700 252
32501 -34
32421 95
32476 -24
32491 70
32430 130
30212 119
30164 91
31480 -8
31495 219
32335 -165
32480 -114
32530 0
32572 170
32454 316
32533 153
32705 -61
32468 -22
32849 82
32290 -130
32385 -11
31798 89
32456 -164
32624 -112
32493 -85
32463 13
32457 -30
32445 -10
32578 -41
32584 29
32561 -119
32447 60
26688 -89
23623 13
25425 57
23967 157
23868 -140
24270 40
23807 44
30259 134
32579 45
32390 96
32617 47
32441 -59
32510 -34
32498 -68
32485 7
32452 -78
32574 91
32514 -18
32465 -75
32355 -142
32527 -4
32567 140
32454 -63
32520 -8
32418 93
32542 -138
32480 42
32422 -189
32395 -151
32647 25
32563 -15
32434 131
32472 67
32447 -49
32451 54
32484 -107
32570 -15
32537 -4
32627 -31
32631 18
32471 -21
32559 -50
32543 73
32452 -77
32478 -80
32506 -10
32492 141
32286 -70
32618 81
32497 245
32507 25
32436 -6
31786 66
31385 124
32205 24
31872 11
30972 43
31446 -19
31410 44
31006 -48
30947 95
31304 -88
31570 49
31591 -64
31319 173
31309 105
32144 -116
32471 -1
32524 -127
32397 69
32443 6
32535 12
32506 51
32343 -78
32407 42
32644 -1
32540 163
32494 -82
32441 3
32522 41
32448 -35
32448 34
32555 35
32512 -13
32506 95
32551 -16
32574 3
32484 2
32557 -3
32492 192
32444 -73
32469 31
32560 34
32554 -92
32481 59
32549 -89
32463 61
32516 64
32512 130
32531 125
32604 51
32482 -13
32588 -129
32574 -46
32370 51
32616 23
32530 -24
32539 -126
32567 -82
32461 64
32421 58
32624 142
32503 -79
32499 58
30661 73
24030 -8
23808 -25
23912 -71
23709 -16
25122 -66
23768 176
26148 -73
32159 68
32537 -74
32632 2
32628 -77
32453 23
32504 -167
32501 -35
32530 16
32336 -61
32388 -22
32435 61
32489 13
32575 4
32476 94
32497 -46
32523 79
32488 61
32405 -142
32584 112
32427 10
32526 -77
32406 43
32415 -71
32500 -20
32519 -64
32621 -64
32528 -6
32489 -137
32495 57
32552 15
32461 -162
32436 -76
32599 -17
32381 -68
32540 29
32421 5
32502 14
32434 -86
32563 -25
32472 -35
32495 -3
32408 -43
32428 -34
32485 -37
32593 -103
32393 -16
32726 -91
32564 5
32587 -28
29750 56
23523 97
24761 61
24395 58
23618 35
24310 35
23361 36
27374 -134
32350 -2
32350 -51
32568 -44
32451 -106
32551 146
32509 120
32541 16
32454 26
32646 48
32422 -28
32433 45
32585 -20
32555 207
32642 11
32591 144
32528 -163
32589 -56
32480 65
32530 47
32602 23
32586 -104
32413 -151
32480 42
32529 -3
32375 14
32730 -6
32639 69
32472 77
32492 52
32457 -17
32459 -36
32451 -88
32570 -211
32412 45
32432 7
32445 -59
32369 -20
32531 9
32437 48
32516 74
32407 -4
32545 64
32537 200
32562 -20
32370 133
32486 99
32544 -14
32597 127
32529 -22
32478 -61
32511 -32
31540 102
31547 -38
30972 49
30031 -17
31216 6
32493 37
32404 -66
32536 57
32542 42
32540 -59
32600 -3
32508 61
32564 -4
32492 33
32530 -25
32304 -28
32172 123
32663 -33
32373 -113
32462 -144
32457 198
32599 100
32470 -60
32267 -328
32458 115
32456 -111
27111 -257
23504 -38
23584 -211
24021 -280
25253 125
25373 182
23777 -98
29872 84
32381 114
32630 379
32699 113
32266 74
32585 -24
32615 -183
32257 181
32175 174
32784 202
32382 -120
32468 -206
32169 -65
32565 -39
32797 -27
32387 46
32590 -12
32321 88
32398 156
32449 -111
32303 159
32286 -184
32288 -136
32273 -242
32516 -232
32415 25
32275 212
32669 43
32467 -4
32382 -354
32285 189
32601 372
32590 -54
32453 43
32521 -275
32440 8
32506 253
32649 47
32671 -29
32453 -77
32689 190
32353 -200
32632 -49
31963 17
32146 18
31578 -2
31191 54
31257 236
30914 53
31253 -140
30728 -115
30975 -33
31405 -158
30427 -194
30992 6
31155 267
31867 -362
32237 -109
32593 -141
32479 122
32412 56
32300 -7
32476 112
32435 158
32532 359
32605 -14
32249 -4
32527 361
32615 44
32466 -131
32598 53
32693 32
32631 -130
32389 -153
32299 26
32383 -161
32667 88
32612 83
32447 72
32354 -368
32615 32
32535 151
32435 16
32477 10
32241 63
32640 -26
32308 -84
32436 -23
32553 41
32600 0
32236 54
32332 -13
32471 -51
32571 165
32822 65
32383 -67
32373 91
32653 -158
32284 -126
32698 59
32262 -48
32472 30
32308 -58
32596 121
32664 -46
32389 163
32200 -62
31055 14
24275 -9
23484 -208
23758 55
25291 116
26018 71
24063 179
25995 122
32070 148
32518 100
32575 -63
32389 -117
32333 16
32600 -47
32415 16
32413 -281
32513 -233
32666 -140
32371 53
32477 -46
32454 16
32604 16
32680 -230
32350 -7
32560 60
32450 53
32590 -231
32461 -102
32528 -39
32789 155
32583 33
32530 82
32326 -123
32558 6
32493 -127
32379 -115
32473 67
32374 -31
32467 18
32413 156
32425 -134
32221 -176
32715 -164
32753 16
32512 -370
32643 142
32387 -36
32372 -96
32286 109
32382 28
32530 62
32543 16
32493 -289
32331 -286
32590 -483
32454 -77
32548 -121
29867 200
23645 -58
23232 -77
23632 -106
24623 -303
25676 -221
23494 266
26972 211
32543 -47
32455 -48
32384 -23
32455 90
32434 -75
32549 262
32397 -135
32551 -93
32571 70
32513 67
32533 227
32327 72
32709 -69
32698 81
32535 219
32418 -31
32481 -47
32723 10
32312 83
32559 -3
32553 29
32223 111
32303 133
32640 116
32446 92
32636 -393
32515 -250
32514 -66
32554 74
32497 -256
32468 43
32461 88
32507 131
32716 146
32517 383
32292 -183
32488 66
32388 225
32257 -130
32452 -220
32513 -19
32455 -257
32405 -89
32093 338
32545 188
32448 173
32247 78
32730 14
32838 206
32363 169
32425 10
32465 149
31398 57
30269 -187
30254 -113
31136 14
32406 -194
32411 -21
32853 4
32388 133
32611 -208
32635 -131
32536 33
32833 80
32605 51
32796 -21
32057 766
32306 -153
32453 -105
32333 -6
32392 -16
32521 111
32533 84
32388 71
32575 -156
32720 -64
32459 -240
27102 110
23325 51
23223 -33
24512 -80
25334 85
23880 133
23753 -107
29846 -162
32614 84
32712 95
32434 39
32460 144
32593 0
32619 118
32641 31
32453 149
32467 -214
32507 -74
32449 -184
32452 -2
32240 -156
32465 6
32427 -37
32644 136
32560 61
32532 109
32451 43
32729 -26
32456 -120
32497 -47
32229 55
32455 -35
32519 59
32483 13
32435 -41
32439 -135
32464 -63
32578 41
32503 -84
32556 -130
32525 5
32338 -160
32557 13
32561 5
32639 -136
32435 47
32432 -51
32547 -128
32498 -92
32366 131
31508 -101
31002 -55
31275 -41
31274 25
31984 42
31193 43
31021 109
31443 25
31374 -164
30746 -85
30865 -108
30611 158
31074 27
32108 -45
32312 -59
32609 106
32433 24
32578 37
32612 -220
32497 -131
32598 -57
32667 48
32451 -68
32488 -11
32564 -21
32725 56
32441 179
32461 9
32745 -31
32476 -125
32612 -13
32523 104
32581 72
32362 -85
32603 11
32669 49
32714 -251
32418 -202
32501 -36
32517 15
32506 -141
32644 28
32474 -89
32314 99
32509 -1
32462 20
32476 -153
32545 111
32443 281
32433 -79
32535 112
32496 -36
32613 -8
32511 -146
32501 -72
32570 115
32583 -57
32626 -80
32506 76
32498 152
32609 -1
32478 41
32442 -11
32583 160
30937 -87
24508 -54
23413 -94
23530 59
24368 70
24114 174
23419 42
26089 -175
32157 21
32450 141
32473 53
32505 -110
32689 -69
32610 210
32415 50
32437 -98
32364 38
32413 -35
32404 -132
32417 -30
32498 -87
32253 240
32385 45
32551 -128
32504 -50
32533 46
32536 5
32689 -287
32574 -233
32629 6
32672 -308
32505 -179
32509 -169
32524 -63
32332 128
32664 56
32563 -17
32504 -106
32553 130
32333 -123
32408 -13
32497 -115
32647 -183
32519 -31
32506 -104
32516 73
32349 -28
32721 -288
32290 55
32558 34
32468 7
32399 21
32453 -212
32577 -18
32536 -30
32430 132
32366 18
29968 219
23530 111
23352 -40
23860 -92
25290 72
24532 113
23501 100
27055 43
32402 -182
32654 224
32654 7
32488 157
32326 72
32474 -121
32568 -157
32429 -49
32476 55
32645 -205
32652 -49
32457 70
32453 -26
32641 24
32617 -26
32524 85
32558 2
32491 -257
32602 31
32695 59
32526 16
32668 -7
32493 -9
32658 58
32411 -89
32253 -231
32354 -216
32411 64
32492 -38
32562 -118
32591 -192
32656 16
32588 -26
32679 22
32553 -43
32278 -19
32519 -82
32550 128
32686 -96
32674 122
32418 74
32526 77
32685 -5
32660 161
32444 36
32383 176
32445 85
32650 87
32701 81
32270 99
32162 69
32519 127
32060 -54
31658 36
31490 39
32097 84
32017 58
32456 -110
32731 -84
32323 -87
32434 -146
32643 -5
32590 -69
32747 -95
32596 -182
32464 88
32035 468
32762 -165
32461 108
32676 71
32596 66
32731 -92
32414 -30
32433 -437
32418 -81
32503 -107
32189 -89
27515 -203
23926 -301
24178 40
24365 -157
24838 -66
25016 -361
25825 29
30361 57
32523 -263
32695 61
32542 -75
32899 270
32494 150
32689 -180
32567 -124
32625 235
32665 -59
32423 36
32326 5
32491 151
32423 120
32594 52
32452 43
32445 -49
32513 187
32253 325
32534 -53
32491 97
32352 -147
32239 -325
32400 30
32301 -288
32603 161
32401 -243
32615 -48
32375 -14
32372 121
32350 204
32489 64
32576 28
32551 -68
32494 -33
32573 -134
32666 -98
32415 -123
32608 45
32334 80
32484 173
32680 -177
32576 -57
31304 69
31658 -182
31305 -33
31394 -68
31493 79
31490 -65
31678 184
31266 115
31162 -54
31329 49
31635 -154
31388 160
32379 99
32493 -43
32469 -125
32447 -113
32232 -9
32373 174
32385 75
32436 -6
32632 112
32542 -45
32171 -61
32301 56
32439 92
32554 12
32562 39
32573 -136
32420 -38
32355 -155
32604 -99
32498 -57
32525 65
32469 2
32618 -16
32516 -32
32484 55
32721 -14
32773 3
32449 32
32523 -101
32575 -43
32516 -59
32624 96
32558 121
32502 235
32513 148
32503 148
32605 -125
32613 56
32603 -83
32473 182
32248 -102
32571 3
32616 51
32560 152
32209 57
32508 10
32383 160
32504 220
32478 -88
32671 -117
32442 -105
32619 233
31455 -9
28261 -219
27721 139
27596 -203
27078 -151
26907 110
26364 -167
27963 -92
32238 -36
32360 -12
32325 41
32258 134
32664 -98
32332 -156
32611 3
32487 111
32478 127
32568 -37
32608 12
32633 241
32512 -30
32556 -139
32518 17
32544 -241
32471 -102
32716 -11
32179 -165
32199 -47
32385 26
32444 53
32352 -163
32518 215
32479 -104
32546 3
32482 254
32599 119
32458 102
32644 -54
32440 96
32546 -51
32283 -123
32448 93
32464 -210
32543 157
32363 -83
32417 298
32461 -102
32603 118
32375 52
32507 65
32221 -3
32457 -25
32633 -74
32437 48
32462 -85
32593 50
32382 -71
30573 63
25302 -13
24642 -155
24919 -445
24720 -72
24335 -132
24474 -184
28023 -134
32550 42
32653 -114
32382 -66
32730 -48
32575 20
32554 -61
32487 139
32726 175
32446 50
32494 -79
32771 49
32482 134
32664 -30
32627 -129
32345 111
32513 173
32320 -147
32308 -51
32417 105
32626 73
32505 -64
32514 -158
32472 8
32437 -87
32560 167
32492 -10
32460 86
32589 278
32552 -173
32521 27
32715 12
32635 57
32569 -199
32465 -120
32521 -159
32333 124
32556 -142
32298 -40
32557 -64
32621 -241
32341 210
32554 21
32494 69
32444 -41
32616 258
32657 13
32563 -15
32887 63
32261 28
32029 56
32325 -62
32655 -120
32458 92
32746 91
32643 -125
32176 134
31666 -68
32323 110
32532 -132
32475 118
32439 71
32637 -55
32446 183
32542 -83
32539 -134
32519 -115
31868 125
32571 8
32446 -56
32548 -60
32581 5
32528 -119
32467 9
32387 112
32450 127
32419 -76
31957 164
30786 -62
30469 100
31102 -68
31147 -17
31435 -31
31769 -23
31884 -176
32110 -35
32053 -5
32250 -35
32385 4
32645 60
32741 150
32569 -118
32498 22
32566 -111
32650 144
32459 94
32623 -130
32501 71
32659 -164
32511 13
32474 73
32499 72
32592 95
32514 84
32472 27
32518 160
32383 -55
32450 64
32520 -47
32456 134
32539 111
32571 55
32595 -18
32500 -39
32550 -108
32529 -32
32494 -5
32422 -66
32402 38
32382 -63
32519 1
32423 -15
32474 40
32476 -86
32519 57
32486 -217
32528 -96
31963 119
30823 12
31037 47
31747 38
31286 -90
31530 124
31461 1
31150 -60
30852 -101
31045 93
31294 114
31446 -63
32405 -42
32535 -131
32338 -72
31960 -129
32232 141
32320 6
32579 -153
32630 -34
32485 210
32532 -14
32548 -121
32446 28
32474 -37
32560 32
32575 -62
32510 3
32415 70
32654 -132
32538 129
32413 50
32457 61
32446 -20
32586 -123
32619 7
32355 -16
32487 31
32608 -15
32503 -49
32617 -53
32512 -64
32471 -84
32494 -88
32440 18
32499 -44
32611 -15
32564 -14
32462 -20
32522 -61
32532 -182
32515 -206
32429 31
32426 50
32564 -70
32556 -74
32533 -23
32707 -3
32505 -117
32553 72
32460 -20
32462 -156
32444 -20
32433 -4
31930 60
32207 133
32533 -50
32433 32
32346 31
32419 36
32516 134
32208 -98
32059 43
31973 -56
32520 5
32452 -35
32455 -67
32593 -69
32544 105
32471 -44
32543 -40
32469 -95
32553 78
32587 -32
32668 130
32374 73
32519 -50
32372 -11
32379 -97
32497 -43
32506 -178
32428 -131
32496 87
32410 -7
32352 -3
32296 77
32463 171
32466 9
32432 -59
32588 8
32658 35
32480 -62
32425 117
32428 30
32443 -36
32632 -38
32480 39
32497 -66
32448 118
32371 28
32507 58
32603 97
32498 6
32563 -23
32548 -26
32397 26
32531 -10
32563 -62
32407 77
32580 129
32171 17
32062 37
31994 -31
31713 23
31362 168
31378 -109
31405 -56
31251 -10
31332 44
31789 36
32036 119
32181 -8
32508 10
32538 -130
32471 -16
32613 -19
32506 56
32570 -16
32561 -204
32621 -72
32536 50
32485 0
32638 -117
32513 -197
32562 72
32561 67
32699 61
32376 -13
32503 23
32579 77
32551 -113
32348 -134
32535 -51
32707 71
32504 93
32471 -117
32552 228
32555 44
32534 18
32496 -116
32469 -58
32457 -46
32471 -191
32509 2
32461 8
32413 -243
32638 -21
32556 -64
32395 -34
32470 69
32476 69
32445 -2
32481 140
32447 -13
32536 30
32469 20
32562 -97
32528 -3
31898 8
32485 28
32690 72
32578 -132
32597 109
32584 -88
32505 -222
32416 102
32556 62
32038 -49
32093 -117
32371 -9
32411 115
32655 -176
32593 143
32573 -5
32414 -5
32602 -75
32093 -135
32470 -166
32309 -4
32778 -92
32545 -135
32458 -99
32475 15
32422 -85
32544 112
32120 22
32138 120
32058 -186
32865 19
32605 -21
32735 -121
32725 227
32304 32
32476 233
32505 66
32333 -365
32205 -10
32257 88
32618 103
32615 -94
32561 20
32611 271
32459 -4
32598 -186
32267 12
32521 55
32470 -44
32286 36
32737 -149
32450 -59
32554 0
32614 -5
32588 102
32550 46
32192 80
32423 -27
32340 -23
32401 -33
32252 -35
32539 -31
32369 -182
32441 -46
32426 -204
32347 -148
32481 65
32558 -141
32347 184
32485 144
32410 70
32585 141
32579 42
32235 118
32524 -172
32523 93
32512 184
32463 100
31340 350
31158 -270
30327 -18
30865 231
31296 -136
31547 -52
30719 -175
31247 57
31193 126
31612 -6
32658 -164
32500 -126
32430 36
32449 -53
32401 -172
32263 -271
32263 -26
32128 166
32401 87
32134 -7
32438 -145
32642 -79
32425 -205
32506 55
32447 231
32583 146
32162 28
32381 -158
32379 -132
32198 13
32496 15
32348 27
32429 67
32546 17
32243 -262
32456 62
32198 114
32602 -222
32487 -44
32534 -48
32279 -155
32517 -26
32578 -241
32378 121
32511 95
32420 68
32379 83
32557 -96
32519 -163
32373 85
32435 -109
32269 139
32339 20
32588 -39
32872 110
32722 -34
32560 -78
32566 -95
32568 76
32676 112
32435 85
32593 -27
32423 -46
32224 -204
32310 -85
32321 155
32289 -46
32452 -155
32484 -211
32571 8
32587 -101
32644 -47
32521 43
32135 50
31868 248
32474 6
32383 -186
32510 0
32646 -87
32529 -106
32459 58
32564 219
32495 42
32559 -197
32576 -515
32472 -12
32353 -137
32363 83
32325 -15
32377 33
32435 -361
32530 100
32553 74
32724 348
32402 93
32466 -188
32744 158
32522 135
32291 -138
32337 -210
32519 104
32713 508
32475 51
32327 -37
32420 27
32374 42
32566 -65
32409 149
32280 89
32289 41
32530 64
32272 -202
32480 -4
32426 -100
32662 57
32484 175
32474 -4
32583 -171
32454 212
32128 -120
31997 -11
32216 -88
32373 -358
32751 71
32375 216
32602 129
32386 -82
32478 -62
32518 -140
32622 -256
32184 145
32013 -163
32213 -305
32456 52
32416 213
32462 -9
32819 -30
32400 -96
32582 -63
32482 -182
32573 111
32208 -188
32395 -10
32591 -170
32510 201
32582 104
32478 22
32338 71
32468 161
32604 -160
32351 275
32317 134
32435 -20
32635 -105
32594 84
32461 58
32723 104
32915 -192
32531 -203
32401 -226
32399 -115
32541 -225
32541 -108
32350 -234
32450 79
32579 -172
32671 -59
32436 -105
32349 29
32594 -39
32589 -215
32579 127
32785 137
32547 -35
32554 -246
32630 33
32252 86
32376 -204
32495 150
32761 200
32471 8
32455 44
32587 -138
32557 -92
32764 99
32324 77
32111 64
32327 -250
32018 201
31967 -16
32403 148
32585 -65
32439 -147
32668 -152
32216 -131
32576 -94
32171 506
32567 -167
32425 -12
32589 -23
32522 42
32517 42
32466 38
32176 73
32006 -5
32219 -58
32421 -28
32452 31
32605 18
32429 -56
32374 -65
32627 -45
32660 72
32467 -52
32379 41
32394 -75
32576 -105
32108 28
32334 -41
32513 -76
32506 -58
32525 67
32381 -97
32464 43
32471 66
32321 28
32496 -68
32650 -183
32463 -30
32517 -3
32597 -123
32580 -126
32466 102
32518 -32
32412 88
32372 149
32454 -136
32537 209
32484 123
32490 59
32500 -10
32556 -144
32501 -30
32519 -8
32490 -39
32499 -172
32453 28
32578 195
32446 -108
32454 -126
32608 -13
32600 -28
32430 -39
32360 -55
31611 131
31215 -13
31956 103
31399 135
31516 -132
31073 45
31426 -47
31420 63
31058 -74
31480 0
31994 -95
32527 -102
32438 -74
32402 -117
32523 17
32527 -103
32370 -118
32440 -53
32812 61
31911 94
32078 144
32287 -102
32545 7
32622 -26
32645 -1
32556 60
32518 -171
32471 29
32597 -10
32584 57
32352 -103
32580 98
32522 -74
32503 93
32559 169
32429 112
32549 -24
32614 13
32335 1
32413 -27
32353 19
32562 -35
32501 31
32388 40
32538 15
32412 29
32604 86
32500 53
32504 36
32594 -5
32441 69
32612 -80
32404 68
32505 2
32511 -67
32542 -87
32480 -126
32328 18
32518 -5
32656 -138
32545 64
32570 -35
32497 101
31927 77
32006 157
32500 -66
32527 -42
32513 56
32392 114
32433 139
32554 -70
32397 -157
32725 -44
32474 -260
32456 -109
32530 22
32262 13
32034 -33
32204 -27
32593 64
32354 -30
32518 -20
32370 71
32654 -36
32617 -5
32358 -86
32480 -48
32532 -34
32584 115
32471 195
32478 95
32548 8
32519 18
32645 -36
32435 39
32450 -53
32479 -50
32486 132
32559 -82
32491 -141
32547 -139
32564 20
32615 13
32581 -61
32519 123
32600 -55
32382 -29
32392 84
32277 39
32404 -51
32542 82
32496 12
32478 171
32444 22
32420 -58
32555 -4
32359 -132
32557 66
32404 74
32424 74
32357 186
32037 -47
32323 -2
32576 209
32398 34
32541 -222
32541 43
32571 91
32549 -30
32636 69
32404 -112
32434 20
32605 130
32360 0
31928 78
32129 -17
32673 -24
32428 -147
32365 -78
32531 45
32483 -50
32346 26
32522 -147
32580 -13
32599 -43
32499 -53
32659 172
32611 114
32538 -22
32457 80
32394 87
32493 -46
32407 213
32611 -92
32589 -21
32450 102
32554 -21
32506 -67
32426 -74
32423 -52
32505 33
32463 112
32403 -1
32507 -38
32480 -44
32472 179
32562 52
32543 13
32486 116
32569 33
32537 168
32363 -78
32590 3
32689 -48
32556 -43
32497 -22
32556 199
32179 -5
32277 27
32593 108
32459 83
32442 -96
32594 -59
32506 194
32623 100
32701 -24
32562 90
32337 -46
32579 70
32417 -150
32400 4
31989 -54
32241 83
32444 137
32480 11
32645 -77
32539 40
32547 78
32184 -232
32426 -52
32569 124
32678 -267
32485 15
32430 -108
32192 103
31878 18
32693 -172
32300 -83
32528 60
32379 -19
32657 -154
32291 -33
32609 -99
32557 -139
32310 -4
32474 89
32457 135
32598 73
32430 231
32588 -14
32290 -77
32051 30
32480 44
32500 209
32511 160
32333 141
32444 69
32398 70
32377 178
32411 49
32463 86
32556 -62
32508 64
32567 -187
32668 5
32566 245
32396 106
32466 114
32366 -25
32450 -49
32776 -175
32560 23
32422 53
32347 -52
32592 -84
32395 58
32501 -96
32707 -192
32575 44
32646 -21
32463 95
32310 -59
32435 -114
32395 105
32261 68
31628 -21
30924 51
31545 69
31401 28
31643 -263
30984 -34
31318 -73
31331 183
31608 -231
31828 49
32142 -86
32470 -40
32341 98
32417 51
32449 -43
32335 -129
32417 -111
32455 -183
32505 -126
32625 32
32406 58
32206 80
31705 3
32136 -147
32529 -101
32404 -21
32538 -17
32278 -207
32415 -107
32590 40
32670 -33
32560 -160
32438 153
32505 123
32448 -18
32556 72
32544 -166
32544 -71
32396 -31
32571 288
32530 87
32631 34
32184 68
32586 246
32435 -42
32558 249
32541 139
32587 -196
32340 122
32408 -5
32318 -9
32381 83
32586 -62
32492 51
32337 269
32464 191
32691 -128
32457 -167
32650 25
32615 153
32562 -141
32712 138
32549 106
31927 -49
32051 -111
32572 -73
32488 -56
32404 200
32440 11
32610 187
32454 -1
32680 10
32418 136
32286 -26
32419 -21
32469 267
32637 -17
32406 112
31936 -26
31815 -25
32364 273
32513 40
32450 168
32283 2
32605 121
32346 -100
32504 27
32364 -124
32468 67
32392 -59
32651 344
32534 -53
32507 1
32472 -100
32551 27
32462 -87
32620 221
32586 -30
32657 177
32525 163
32534 52
32429 -78
32456 45
32624 -128
32482 -23
32430 311
32517 186
32508 199
32399 -6
32659 152
32448 -19
32694 140
32524 10
32538 67
32620 11
32434 -1
31872 -34
31012 31
32380 -30
32383 -187
31786 -124
32157 -306
32612 -168
32492 36
32406 175
32376 135
32344 -76
32628 -60
32605 -68
32314 51
32533 -28
32463 -20
32554 60
32464 75
32366 -7
32395 -108
32307 41
31951 90
32297 -46
32594 -49
32546 90
32326 83
32370 42
32306 0
32548 -47
32597 44
32581 -63
32556 -78
32603 135
32631 -50
32485 119
32830 -32
32662 -214
32525 2
32585 -271
32758 -140
32489 -183
32498 89
32552 -5
32312 -62
32566 -13
32360 106
32500 245
32594 51
32609 -226
32417 -123
32331 184
32478 81
32312 -68
32475 -200
32407 396
32556 2
32451 -14
32466 -124
32588 107
32741 36
32424 -160
32062 87
32133 -50
32651 -17
32576 106
32298 -28
32498 62
32661 188
32471 140
32436 154
32464 96
32436 -125
32440 -82
32421 67
32484 86
32525 3
32610 -17
32203 -220
32060 91
32172 51
32246 77
32646 56
32539 65
32098 -213
32391 6
32444 56
32520 -93
32310 -3
32115 1
32305 -39
32437 43
32506 -94
32494 -5
32601 -32
32469 50
32508 -15
32520 1
32531 10
32635 -33
32417 -22
32595 -20
32488 -54
32624 -20
32547 80
32528 -15
32513 -55
32292 144
32083 -26
32264 37
32358 -93
32702 -77
32625 -56
32580 -76
32489 -33
32372 -17
32505 45
32343 29
32514 59
32385 -104
32550 22
32438 56
32476 -44
32390 86
32341 28
32507 -13
32539 53
32372 -86
32450 -103
32605 43
32424 54
32466 109
32456 -7
32396 -80
32499 69
32582 -55
32589 19
31467 -109
31133 -116
31200 43
31233 -71
31227 -5
31022 113
30492 -2
31378 -143
31132 67
31232 131
31405 66
31649 -135
32420 33
32511 -36
32545 77
32573 65
32513 144
32476 49
32537 -33
32530 33
32523 -21
32473 -86
32404 -18
32633 60
32540 -12
32545 -19
32393 -15
32048 110
32054 28
32260 -13
32467 32
32549 -45
32491 -57
32533 -29
32546 172
32394 -34
32594 34
32521 -33
32495 -41
32583 153
32478 31
32544 141
32590 36
32600 45
32536 6
32626 -14
32467 80
32510 -11
32548 55
32508 -26
32487 -31
32477 -41
32641 22
32484 86
32571 96
32496 84
32455 59
32560 -92
32590 66
32575 6
32597 -21
32373 -53
32485 -71
32555 60
32463 -11
32291 45
32016 53
32292 67
32508 31
32497 17
32467 -90
32564 -26
32466 18
32503 -19
32424 -10
32605 -42
32541 6
32436 76
32604 -99
32539 109
32515 -59
32509 81
32534 112
32313 16
31957 -82
32285 -26
32432 -54
32413 17
32585 39
32593 89
32531 60
32367 25
32584 53
32531 100
32540 -38
32487 -62
32535 -160
32443 15
32500 33
32445 27
32481 61
32507 44
32545 -36
32476 106
32447 48
32465 142
32495 -22
32569 -104
32385 -19
32519 109
32571 57
32508 -135
32475 -55
32557 60
32448 -26
32660 43
32109 45
32575 -35
32454 -63
31525 35
30273 43
30011 -65
31927 72
31724 -83
31964 -131
32487 -22
32397 -42
32405 -199
32633 66
32433 -6
32524 -33
32534 -62
32496 -20
32436 -56
32557 65
32565 -96
32475 12
32360 60
32524 66
32484 131
32465 19
32287 25
31786 -91
32289 46
32440 115
32523 33
32552 41
32500 153
32447 105
32585 -84
32425 -163
32549 48
32532 -32
32559 38
32577 64
32592 -82
32556 43
32497 -23
32552 49
32543 21
32517 33
32518 52
32410 -103
32437 21
32489 -54
32609 -5
32582 8
32589 -145
32400 -78
32430 -91
32532 52
32576 41
32448 -50
32507 -167
32516 44
32461 77
32560 -99
32447 -21
32494 33
32603 -66
31904 -44
32359 89
32383 46
32569 -62
32417 -8
32576 112
32456 30
32610 -76
32448 146
32599 33
32531 -46
32550 -2
32576 191
32564 7
32554 -8
32483 20
32492 -9
32521 63
32189 26
31977 -7
32338 101
32442 25
32599 -53
32473 -440
32510 289
32547 94
32100 16
32162 151
32801 -119
32758 -32
32563 199
32594 148
32521 -127
32383 -45
32638 120
32624 134
32446 -57
32549 -57
32326 -175
32434 107
32520 -127
32583 45
32620 114
32640 -71
32441 295
32803 -98
32436 -157
32378 -217
31831 276
32192 135
32610 108
32618 352
32678 -206
32588 187
32384 179
32772 -95
32624 -77
32286 -305
32399 58
32734 136
32518 0
32621 229
32568 94
32279 214
32640 47
32252 20
32616 224
32453 229
32666 -296
32567 174
32598 0
32445 142
32269 -215
32683 -152
32339 -56
32563 -171
31647 -30
31340 52
30972 -134
30986 51
31041 52
31377 -205
30742 -168
30896 84
31320 164
31295 71
31635 -50
32392 -261
32509 6
32453 -2
32627 -167
32700 -162
32545 -313
32610 153
32604 -70
32562 -65
32377 -301
32613 -109
32432 -41
32432 32
32635 -15
32599 -43
32498 6
32702 28
32620 55
32082 -360
32156 31
32243 170
32333 85
32679 206
32796 -44
32276 -219
32524 71
32677 173
32612 -32
32508 -69
32477 -196
32324 79
32369 -13
32561 85
32272 16
32621 -161
32392 87
32614 251
32665 298
32463 -46
32411 -13
32579 -110
32784 -68
32632 32
32540 -97
32499 136
32584 -201
32499 120
32626 -221
32594 14
32322 -337
32143 -162
32737 -254
32580 72
32149 61
31921 63
32344 -208
32664 -196
32379 -92
32393 -107
32325 40
32504 230
32566 67
32601 -167
32318 -116
32464 198
32512 31
32473 -179
32712 -69
32665 189
32671 108
32630 125
32749 178
32165 -20
32550 -180
32060 -154
31931 113
32439 211
32465 -172
32519 -101
32502 -179
32644 89
32546 -27
32565 50
32584 -13
32466 -39
32363 -120
32457 -217
32510 39
32624 -4
32582 -59
32595 12
32403 222
32458 161
32518 -61
32587 90
32343 -104
32587 -87
32569 -31
32645 -37
32795 -56
32705 4
32293 9
32265 -82
32324 38
32151 98
30879 -98
31283 -112
31823 16
31093 -30
31344 -24
32192 15
32103 200
32171 -137
32319 167
32474 273
32424 210
32518 0
32363 43
32112 26
32243 -129
32482 -12
32306 24
32283 -38
32433 -50
32384 5
32632 -136
32890 -13
32684 217
32641 73
32308 103
32536 -42
32303 -25
32184 74
32279 139
32326 100
32584 133
32464 455
32552 93
32527 210
32403 36
32435 82
32638 -240
32760 -84
32374 -45
32476 -235
32621 -193
32278 220
32550 -89
32531 -130
32654 -86
32274 15
32374 -99
32613 123
32474 -69
32337 6
32494 207
32473 -200
32648 -96
32549 -123
32438 79
32397 172
32497 -115
32359 -207
32370 -138
32718 192
32425 -202
32436 53
32148 106
31874 -251
31949 -36
32326 267
32836 59
32543 -136
32661 91
32781 203
32445 -20
32559 101
32560 68
32475 -283
32469 59
32469 83
32540 63
32653 -159
32647 -112
32592 -32
32609 373
32575 3
32364 -78
32400 69
32102 82
32208 76
32453 -15
32674 755
32215 -162
32067 7
32182 62
32575 31
32588 -120
32419 -18
32598 -87
32424 188
32495 -133
32499 -34
32560 -63
32549 -97
32570 27
32364 -16
32439 68
32661 -1
32581 -322
32666 -39
32536 -196
32485 -164
32455 -30
32442 -45
32346 -83
32666 26
32155 127
31898 -54
32238 -46
32612 213
32385 -66
32551 5
32520 36
32518 -113
32534 -152
32470 61
32647 -75
32539 116
32540 -227
32694 56
32439 -370
32357 -90
32372 -122
32475 178
32298 43
32481 -102
32405 -5
32567 78
32679 146
32684 -19
32457 63
32480 -34
32334 -123
32344 197
31945 187
30831 -9
31253 19
31338 218
31755 -146
31482 -81
31265 -62
31068 20
31589 30
32003 -26
32390 -25
32479 17
32540 -103
32553 81
32433 -25
32630 160
32346 -171
32560 -24
32657 -159
32579 -21
32484 -321
32467 -122
32450 83
32623 122
32399 -191
32528 67
32544 -29
32478 -18
32565 66
32584 -103
31878 -98
32035 -60
32249 51
32428 -126
32761 -87
32479 -83
32574 -22
32477 -88
32804 -111
32437 64
32566 -4
32377 55
32534 85
32511 -1
32409 162
32485 -246
32518 116
32573 -42
32642 -26
32501 -197
32601 -57
32530 66
32428 54
32463 2
32577 -188
32594 31
32576 143
32448 186
32569 -72
32590 24
32584 -74
32545 -130
32482 187
32140 102
32020 19
32561 -50
32373 50
32302 57
32621 25
32539 -104
32265 12
32554 266
32553 -135
32562 114
32521 24
32495 14
32738 28
32448 -84
32645 -10
32606 -89
32332 -123
32557 48
32558 183
32355 115
32518 -124
32525 -22
31885 1
32274 102
32456 281
32352 -179
32409 105
32407 -132
32562 32
32556 125
32619 102
32434 16
32535 -49
32338 -102
32600 -41
32465 37
32538 151
32532 213
32402 171
32557 90
32568 -52
32675 -42
32328 -74
32654 -109
32548 -70
32462 -54
32542 62
32516 -84
32600 -31
32420 -70
32708 116
32154 -78
31276 -100
31310 156
31206 -16
31174 73
31601 19
32270 172
32223 42
32456 -31
32622 50
32551 -122
32535 76
32664 64
32700 98
32527 138
32462 175
32544 -20
32559 -30
32627 131
32537 68
32696 -47
32413 12
32679 -21
32448 -116
32490 53
32487 73
32656 35
32447 17
32606 -24
32147 68
32008 63
32637 -29
32451 -49
32477 -131
32652 -256
32689 38
32723 129
32379 104
32393 -82
32377 85
32392 -13
32466 54
32339 75
32459 129
32556 158
32437 -179
32409 77
32470 -73
32655 -38
32322 -30
32454 -82
32573 49
32523 2
32494 238
32402 -45
32818 -102
32555 -44
32592 -125
32544 108
32676 -105
32559 -38
32508 -93
32300 -28
31856 14
32080 153
32461 67
32651 1
32594 50
32515 20
32660 -104
32575 -33
32632 19
32476 10
32558 -143
32351 -145
32479 -26
32485 86
32665 126
32491 -135
32369 -140
32434 152
32575 -113
32369 -85
32536 73
32456 -136
32329 -25
31967 -104
31680 -145
32233 713
31914 -28
32444 -127
32423 -41
32435 -297
32539 -219
32491 65
32424 55
32523 -53
32492 30
32658 150
32393 -101
32475 -85
32570 -13
32793 33
32419 236
32484 -124
32417 25
32591 96
32530 -15
32433 -100
32772 -64
32647 -77
32366 -111
32759 -88
32545 4
32607 -79
32157 39
32219 -76
32607 -218
32607 43
32503 296
32518 98
32626 3
32631 -4
32452 105
32511 265
32448 7
32514 -38
32348 -61
32525 130
32433 -44
32484 3
32410 -1
32495 123
32202 -17
32620 59
32565 -66
32721 -68
32526 -107
32222 -38
32558 -78
31744 111
31345 -172
31019 -38
31031 -39
31102 118
31309 145
31705 101
31403 126
31342 135
32173 115
32494 4
32664 -35
32643 -40
32448 -116
32621 221
32402 96
32334 -73
32486 -60
32452 110
32588 -68
32588 28
32515 7
32367 -5
32354 -28
32495 -78
32595 -38
32578 -218
32402 -25
32421 -65
32365 35
32383 -330
32597 86
32296 11
32042 221
32475 80
32760 167
32566 93
32392 57
32203 42
32512 -10
32402 -225
32593 114
32497 23
32562 116
32461 -46
32476 57
32562 -188
32627 -138
32511 -227
32318 -244
32509 -81
32406 -165
32497 65
32592 -114
32578 -95
32587 -56
32352 192
32646 104
32545 -194
32534 -207
32407 160
32460 -325
32534 -60
32209 -25
32070 -65
32640 -4
32504 -180
32490 14
32735 -148
32514 4
32460 211
32221 -19
32816 62
32567 157
32507 51
32571 -122
32581 129
32377 -134
32660 -209
32596 -203
32573 -26
32624 -149
32488 70
32447 -106
32499 73
32500 40
32340 95
32362 92
32351 -123
31923 180
32356 79
32546 32
32258 -9
32599 161
32497 30
32655 -130
32536 86
32324 72
32623 91
32544 -99
32595 -187
32607 -338
32719 117
32537 208
32566 92
32381 -254
32699 -116
32574 153
32480 21
32750 -117
32711 84
32513 -48
32391 32
32549 12
32521 -139
32537 -156
32363 -23
31786 -61
31058 130
31175 65
31524 -208
31334 -10
31221 15
31295 -100
31712 73
32379 125
32385 -53
32246 -92
32827 -1
32380 -181
32384 -140
32741 151
32591 24
32520 -83
32477 -39
32427 81
32332 -174
32574 -105
32622 -9
32625 -3
32659 76
32498 98
32492 -301
32713 59
32476 7
32429 44
32080 80
31874 32
32326 122
32373 238
32333 8
32381 -255
32581 -7
32539 -61
32366 -304
32670 -91
32392 63
32267 -82
32445 -15
32556 260
32674 -52
32408 -8
32568 -14
32614 -35
32630 -35
32582 -30
32588 -35
32447 -103
32375 -108
32659 158
32471 56
32578 72
32371 142
32324 41
32573 92
32639 -68
32305 -235
32029 190
31724 6
32309 168
32488 42
32278 45
32708 185
32630 -25
32357 -205
32548 -45
32627 202
32512 -226
32477 3
32759 102
32729 162
32596 -156
32563 58
32453 -40
32445 -60
32582 -85
32433 -156
32745 -62
32625 -140
32514 -68
32456 298
32520 -106
32537 103
32229 -144
31873 382
32453 -109
32463 54
32437 -150
32537 -64
32574 -212
32534 -73
32457 -63
32501 -80
32447 -35
32700 -27
32544 90
32400 43
32531 -49
32674 73
32450 -25
32411 -30
32456 -71
32558 107
32535 103
32408 -73
32481 -10
32487 8
32495 71
32363 2
32413 107
32552 -184
32583 -108
32344 -83
32123 50
32197 7
32468 34
32491 55
32505 -105
32539 -12
32602 -95
32629 28
32546 108
32613 -122
32450 -54
32566 -17
32536 -112
32409 48
32394 173
32564 -4
32457 71
32499 178
32470 -122
32604 -129
32447 -48
32341 36
32204 148
31283 13
30976 -12
31045 14
31308 -30
30634 49
30950 -142
31105 -35
32058 98
32426 -34
32449 -178
32464 148
32496 -120
32428 -88
32349 57
32455 -123
32430 119
32607 44
32487 67
32645 22
32673 108
32446 -93
32619 20
32423 -62
32481 103
32304 -61
32488 19
32531 -38
32468 -3
32532 2
32425 -161
32343 17
32655 -10
32599 -39
32525 24
32039 -18
32045 31
32397 -18
32426 9
32446 -37
32398 78
32519 39
32607 36
32577 -84
32499 -93
32681 96
32556 91
32529 -127
32482 45
32428 -132
32433 134
32348 16
32458 -45
32719 -115
32447 -120
32520 -122
32512 -23
32462 176
32490 5
32452 -63
32433 38
32634 -14
32204 -96
32042 5
31976 36
32415 -14
32464 130
32525 36
32447 80
32574 -74
32505 -173
32508 64
32536 34
32386 -45
32505 81
32592 -10
32510 93
32521 23
32497 -111
32446 -16
32502 54
32458 -23
32551 -72
32450 18
32523 86
32506 -207
32530 52
32525 134
32578 -10
32462 81
32255 -183
32008 134
32083 30
32611 128
32543 71
32606 73
32428 24
32476 37
32497 -78
32386 -35
32440 149
32343 -8
32385 17
32485 -181
32537 18
32545 71
32360 23
32468 -177
32563 109
32482 189
32479 54
32398 -132
32537 -13
32377 -70
32423 -31
32428 62
31873 4
31206 21
31256 53
30518 -31
31432 -61
31864 226
30715 -48
31242 -132
30952 29
31224 -152
32497 -186
32567 -3
32514 51
32608 54
32529 151
32478 4
32482 304
32748 -87
32464 -88
32556 -148
32703 -99
32450 27
32444 -40
32494 139
32378 63
32568 2
32452 -55
32396 6
32432 -134
32442 -129
32603 90
32440 160
32137 -67
32035 17
32357 52
32727 45
32560 -83
32679 -44
32495 23
32383 -47
32477 -162
32449 -15
32396 2
32555 140
32573 -24
32387 -214
32449 8
32535 70
32536 -59
32516 -30
32491 42
32475 -30
32430 -19
32499 -7
32552 -106
32666 126
32711 29
32476 77
32491 -22
32466 83
32453 2
32118 107
31927 -28
32446 54
32585 -135
32454 62
32450 129
32609 26
32729 -9
32609 -5
32651 108
32616 86
32574 104
32618 63
32567 -144
32467 -95
32399 -132
32349 46
32464 -64
32670 59
32465 -24
32302 8
32624 137
32585 89
32478 19
32625 -5
32452 -42
32554 64
32463 -130
32860 521
32492 154
32415 413
32251 -96
32505 152
32442 -123
32304 160
32633 161
32589 -229
32134 -71
32371 -8
32391 108
32651 -139
32607 -59
32715 -172
32612 292
32429 -196
32744 121
32515 146
32469 -17
32535 170
32519 -7
32466 -252
32471 61
32572 -27
32378 117
32398 -47
32375 -327
32272 -94
32100 -267
32159 33
32321 -99
32535 -263
32516 69
32492 -231
32560 -97
32716 -142
32444 -105
32461 160
32260 -117
32144 23
32413 -181
32694 -67
32304 -36
32531 -54
32636 -20
32419 -108
32528 -110
32671 -168
32463 61
32554 -192
32301 -259
31330 -250
31335 -98
31300 -81
31022 170
31218 -79
31019 -117
31602 -160
32297 68
32461 -81
32332 7
32546 -247
32603 -61
32615 -118
32552 83
32757 28
32411 -54
32176 -37
32466 85
32555 -114
32514 -110
32204 -105
32421 -22
32578 9
32283 143
32729 -26
32636 22
32466 -31
32739 -264
32504 -45
32476 185
32832 -86
32565 178
32403 -19
32325 -150
32447 -269
32443 248
31972 -111
32393 280
32473 -142
32834 76
32691 -26
32566 -194
32584 -182
32583 65
32495 143
32433 53
32594 -113
32462 -1
32342 155
32472 -131
32486 72
32321 115
32408 266
32419 62
32233 -68
32454 147
32556 -33
32840 -158
32492 136
32459 35
32227 156
31744 174
32242 138
32464 221
32486 -2
32609 -137
32285 -42
32536 40
32375 120
32216 -56
32292 107
32344 16
32681 -68
32500 -99
32455 38
32605 21
32475 -271
32443 -74
32765 -56
32784 -146
32402 -139
32118 -99
32625 72
32585 19
32267 -15
32501 139
32435 167
32776 -27
32379 -67
32556 -100
32835 6
32301 -74
31778 42
32511 274
32647 -78
32733 -65
32713 170
32261 37
32425 170
32661 -65
32329 -44
32452 103
32530 -184
32610 -230
32736 198
32426 31
32606 -90
32471 -25
32472 -18
32478 309
32297 18
32454 85
32614 -164
32462 56
32607 2
31286 -60
31471 -13
31277 16
31695 -86
31463 57
31194 206
31299 -9
31750 -198
32347 60
32541 42
32170 -69
32651 136
32537 199
32696 -32
32725 -132
32591 -1
32465 -23
32617 174
32584 114
32403 -132
32346 -237
32537 -93
32291 110
32605 28
32640 -97
32476 102
32439 168
32399 167
32553 -65
32430 -16
32605 -12
32593 10
32402 -163
32608 54
31954 -149
32039 87
32493 156
32540 -15
32575 49
32202 -81
32324 -151
32543 -107
32330 155
32568 173
32739 50
32526 17
32356 -103
32342 99
32518 104
32690 107
32277 94
32321 -276
32407 80
32788 -116
32732 52
32538 226
32459 -54
32366 -142
32260 41
32439 130
32016 -91
32369 -165
32477 -101
32508 40
32690 -352
32386 234
32275 -10
32534 -75
32351 -52
32260 43
32669 -203
32693 153
32562 -1
32558 36
32335 -33
32599 267
32293 -23
32399 35
32525 20
32482 -37
32455 85
32767 -23
32536 -62
32490 -60
32652 -64
32340 -116
32643 148
32392 -75
32619 183
32318 928
32549 -113
32562 23
32497 71
32654 -218
32450 -85
32548 54
32651 41
32432 -214
32583 -127
32548 82
32487 -74
32503 108
32354 -125
32377 -160
32527 -119
32639 -31
32472 125
32678 99
32602 -67
32420 -89
32523 -139
32452 138
32626 -74
32604 -12
32499 9
32461 69
32528 67
32439 154
32372 93
32535 229
32099 88
32044 9
32434 90
32607 87
32408 5
32533 -99
32627 -125
32782 -30
32368 65
32670 46
32654 24
32328 62
32468 -75
32401 -93
32337 162
32355 -128
32568 -112
32427 -118
32479 -112
32463 -79
32473 -102
31991 -72
31497 116
31299 -50
31438 12
31397 40
31989 -11
32603 -44
32545 -125
32354 -12
32554 15
32468 -32
32655 -16
32481 -79
32514 -190
32555 -53
32514 -152
32666 -128
32512 52
32659 72
32504 -41
32501 75
32460 -112
32625 -33
32543 -1
32437 -156
32648 53
32535 181
32413 -167
32512 17
32428 -27
32391 -146
32575 -49
32481 -16
32342 -52
32566 -44
32518 0
32190 -85
32151 12
32062 -100
32474 -7
32472 38
32517 108
32456 -22
32597 246
32681 -25
32593 133
32476 9
32593 42
32491 148
32428 66
32589 -3
32332 55
32627 69
32371 -60
32572 126
32624 -153
32438 -177
32614 -105
32698 -15
32297 53
32135 90
32197 165
32557 82
32620 -64
32513 65
32567 212
32564 120
32549 -58
32410 -1
32503 -83
32574 82
32540 -86
32340 2
32390 -4
32565 -148
32504 2
32530 -134
32436 1
32528 68
32666 -53
32610 -75
32450 -113
32591 30
32568 11
32372 149
32594 -14
32446 61
32593 157
32400 -20
32514 -38
32497 -52
32509 60
32109 74
31727 -70
32305 88
32459 25
32510 -134
32405 117
32530 145
32535 -97
32510 -95
32580 5
32299 -102
32523 -49
32466 113
32440 13
32536 -92
32590 121
32649 -59
32495 -58
32462 105
32474 43
32428 81
32437 138
32288 44
31130 -158
31371 16
31457 57
32271 21
31277 -35
30627 -6
30850 -12
32115 -45
32626 42
32628 89
32448 93
32564 -26
32573 -20
32506 -49
32614 -158
32535 129
32408 -33
32659 61
32559 47
32652 107
32573 88
32572 59
32466 -26
32447 -41
32530 67
32427 -41
32587 154
32414 47
32334 54
32492 0
32668 62
32438 -49
32558 134
32668 -25
32373 -77
32222 -78
32028 -109
32224 -85
32476 -112
32612 30
32500 35
32494 189
32499 82
32611 38
32546 -171
32676 70
32380 137
32365 92
32482 -61
32454 -21
32438 49
32439 -48
32500 -53
32495 -19
32709 -3
32381 77
32298 41
32585 -101
32304 79
32028 -92
32038 18
32491 -51
32590 -229
32403 -227
32502 -227
32548 25
32443 -29
32345 123
32524 -73
32467 8
32638 30
32503 69
32455 -32
32637 7
32689 142
32690 41
32558 -18
32621 22
32470 135
32487 -144
32476 199
32416 -20
32588 26
32538 124
32504 198
32555 -124
32546 166
32393 -135
32475 30
32207 372
32490 -7
32441 -267
32598 -160
32427 194
32501 -121
32266 -35
32620 183
32533 -49
32659 -128
32490 -86
32495 50
32425 20
32411 114
32499 -4
32549 241
32495 -3
32624 2
32467 -267
32630 92
32528 -32
32445 -105
32490 -185
32622 -40
32616 -60
32616 155
32236 176
32539 51
32344 128
32211 -60
32410 58
32737 0
32151 16
31932 136
32254 -163
32462 -85
32310 67
32381 -135
32713 -202
32429 203
32515 91
32689 14
32434 -39
32261 15
32562 81
32702 -120
32641 37
32435 -73
32270 104
32384 18
32486 -40
32120 103
32074 -2
32185 134
31168 105
31395 -77
31497 -24
32642 63
32524 -46
32571 -71
32426 -39
32434 96
32285 68
32634 -159
32481 106
32542 14
32609 298
32433 -225
32400 -131
32365 -178
32383 -52
32809 -210
32585 6
32564 -113
32538 -181
32646 -111
32633 -169
32331 -214
32597 -35
32580 41
32583 -20
32781 -15
32525 141
32739 -130
32676 26
32375 -28
32566 45
32522 230
32600 87
32399 -122
31925 227
32206 -95
32614 -34
32694 -86
32538 -39
32633 -194
32432 192
32664 -86
32549 -87
32449 191
32719 -21
32790 92
32651 18
32467 20
32578 34
32432 21
32549 85
32728 -20
32634 90
32559 -112
32035 44
32109 -69
32343 -145
32436 65
32602 -55
32623 44
32633 -43
32291 139
32628 -251
32520 -17
32397 224
32377 26
32493 -19
32429 64
32605 -114
32696 50
32553 -43
32741 124
32477 121
32643 -62
32539 -7
32568 -72
32713 131
32275 -76
32319 75
32589 -65
32526 155
32290 50
32561 -75
32467 33
32403 -106
32503 -88
32403 -205
32349 -11
32633 177
32552 47
31907 1
32208 70
32534 180
32249 96
32713 213
32588 400
32394 24
32470 -71
32522 -34
32497 -95
32449 39
32553 47
32465 -195
32585 -68
32317 116
32552 271
32505 203
32527 59
31259 81
30938 47
32145 8
31467 167
30986 66
31068 61
31155 -238
31378 -76
31413 -153
32506 -58
32478 -1
32477 -168
32599 117
32531 162
32585 -112
32589 -212
32669 -125
32385 -177
32655 118
32688 153
32495 229
32567 30
32510 23
32405 -98
32610 115
32767 14
32532 128
32550 -26
32377 39
32580 -60
32458 177
32213 174
32572 -227
32497 -13
32461 -114
32587 11
32493 -104
32276 92
32186 86
32064 119
32036 -71
32234 241
32504 164
32335 38
32681 -52
32627 -195
32704 58
32582 -110
32506 -4
32516 147
32401 188
32497 87
32741 -124
32634 22
32467 15
32317 39
32623 -118
32799 -65
32422 78
32648 236
32425 -3
31834 -142
32278 -87
32592 168
32810 -114
32614 1
32302 -165
32484 -165
32507 223
32380 -73
32465 264
32391 130
32263 -63
32553 -54
32565 -52
32598 -88
32488 -27
32515 87
32474 -109
32449 26
32796 -290
32591 46
32536 142
32652 25
32458 -177
32625 -213
32398 38
32491 32
32476 123
32576 -6
32492 -128
32274 -68
31977 206
32479 -21
32534 -40
32452 -123
32380 73
32628 7
32513 141
32637 25
32486 45
32526 -38
32538 109
32451 5
32466 -112
32484 5
32500 21
32464 -21
32371 158
32477 99
32435 27
32547 36
32620 -32
32610 19
32420 -33
32405 100
32556 104
32502 -25
32441 137
32540 -64
32447 11
32461 138
32503 57
32542 48
32556 21
32435 100
31953 -76
31983 -87
32457 106
32497 -32
32586 -142
32501 -11
32535 35
32378 -38
32556 81
32533 144
32411 25
32447 -30
32641 -45
32487 101
32486 66
32493 48
32245 48
32039 38
32271 -24
32480 39
31835 -54
31919 -20
32452 -141
32527 83
32535 -11
32450 -3
32561 -7
32626 39
32479 189
32465 -79
32528 53
32507 101
32709 36
32494 -10
32529 63
32431 102
32452 16
32400 -146
32502 -5
32549 -69
32458 65
32455 91
32501 25
32531 -21
32531 -35
32391 -93
32494 -20
32441 -46
32544 6
32537 -94
32470 -9
32543 157
32498 78
32598 90
32443 39
32446 10
32471 -9
32016 -67
32001 13
32494 36
32334 -93
32536 34
32592 -24
32574 -101
32608 116
32595 43
32435 -17
32585 28
32388 -27
32525 164
32550 -37
32509 62
32489 65
32719 -175
32602 -47
32057 52
32134 -58
32532 4
32448 -10
32500 42
32386 -135
32548 -9
32483 -147
32500 -52
32433 143
32482 -24
32548 -69
32532 -109
32517 8
32336 67
32535 -15
32369 55
32340 -34
32496 -61
32734 19
32547 -28
32499 -129
32438 -115
32519 43
32525 66
32388 45
32459 71
32380 64
32490 -39
32461 72
32530 -76
32441 6
32433 -102
32498 -23
32506 -47
32613 69
32559 43
32543 -131
32219 -2
31932 -151
32131 47
32555 -126
32522 -14
32493 -116
32398 -26
32372 86
32452 -5
32560 24
32568 70
32469 73
32550 -22
31600 102
31540 33
32057 131
31742 164
31276 79
31205 -178
31958 105
31004 42
30570 -32
30779 -58
31437 -46
31237 100
32218 -138
32397 -76
32488 13
32489 21
32451 -64
32574 -14
32409 -30
32536 -40
32494 -36
32545 90
32605 86
32678 -35
32557 -14
32601 24
32556 11
32491 -16
32608 -16
32363 -103
32645 107
32544 -79
32552 105
32513 40
32669 83
32392 21
32393 -27
32436 -38
32632 74
32487 14
32605 -60
32375 -12
32524 11
32433 56
32478 -99
32075 -81
32015 53
32604 78
32442 -72
32572 -95
32608 -74
32434 -26
32490 -89
32595 75
32613 88
32519 123
32418 58
32447 -12
32570 -18
32508 -19
32523 0
32550 -50
32457 55
32103 54
32125 129
32546 -4
32379 -54
32508 -131
32512 20
32541 -17
32463 -13
32543 9
32556 103
32513 98
32531 42
32531 -61
32490 88
32499 -231
32609 -7
32515 -110
32554 -25
32600 126
32482 73
32407 74
32522 79
32527 128
32553 53
32591 127
32401 52
32499 80
32546 -5
32453 46
32471 -70
32722 -224
32552 11
32531 -19
32577 386
32363 -91
32397 -143
32217 85
32641 -44
32532 -54
32778 191
32474 -20
32319 -373
32620 -169
32480 214
32652 -87
32650 -18
32295 18
32730 -113
32464 239
32551 38
32504 163
32523 -83
32674 -9
32458 -197
32799 124
32236 -168
32459 5
32499 60
32362 61
32638 14
32435 -190
32315 260
32285 60
32694 243
32550 47
32664 106
32649 119
32423 -186
31791 -169
32038 -57
32428 -103
32559 -250
32330 109
32518 331
32549 -4
32531 -6
32499 195
32632 56
32722 228
32731 -26
32606 -207
32441 -25
32428 112
31669 80
32309 -222
32419 27
32683 -68
32518 -13
32430 58
32307 -38
32402 71
32361 -155
32317 207
32517 -34
32597 -30
32819 -291
32417 -62
32512 22
32551 -130
32673 -86
32392 -144
32737 -237
32405 24
32502 -157
32627 -51
32541 -72
32100 -82
32501 -267
32575 -36
32402 -300
32636 -206
32468 -153
32432 -169
32282 20
32369 -64
32374 -253
32621 -228
32222 80
32884 -245
32531 253
32734 -28
32232 93
32541 105
32529 119
32548 -93
32090 0
31754 -29
32362 32
32552 14
32540 -92
32561 -302
32501 78
32784 218
32576 64
32525 48
32512 52
32668 269
32469 12
32717 -71
32259 54
32113 -242
32005 -43
32311 -184
32366 -217
32374 46
32809 -78
32563 5
32510 -31
32572 -381
32457 -59
32324 -70
32389 11
32214 106
32678 22
32444 69
32277 213
32647 -76
32419 -173
32831 209
32442 223
32339 -8
32470 -187
32317 26
32448 -173
32619 -67
32441 196
32596 193
32555 -84
32707 -62
32275 61
32546 20
32666 85
32417 -77
32453 123
32318 -89
32464 21
32529 -228
32473 -266
32474 40
32409 -116
32477 73
32180 55
31883 421
32040 -135
32360 -53
32529 11
32222 46
32408 161
32311 -133
32644 -181
32223 95
32286 88
32375 -219
31225 -160
31386 82
31065 175
30618 61
31214 -23
30983 274
32080 -109
31278 135
31298 50
31250 -14
31828 -25
32424 -124
32381 -120
32463 208
32562 -37
32447 64
32317 -66
32303 -22
32266 -168
32420 -353
32598 -206
32486 -161
32749 199
32586 -264
32449 -275
32911 -37
32677 -229
32414 -193
32518 81
32343 35
32666 -195
32804 90
32275 137
32705 13
32539 112
32408 -108
32556 -33
32560 0
32589 45
32444 79
32607 50
32462 -27
32657 229
32589 242
32369 83
32420 185
32270 211
31726 38
32322 94
32228 -135
32491 76
32370 35
32308 -162
32629 -148
32414 -56
32453 -297
32537 -29
32339 -72
32438 115
32136 -264
32518 -74
32402 -126
31914 28
32365 -2
32454 -172
32207 -257
32566 -126
32535 142
32325 -190
32418 -70
32365 -275
32387 -175
32678 103
32363 -13
32831 263
32667 54
32524 -35
32344 -252
32457 -169
32443 -48
32501 194
32618 7
32529 -10
32437 289
32637 -129
32694 -18
32690 -34
32722 -66
32476 101
32314 -256
32386 190
32571 -1
32534 -88
32453 -280
32331 -122
32363 -167
32365 1194
32679 56
32432 132
32619 15
32476 74
32416 48
32488 46
32592 38
32488 108
32525 12
32551 55
32420 -89
32406 -63
32585 120
32496 -55
32651 10
32520 -16
32375 -77
32464 79
32510 122
32663 -72
32521 -9
32417 -7
32398 7
32585 -154
32701 275
32484 24
32425 -153
32579 42
32722 114
32586 -29
32525 -102
32528 -3
32595 1
32447 -85
32519 86
32372 19
32141 57
32322 -14
32538 -53
32616 -130
32403 -80
32436 -110
32687 8
32367 178
32409 -108
32403 -12
32444 16
32167 40
31948 105
32168 157
32461 125
32312 -41
32486 8
32607 7
32412 -53
32557 -121
32654 -107
32633 165
32532 39
32661 -73
32569 -52
32566 67
32458 93
32522 -42
32445 6
32495 -74
32358 16
32263 22
32388 62
32617 45
32456 -142
32387 49
32430 59
32381 -58
32434 -87
32589 -41
32638 -64
32538 265
32511 -284
32498 -13
32414 -194
32390 -6
32662 32
32431 11
32365 -84
32384 174
32604 118
32325 -19
32346 244
32580 117
32448 -61
32440 -173
32516 152
32124 114
32074 49
32392 -278
32532 137
32677 30
32734 160
32745 159
32506 76
32543 90
32505 104
32456 -100
32475 -113
32242 -62
32191 -118
32045 -186
32478 -61
32541 19
32360 -142
32446 63
32549 -110
32533 8
32475 -142
32493 -214
32604 7
32716 118
32636 -114
32491 197
32434 -137
32514 53
32420 -128
32424 -38
32670 -38
32474 -2
32446 -120
32469 97
32454 -7
32557 -35
32429 -126
32336 -177
32528 59
32263 9
32609 -124
32632 -56
32447 73
32385 59
32332 -86
32625 98
32606 49
32493 61
32500 -59
32407 68
32442 -69
32630 -11
32462 92
32620 176
32355 152
32007 82
32014 -161
32473 -47
32470 129
32560 204
32361 -30
32543 52
32641 87
32451 78
32474 135
31209 192
31563 62
31816 8
30998 70
31037 -41
30827 -146
31719 -94
30849 12
31255 213
32052 -34
32362 68
32569 -3
32549 -83
32478 75
32696 -128
32447 3
32635 38
32192 67
32441 -134
32484 -24
32352 65
32422 -71
32595 -28
32398 162
32588 24
32308 -205
32418 83
32438 318
32570 101
32480 -280
32451 -47
32509 -201
32411 68
32689 -100
32502 -96
32551 -3
32470 -33
32671 29
32702 42
32306 68
32341 68
32456 -77
32635 47
32535 47
32529 -2
32597 44
32342 -83
32175 215
32015 259
32007 173
32428 -57
32550 110
32406 103
32553 80
32435 96
32438 38
32470 79
32410 -13
32689 23
32458 -4
31972 97
31903 -247
32286 69
32547 -28
32646 82
32323 113
32615 101
32446 263
32545 51
32464 -106
32280 -257
32380 109
32667 200
32370 132
32517 -57
32580 -94
32570 -37
32416 181
32498 -10
32526 -175
32428 86
32460 -169
32447 42
32596 36
32460 19
32515 173
32468 -38
32463 -15
32565 -10
32569 153
32648 51
32276 14
32695 34
32488 -179
32493 -131
32491 47
32383 1039
32439 -186
32492 20
32613 -211
32597 8
32513 88
32673 -190
32437 -223
32392 115
32695 97
32356 172
32566 -69
32498 33
32625 -46
32503 -245
32625 213
32566 99
32378 253
32533 243
32505 -153
32358 306
32608 183
32499 87
32661 173
32411 141
32226 -63
32358 23
32419 22
32575 -29
32492 -123
32466 -88
32374 -83
32506 -126
32335 214
32453 -97
32575 115
32570 48
32135 -66
32134 -42
32064 20
32495 -33
32608 -107
32298 76
32476 -102
32404 48
32613 34
32638 26
32188 45
31580 -5
32243 156
32633 49
32456 49
32685 -18
32582 69
32412 -322
32674 70
32536 295
32459 -45
32594 17
32499 30
32550 -6
32469 -135
32422 34
32282 235
32431 -85
32722 -158
32526 12
32311 40
32416 106
32653 -160
32702 95
32637 149
32421 318
32183 209
32487 -54
32402 -150
32541 -16
32456 2
32711 53
32484 116
32558 -203
32665 119
32335 -55
32708 -20
32355 169
32446 -129
32853 -25
32781 12
32499 228
32470 70
32496 54
32440 115
32652 -83
32566 236
32192 71
31893 178
32227 163
32526 186
32441 -32
32570 128
32670 -89
32567 -240
32575 100
32342 96
32629 -75
31876 -80
32215 -52
32394 -176
32313 58
32394 137
32572 48
32518 92
32256 89
32434 155
32489 -92
32446 3
32465 263
32319 -92
32447 -128
32123 -73
32443 217
32388 99
32305 34
32836 -15
32528 -78
32581 -100
32555 5
32543 36
32428 -209
32458 41
32496 -50
32710 -105
32532 53
32363 -18
32541 86
32534 155
32422 25
32601 86
32632 -132
32333 -27
32477 116
32490 -175
32452 133
32343 201
32378 82
32567 119
32572 207
32666 0
32333 161
32718 162
32358 41
31954 28
32057 57
32569 87
32627 -50
32644 55
32483 219
32521 163
31750 175
31399 110
30884 -195
30538 10
31374 -115
31228 -21
31808 25
31764 -19
32287 -16
31455 271
31762 76
32469 75
32663 -5
32564 163
32462 -117
32302 38
32522 0
32527 70
32188 -31
32358 32
32426 -56
32366 -28
32464 39
32238 -93
32725 -98
32482 -35
32666 -18
32503 60
32507 -127
32482 -93
32311 -141
32306 121
32539 75
32545 6
32407 158
32433 -132
32640 125
32662 -59
32506 -281
32679 -314
32594 -15
32527 107
32396 -9
32524 99
32541 -69
32508 44
32506 -83
32338 -57
32522 273
32579 -76
32682 -29
32140 75
31950 44
32380 123
32640 69
32342 -171
32441 -13
32608 113
32657 -8
32604 192
32104 -1
31856 95
32049 -8
32263 -25
32536 -111
32504 128
32608 -80
32161 -83
32202 -191
32499 -14
32410 109
32609 -129
32263 1
32496 93
32616 -157
32340 -58
32660 196
32695 -116
32582 -112
32458 140
32291 130
32276 14
32508 -111
32663 -52
32601 77
32609 1
32513 -96
32525 86
32542 -48
32426 104
32369 -30
32632 60
32559 -22
32760 29
32584 -231
32633 -103
32197 -71
32471 66
31704 374
32445 -32
32589 -88
32369 58
32581 -140
32756 43
32482 -64
32611 -2
32580 135
32454 -134
32621 -28
32694 42
32482 -78
32442 -152
32345 -39
32623 7
32501 126
32479 55
32543 45
32613 6
32535 -13
32506 -7
32503 -29
32676 31
32442 18
32519 112
32500 -78
32535 -14
32380 24
32392 -135
32494 1
32551 -8
32657 -23
32478 20
32404 -79
32506 -96
32570 -61
32424 -6
32422 -122
31853 58
32214 83
32680 40
32627 57
32571 21
32455 10
32482 -170
32041 -215
31951 9
32332 -54
32532 71
32535 -151
32444 204
32490 14
32430 -8
32607 38
32509 4
32500 -128
32519 17
32445 -77
32475 -9
32388 108
32418 40
32525 103
32747 6
32410 7
32631 -31
32445 24
32566 104
32603 -12
32514 -48
32579 -27
32506 -143
32467 -42
32625 -84
32466 -306
32515 -40
32548 -79
32451 59
32723 38
32613 -130
32399 0
32394 -39
32402 93
32681 -36
32611 45
32438 -18
32559 -82
32539 -19
32460 50
32551 59
32554 -63
32525 33
32449 37
32488 -64
32577 -54
32449 -11
31999 -77
31715 24
31801 17
31746 22
31394 -40
31357 -26
31161 300
31113 25
32073 -64
31943 84
32575 15
32386 -105
32461 25
32622 129
32641 40
32471 3
32557 83
32644 -129
32412 -55
32582 66
32362 -29
32552 -29
32468 178
32496 7
32627 -11
32483 -19
32418 26
32525 -66
32375 -14
32523 -76
32553 -49
32529 33
32443 43
32626 178
32450 -194
32387 28
32634 -6
32459 -42
32557 33
32488 93
32522 147
32401 0
32587 -48
32546 130
32527 129
32432 -56
32612 105
32484 31
32504 16
32591 -85
32636 -38
32409 -45
32552 -42
32579 91
32566 42
32607 59
32046 171
31963 -28
32379 48
32607 -73
32012 -135
31488 56
31118 153
31144 51
31040 -149
31613 -102
31023 135
31565 -28
31225 13
30982 142
31921 -55
32635 -38
32563 -30
32404 -117
32425 96
32526 65
32372 48
32487 17
32608 77
32499 117
32495 131
32321 -74
32450 43
32497 -44
32456 -51
32471 -11
32561 -5
32440 -56
32329 -73
32441 12
32437 -112
32341 11
32619 -126
32558 -3
32487 -62
32458 22
32558 -3
32473 204
32626 -52
32657 -28
32300 -54
32605 -166
32607 -58
32377 99
32651 70
32704 45
32553 -20
32446 32
32476 -59
32571 -84
32434 -57
32399 -117
32445 114
32400 -99
32162 73
31814 -62
32136 7
32616 66
32540 -121
32434 -47
32550 38
31940 -24
31971 31
32392 -16
32428 -102
32542 11
32502 -58
32714 -31
32381 45
32370 60
32364 83
32544 -74
32567 -57
32444 -98
32557 34
32504 49
32705 5
32422 -72
32484 37
32509 -15
32473 12
32427 -2
32500 153
32423 141
32497 53
32615 2
32834 -4
32477 -99
32589 -81
32419 69
32613 9
32586 92
32468 -40
32463 26
32450 16
32537 -47
32532 -131
32474 95
32348 21
32612 -42
32200 -150
32336 -167
32701 26
32409 100
32636 14
32439 -131
32396 25
32481 68
32172 -108
32329 -44
32569 -86
32429 132
32399 155
32418 -6
32631 -25
32538 61
32542 -37
32736 -63
32724 201
32451 -81
32608 140
32455 -29
32547 36
32286 -71
32875 -261
32417 226
32593 70
32484 -264
32441 44
32312 -6
32449 161
32268 75
32484 -181
32875 -111
32512 -7
32610 -88
32552 60
32472 142
32441 337
32453 -101
31616 -117
32059 -49
31443 -95
31466 58
32453 214
32104 -69
32113 -218
32519 -17
32487 84
32616 -44
32594 190
32655 -25
32407 143
32483 92
32377 66
32557 90
32438 181
32339 -4
32479 -211
32466 68
32434 -239
32620 -81
32588 49
32596 -28
32479 183
32375 -10
32687 -84
32859 -79
32359 30
32166 -37
32523 55
32479 -115
32427 200
32178 271
32515 -75
32374 -20
32429 -309
32573 221
32632 15
32464 -41
32681 61
32330 169
32416 181
32569 -76
32668 -44
32302 24
32391 -52
32645 -212
32205 163
32373 -71
32408 -165
32278 228
32379 -192
32379 149
32345 58
32416 -18
32187 -85
27110 149
24794 102
24978 271
24984 39
24648 111
24404 159
25182 148
31084 -117
32424 4
32596 -77
32478 -191
32370 47
32601 138
32472 20
32425 190
32311 41
32543 -24
32535 57
32198 -65
32363 60
32556 -101
32457 20
32390 78
32449 -53
32411 15
32645 212
32625 -146
32558 -68
32775 -150
32690 -169
32489 -35
32502 -191
32431 4
32404 75
32806 75
32649 48
32601 -25
32619 -86
32568 72
32578 268
32398 95
32413 -78
32427 -37
32533 125
32525 15
32582 58
32436 -130
32399 -189
32474 -54
32585 54
32540 125
32590 192
32736 -26
32567 -217
32694 -52
32562 110
32236 -129
32633 -71
31787 -1
31211 7
30687 99
30924 -6
31021 -42
31145 -144
31687 135
30993 -126
31129 -217
31716 101
31742 224
32198 -115
32690 40
32492 284
32235 113
32366 130
32569 47
32490 40
32591 57
32385 -96
32602 276
32358 17
32470 -210
32443 -47
32522 74
32680 147
32307 83
32500 -75
32400 -115
32452 101
32511 -10
32736 20
32554 -38
32593 -178
32532 88
32459 -83
32413 -155
32456 161
32619 33
32567 -11
32472 -49
32371 18
32221 -30
32467 -253
32279 -24
32496 -62
32662 31
32709 -95
32563 247
32560 46
32471 -80
32221 49
32664 -155
32425 39
32367 139
32742 267
32386 -115
31785 81
31235 103
31057 -237
31855 171
32089 102
31921 208
32452 -36
32483 -238
32807 53
32619 -94
32414 36
32477 -331
32679 -110
32486 147
32512 78
32373 -112
32502 15
32411 297
32519 -17
32643 -36
32448 -106
32294 12
32378 0
32396 -82
32377 -102
32442 -345
32577 200
32494 179
32394 -1
32578 -216
32651 -52
32374 89
32459 -279
32717 56
32537 -47
32542 270
32381 172
32605 114
32583 -160
32570 -13
32564 -278
32436 -272
32512 24
32338 10
32155 1140
32299 -74
32594 17
32645 -43
32417 -93
32568 -31
32552 -4
32569 -66
32601 -145
32436 17
32502 195
32494 35
32398 175
32485 0
32561 -51
32387 50
32523 -94
32420 -108
32810 -1
32472 -56
32406 95
32536 -21
32524 106
32463 136
32451 35
32459 172
32539 67
32464 23
32540 -26
32298 -123
32390 106
32513 74
32486 -92
32544 -273
32479 -109
32455 54
32454 44
32529 166
32514 29
32428 105
32181 108
30570 11
30488 111
30162 83
31903 32
32320 -61
32434 73
32490 -62
32413 -4
32529 -106
32585 1
32454 -133
32527 -132
32481 100
32692 -11
32418 -91
32439 -1
32474 -13
32616 54
32413 -1
32384 -31
32476 -62
32463 -29
32583 70
32500 43
32392 -108
32474 -64
32531 -75
32572 -42
32418 17
32569 -10
32525 -113
32514 11
32653 -43
32551 -5
32498 160
32450 16
32698 -62
32405 -134
32358 139
32488 61
32441 101
32539 -41
32535 56
32552 164
32533 72
32450 -187
32414 59
32439 157
32555 116
32483 68
32524 143
32466 86
32504 125
32569 -42
32608 -52
32023 45
25173 144
23636 -6
24753 -156
25146 -49
23560 72
23393 -52
24736 162
31642 -85
32593 -125
32439 8
32550 139
32568 -43
32474 13
32633 -63
32552 124
32573 -24
32398 40
32385 -58
32314 122
32444 20
32603 -93
32474 23
32545 124
32378 -76
32356 61
32377 -2
32413 85
32370 -47
32527 -93
32558 -13
32495 67
32579 -38
32528 -149
32564 86
32492 -34
32421 10
32470 32
32522 41
32428 -36
32494 56
32560 -90
32618 -84
32335 222
32595 -37
32617 44
32465 113
32452 -68
32424 67
32436 -99
32478 -125
32651 -189
32498 42
32456 40
32606 -41
32453 56
32534 89
31960 65
31729 15
31467 -2
31443 -6
31387 132
31514 -2
31298 78
31211 60
31047 -85
31394 -68
31592 93
32157 -142
32579 -118
32543 -26
32476 -96
32569 87
32452 -53
32422 -10
32624 44
32521 -205
32576 -169
32623 -14
32503 195
32455 135
32462 -97
32442 -4
32425 42
32408 -4
32665 9
32352 18
32506 -2
32470 -14
32570 103
32499 -131
32485 18
32560 -136
32677 -72
32474 84
32388 17
32361 163
32519 6
32391 14
32431 -73
32521 -162
32533 14
32438 -2
32536 80
32702 58
32394 -164
32454 -10
32619 57
32500 9
32562 -1
32653 157
32648 -166
32398 -187
32549 -135
32609 -15
32523 -75
31265 -18
30177 2
30275 -116
31353 -27
32346 99
32336 292
32438 62
32498 88
32441 -184
32476 5
32424 70
32502 -113
32702 -125
32386 -133
32451 22
32620 -189
32651 -17
32583 71
32450 40
32518 -17
32506 -72
32428 -100
32422 36
32372 -58
32464 16
32460 85
32592 141
32585 45
32370 53
32734 6
32484 47
32464 235
32492 14
32534 -30
32543 -70
32384 -46
32529 98
32388 143
32542 -55
32411 -14
32476 -43
32470 -5
32541 43
32480 57
31917 48
32306 -33
32544 -69
32356 64
32376 127
32481 -7
32428 112
32541 -128
32515 -102
32415 -101
32616 67
32612 30
32452 96
32323 108
32377 56
32395 91
32276 -90
32559 86
32481 -184
32425 33
32551 6
32430 -86
32490 68
32734 -340
32263 111
32422 244
32527 36
32415 -122
32388 90
32397 -184
32620 -117
32465 189
32498 -29
32491 118
32336 -153
32525 191
32600 -271
32545 63
32635 260
32542 -130
31810 64
30188 125
30577 -40
31107 136
31459 -3
32432 -168
32508 -35
32378 -26
32407 -143
32636 -169
32556 198
32479 -50
32432 13
32329 -74
32548 -234
32358 -21
32512 20
32272 215
32562 56
32589 -78
32613 444
32372 -111
32366 -24
32446 51
32483 -13
32558 -70
32567 -72
32393 -50
32487 355
32386 -62
32321 -399
32425 11
32535 -15
32555 -24
32282 -7
32623 -102
32469 -16
32473 -173
32295 181
32456 -141
32599 -126
32589 32
32305 14
32525 82
32554 -74
32488 -14
32681 83
32331 -39
32541 282
32568 -44
32585 -150
32599 173
32671 23
32491 -115
32464 68
32625 -92
31285 179
24829 167
24503 124
25714 -174
24358 66
23500 276
23344 -109
25519 167
31984 -4
32429 133
32547 62
32538 -18
32523 -192
32593 146
32425 -16
32763 -74
32350 -81
32634 7
32338 -32
32652 -7
32443 56
32674 -76
32618 -130
32589 30
32547 -48
32605 14
32474 22
32535 -29
32293 12
32327 69
32637 -68
32613 -226
32629 -89
32641 125
32563 26
32560 158
32604 -40
32444 -68
32473 133
32656 73
32466 -83
32332 -25
32401 107
32377 -85
32419 -141
32614 183
32806 -31
32528 4
32425 155
32560 -75
32656 32
32762 16
32517 121
32307 142
32395 -312
32570 127
31446 321
31532 -55
31277 46
30929 6
30938 -95
31401 -58
32095 117
31731 -31
31393 108
31377 15
31261 -145
32281 145
32514 119
32607 28
32365 57
32593 -170
32577 -97
32233 66
32401 67
32532 37
32464 -55
32378 -84
32721 101
32683 -217
32778 167
32372 106
32434 -41
32297 111
32418 -190
32381 -169
32548 -82
32273 -51
32359 -40
32593 210
32471 152
32655 130
32673 -131
32549 43
32651 58
32691 59
32271 -69
32610 -60
32465 13
32326 -51
32411 53
32397 -40
32373 -166
32485 -99
32507 9
32290 73
32501 -63
32614 -34
32548 86
32408 -152
32525 176
32374 83
32432 -57
32539 43
32586 34
32366 78
30492 74
30279 -18
31497 58
30793 -113
31548 294
32619 -9
32661 120
32513 -132
32513 219
32386 -158
32473 151
32439 -76
32581 44
32588 274
32447 -157
32601 -140
32381 -185
32338 123
32550 -4
32478 159
32483 -12
32325 20
32356 96
32528 -121
32539 57
32667 39
32473 -148
32429 233
32509 45
32682 -287
32656 -17
32557 85
32529 260
32628 67
32660 96
32419 -56
32669 224
32602 -2
32537 80
32729 198
32719 -75
32274 -47
32462 -84
32405 -71
25052 -54
25738 44
25823 -38
25786 -14
25894 -46
25885 -39
25807 60
25787 -22
25864 41
25829 -19
25962 44
25860 -93
25848 119
25872 63
25837 97
25835 112
25862 13
25876 33
25918 113
25838 -7
25934 -27
25824 84
25760 101
25753 5
25990 35
25780 113
25823 103
25820 64
25920 72
25857 -6
25885 62
25880 141
25911 52
25867 4
25863 104
25879 1
25779 40
25863 -40
25886 -72
25851 -41
25497 107
24877 -40
25167 -38
24262 87
23441 -3
25123 -173
25794 -37
25807 -39
25725 141
25848 -113
25817 5
25894 14
25789 81
25854 184
25794 -8
25745 67
25885 -35
25896 40
25836 141
25724 135
25955 -25
25791 -85
25913 135
25844 34
25738 6
25787 60
25860 101
25921 7
25899 71
25775 104
25755 87
25839 17
25869 63
25839 -65
25836 130
25822 -82
25701 48
25761 158
25807 48
25799 129
25745 -93
25808 56
25804 103
25835 -3
25734 -27
25816 -2
25716 -4
25904 40
25857 61
25726 43
25798 -76
25914 158
25836 39
25796 9
25873 75
25783 -54
24573 114
18603 -20
18534 -93
18760 -42
18052 -30
19199 35
18248 33
20339 65
25500 -102
25800 44
25832 -115
25806 -50
25901 38
25829 50
25853 63
25921 -49
25807 45
25874 97
25822 -54
25814 -50
25853 -25
25861 -94
25756 -36
25882 11
25909 -34
25848 -45
25928 102
25842 -56
25821 67
25864 14
25877 -47
25814 -64
25799 12
25806 36
25850 137
25873 -7
25872 4
25744 12
25829 -41
25906 75
25923 53
25817 63
25830 -63
25734 121
25797 122
25884 35
25885 -22
25839 18
25868 40
25791 -74
25861 -12
25917 59
25073 1
24373 79
25379 70
25064 -99
24830 -10
24578 -26
24306 -17
25022 -52
23802 26
24783 -41
24910 161
25059 -37
24305 -34
24836 -13
25530 -34
25799 -19
25809 -34
25783 41
25801 143
25819 -115
25925 103
25903 113
25869 73
25836 -88
25775 34
25709 127
25890 50
25758 -46
25850 3
25932 94
25837 -111
25856 -105
25888 -19
25793 20
25729 69
25773 231
25738 19
25831 -34
25847 -113
25787 37
25840 42
25720 64
25877 196
25893 -103
25823 7
25806 -59
25873 85
25891 37
25939 47
25808 53
25759 54
25831 35
25852 135
25828 -31
25703 15
25902 -7
25772 85
25810 82
25875 -60
25894 -6
25853 30
25786 2
25808 -8
25853 -8
25029 135
24681 31
24346 106
23850 88
24466 28
25830 -44
25867 51
25770 10
25893 -23
25759 -45
25856 112
25789 -52
25897 -77
25860 -81
25831 53
25950 84
25823 58
25806 -21
25831 -79
25911 -73
25864 66
25821 -19
25897 21
25754 -29
25757 28
25718 64
25746 20
25956 -28
25711 60
25742 13
25770 -105
25812 122
25862 130
25905 -14
26003 -186
25793 -20
25919 161
25783 20
25851 -99
25944 -45
25855 -6
25848 -26
25990 132
25924 -72
-14071 -539
-14245 142
-14335 17
-14421 -13
-14317 113
-14209 -206
-14445 315
-14481 134
-14365 210
-14303 246
-14095 -103
-14251 -28
-14035 212
-14390 -29
-14356 -246
-14149 204
-14424 -31
-14375 -64
-14426 159
-14341 -57
-14550 -46
-14150 -348
-14134 422
-14098 48
-14262 -135
-14247 530
-14226 -35
-14220 -122
-14569 40
-14315 -22
-14093 -40
-14151 68
-14274 -67
-14459 454
-14256 -138
-14468 296
-14325 175
-14373 135
-14220 -47
-14290 -34
-14296 185
-14238 -313
-14205 -19
-14482 324
-14843 252
-14416 -231
-14464 155
-14508 303
-14287 216
-14099 -72
-14254 313
-14457 275
-14340 303
-14333 -118
-13919 -310
-14608 374
-14279 -107
-14546 258
-14252 31
-14322 254
-14143 148
-14281 57
-14093 -37
-14122 -17
-14360 22
-14364 153
-14424 -40
-14318 -290
-14234 36
-14155 -10
-14462 218
-14309 279
-14390 75
-14340 12
-14337 -154
-14497 -98
-14392 37
-14389 168
-14521 21
-14568 77
-14299 44
-14265 137
-14262 76
-14099 166
-14421 -63
-14132 119
-14250 324
-14273 -128
-14260 210
-14308 186
-14308 199
-14143 0
-14079 -158
-14243 47
-14152 -22
-14569 79
-14680 132
-15434 88
-15301 -134
-15577 127
-15073 -98
-15070 160
-15418 -171
-14848 -13
-14168 13
-14330 208
-14499 163
-14515 179
-14294 138
-14061 -19
-14245 234
-14472 243
-14510 145
-14464 -2
-14126 233
-14301 -32
-14282 -168
-14325 -21
-14423 46
-14332 -305
-14232 -246
-14380 -142
-14263 147
-14545 111
-14204 209
-14357 168
-14170 -125
-14606 85
-14352 -186
-14402 -283
-14057 -195
-14260 -20
-14298 -55
-14434 200
-14323 156
-14461 -150
-14248 6
-14149 242
-14378 65
-14001 292
-14128 -148
-14497 -9
-13985 -8
-14166 140
-14449 128
-14497 171
-14246 -126
-14107 -60
-14251 160
-14396 5
-14548 -6
-14570 126
-14263 43
-14627 270
-14546 113
-14207 -109
-14480 -295
-14197 45
-14499 178
-14451 167
-14319 -49
-14306 205
-14276 -20
-14274 -145
-14337 13
-14342 1
-14084 376
-14085 6
-14116 55
-14264 8
-14170 -6
-14342 -47
-14252 83
-14406 18
-14174 -133
-14381 60
-14173 205
-14147 235
-14422 -135
-14140 54
-14367 -99
-14509 92
-14113 -4
-14236 91
-14239 -74
-14219 228
-14271 166
-14268 249
-14120 -63
-14586 41
-14286 -8
-14384 -149
-14362 194
-14350 2
-14361 39
-14272 -82
-14451 32
-14160 8
-14235 276
-14257 138
-14225 18
-14409 87
-14186 109
-14241 153
-14232 141
-14343 1
-13968 144
-14360 -170
-14415 -56
-14354 284
-14343 -48
-14394 114
-14345 89
-14268 182
-14666 91
-14430 -79
-14502 33
-14355 60
-14252 -100
-14408 -267
-14389 -26
-14400 130
-14200 -29
-14328 -54
-14224 89
-14274 498
-14527 90
-14119 94
-14123 88
-14366 -158
-14418 -81
-14429 -38
-14032 152
-14769 216
-14414 426
-14575 143
-14284 323
-14325 114
-14458 123
-14244 -144
-14321 223
-14162 81
-14327 281
-14178 158
-13902 27
-14089 -291
-14440 100
-14557 62
-14227 -33
-14433 106
-14556 7
-14354 -153
-14138 -255
-14533 -52
-14047 -29
-14197 67
-20156 1685
-21080 -75
-21106 -40
-21110 -165
-20929 20
-20893 -59
-20900 238
-21039 29
-20976 95
-20831 -56
-21139 -110
-21061 -203
-20890 33
-21024 -108
-20651 -31
-21023 154
-21007 -11
-20949 -22
-20906 20
-21088 -13
-21068 -68
-20848 2
-21007 -43
-20961 95
-20774 -83
-21145 15
-20860 -67
-21051 38
-20867 -33
-21049 269
-21048 -173
-20906 -282
-20935 -250
-21004 -63
-20955 -193
-21052 -82
-21015 -105
-20996 78
-20981 -66
-21119 9
-20912 122
-21058 38
-20936 -116
-20962 33
-20950 -57
-20976 170
-21095 -69
-20917 55
-21028 -56
-20988 -112
-21114 16
-21148 -24
-21009 50
-21043 -56
-21019 -54
-20949 340
-20813 -82
-21065 -58
-20864 136
-20926 14
-20806 80
-21065 53
-20903 -122
-20766 -90
-21082 -66
-21025 72
-21021 95
-21049 -256
-21019 60
-21051 -95
-21112 31
-21093 6
-20986 159
-20961 -38
-21087 2
-21004 -165
-21079 -127
-20805 100
-21083 71
-21090 -96
-21069 -137
-21035 -43
-21050 15
-20903 0
-21006 -50
-21053 -138
-21031 -219
-20935 72
-21019 37
-20895 -44
-20851 -15
-20988 -93
-21106 -46
-20907 -65
-20997 198
-21080 -67
-20938 25
-21046 53
-21228 -12
-20814 86
-20914 -80
-20881 3
-20931 114
-20969 -73
-21107 87
-20881 2
-21068 0
-20958 -7
-21177 7
-20873 -45
-21037 27
-20831 26
-21044 45
-20910 -99
-21178 195
-20956 44
-21124 141
-21060 77
-21086 -17
-20960 12
-20974 42
-21043 -179
-21146 -74
-21051 -82
-20885 72
-21108 -11
-21030 55
-21145 -166
-20916 -100
-21119 99
-21146 -49
-21103 243
-21178 -76
-20817 141
-21068 136
-21022 98
-20922 95
-20969 -126
-21117 -162
-20966 6
-21016 -176
-21041 190
-20870 -15
-20931 -237
-20765 22
-21115 -128
-21023 28
-20903 -144
-20843 90
-20849 79
-20840 52
-20989 87
-21055 -40
-21067 80
-20921 -123
-20949 -26
-21020 -27
-20862 70
-21053 -43
-20701 32
-21118 -151
-21134 75
-20954 -231
-21041 -174
-21030 68
-20924 43
-20937 -82
-21056 108
-20919 -59
-20958 41
-21020 33
-21098 -113
-20877 175
-20722 27
-21098 -95
-20888 56
-21049 -20
-21009 93
-21043 -12
-20787 -4
-20979 -155
-21009 -11
-21085 40
-20620 -115
-21143 -16
-20990 -72
-20976 111
-20871 2
-21121 -155
-20891 90
-20924 -139
-20935 21
-20999 291
-20893 -74
-21124 -15
-20848 160
-21097 -145
-20901 118
-21106 5
-21000 117
-20844 -50
-20958 -87
-20845 -181
-21024 -8
-21051 24
-20924 169
-20982 72
-20937 105
-20958 -82
-20841 -146
-20943 -108
-20944 -31
-20872 -10
-20739 -35
-20993 -49
-20898 -94
-21103 -65
-20990 26
-21017 80
-20836 9
-21187 -121
-21171 137
-20960 -21
-21038 -107
-20955 -101
-20993 30
-20813 -36
-20706 99
-20869 47
-21010 20
-20974 -63
-21143 -82
-20952 20
-21138 -9
-20958 135
-20895 70
-21216 -81
-21027 -94
-20957 -15
-20998 -6
-20938 -80
-20958 93
-20877 43
-20937 -33
-20890 -68
-21034 -7
-21045 29
-20984 33
-20943 -157
-20957 -142
-20953 66
-20942 -1
-21216 -17
-21088 -56
-21082 -190
-20854 -73
-19927 1446
-20663 112
-20875 252
-21070 6
-20836 -17
-20963 -51
-20947 -16
-21092 -39
-21019 5
-21132 -143
-20865 150
-21095 48
-20903 14
-20895 -83
-20904 -256
-21078 319
-20789 -1
-20965 119
-20900 0
-21034 193
-21084 374
-20850 -682
-21137 -176
-21002 -144
-20921 -364
-21302 418
-20850 -189
-20874 -193
-21212 -13
-21028 -34
-20995 -156
-21030 306
-20955 -94
-20908 -139
-21034 -15
-21369 158
-20770 132
-21054 210
-21104 -3
-20949 12
-21243 22
-21130 -265
-21027 -133
-21013 388
-20871 -91
-21010 -22
-21013 -16
-20964 -83
-21121 321
-20981 -95
-20870 20
-20921 206
-20742 280
-21024 -7
-20852 -213
-21025 50
-20715 39
-20918 106
-21022 15
-20902 -246
-20990 -50
-20846 118
-20841 -225
-21126 -40
-21022 -17
-20762 32
-20962 -5
-21227 168
-21023 187
-21148 -69
-21099 95
-21167 189
-21058 310
-21051 -121
-21169 -101
-20669 -243
-21058 41
-20866 70
-20898 36
-21096 70
-20946 -280
-21013 -28
-20862 201
-21042 -135
-21031 144
-21057 -27
-20797 95
-21013 -224
-20985 177
-21068 93
-20843 -125
-20909 310
-21326 16
-21077 4
-21126 13
-20865 108
-20910 38
-21073 136
-21005 128
-20922 128
-20868 -125
-20803 63
-20808 47
-20966 145
-20777 -65
-20821 74
-20909 145
-21249 -198
-20982 96
-20713 -129
-20730 -168
-20924 92
-21102 -8
-21045 -55
-20910 115
-21222 -11
-21149 89
-20981 -15
-21170 143
-21091 56
-21040 -11
-21312 -61
-21031 -290
-20964 10
-20999 -49
-20831 68
-20913 56
-21117 414
-20968 85
-20887 -109
-21024 -17
-21077 161
-20919 -146
-20854 86
-20987 41
-20785 -84
-21022 30
-20738 -85
-21080 71
-21130 -120
-21059 137
-20825 10
-20749 -186
-20972 -98
-20917 100
-20892 -55
-20902 9
-20933 -118
-20899 -46
-20973 -87
-21102 85
-20817 197
-20953 -208
-20886 59
-20985 23
-20934 132
-21020 117
-20859 -129
-20946 161
-21091 -1
-21049 69
-20948 102
-21150 163
-21100 -30
-20919 -51
-21119 -34
-20790 42
-20975 -146
-20841 -44
-20591 147
-20780 -133
-21044 44
-20892 137
-21069 83
-20927 31
-20892 -143
-20951 -202
-20994 30
-21253 -15
-21037 -122
-20830 -26
-21057 44
-21006 41
-21000 -64
-21071 32
-21005 15
-21147 -104
-21179 -33
-20868 103
-20979 -50
-21012 -54
-20842 -108
-20935 -14
-21026 -79
-21103 4
-20988 -102
-20953 -174
-21084 75
-21056 32
-21028 72
-21175 -204
-21029 -50
-20988 59
-20893 -111
-20852 81
-20910 -62
-20829 -103
-20987 135
-20964 -186
-20915 -1
-20994 -17
-21029 -28
-20843 -43
-20940 -104
-21058 1
-20868 59
-20881 -88
-21160 -275
-21023 66
-20819 -90
-20817 -60
-20915 -57
-20904 40
-21004 -143
-20978 -246
-21112 -8
-20953 30
-21135 -283
-20815 -59
-20893 93
-21001 2
-20812 -21
-21179 -147
-20896 122
-20824 124
-20991 -58
-20913 -126
-20891 188
-20871 25
-20940 200
-20932 8
-20962 38
-21091 -7
-20891 -138
-21121 -79
-20870 -72
-20935 -251
-20912 -103
-20966 -184
-20858 148
-21158 9
-20938 89
-20960 -32
-21004 -178
-20915 -34
-21161 198
-21313 872
-20705 -150
-20907 -35
-21130 -16
-21064 -53
-20906 92
-21051 136
-21036 -25
-20941 78
-21003 156
-20821 -168
-20958 -319
-20979 31
-21016 195
-20911 -117
-21120 -61
-20884 -36
-21167 -117
-20921 -128
-20964 -156
-20997 163
-20838 -135
-21124 60
-21058 96
-20875 -201
-21120 62
-21015 -97
-20919 -86
-20982 72
-21076 80
-20908 -120
-21120 41
-20888 -60
-21060 -19
-20832 -71
-20810 115
-20925 102
-20794 -113
-20924 -57
-20983 -57
-21107 22
-20893 47
-20941 -64
-21026 44
-20995 -20
-21014 -154
-21007 97
-21008 -39
-21020 7
-21009 79
-20880 -153
-21012 -159
-20958 104
-20873 142
-20848 -79
-21033 317
-20846 -37
-20942 -65
-21037 33
-20918 80
-20876 82
-20972 17
-20847 -50
-21092 123
-21051 -96
-20934 -138
-20811 28
-21005 -77
-21040 51
-21021 185
-21017 -79
-20950 -33
-20816 -138
-20951 124
-21039 -31
-21036 -123
-20871 72
-21083 52
-21060 -69
-20957 -9
-21031 -171
-21044 -15
-20920 1
-20919 -92
-20941 -59
-21069 70
-20838 -76
-20863 -50
-20941 86
-20880 77
-21055 -37
-20867 30
-21018 46
-20967 -198
-21087 112
-21028 -38
-21035 -130
-21100 -33
-20938 69
-21027 -64
-20926 40
-20997 115
-20900 -21
-20900 -60
-20907 -20
-20804 29
-21160 -52
-20933 14
-20987 -111
-20940 -95
-21047 -193
-20899 -90
-21024 79
-21014 -54
-21082 40
-21015 -92
-20907 -74
-20968 -167
-21029 50
-20819 90
-20969 50
-20990 100
-20909 64
-20951 -66
-21027 19
-20966 0
-20984 2
-20983 126
-21029 -92
-20888 -59
-21081 110
-21013 89
-20933 -80
-20928 -2
-20984 24
-20881 -86
-20876 16
-20973 -82
-21056 -94
-20995 76
-21053 121
-21084 62
-20962 46
-20988 -106
-21113 -19
-21074 -5
-21136 -130
-20975 42
-21000 -9
-21065 -46
-21060 -99
-21003 124
-21047 -72
-21091 109
-20977 -46
-21100 -165
-20896 91
-20936 -24
-20922 93
-21065 -49
-20925 -25
-20984 -18
-20979 33
-21106 83
-20954 51
-21078 10
-20977 -84
-21203 -36
-20979 23
-20941 -69
-21057 -2
-21068 -33
-20900 93
-21031 -19
-21079 42
-20941 -25
-20964 -115
-20956 -5
-21062 54
-21029 -119
-20958 -113
-21022 152
-21007 -53
-20956 77
-20921 -64
-20830 151
-21042 91
-20902 168
-21049 -69
-21146 -37
-20951 -172
-21001 -31
-21072 -65
-21030 -98
-20921 -35
-21042 112
-21218 57
-20976 -52
-20967 -31
-21071 60
-20841 -11
-20959 18
-20997 79
-20878 -162
-21086 -75
-21062 52
-20951 26
-20948 24
-21102 54
-20947 88
-20864 51
-20918 12
-21009 -86
-21097 -164
-20988 61
-21061 15
-21042 -175
-21017 45
-21036 37
-21025 29
-20953 -62
-20837 19
-20987 -51
-20996 7
-21035 23
-21205 -76
-20868 54
-21002 101
-21009 -77
-20941 -124
-20888 -55
-20901 -70
-20874 168
-21002 -115
-21000 14
-21064 45
-21183 -8
-21054 -134
-20863 62
-21044 -54
-20857 89
-20961 10
-21046 74
-20842 30
-20999 108
-21021 8
-21063 0
-20921 -29
-20882 100
-20867 8
-20956 75
-21056 12
-21043 -38
-21071 -56
-21196 221
-20914 0
-20197 629
-21145 -2
-20849 -38
-21177 193
-20827 -143
-20590 353
-21307 19
-20943 67
-20882 -25
-20674 -11
-20945 -227
-20949 260
-21033 142
-15298 142
-11820 -1045
-20696 698
-20698 -98
-21402 350
-20872 -223
-21071 -187
-21081 469
-20964 -636
-21277 509
-19053 -505
-16423 -696
-21108 858
-18466 -419
-17219 -279
-21089 696
-20894 60
-21153 -154
-20968 -67
-20866 -503
-21086 515
-21048 -223
-20867 -286
-21133 395
-21018 -54
-20988 -114
-21108 -162
-21063 634
-19024 -156
-16502 -814
-20853 488
-21017 -109
-20963 -146
-20917 234
-21028 -192
-20929 148
-20526 -238
-21006 -114
-21089 234
-21005 6
-15577 -111
-11898 -969
-20465 558
-20844 -215
-21037 314
-20856 161
-20958 -52
-20803 37
-20854 48
-21206 11
-21025 74
-21124 51
-21123 149
-20763 -99
-21090 120
-20790 183
-21099 172
-20957 -46
-20877 124
-21092 -16
-21033 -77
-21201 79
-21061 -231
-20891 293
-20904 152
-21103 276
-21016 -4
-21048 126
-21137 -92
-21183 -4
-20912 44
-21299 342
-20833 51
-20748 70
-20896 -203
-20946 -74
-20884 129
-21019 -33
-20876 -313
-20925 -26
-21205 -396
-20935 -254
-21163 106
-21087 258
-20636 9
-20920 53
-21034 -380
-20731 -174
-20785 6
-20834 -1
-20833 171
-21118 200
-20995 78
-20963 168
-21040 33
-20951 187
-21106 -208
-20814 -95
-21319 -28
-20969 113
-20986 382
-20873 -21
-21105 33
-21009 59
-20952 199
-20550 85
-20954 319
-21088 -47
-21091 -35
-20922 -166
-20998 138
-20765 182
-20608 -175
-21106 -64
-20950 196
-20948 39
-20990 -67
-21009 59
-20876 -197
-21182 -84
-20915 53
-21110 -78
-20989 -202
-20894 -300
-21287 75
-21126 -32
-20990 -13
-21088 -114
-20800 152
-21064 -62
-20945 -47
-20715 -208
-20706 144
-20960 275
-20964 -45
-21004 -36
-20932 -62
-20962 29
-21125 8
-21005 126
-20812 82
-20758 68
-20900 -17
-21001 68
-21126 -154
-20729 -131
-21065 -37
-21086 50
-20975 -225
-21164 312
-20920 274
-21168 4
-20940 -21
-20835 -133
-20979 -98
-21203 -69
-20947 -160
-21134 -58
-21081 289
-20836 -13
-21012 -109
-20797 91
-20870 87
-20752 -191
-20963 67
-20982 61
-21031 150
-20975 1
-20844 73
-21162 95
-20871 81
-21136 160
-20827 32
-20869 147
-20879 -294
-21070 -83
-21007 -85
-21149 -87
-20808 -108
-21081 330
-20796 -78
-21029 -170
-21325 137
-21152 93
-21053 -18
-20877 183
-20918 18
-21067 -171
-20851 77
-20939 24
-21223 -225
-20854 108
-20753 55
-20873 50
-20961 -126
-21114 12
-21074 -161
-21166 1
-21150 -119
-20937 -120
-21170 174
-21268 -73
-21154 74
-20971 -156
-21218 72
-21039 -142
-20971 256
-21142 51
-20126 55
-19609 -174
-20084 36
-20355 30
-20333 218
-19019 146
-19657 -33
-19485 -113
-20267 50
-19040 -191
-19872 -122
-20780 57
-20484 206
-20037 189
-20073 153
-20810 256
-20623 79
-19939 -276
-20351 88
-19874 -106
-20033 35
-20349 121
-20250 -81
-20231 -244
-20403 -55
-20115 12
-21057 134
-20740 59
-20979 18
-21093 54
-20900 -109
-20988 14
-21147 74
-20997 193
-20915 -19
-20920 2172
-20948 67
-20974 4
-20932 -131
-20982 -64
-20896 -77
-20882 62
-21069 69
-21014 12
-20874 128
-20725 -166
-20800 -214
-20680 35
939 -69
13649 -272
-19079 -55
-20848 -85
-20951 314
-20903 -118
-20900 -227
-21030 85
-20698 -385
-20633 389
1515 -314
5741 -348
-20155 325
4372 -98
1236 -234
-20984 212
-21039 269
-20855 -25
-20805 -162
-20912 -22
-21204 200
-21112 173
-20852 -91
-20891 104
-20846 -85
-20971 -166
-21049 15
-20795 123
205 -442
5216 -273
-20560 6
-21164 192
-21049 92
-20981 -28
-21120 -13
-21007 -37
-20979 -184
-20910 -118
-20807 -77
-20776 127
-97 -164
14375 -279
-19280 362
-20728 -368
-20869 89
-20796 13
-20950 -62
-21140 -79
-21085 87
-20989 93
-20850 -70
-20783 -5
-21091 151
-20984 45
-21094 -58
-21094 -246
-21037 96
-21049 -77
-20820 75
-20975 7
-21038 -37
-21036 -136
-21148 14
-20998 174
-20890 88
-21041 2
-20951 -61
-21129 85
-21020 137
-20880 -190
-20956 -26
-21089 90
-21023 -202
-20950 -48
-21184 78
-21075 -26
-20809 -24
-20887 -5
-20992 -46
-21063 8
-20876 -79
-20798 5
-20929 -13
-20895 104
-20831 12
-21037 -41
-20964 154
-20957 43
-20902 -104
-21013 -146
-20838 -15
-21019 -160
-20894 -21
-20990 98
-20889 44
-20928 156
-20917 -44
-20945 91
-20890 51
-21001 -5
-21104 -24
-20935 -122
-20904 -321
-20873 0
-20939 -118
-21073 -99
-20815 3
-21085 -56
-20735 56
-21033 -24
-20998 -50
-20857 19
-20743 -24
-21029 -124
-20929 -50
-21004 138
-20986 -48
-21046 19
-21033 -41
-21036 203
-20986 111
-21106 13
-21012 31
-20955 122
-21075 25
-20953 87
-21102 0
-21060 44
-20927 -88
-21047 -156
-21032 142
-20929 -195
-20935 11
-20997 80
-20890 -218
-21123 30
-20860 -258
-20969 60
-20813 -45
-21021 133
-20988 -31
-20894 -70
-21059 -71
-20907 -42
-21242 23
-21027 -17
-21010 -117
-21064 61
-21045 -53
-21183 103
-21030 -93
-21001 -24
-21085 4
-20915 180
-20994 59
-20932 -5
-20770 13
-21044 -23
-21004 126
-20927 156
-21060 152
-20855 -200
-20876 -167
-20876 -83
-20946 84
-20894 95
-21021 -52
-20909 96
-21008 15
-21001 -15
-21114 49
-20815 -56
-21052 5
-20926 66
-20962 -58
-20957 -177
-21103 -96
-20991 96
-21016 93
-21008 60
-20907 -165
-21032 61
-21024 156
-20861 -34
-21076 -25
-20952 -128
-20964 135
-21043 -105
-20941 2
-20918 188
-21042 -10
-20902 -24
-20935 -90
-20892 -88
-20973 14
-21020 -180
-20938 -6
-20799 60
-21090 -160
-20869 -102
-20890 47
-20979 -130
-21051 -10
-20949 -19
-20941 23
-20900 102
-21027 42
-20882 -6
-11460 -135
-3570 -31
-6014 -198
-7194 -6
-7730 -202
-7100 -36
-6677 -98
-9069 23
-12634 110
-4729 51
-7673 -244
-18168 149
-16954 61
-12500 199
-13042 -104
-14959 130
-12724 145
-13077 -86
-16269 189
-12018 -38
-12900 -11
-16285 -178
-14407 -29
-12937 -69
-12083 -160
-13396 63
-18805 -35
-20962 75
-20868 243
-21141 34
-20913 -52
-21054 -135
-21025 15
-20939 137
-20867 7
-21400 -92
-21133 49
-21118 169
-21047 141
-21228 87
-20811 -106
-21166 -88
-21101 -83
-20864 506
-15523 -233
30 -411
4923 -49
-4668 -392
3671 324
22394 -121
5689 142
-1230 -496
-16024 424
-4763 -374
-11188 -70
-19684 651
-3702 -1076
-7154 195
17441 -6
19298 -183
3076 -73
20858 -105
16457 74
-4134 334
-13998 -401
1064 -26
4429 283
-8367 -671
-19518 801
-9988 -258
3301 -150
-6189 187
-7093 -373
4352 -94
1879 -234
-9101 273
16208 -436
19385 -17
-2228 338
-13306 -253
-1034 -407
-2056 154
-19172 168
-21057 324
-12634 -579
2440 -68
3439 -215
-10000 -406
1270 373
16063 368
-16246 -178
-3500 -450
-7446 210
-6406 -141
-13137 80
-20951 19
-20939 79
-20916 -146
-20889 68
-20934 158
-20976 212
-20929 -247
-21274 185
-20953 -59
-20815 21
-21015 17
-21034 149
-20934 95
-21055 -184
-20958 97
-21007 -151
-21003 -21
-20842 36
-20951 202
-21043 51
-20942 -164
-20661 153
-21095 43
-20992 -83
-21024 200
-20882 -26
-20983 -209
-20981 -20
-20835 68
-21054 -84
-21165 -109
-20777 111
-21194 257
-20931 16
-21027 -112
-21025 142
-20735 -15
-20988 148
-20972 -48
-20934 122
-20725 -32
-20689 -1
-20915 -104
-20899 -105
-20899 59
-21000 -181
-20847 -127
-20909 129
-21024 -233
-21118 84
-20894 -202
-20980 101
-21124 -4
-20852 -79
-21057 111
-20806 209
-20944 -39
-20959 -291
-20887 26
-20815 -83
-21113 15
-20977 -125
-20852 130
-20985 48
-21047 31
-20932 -237
-21216 -78
-21134 104
-21122 -55
-21069 79
-21011 31
-21085 -111
-20767 -236
-20995 -141
-20948 4
-20960 -153
-21101 -181
-20978 41
-20899 -215
-21059 -121
-21072 160
-21052 90
-20960 -15
-20959 80
-21079 -172
-20807 -54
-20816 -118
-21018 60
-21166 -17
-21029 14
-21217 -361
-20955 310
-20882 61
-20921 289
-21018 56
-21093 -16
-21001 -11
-20856 42
-21015 -94
-20916 91
-20887 -42
-20836 96
-20800 -62
-20799 9
-20955 43
-20873 -78
-20945 -47
-20772 -17
-20975 87
-21077 -74
-21153 -69
-21040 237
-21097 1
-20934 22
-20945 94
-20988 -104
-21079 -148
-21150 140
-21227 -69
-21055 37
-20874 57
-21026 -73
-21015 -288
-20979 -52
-20953 253
-20729 205
-20841 -11
-20957 16
-21037 -95
-21026 264
-21147 109
-21014 128
-20890 150
-21050 -142
-21044 118
-20997 247
-21189 -24
-20711 76
-21093 3
-20936 152
-20851 76
-21139 -121
-21030 38
-20903 -109
-20921 2
-21096 -256
-20957 -100
-20907 -16
-20803 83
-20916 -123
-20868 -114
-21024 108
-20956 -242
-21008 2
-21146 33
-20993 63
-20749 109
-20954 -46
-21080 154
-21001 148
-20834 -100
-10271 147
-1490 119
-1595 78
-2790 -12
-2219 16
-5065 69
-2669 -113
-8871 213
-11738 39
-3424 134
-6415 169
-16710 -137
-14462 -14
-12581 235
-12280 -26
-10431 -40
-8953 165
-11027 -32
-14246 -217
-10675 173
-10632 -3
-14844 -129
-15399 -40
-13641 -46
-10310 148
-12631 261
-17905 36
-20709 33
-20563 59
-20902 -85
-21138 -116
-21273 59
-21153 1
-20970 -83
-20898 -128
-22161 37
-21024 -91
-20886 22
-20871 36
-20935 42
-20858 -5
-20878 -85
-20983 49
-20246 124
7976 -514
19457 -54
7794 217
4535 84
4504 -139
24323 -286
7014 567
21110 -100
5898 -221
16438 16
1214 -219
-17858 244
17821 -424
5168 -13
20660 40
22953 -163
10861 446
24035 -87
20777 -35
3238 434
11669 -614
18701 123
11479 465
21712 -512
-5975 175
19789 -646
14033 657
3646 181
22324 -792
10562 166
9759 259
-3269 221
19433 120
22991 -128
5085 509
11040 -621
21831 43
7791 338
-17855 -198
-17872 180
15704 -743
16134 424
12511 266
13492 -319
5064 -158
18379 -138
5045 -603
17759 244
-10314 255
-9957 66
-14783 40
-20893 -56
-20949 -79
-20892 109
-20846 -112
-20914 140
-20868 112
-21071 5
-21173 35
-20891 -185
-20997 -39
-20966 -4
-20929 -20
-20955 61
-21003 -8
-21078 27
-21138 24
-20875 -31
-20860 126
-20897 -56
-20993 -93
-21066 -115
-20972 102
-21005 43
-20999 -58
-20855 133
-20867 38
-20974 84
-20805 5
-20921 25
-20908 126
-21039 85
-20746 -74
-20958 56
-20972 -55
-21041 18
-20921 -83
-20939 -14
-20958 -132
-20973 -54
-20957 -125
-21129 -104
-20876 88
-20956 158
-20872 -130
-21015 -67
-20951 83
-21008 44
-21043 -52
-21028 234
-21041 37
-21012 117
-20901 55
-21007 44
-20979 177
-21048 1
-21023 -100
-21057 -100
-20965 17
-21121 31
-20962 -64
-20944 87
-20987 -4
-20915 -8
-20956 89
-21000 -7
-20941 -144
-21094 -30
-20877 76
-21082 -42
-20889 23
-20943 -1
-20990 -45
-21053 -18
-20960 18
-21008 152
-20958 -18
-20988 0
-21089 2
-21022 12
-20840 -40
-20970 -8
-20952 10
-21084 -4
-20923 -46
-20994 -11
-21055 -74
-21048 -102
-21006 -117
-21016 80
-20997 34
-20910 12
-20873 24
-21023 17
-21029 -33
-20852 -12
-20900 -19
-20958 -5
-20983 -104
-21064 40
-20993 140
-20845 -72
-21093 -93
-20968 -151
-21051 45
-21039 120
-20973 -165
-20966 -71
-20931 -90
-21009 32
-21015 -133
-20991 -15
-20889 88
-20928 -63
-20960 42
-20925 -89
-20885 81
-20992 112
-20947 65
-21041 213
-21005 7
-20951 -155
-21029 -78
-21144 -23
-21050 74
-20946 -10
-20897 -54
-21053 92
-21031 3
-21012 193
-20905 43
-20976 6
-21068 -46
-20799 53
-20981 5
-20985 -9
-20958 -21
-20861 55
-20955 35
-21043 11
-20865 50
-20952 15
-21011 23
-20886 -45
-20985 -41
-21101 -31
-20915 -37
-21063 -57
-21043 137
-20893 41
-21093 -43
-21019 71
-20954 71
-20987 22
-20943 55
-20969 -40
-21032 41
-20968 -15
-20901 75
-20894 49
-21050 0
-21002 4
-19232 -164
-17882 23
-18069 -69
-18301 5
-18621 184
-16561 -160
-17457 -55
-17506 40
-19403 -89
-16525 295
-17619 99
-19730 -118
-18370 122
-18893 4
-18473 -62
-20391 61
-19740 105
-18369 -76
-18719 -178
-18616 32
-18591 8
-19524 -44
-20325 14
-19259 -36
-19444 -6
-18500 103
-20748 24
-20915 -37
-20862 102
-20911 76
-20952 -4
-20903 -122
-21095 -49
-20979 178
-20917 -64
-20998 -1870
-20963 17
-20796 -26
-20754 -146
-20957 -115
-20976 -391
-20792 52
-21131 -5
-19806 -111
7316 451
19635 239
4461 -108
-8560 -418
2652 -57
14893 132
-17748 414
5604 135
14726 -466
17214 491
927 87
-17199 4
16852 -139
-520 -103
9522 374
9170 -52
-18043 579
11773 -10
4725 77
-16492 364
17845 -409
12855 60
4762 -120
23258 457
3510 -105
20827 -573
-11394 443
-10744 -129
21238 275
11463 -222
-735 -208
-15894 -199
7040 460
9428 53
-17166 71
11080 1
1499 599
-19265 338
-14865 -733
-9653 -153
19513 -516
-6871 204
-18846 168
-15049 378
1628 -71
28376 100
23710 -579
-6784 433
-20235 -23
-20988 293
-21117 -92
-20851 -117
-21085 117
-21030 248
-21205 -162
-20826 5
-20910 139
-20772 -282
-20916 184
-21084 -238
-21022 44
-21012 70
-20857 46
-20905 4
-21090 61
-20723 -280
-20910 96
-20966 -56
-21015 185
-20651 164
-20886 164
-21056 -7
-20977 193
-20965 53
-21065 16
-20769 9
-21023 -28
-20789 92
-20786 -315
-20970 -109
-20926 -58
-21008 170
-21174 -157
-21052 -110
-21155 0
-20751 -35
-20923 154
-20873 14
-20741 -66
-20906 -205
-21028 159
-20877 3
-20779 -131
-20790 -235
-20797 28
-21118 -127
-20757 70
-20685 26
-21073 -268
-20911 306
-21119 -167
-20967 -166
-20757 -39
-21134 119
-20946 113
-21122 231
-21009 -58
-20972 165
-20925 203
-20823 -57
-20854 -48
-20939 -39
-21131 78
-21022 52
-20816 80
-20998 -81
-20944 -208
-21183 -83
-20921 173
-21104 -39
-21017 75
-21014 -32
-21154 -64
-20847 -72
-20906 213
-20823 104
-21126 -170
-21045 33
-20710 50
-20925 42
-20966 -127
-20870 -33
-20797 406
-21160 43
-21133 -207
-21032 -134
-20907 19
-21184 -76
-20940 34
-20955 89
-20862 -380
-21429 -238
-20822 -234
-20919 209
-20867 -39
-21019 -148
-20875 -127
-20998 159
-20815 -20
-20682 206
-20969 -126
-21162 -137
-20861 52
-21066 159
-20896 222
-20973 157
-20992 -214
-21171 -79
-21081 54
-21121 -125
-21132 72
-21091 -19
-20930 -306
-20933 -132
-20785 -60
-20922 34
-20946 -128
-20791 -52
-21000 223
-21050 -60
-20917 111
-20831 -141
-21253 106
-21022 123
-20842 86
-21033 -185
-21042 22
-21035 -2
-21158 -5
-21017 -178
-20938 -251
-20865 101
-20928 -164
-20961 -45
-20766 74
-20947 250
-20957 0
-20975 -7
-21001 -13
-21299 96
-20948 -82
-21076 -217
-20919 349
-21181 -98
-20931 195
-21154 -51
-20878 -9
-20984 115
-20987 178
-20670 94
-21006 -25
-21073 70
-21107 -38
-20844 -34
-20747 27
-21019 -101
-21206 169
-21272 216
-21119 326
-20957 95
-21131 -117
-21036 -270
-20772 -126
-20943 426
-20961 -1
-21210 -80
-21233 113
-21235 -103
-20964 44
-20810 69
-20825 -118
-20556 30
-20971 99
-21059 -262
-21026 -24
-20951 261
-20766 -35
-20837 -41
-20601 170
-21015 -31
-20944 40
-20781 210
-20550 -86
-20970 107
-20876 27
-20709 118
-20929 -30
-20943 107
-21084 -122
-20854 -81
-20835 -102
-20999 -189
-21024 -101
-20807 147
-20959 11
-20890 -207
-20934 51
-19677 2376
-20953 -261
-20893 -86
-20976 -74
-20779 -69
-21299 -62
-20893 65
-20723 169
-21082 33
-15216 -176
-2062 199
11725 263
20084 -466
8340 129
15450 35
-19201 84
4948 -19
15230 -292
17299 354
2159 -174
-17919 -64
17973 188
-778 10
9021 136
11415 -133
-19284 -369
11489 217
6862 -290
-17324 -398
18827 387
15009 -121
5292 -154
6296 341
-4607 161
21197 -261
-13170 -97
-19736 -108
-8318 300
3360 507
21867 -388
2333 -189
6943 124
12050 -226
-18866 -513
-14167 675
-16397 211
-19265 -509
8615 -237
10848 -3
20695 232
-7342 -375
-18940 -12
-14920 -545
1509 246
27469 70
22600 706
2436 -738
-19688 172
-21187 33
-21008 102
-21083 -163
-21082 43
-20888 -65
-21047 -10
-21093 -23
-21105 113
-20925 -171
-20923 206
-20938 67
-20903 70
-20939 130
-21066 102
-20986 54
-21077 -72
-21039 -115
-20992 -71
-21044 -172
-20984 -156
-21029 66
-21092 -62
-21082 304
-20823 132
-20951 -69
-20978 -24
-21017 -106
-20910 -27
-21008 5
-21114 -51
-20961 0
-20917 30
-21005 86
-21000 60
-20984 39
-21039 27
-20826 -2
-20942 -65
-20873 -7
-20780 7
-21062 55
-20939 -199
-20915 -84
-21190 -171
-21083 109
-20912 -45
-20988 42
-20906 51
-20908 104
-21059 -152
-21014 -40
-20891 39
-20977 -112
-20981 45
-20977 -90
-21078 -2
-20935 -49
-21054 -89
-21053 3
-20849 33
-20863 116
-20992 12
-20951 15
-21193 75
-20975 14
-21198 58
-21138 -98
-21078 -143
-20903 47
-21243 -93
-21101 65
-21222 2
-20821 122
-20872 -11
-20991 129
-20908 -28
-21192 114
-21099 23
-20779 -135
-20984 -123
-21152 1
-20891 -41
-21162 -19
-20771 -84
-21038 -150
-20987 65
-21074 -215
-21055 5
-21087 -46
-20906 -141
-20840 18
-20956 -7
-20966 235
-20950 146
-21007 -25
-20961 -32
-20962 -21
-20729 119
-20980 -75
-20939 174
-21111 -93
-20934 90
-20903 168
-21029 -23
-20962 -123
-20886 -25
-21089 4
-20928 -10
-21051 18
-20847 23
-21039 108
-21149 -87
-21036 96
-20900 -1
-20902 48
-21068 161
-20850 34
-21160 -121
-20847 -173
-20892 27
-20944 70
-20906 134
-21079 -56
-21093 -10
-21096 176
-21054 83
-21074 -27
-21105 98
-21021 -15
-21084 1
-20961 -74
-20998 -79
-21127 -3
-21140 -56
-21011 102
-21198 16
-21044 84
-20712 -50
-20962 112
-20818 -95
-20909 104
-20940 18
-21035 -58
-20909 135
-21003 -10
-20953 -33
-21014 293
-21062 4
-20911 -84
-21023 103
-21114 -99
-21023 51
-20907 -46
-20985 -33
-20978 -67
-20936 139
-21014 116
-20882 33
-20851 108
-21006 67
-20954 -146
-21066 15
-21042 6
-20975 -8
-19792 154
-17166 -305
-16305 47
-16200 -69
-16890 -73
-16987 8
-18214 -147
-15097 52
-15110 50
-17816 -164
-15830 4
-14650 -56
-15608 -141
-16323 -97
-16253 45
-15127 -295
-16162 48
-16591 -39
-16135 51
-15920 -73
-18816 -10
-17117 134
-16797 -154
-15836 79
-15899 195
-19934 -73
-21004 41
-20917 125
-20997 26
-20930 101
-20935 45
-21005 12
-20893 -64
-20852 -72
-19641 1430
-21110 179
-21010 -134
-20976 145
-20894 -56
-20856 -275
-20945 -97
-20832 -32
-19152 -74
4691 -81
8812 -431
13492 -228
18801 604
7803 -7
14683 600
-18571 -592
4624 270
13960 -164
8805 466
18564 -80
5452 -1115
23361 916
-1663 -185
103 415
23873 452
2013 -944
4164 892
23172 119
1076 -959
10603 739
18812 7
11137 -696
11127 632
-7240 -441
19971 557
-12636 -48
-9531 -538
10425 -138
8521 -565
22238 517
1535 111
-714 482
23828 256
2830 -972
-19247 385
-15071 217
10081 -562
23132 252
5009 81
15591 703
16265 -467
12760 -388
13621 86
5048 -106
16357 368
-4024 695
19848 64
-4471 -691
-20595 105
-21043 -195
-21058 -40
-20679 56
-20903 -41
-20921 -94
-20973 -254
-20896 -18
-20862 -177
-21012 85
-20960 -98
-21084 45
-20985 73
-21024 -371
-21010 -31
-21170 56
-21217 -115
-21051 25
-20841 -319
-20821 22
-21000 -119
-21004 310
-21205 298
-20915 49
-21185 161
-21034 -189
-20967 -145
-21005 121
-20987 -275
-20955 2
-20759 -6
-20825 226
-21056 46
-21191 61
-21025 152
-21066 108
-21150 281
-21168 -144
-21196 29
-21126 183
-21005 -23
-21013 22
-21071 75
-20802 -11
-20887 -204
-21072 -36
-21175 -65
-20799 60
-20942 -39
-20810 141
-20858 25
-20689 -119
-20863 -99
-20888 -202
-21011 5
-20777 -52
-20962 96
-20922 -202
-20984 -121
-20981 -323
-20940 -178
-21033 120
-20944 -14
-20902 -121
-21043 -144
-20955 89
-20923 -70
-21175 -32
-20814 269
-21013 232
-21081 164
-21108 79
-20916 -267
-20816 -88
-21109 65
-20908 -153
-20905 -19
-20838 -38
-20926 -76
-20831 107
-20986 222
-21024 185
-20935 343
-20993 4
-21006 20
-20967 37
-21161 -171
-21135 48
-21354 43
-20920 -135
-20937 99
-21215 -251
-20935 -36
-20711 79
-21003 62
-20848 -34
-20986 230
-20946 -113
-20986 -79
-20850 243
-20897 114
-20975 162
-20825 -148
-20832 -1
-21108 -63
-20774 -43
-21018 96
-20845 3
-20872 30
-20770 33
-20917 121
-21044 -6
-20868 -165
-21124 176
-21021 -185
-20950 46
-20969 -120
-20891 24
-20982 -182
-20937 -44
-20990 -190
-20988 -134
-21139 -70
-20938 34
-20874 -114
-20806 184
-20966 -57
-21061 318
-20855 76
-21351 -29
-21051 47
-21153 251
-20829 -23
-20965 -25
-21044 -127
-20775 -259
-20671 281
-21028 -88
-20990 69
-20888 -229
-20805 -60
-21125 69
-21011 -48
-20958 -226
-21005 30
-21168 129
-20671 -188
-20961 81
-20952 85
-20985 30
-21015 -54
-20819 -245
-20913 84
-20844 -102
-21035 -21
-20844 -153
-21019 -168
-20752 13
-20631 153
-21053 135
-20921 -338
-20999 -24
-21071 160
-21052 -1
-19475 -77
-10923 -313
-11130 75
-10386 149
-10991 238
-10951 -80
-15409 -206
-11719 100
-14196 53
-12381 -388
-11832 70
-12290 -11
-10895 14
-12915 32
-14028 -41
-11743 -89
-12305 97
-11636 28
-13895 -60
-12081 187
-14980 -119
-14058 100
-12835 -148
-12376 -49
-13941 191
-18660 -165
-20907 -51
-20723 60
-20775 216
-20942 -93
-21016 -153
-20940 -48
-20691 -319
-21053 24
-22523 680
-20785 -213
-21079 -59
-20992 -88
-20976 -152
-21025 -114
-20921 -149
-20978 -13
-19765 -439
-5603 151
4566 207
2815 140
-11087 12
-11092 -71
-6148 435
-20441 -570
-10442 3
-7050 15
-15736 -109
-286 416
4786 -131
-1255 449
-15691 -325
-18206 -308
-4470 534
-6974 -170
-16853 -130
-3519 359
-7931 -266
-14982 74
407 117
3866 124
-8495 285
-16478 -513
-3703 556
-17750 -167
-14449 -131
1313 402
5280 -77
-2987 81
-17824 -327
-18475 -352
-5033 500
-6224 81
-20132 -21
-17644 -96
-1825 18
-3338 249
-17541 -417
-13038 -126
1815 227
3047 174
-10730 200
-11890 -157
-5713 485
-19510 -304
-7229 496
-6486 -91
-20023 -212
-21108 -85
-21040 13
-20950 -76
-20857 70
-21027 18
-21011 -20
-21021 -94
-21088 -141
-20961 -64
-20955 8
-21078 65
-21006 22
-20967 -100
-21011 93
-20954 85
-21061 -106
-21038 -9
-20974 -86
-20860 70
-20960 -25
-21092 1
-21078 98
-20927 -210
-21082 27
-20834 -8
-20993 -16
-21108 9
-21094 -82
-20949 -93
-20993 -143
-20864 -52
-21035 -162
-20942 45
-21007 -20
-20979 -19
-20890 27
-20925 93
-20908 29
-21083 -128
-21119 -42
-20931 127
-20960 26
-20931 -184
-21113 -91
-21124 11
-21062 0
-20830 26
-20931 -1
-21140 -36
-21064 -148
-21039 18
-20880 -85
-20946 -73
-20946 -21
-21064 -91
-21058 -48
-20928 48
-20976 -11
-21009 -76
-20925 -52
-20884 7
-20978 -186
-20902 2
-21034 33
-20925 -49
-20885 -160
-21172 -12
-20965 -35
-20892 46
-20944 -51
-21008 -83
-21066 -28
-21053 -116
-20990 90
-21005 127
-21005 -143
-21173 -9
-20979 -69
-20949 12
-20945 -68
-21034 10
-20996 13
-21028 -57
-21081 58
-21011 19
-21161 124
-21177 32
-20956 21
-21029 75
-21112 6
-20966 65
-21062 29
-21057 28
-21132 -111
-20947 -116
-21048 -58
-20987 -66
-21067 67
-20887 -159
-21040 -39
-21136 10
-21040 -22
-21014 70
-21067 -42
-20894 52
-20974 33
-21095 -34
-20979 -25
-20950 -14
-20920 137
-20924 -10
-21029 17
-20909 26
-21076 33
-20915 10
-20957 -30
-20885 -115
-21022 41
-20904 -5
-21020 -1
-21057 -111
-20900 70
-21038 18
-20982 -55
-20971 -109
-20863 68
-21018 -21
-20875 -37
-20922 -67
-21035 -155
-21037 75
-20904 -24
-21127 97
-20968 18
-20984 -29
-20965 -199
-21131 -29
-20919 16
-21096 -90
-20884 -109
-20941 -22
-20924 -56
-21002 -88
-20958 -60
-21095 147
-21005 19
-21014 -74
-20873 36
-20952 111
-21004 1
-21111 20
-21067 -3
-21134 -65
-20954 -139
-20954 17
-21042 -110
-20977 65
-20881 -16
-20960 18
-21016 -87
-21121 10
-20984 103
-21006 -126
-21044 -35
-20050 174
-20145 -28
-20098 77
-20167 -56
-20245 228
-20169 -139
-19816 133
-20544 -107
-19757 -82
-19644 -54
-19906 36
-19655 -43
-20086 -187
-20082 -75
-19571 -34
-19799 51
-19846 -30
-19655 -97
-20200 62
-19863 -143
-19642 -48
-19761 -45
-20250 159
-20285 -101
-20726 14
-21017 -226
-21034 -81
-20816 -34
-21021 52
-21235 -37
-20975 39
-21250 -69
-20728 -231
-20858 -2635
-20849 282
-21008 -268
-21102 9
-20969 -26
-20943 256
-21175 -187
-20786 -137
-21204 105
-20724 60
-20596 366
-21080 20
-21032 -208
-21006 -175
-20793 905
-21284 -1065
-20885 332
-21021 50
-21150 -44
-20959 447
-20814 -174
-20852 824
-21322 -375
-20973 -105
-20599 504
-21180 -402
-20933 41
-20827 458
-21160 -558
-21177 53
-20697 142
-20831 160
-20702 273
-21066 -1068
-20792 878
-20944 -412
-21221 -349
-20933 332
-20794 -142
-20812 370
-21142 -418
-21395 -281
-20810 438
-20752 -181
-21142 -130
-20981 146
-20973 215
-20870 292
-21410 -490
-21314 283
-21078 72
-20822 151
-20867 -100
-21275 -128
-20839 632
-21115 -355
-20983 170
-20968 -24
-21145 206
-21164 47
-20852 94
-20989 -97
-20920 -213
-20803 -71
-21042 -37
-21098 -84
-21032 -109
-20862 55
-21113 283
-21082 9
-21022 42
-21072 53
-20890 24
-20852 17
-21018 55
-20971 204
-20875 24
-20564 65
-20904 -86
-21014 215
-20855 -78
-21007 -104
-21151 228
-20926 -156
-20868 47
-20786 350
-20674 -26
-21087 -95
-20912 -305
-21063 -343
-21154 1
-20927 18
-20965 8
-20877 78
-20536 -139
-20768 -30
-20759 -63
-20998 -94
-21108 -87
-20984 -26
-21144 -16
-21067 -122
-21058 -162
-20858 233
-21112 155
-20841 -312
-21080 114
-20848 155
-20783 156
-21050 -25
-20991 -199
-20994 28
-20980 310
-20990 -10
-21004 22
-20993 15
-20902 175
-20925 -155
-20946 -97
-21050 -79
-20948 50
-20806 65
-21162 -205
-20899 95
-20860 -22
-21214 -8
-21015 -155
-20982 223
-21001 241
-21077 -114
-21050 -123
-21110 129
-20969 193
-20965 151
-20837 98
-21078 321
-20968 -128
-20957 3
-20857 119
-20884 42
-21041 -58
-21153 102
-21041 -73
-20987 -28
-21058 231
-20952 366
-21036 -87
-20945 8
-20983 203
-21101 56
-21076 -2
-21070 -129
-21035 97
-21045 -44
-20698 110
-20718 -113
-21030 -167
-20832 -41
-20845 -10
-20897 255
-21185 35
-20957 -234
-20812 -132
-20836 25
-21123 -67
-20927 12
-21078 18
-21009 -58
-20920 -38
-21021 -92
-21068 18
-21148 -94
-21099 -133
-20832 -183
-21049 -278
-21176 -32
-21257 106
-20736 -163
-20902 255
-21180 -74
-21068 43
-20752 -117
-20822 33
-20964 -11
-20907 25
-21052 -35
-20893 58
-21018 -8
-21110 -277
-21161 24
-21073 -151
-20959 -123
-20710 -184
-20856 66
-20780 -109
-20876 167
-20945 84
-20900 -15
-21042 -200
-21005 -145
-20908 152
-21205 -38
-20940 -115
-21033 20
-20919 91
-21069 -68
-21206 -21
-20903 155
-21204 -297
-20766 42
-20979 316
-20966 -32
-21075 178
-21146 85
-20940 -182
-21176 -185
-21012 -237
-21051 62
-20984 31
-20923 148
-20789 99
-20959 114
-21120 91
-21169 152
-20858 -144
-21007 161
-21135 -85
-20999 19
-20746 142
-21083 93
-21155 119
-21191 116
-20778 -255
-20977 110
-20761 35
-20911 -7
-20789 182
-21109 77
-21090 221
-20913 5
-20893 87
-20956 86
-20940 -64
-21092 3
-20990 -128
-20825 114
-20713 20
-21087 -112
-21077 39
-20995 -200
-21096 -161
-20874 39
-20859 -6
-20837 -174
-21080 -228
-20847 66
-18502 4161
-20632 58
-21194 92
-21129 168
-20904 20
-20958 -96
-21072 137
-21276 -253
-20813 -159
-21047 142
-20984 -3
-21010 187
-20783 -27
-21021 -92
-21015 121
-21047 -109
-21046 82
-20916 18
-20934 151
-20922 71
-21008 -131
-20913 247
-20902 -44
-20857 -17
-20806 -43
-21132 35
-21213 36
-20829 109
-21097 -9
-20882 65
-21085 66
-21014 -130
-20860 73
-21011 -23
-21036 -33
-21040 -123
-21000 98
-21051 -33
-21097 -179
-20997 7
-21025 -6
-21195 99
-20942 86
-21037 -113
-20808 -95
-21004 87
-20901 121
-20977 152
-20937 -74
-20848 149
-21006 231
-21146 -178
-20862 -57
-21103 29
-20939 100
-21102 81
-21025 221
-21063 -262
-20992 -62
-20942 63
-20996 -75
-21054 53
-21014 -110
-20963 -152
-20867 135
-21073 4
-21021 134
-20810 -31
-20872 48
-20964 -23
-20928 -9
-20898 20
-21192 151
-20923 40
-20976 88
-21060 -122
-20952 -30
-21038 -71
-21016 107
-21039 -34
-20920 -138
-21003 60
-20961 19
-20989 -43
-20818 177
-20969 -11
-21012 -19
-21135 63
-20969 -53
-20959 -76
-20989 6
-21148 -35
-21028 -29
-20858 1
-20938 -73
-21017 -148
-21041 -91
-20850 -230
-21037 81
-20812 59
-20935 12
-20927 -85
-21014 -137
-20893 128
-20972 -108
-20967 -165
-20795 -98
-21017 -63
-21019 -133
-21055 -109
-21146 -55
-20899 -13
-21135 -114
-20995 -42
-21087 -90
-21113 -204
-20916 81
-21013 -29
-20970 -151
-21000 66
-20953 44
-20981 -128
-20881 -43
-20944 70
-21022 -87
-21073 -55
-20952 -162
-21056 77
-21066 -118
-21177 80
-20915 26
-20926 28
-20958 -43
-20953 -115
-20838 -69
-20841 177
-20987 5
-21078 79
-20913 -27
-20890 8
-20898 -10
-20859 -49
-20895 -54
-20987 -94
-20954 -53
-20913 121
-21087 62
-21009 -81
-20924 2
-21095 65
-20965 -36
-20977 -233
-20877 -179
-21133 -114
-21026 -72
-20976 11
-20997 46
-21032 115
-20934 -32
-20947 -230
-21001 54
-20923 21
-20818 -17
-20930 -267
-21060 138
-20981 -144
-21077 26
-21053 107
-20906 -20
-20904 -23
-20879 -62
-20910 61
-21012 18
-21094 -96
-21023 -175
-20953 48
-20765 -9
-21023 -179
-20945 -15
-20919 86
-20912 100
-21050 -78
-21130 -196
-21020 -69
-21073 62
-20952 17
-21019 15
-21088 100
-21135 -74
-21118 70
-21115 27
-20859 -70
-21037 -174
-20929 -46
-20973 -144
-20964 -84
-21018 -19
-20954 48
-21094 141
-21142 105
-21025 -1
-21109 145
-20978 146
-20986 29
-20991 -69
-21018 33
-21170 -31
-20938 -25
-20934 -159
-21127 -66
-21066 -150
-21094 68
-20987 -86
-20876 57
-21128 108
-21122 -251
-20876 61
-20908 30
-21109 -72
-20856 -132
-20874 -5
-20946 -4
-20996 2
-20937 124
-20903 -49
-20980 102
-21192 -104
-21018 -169
-20943 -148
-20903 -116
-20990 66
-21045 -14
-21087 57
-20901 74
-21060 -64
-20817 41
-20925 -107
-21152 169
-20824 -32
-21009 -119
-20868 -93
-20732 -12
-21078 -103
-21035 -88
-20967 16
-20997 -78
-20982 -41
-20953 -10
-20964 -20
-21027 -20
-21041 25
-20926 -31
-20947 -38
-20891 -80
-21145 51
-20536 -203
-20883 -5134
-20421 -302
-20810 -59
-20912 199
-20890 188
-21039 -189
-20647 5
-20902 127
-20886 -142
-21111 -81
-20760 71
-20862 5
-21068 -84
-20969 15
-20849 78
-20893 -175
-20825 297
-20946 31
-20901 50
-21023 45
-20986 -107
-20985 30
-20833 10
-21025 -37
-20767 -44
-21014 -108
-21003 112
-20899 81
-21045 -245
-20776 -37
-21020 112
-20837 -52
-20990 -153
-21149 -86
-20825 481
-21126 -75
-20870 -163
-20859 217
-21192 247
-20968 187
-20855 -192
-21000 358
-20941 -122
-20850 -245
-21117 54
-21091 104
-21107 -161
-20925 16
-21013 70
-20860 -52
-20899 -154
-20964 133
-20913 -284
-21216 -120
-20849 145
-21035 -42
-21103 -59
-20848 -80
-20857 130
-20859 -40
-20988 208
-20957 -148
-20964 -249
-20932 49
-21092 -141
-21180 58
-20988 -128
-21089 114
-21005 2
-21000 271
-20968 -77
-20842 27
-20947 -13
-20960 -10
-21016 55
-21163 28
-21137 212
-21039 -189
-21034 -123
-21075 50
-21153 36
-21044 -140
-20898 142
-20957 -31
-20881 -89
-20768 52
-21019 -127
-20706 -43
-20935 175
-21006 49
-20915 118
-21011 174
-20914 162
-20809 117
-21086 -155
-20943 75
-20994 -43
-21071 -100
-20801 94
-20882 -77
-20891 -222
-21133 9
-21184 -18
-20924 -177
-20804 258
-21112 -20
-20994 -58
-21200 15
-20866 75
-20758 -4
-20850 81
-20958 -101
-21084 -7
-21038 17
-20938 13
-21023 -156
-21000 12
-20867 37
-20855 20
-20815 79
-20913 60
-21115 95
-20901 116
-20971 -24
-20972 -92
-20985 226
-21151 -21
-21027 87
-21121 227
-21042 303
-21009 -5
-20987 35
-21076 53
-21053 -80
-20869 -17
-20891 -187
-21199 27
-20905 -38
-21026 77
-21027 136
-21271 35
-20776 212
-20866 -69
-20882 -85
-21001 -101
-20859 -139
-20884 -28
-20791 85
-21147 -294
-21022 43
-21016 107
-20977 22
-20976 57
-21076 38
-20835 -116
-21070 147
-21002 263
-21020 -84
-21019 -66
-20932 17
-20916 55
-20886 29
-20927 119
-21064 -143
-20906 -5
-20812 -112
-20889 -63
-21124 -31
-20861 -75
-21066 -58
-20832 98
-21072 88
-20976 -59
-20913 -202
-20842 -4
-20816 253
-20749 177
-20948 3
-20992 27
-20877 -176
-20803 24
-20945 51
-20865 -49
-20997 -153
-20863 -171
-20989 -153
-21092 -8
-21116 40
-21118 116
-21030 -45
-20761 14
-21037 -112
-21089 86
-21025 -260
-21216 151
-20912 192
-20821 -16
-21001 1
-20856 136
-20945 12
-21021 -115
-20974 -48
-20938 -28
-20961 192
-21046 90
-21082 -16
-21086 74
-20953 59
-21149 -48
-21034 37
-20948 82
-21028 -191
-21144 -40
-20891 -282
-20996 134
-20802 -31
-20918 -57
-20957 65
-20930 93
-20911 -176
-20998 -20
-20909 21
-21117 -87
-21129 150
-21209 -47
-21025 -34
-20871 69
-21120 -173
-20969 -11
-21102 97
-21138 46
-21080 -4
-20931 -87
-20909 63
-20958 56
-21059 -83
-21084 -52
-20750 -112
-21001 47
-21023 39
-20788 -8
-21142 -217
-21093 85
-21014 160
-20905 72
-20943 -134
-20946 -54
-20837 -158
-20991 -237
-21037 33
-20967 105
-20855 82
-21205 -77
-21153 134
-20964 189
-20804 -359
-22838 -9350
-20104 -622
-21124 -120
-20761 97
-20903 19
-21002 -134
-20913 -155
-20866 -229
-21009 -1
-20976 34
-20946 -121
-20883 51
-20902 -64
-20929 11
-20875 98
-21005 -55
-20773 -35
-20844 -51
-20814 62
-20791 -12
-21038 -241
-20922 194
-20907 -94
-21079 -98
-21024 16
-20955 -95
-21056 47
-20907 -194
-21021 -91
-20986 45
-20841 -75
-20899 -173
-21038 -19
-21040 -169
-20871 24
-21055 -71
-20879 -76
-20932 -81
-20997 11
-20941 107
-20990 -185
-21042 29
-20953 100
-21019 -176
-20994 101
-20802 -20
-21053 68
-20931 -54
-20921 -131
-21035 21
-21017 -18
-20831 115
-20978 -40
-21113 -73
-20884 8
-21068 -136
-20988 27
-21006 -164
-20973 -43
-20882 -101
-20878 78
-21093 -179
-20884 -103
-20900 -202
-20966 18
-20882 24
-20923 -52
-20978 -35
-20855 -113
-20932 57
-21013 -102
-20916 -32
-20878 -98
-21000 -75
-21047 37
-20928 42
-21044 -73
-21011 -12
-20885 -133
-20875 -122
-20865 -129
-20979 20
-20979 -64
-20901 -173
-21018 -84
-20903 -53
-20983 -111
-20985 -68
-20972 -91
-20890 -3
-20904 -62
-20805 73
-20861 -85
-20930 -34
-21048 -5
-20812 1
-20916 -114
-20970 -65
-20964 80
-21039 -77
-20991 -59
-21052 34
-21056 -24
-21029 -105
-20885 -147
-20993 28
-20914 -43
-20982 15
-20913 -154
-20904 -90
-20922 66
-20951 -123
-20975 21
-21063 36
-20900 13
-21126 -73
-20852 -16
-21040 -83
-20919 34
-20955 -26
-20874 -33
-21006 24
-20954 -63
-20862 -14
-21028 -44
-20969 49
-21031 39
-20952 -62
-20851 -71
-20896 30
-21005 -53
-20961 -2
-20939 9
-20874 -101
-20973 -26
-21076 -120
-21064 38
-20952 36
-20959 57
-20891 -4
-20912 50
-20977 -77
-20906 -130
-20995 -63
-20979 -72
-20984 38
-21047 77
-20997 -232
-20930 -11
-20925 -125
-20931 -112
-20953 -121
-20931 17
-20884 -70
-20948 20
-21033 -129
-20955 34
-21022 65
-20978 27
-20927 -64
-20932 -3
-20951 -16
-20986 -20
-20943 5
-20987 -41
-21047 -105
-20924 -46
-20870 -2
-20984 -71
-20871 -94
-21011 -9
-20960 31
-20966 -86
-20887 -102
-20884 -37
-20769 43
-20918 -98
-20805 -172
-20960 87
-21048 -88
-20961 -182
-21017 -45
-20917 -50
-20941 -36
-20899 -84
-20930 -9
-20946 25
-20989 -22
-20855 -42
-20958 -33
-20968 -88
-20950 55
-20949 102
-21101 -163
-20868 -28
-20926 -72
-20974 -159
-20896 -21
-20972 30
-20948 64
-21042 -41
-20897 -145
-20914 0
-20854 6
-20936 -77
-20915 51
-21003 -47
-20811 14
-20985 -149
-20906 -4
-20951 -75
-20944 15
-20981 109
-21076 -11
-20948 8
-21090 13
-20956 -6
-21119 45
-20861 8
-20819 -27
-21040 -96
-20941 -66
-21068 29
-20900 -3
-20953 56
-20962 74
-20946 -19
-20978 -61
-20917 -69
-20934 31
-21008 -23
-21001 -14
-20988 -45
-21047 -159
-20932 -33
-20946 16
-20928 -75
-20985 108
-20946 -25
-20886 -80
-20932 -80
-20995 -24
-21016 40
-20924 -30
-20968 -24
-20950 -96
-20817 77
-21018 -12
-21048 -61
-21054 -99
-20894 145
-20766 -161
-21065 36
-20784 138
-21197 -40
-20159 -570
